Unity Editor version:    6000.3.10f1 (e35f0c77bd8e)
Branch:                  6000.3/staging
Build type:              Release
Batch mode:              YES
macOS version:           Version 26.5 (Build 25F71)
Darwin version:          25.5.0
Architecture:            arm64
Running under Rosetta:   NO
Available memory:        24576 MB
Date:                    2026-05-26T08:14:09Z
[Licensing::Module] Trying to connect to existing licensing client channel...
[Licensing::IpcConnector] Successfully connected to: "LicenseClient-ivanopiredda90" at "2026-05-26T08:14:09.293988Z"

COMMAND LINE ARGUMENTS:
/Applications/Unity/Hub/Editor/6000.3.10f1/Unity.app/Contents/MacOS/Unity
-adb2
-batchMode
-noUpm
-name
AssetImportWorker1
-projectPath
/Users/ivanopiredda90/Desktop/TheRoyalGameOfUr3D
-logFile
Logs/AssetImportWorker1.log
-srvPort
52051
-licensingIpc
LicenseClient-ivanopiredda90
-job-worker-count
4
-background-job-worker-count
8
-gc-helper-count
1
-name AssetImport
Successfully changed project path to: /Users/ivanopiredda90/Desktop/TheRoyalGameOfUr3D
/Users/ivanopiredda90/Desktop/TheRoyalGameOfUr3D
[UnityMemory] Configuration Parameters - Can be set up in boot.config
    "memorysetup-allocator-temp-initial-block-size-main=262144"
    "memorysetup-allocator-temp-initial-block-size-worker=262144"
    "memorysetup-temp-allocator-size-background-worker=32768"
    "memorysetup-temp-allocator-size-job-worker=262144"
    "memorysetup-temp-allocator-size-preload-manager=33554432"
    "memorysetup-temp-allocator-size-nav-mesh-worker=65536"
    "memorysetup-temp-allocator-size-audio-worker=65536"
    "memorysetup-temp-allocator-size-cloud-worker=32768"
    "memorysetup-bucket-allocator-granularity=16"
    "memorysetup-bucket-allocator-bucket-count=8"
    "memorysetup-bucket-allocator-block-size=33554432"
    "memorysetup-bucket-allocator-block-count=8"
    "memorysetup-main-allocator-block-size=16777216"
    "memorysetup-thread-allocator-block-size=16777216"
    "memorysetup-gfx-main-allocator-block-size=16777216"
    "memorysetup-gfx-thread-allocator-block-size=16777216"
    "memorysetup-cache-allocator-block-size=4194304"
    "memorysetup-typetree-allocator-block-size=2097152"
    "memorysetup-profiler-bucket-allocator-granularity=16"
    "memorysetup-profiler-bucket-allocator-bucket-count=8"
    "memorysetup-profiler-bucket-allocator-block-size=33554432"
    "memorysetup-profiler-bucket-allocator-block-count=8"
    "memorysetup-profiler-allocator-block-size=16777216"
    "memorysetup-profiler-editor-allocator-block-size=1048576"
    "memorysetup-temp-allocator-size-main=16777216"
    "memorysetup-job-temp-allocator-block-size=2097152"
    "memorysetup-job-temp-allocator-block-size-background=1048576"
    "memorysetup-job-temp-allocator-reduction-small-platforms=262144"
    "memorysetup-temp-allocator-size-gi-baking-worker=262144"
    "memorysetup-temp-allocator-size-gi-baking-worker=262144"
    "memorysetup-temp-allocator-size-gi-baking-worker=262144"
    "memorysetup-temp-allocator-size-gi-baking-worker=262144"
    "memorysetup-temp-allocator-size-gi-baking-worker=262144"
    "memorysetup-temp-allocator-size-gfx=262144"
Player connection [8432508544]  Target information:

Player connection [8432508544]  * "[IP] 192.168.1.72 [Port] 0 [Flags] 2 [Guid] 3020787523 [EditorId] 3020787523 [Version] 1048832 [Id] OSXEditor(0,MacBook-Pro.local) [Debug] 1 [PackageName] OSXEditor [ProjectName] Editor" 

Player connection [8432508544] Host joined multi-casting on [225.0.0.222:54997]...
Player connection [8432508544] Host joined alternative multi-casting on [225.0.0.222:34997]...
JobSystem: Creating JobQueue using job-worker-count value 4
Input System module state changed to: Initialized.
[Physics::Module] Initialized fallback backend.
[Physics::Module] Id: 0xdecafbad
Library Redirect Path: Library/
[Physics::Module] Selected backend.
[Physics::Module] Name: PhysX
[Physics::Module] Id: 0xf2b8ea05
[Physics::Module] SDK Version: 4.1.2
[Physics::Module] Integration Version: 1.0.0
[Physics::Module] Threading Mode: Multi-Threaded
Refreshing native plugins compatible for Editor in 3.91 ms, found 2 plugins.
Preloading 1 native plugins for Editor in 2.22 ms.
Initialize engine version: 6000.3.10f1 (e35f0c77bd8e)
[Subsystems] Discovering subsystems at path /Applications/Unity/Hub/Editor/6000.3.10f1/Unity.app/Contents/Resources/UnitySubsystems
[Subsystems] Discovering subsystems at path /Users/ivanopiredda90/Desktop/TheRoyalGameOfUr3D/Assets
GfxDevice: creating device client; kGfxThreadingModeNonThreaded
 preferred device: Apple M5 (high power)
Metal devices available: 1
0: Apple M5 (high power)
Using device Apple M5 (high power)
Initializing Metal device caps: Apple M5
Mac GPU Family: 2
Apple GPU Family: 9
MSL Version: 3.0
Has Float MSAA: 1
Has Float Filtering: 1
ReadWrite Texture Tier: 2
Initialize mono
Mono path[0] = '/Applications/Unity/Hub/Editor/6000.3.10f1/Unity.app/Contents/Resources/Scripting/Managed'
Mono path[1] = '/Applications/Unity/Hub/Editor/6000.3.10f1/Unity.app/Contents/Resources/Scripting/MonoBleedingEdge/lib/mono/unityjit-macos'
Mono config path = '/Applications/Unity/Hub/Editor/6000.3.10f1/Unity.app/Contents/Resources/Scripting/MonoBleedingEdge/etc'
Using monoOptions --debugger-agent=transport=dt_socket,embedding=1,server=y,suspend=n,address=127.0.0.1:56547
Begin MonoManager ReloadAssembly
[Licensing::Client] Handshaking with LicensingClient:
  Version:                 1.17.4+4293ba1
  Session Id:              f84a7d90d7294dc488cb04b5b6a1a796
  Correlation Id:          69acac3883e4aeccff933ce41044334b
  External correlation Id: 1945962989927620335
  Machine Id:              yOme4EDk+YvHUsEe7+5+3MQuzwI=
[Licensing::Module] Successfully connected to LicensingClient on channel: "LicenseClient-ivanopiredda90" (connect: 0.00s, validation: 0.00s, handshake: 0.36s)
[Licensing::IpcConnector] Successfully connected to: "LicenseClient-ivanopiredda90-notifications" at "2026-05-26T08:14:09.654377Z"
[Licensing::Module] Licensing Background thread has ended after 0.36s
Registering precompiled unity dll's ...
Register platform support module: /Applications/Unity/Hub/Editor/6000.3.10f1/PlaybackEngines/WebGLSupport/UnityEditor.WebGL.Extensions.dll
Register platform support module: /Applications/Unity/Hub/Editor/6000.3.10f1/Unity.app/Contents/PlaybackEngines/MacStandaloneSupport/UnityEditor.OSXStandalone.Extensions.dll
Registered in 0.000292 seconds.
- Loaded All Assemblies, in  0.164 seconds
Native extension for OSXStandalone target not found
Native extension for WebGL target not found
ScheduleIndexationOnStartup MainProcess:False IndexOnStartup:True
Mono: successfully reloaded assembly
- Finished resetting the current domain, in  0.199 seconds
Domain Reload Profiling: 363ms
	BeginReloadAssembly (42ms)
		ExecutionOrderSort (0ms)
		DisableScriptedObjects (0ms)
		BackupInstance (0ms)
		ReleaseScriptingObjects (0ms)
		CreateAndSetChildDomain (0ms)
	RebuildCommonClasses (17ms)
	RebuildNativeTypeToScriptingClass (6ms)
	initialDomainReloadingComplete (18ms)
	LoadAllAssembliesAndSetupDomain (80ms)
		LoadAssemblies (41ms)
		RebuildTransferFunctionScriptingTraits (0ms)
		AnalyzeDomain (79ms)
			TypeCache.Refresh (78ms)
				TypeCache.ScanAssembly (70ms)
			BuildScriptInfoCaches (0ms)
			ResolveRequiredComponents (0ms)
	FinalizeReload (199ms)
		ReleaseScriptCaches (0ms)
		RebuildScriptCaches (0ms)
		SetupLoadedEditorAssemblies (177ms)
			LogAssemblyErrors (0ms)
			InitializePlatformSupportModulesInManaged (22ms)
			SetLoadedEditorAssemblies (2ms)
			BeforeProcessingInitializeOnLoad (45ms)
			ProcessInitializeOnLoadAttributes (72ms)
			ProcessInitializeOnLoadMethodAttributes (36ms)
			AfterProcessingInitializeOnLoad (0ms)
			EditorAssembliesLoaded (0ms)
		ExecutionOrderSort2 (0ms)
		AwakeInstancesAfterBackupRestoration (0ms)
[CoreBusinessMetrics] Unexpected thread when updating session info.
========================================================================
Worker process is ready to serve import requests
Import Worker Mode flag is 0x00
Begin MonoManager ReloadAssembly
[Licensing::Client] Successfully resolved entitlement details
[Licensing::Module] License group:
  Id: F4-85AS-8ZW6-XMRF-425Z-XXXX
  Product: Unity Personal
  Type: ULF
  Expiration: Unlimited
[Licensing::Module] License group:
  Id: 6872810951280-UnityPersXXXX
  Product: Unity Personal
  Type: Assigned
  Expiration: Unlimited
Symbol file LoadedFromMemory is not a mono symbol file
Symbol file LoadedFromMemory is not a mono symbol file
- Loaded All Assemblies, in  0.338 seconds
Refreshing native plugins compatible for Editor in 1.64 ms, found 2 plugins.
Native extension for OSXStandalone target not found
Native extension for WebGL target not found
Refreshing native plugins compatible for Editor in 1.45 ms, found 2 plugins.
Package Manager log level set to [2]
[Package Manager] Failed to launch server process. Reason: Unity was launched with the -noUpm command-line argument
[Package Manager] Unable to send message (not connected to server process).
[Package Manager] Cannot connect to Unity Package Manager local server
ScheduleIndexationOnStartup MainProcess:False IndexOnStartup:True
Mono: successfully reloaded assembly
- Finished resetting the current domain, in  0.423 seconds
Domain Reload Profiling: 761ms
	BeginReloadAssembly (61ms)
		ExecutionOrderSort (0ms)
		DisableScriptedObjects (2ms)
		BackupInstance (0ms)
		ReleaseScriptingObjects (0ms)
		CreateAndSetChildDomain (11ms)
	RebuildCommonClasses (17ms)
	RebuildNativeTypeToScriptingClass (6ms)
	initialDomainReloadingComplete (15ms)
	LoadAllAssembliesAndSetupDomain (239ms)
		LoadAssemblies (174ms)
		RebuildTransferFunctionScriptingTraits (0ms)
		AnalyzeDomain (94ms)
			TypeCache.Refresh (73ms)
				TypeCache.ScanAssembly (64ms)
			BuildScriptInfoCaches (18ms)
			ResolveRequiredComponents (1ms)
	FinalizeReload (423ms)
		ReleaseScriptCaches (0ms)
		RebuildScriptCaches (0ms)
		SetupLoadedEditorAssemblies (374ms)
			LogAssemblyErrors (0ms)
			InitializePlatformSupportModulesInManaged (1ms)
			SetLoadedEditorAssemblies (2ms)
			BeforeProcessingInitializeOnLoad (80ms)
			ProcessInitializeOnLoadAttributes (193ms)
			ProcessInitializeOnLoadMethodAttributes (98ms)
			AfterProcessingInitializeOnLoad (1ms)
			EditorAssembliesLoaded (0ms)
		ExecutionOrderSort2 (0ms)
		AwakeInstancesAfterBackupRestoration (1ms)
Launching external process: /Applications/Unity/Hub/Editor/6000.3.10f1/Unity.app/Contents/Helpers/UnityShaderCompiler
Launched and connected shader compiler UnityShaderCompiler after 0.02 seconds
Refreshing native plugins compatible for Editor in 1.55 ms, found 2 plugins.
Preloading 1 native plugins for Editor in 1.27 ms.
Unloading 43 Unused Serialized files (Serialized files now loaded: 0)
Unloading 5195 unused Assets / (15.8 MB). Loaded Objects now: 5769.
Memory consumption went from 132.8 MB to 117.0 MB.
Total: 8.961375 ms (FindLiveObjects: 0.381000 ms CreateObjectMapping: 0.086500 ms MarkObjects: 6.598875 ms  DeleteObjects: 1.894500 ms)

========================================================================
Received Import Request.
  Time since last request: 5162.851811 seconds.
  path: Assets/ML-Agents/Timers/_SCENE__timers.json
  artifactKey: Guid(79d2f37917e714b929de72fcb085df9d) Importer(2089858483,b0f066a214c2f5e87bad3c948f4d605d)
Start importing Assets/ML-Agents/Timers/_SCENE__timers.json using Guid(79d2f37917e714b929de72fcb085df9d) Importer(2089858483,b0f066a214c2f5e87bad3c948f4d605d) (ScriptedImporter) -> (artifact id: '160700ff014d23c31763660e87eab67f') in 0.017035416 seconds
Number of updated asset objects reloaded before import = 0Number of asset objects unloaded after import = 1

========================================================================
Received Import Request.
  Time since last request: 0.000052 seconds.
  path: Assets/_SCENE_.unity
  artifactKey: Guid(b48e3eea09fca894d88c9c4c01d391a4) Importer(2089858483,b0f066a214c2f5e87bad3c948f4d605d)
Start importing Assets/_SCENE_.unity using Guid(b48e3eea09fca894d88c9c4c01d391a4) Importer(2089858483,b0f066a214c2f5e87bad3c948f4d605d) (ScriptedImporter) -> (artifact id: '709be8e13878e53f274b0808037c076b') in 0.002513542 seconds
Number of updated asset objects reloaded before import = 0Number of asset objects unloaded after import = 1

========================================================================
Received Import Request.
  Time since last request: 0.000036 seconds.
  path: Assets/Scripts/RLAgent.cs
  artifactKey: Guid(f22ccae075dbc4c41b6428f77d50a8cc) Importer(2089858483,b0f066a214c2f5e87bad3c948f4d605d)
Start importing Assets/Scripts/RLAgent.cs using Guid(f22ccae075dbc4c41b6428f77d50a8cc) Importer(2089858483,b0f066a214c2f5e87bad3c948f4d605d) (ScriptedImporter) -> (artifact id: '570f18a1303d509fbef25cdc49dd9a6f') in 0.011160792 seconds
Number of updated asset objects reloaded before import = 0Number of asset objects unloaded after import = 0

========================================================================
Received Prepare
Refreshing native plugins compatible for Editor in 1.40 ms, found 2 plugins.
Preloading 1 native plugins for Editor in 1.18 ms.
Unloading 43 Unused Serialized files (Serialized files now loaded: 0)
Unloading 5148 unused Assets / (13.6 MB). Loaded Objects now: 5771.
Memory consumption went from 130.8 MB to 117.3 MB.
Total: 7.571500 ms (FindLiveObjects: 0.177375 ms CreateObjectMapping: 0.082333 ms MarkObjects: 6.006500 ms  DeleteObjects: 1.305125 ms)

Prepare: number of updated asset objects reloaded= 0
========================================================================
Received Import Request.
  Time since last request: 469.935192 seconds.
  path: Assets/Prefabs/Tile.prefab
  artifactKey: Guid(96b34ab20de577640a943d306ea7559e) Importer(815301076,1909f56bfc062723c751e8b465ee728b)
Start importing Assets/Prefabs/Tile.prefab using Guid(96b34ab20de577640a943d306ea7559e) Importer(815301076,1909f56bfc062723c751e8b465ee728b) (PreviewImporter) -> (artifact id: '184ccd9ba6888b366f11e235300df94e') in 0.132070583 seconds
Number of updated asset objects reloaded before import = 0Number of asset objects unloaded after import = 12

========================================================================
Received Prepare
Refreshing native plugins compatible for Editor in 1.48 ms, found 2 plugins.
Preloading 1 native plugins for Editor in 1.18 ms.
Unloading 43 Unused Serialized files (Serialized files now loaded: 0)
Unloading 5148 unused Assets / (13.5 MB). Loaded Objects now: 5780.
Memory consumption went from 131.4 MB to 117.9 MB.
Total: 7.816042 ms (FindLiveObjects: 0.179041 ms CreateObjectMapping: 0.079042 ms MarkObjects: 6.473750 ms  DeleteObjects: 1.084084 ms)

Prepare: number of updated asset objects reloaded= 0
========================================================================
Received Import Request.
  Time since last request: 1.118100 seconds.
  path: Assets/Prefabs/Tile.prefab
  artifactKey: Guid(96b34ab20de577640a943d306ea7559e) Importer(815301076,1909f56bfc062723c751e8b465ee728b)
Start importing Assets/Prefabs/Tile.prefab using Guid(96b34ab20de577640a943d306ea7559e) Importer(815301076,1909f56bfc062723c751e8b465ee728b) (PreviewImporter) -> (artifact id: '46d01bffa96abd9d872d35e159db7ffd') in 0.003967042 seconds
Number of updated asset objects reloaded before import = 0Number of asset objects unloaded after import = 12

========================================================================
Received Prepare
Begin MonoManager ReloadAssembly
[Licensing::Client] Successfully resolved entitlement details
[Licensing::Module] License group:
  Id: F4-85AS-8ZW6-XMRF-425Z-XXXX
  Product: Unity Personal
  Type: ULF
  Expiration: Unlimited
[Licensing::Module] License group:
  Id: 6872810951280-UnityPersXXXX
  Product: Unity Personal
  Type: Assigned
  Expiration: Unlimited
Thread 0x16ee0b000 may have been prematurely finalized
Symbol file LoadedFromMemory is not a mono symbol file
Symbol file LoadedFromMemory is not a mono symbol file
- Loaded All Assemblies, in  0.366 seconds
Refreshing native plugins compatible for Editor in 1.17 ms, found 2 plugins.
Native extension for OSXStandalone target not found
Native extension for WebGL target not found
Refreshing native plugins compatible for Editor in 1.25 ms, found 2 plugins.
[Package Manager] Failed to launch server process. Reason: Unity was launched with the -noUpm command-line argument
[Package Manager] Unable to send message (not connected to server process).
[Package Manager] Cannot connect to Unity Package Manager local server
ScheduleIndexationOnStartup MainProcess:False IndexOnStartup:True
Mono: successfully reloaded assembly
- Finished resetting the current domain, in  0.397 seconds
Domain Reload Profiling: 764ms
	BeginReloadAssembly (96ms)
		ExecutionOrderSort (0ms)
		DisableScriptedObjects (3ms)
		BackupInstance (0ms)
		ReleaseScriptingObjects (0ms)
		CreateAndSetChildDomain (44ms)
	RebuildCommonClasses (16ms)
	RebuildNativeTypeToScriptingClass (6ms)
	initialDomainReloadingComplete (9ms)
	LoadAllAssembliesAndSetupDomain (240ms)
		LoadAssemblies (197ms)
		RebuildTransferFunctionScriptingTraits (0ms)
		AnalyzeDomain (66ms)
			TypeCache.Refresh (6ms)
				TypeCache.ScanAssembly (0ms)
			BuildScriptInfoCaches (56ms)
			ResolveRequiredComponents (1ms)
	FinalizeReload (398ms)
		ReleaseScriptCaches (0ms)
		RebuildScriptCaches (0ms)
		SetupLoadedEditorAssemblies (351ms)
			LogAssemblyErrors (0ms)
			InitializePlatformSupportModulesInManaged (1ms)
			SetLoadedEditorAssemblies (2ms)
			BeforeProcessingInitializeOnLoad (85ms)
			ProcessInitializeOnLoadAttributes (165ms)
			ProcessInitializeOnLoadMethodAttributes (97ms)
			AfterProcessingInitializeOnLoad (1ms)
			EditorAssembliesLoaded (0ms)
		ExecutionOrderSort2 (0ms)
		AwakeInstancesAfterBackupRestoration (1ms)
Refreshing native plugins compatible for Editor in 1.56 ms, found 2 plugins.
Preloading 1 native plugins for Editor in 1.24 ms.
Unloading 43 Unused Serialized files (Serialized files now loaded: 0)
Unloading 5193 unused Assets / (13.1 MB). Loaded Objects now: 5783.
Memory consumption went from 147.4 MB to 134.3 MB.
Total: 7.783750 ms (FindLiveObjects: 0.191083 ms CreateObjectMapping: 0.087000 ms MarkObjects: 6.352583 ms  DeleteObjects: 1.152833 ms)

Prepare: number of updated asset objects reloaded= 0
========================================================================
Received Prepare
Refreshing native plugins compatible for Editor in 1.53 ms, found 2 plugins.
Preloading 1 native plugins for Editor in 1.22 ms.
Unloading 43 Unused Serialized files (Serialized files now loaded: 0)
Unloading 5148 unused Assets / (13.3 MB). Loaded Objects now: 5783.
Memory consumption went from 132.0 MB to 118.6 MB.
Total: 7.870667 ms (FindLiveObjects: 0.180667 ms CreateObjectMapping: 0.072583 ms MarkObjects: 6.418708 ms  DeleteObjects: 1.198083 ms)

Prepare: number of updated asset objects reloaded= 0
========================================================================
Received Import Request.
  Time since last request: 4.414339 seconds.
  path: Assets/Prefabs/Tile.prefab
  artifactKey: Guid(96b34ab20de577640a943d306ea7559e) Importer(815301076,1909f56bfc062723c751e8b465ee728b)
Start importing Assets/Prefabs/Tile.prefab using Guid(96b34ab20de577640a943d306ea7559e) Importer(815301076,1909f56bfc062723c751e8b465ee728b) (PreviewImporter) -> (artifact id: '3761aa97bcbaf7d291bcba346f87cd77') in 0.02497825 seconds
Number of updated asset objects reloaded before import = 0Number of asset objects unloaded after import = 12

========================================================================
Received Prepare
Refreshing native plugins compatible for Editor in 1.50 ms, found 2 plugins.
Preloading 1 native plugins for Editor in 1.25 ms.
Unloading 43 Unused Serialized files (Serialized files now loaded: 0)
Unloading 5148 unused Assets / (12.6 MB). Loaded Objects now: 5784.
Memory consumption went from 131.6 MB to 118.9 MB.
Total: 7.841375 ms (FindLiveObjects: 0.197542 ms CreateObjectMapping: 0.078833 ms MarkObjects: 6.436792 ms  DeleteObjects: 1.128042 ms)

Prepare: number of updated asset objects reloaded= 0
========================================================================
Received Prepare
Begin MonoManager ReloadAssembly
Thread 0x16b963000 may have been prematurely finalized
Symbol file LoadedFromMemory is not a mono symbol file
Symbol file LoadedFromMemory is not a mono symbol file
- Loaded All Assemblies, in  0.320 seconds
Refreshing native plugins compatible for Editor in 1.18 ms, found 2 plugins.
Native extension for OSXStandalone target not found
Native extension for WebGL target not found
Refreshing native plugins compatible for Editor in 1.17 ms, found 2 plugins.
[Package Manager] Failed to launch server process. Reason: Unity was launched with the -noUpm command-line argument
[Package Manager] Unable to send message (not connected to server process).
[Package Manager] Cannot connect to Unity Package Manager local server
ScheduleIndexationOnStartup MainProcess:False IndexOnStartup:True
Mono: successfully reloaded assembly
- Finished resetting the current domain, in  0.391 seconds
Domain Reload Profiling: 712ms
	BeginReloadAssembly (71ms)
		ExecutionOrderSort (0ms)
		DisableScriptedObjects (3ms)
		BackupInstance (0ms)
		ReleaseScriptingObjects (0ms)
		CreateAndSetChildDomain (20ms)
	RebuildCommonClasses (15ms)
	RebuildNativeTypeToScriptingClass (6ms)
	initialDomainReloadingComplete (9ms)
	LoadAllAssembliesAndSetupDomain (219ms)
		LoadAssemblies (176ms)
		RebuildTransferFunctionScriptingTraits (0ms)
		AnalyzeDomain (66ms)
			TypeCache.Refresh (7ms)
				TypeCache.ScanAssembly (0ms)
			BuildScriptInfoCaches (56ms)
			ResolveRequiredComponents (1ms)
	FinalizeReload (391ms)
		ReleaseScriptCaches (0ms)
		RebuildScriptCaches (0ms)
		SetupLoadedEditorAssemblies (344ms)
			LogAssemblyErrors (0ms)
			InitializePlatformSupportModulesInManaged (1ms)
			SetLoadedEditorAssemblies (2ms)
			BeforeProcessingInitializeOnLoad (81ms)
			ProcessInitializeOnLoadAttributes (163ms)
			ProcessInitializeOnLoadMethodAttributes (97ms)
			AfterProcessingInitializeOnLoad (0ms)
			EditorAssembliesLoaded (0ms)
		ExecutionOrderSort2 (0ms)
		AwakeInstancesAfterBackupRestoration (1ms)
Refreshing native plugins compatible for Editor in 1.36 ms, found 2 plugins.
Preloading 1 native plugins for Editor in 1.22 ms.
Unloading 43 Unused Serialized files (Serialized files now loaded: 0)
Unloading 5193 unused Assets / (12.8 MB). Loaded Objects now: 5787.
Memory consumption went from 146.0 MB to 133.2 MB.
Total: 8.183209 ms (FindLiveObjects: 0.194917 ms CreateObjectMapping: 0.078125 ms MarkObjects: 6.761208 ms  DeleteObjects: 1.148500 ms)

Prepare: number of updated asset objects reloaded= 0
========================================================================
Received Prepare
Refreshing native plugins compatible for Editor in 1.40 ms, found 2 plugins.
Preloading 1 native plugins for Editor in 1.24 ms.
Unloading 43 Unused Serialized files (Serialized files now loaded: 0)
Unloading 5148 unused Assets / (13.4 MB). Loaded Objects now: 5787.
Memory consumption went from 130.4 MB to 117.1 MB.
Total: 8.002083 ms (FindLiveObjects: 0.183584 ms CreateObjectMapping: 0.085917 ms MarkObjects: 6.419667 ms  DeleteObjects: 1.312667 ms)

Prepare: number of updated asset objects reloaded= 0
========================================================================
Received Prepare
Begin MonoManager ReloadAssembly
[Licensing::Client] Successfully resolved entitlement details
[Licensing::Module] License group:
  Id: F4-85AS-8ZW6-XMRF-425Z-XXXX
  Product: Unity Personal
  Type: ULF
  Expiration: Unlimited
[Licensing::Module] License group:
  Id: 6872810951280-UnityPersXXXX
  Product: Unity Personal
  Type: Assigned
  Expiration: Unlimited
Thread 0x16b247000 may have been prematurely finalized
Symbol file LoadedFromMemory is not a mono symbol file
Symbol file LoadedFromMemory is not a mono symbol file
- Loaded All Assemblies, in  0.321 seconds
Refreshing native plugins compatible for Editor in 1.09 ms, found 2 plugins.
Native extension for OSXStandalone target not found
Native extension for WebGL target not found
Refreshing native plugins compatible for Editor in 0.98 ms, found 2 plugins.
[Package Manager] Failed to launch server process. Reason: Unity was launched with the -noUpm command-line argument
[Package Manager] Unable to send message (not connected to server process).
[Package Manager] Cannot connect to Unity Package Manager local server
ScheduleIndexationOnStartup MainProcess:False IndexOnStartup:True
Mono: successfully reloaded assembly
- Finished resetting the current domain, in  0.389 seconds
Domain Reload Profiling: 711ms
	BeginReloadAssembly (70ms)
		ExecutionOrderSort (0ms)
		DisableScriptedObjects (3ms)
		BackupInstance (0ms)
		ReleaseScriptingObjects (0ms)
		CreateAndSetChildDomain (20ms)
	RebuildCommonClasses (16ms)
	RebuildNativeTypeToScriptingClass (6ms)
	initialDomainReloadingComplete (9ms)
	LoadAllAssembliesAndSetupDomain (220ms)
		LoadAssemblies (175ms)
		RebuildTransferFunctionScriptingTraits (0ms)
		AnalyzeDomain (67ms)
			TypeCache.Refresh (7ms)
				TypeCache.ScanAssembly (0ms)
			BuildScriptInfoCaches (58ms)
			ResolveRequiredComponents (1ms)
	FinalizeReload (389ms)
		ReleaseScriptCaches (0ms)
		RebuildScriptCaches (0ms)
		SetupLoadedEditorAssemblies (342ms)
			LogAssemblyErrors (0ms)
			InitializePlatformSupportModulesInManaged (1ms)
			SetLoadedEditorAssemblies (2ms)
			BeforeProcessingInitializeOnLoad (82ms)
			ProcessInitializeOnLoadAttributes (161ms)
			ProcessInitializeOnLoadMethodAttributes (96ms)
			AfterProcessingInitializeOnLoad (0ms)
			EditorAssembliesLoaded (0ms)
		ExecutionOrderSort2 (0ms)
		AwakeInstancesAfterBackupRestoration (1ms)
Refreshing native plugins compatible for Editor in 1.53 ms, found 2 plugins.
Preloading 1 native plugins for Editor in 1.19 ms.
Unloading 43 Unused Serialized files (Serialized files now loaded: 0)
Unloading 5193 unused Assets / (13.9 MB). Loaded Objects now: 5791.
Memory consumption went from 144.8 MB to 130.9 MB.
Total: 7.580250 ms (FindLiveObjects: 0.178375 ms CreateObjectMapping: 0.073458 ms MarkObjects: 6.080042 ms  DeleteObjects: 1.248166 ms)

Prepare: number of updated asset objects reloaded= 0
========================================================================
Received Prepare
Refreshing native plugins compatible for Editor in 1.55 ms, found 2 plugins.
Preloading 1 native plugins for Editor in 1.23 ms.
Unloading 43 Unused Serialized files (Serialized files now loaded: 0)
Unloading 5148 unused Assets / (13.7 MB). Loaded Objects now: 5791.
Memory consumption went from 129.3 MB to 115.6 MB.
Total: 7.810416 ms (FindLiveObjects: 0.191750 ms CreateObjectMapping: 0.082000 ms MarkObjects: 6.363292 ms  DeleteObjects: 1.172792 ms)

Prepare: number of updated asset objects reloaded= 0
========================================================================
Received Prepare
Begin MonoManager ReloadAssembly
Thread 0x16b247000 may have been prematurely finalized
Symbol file LoadedFromMemory is not a mono symbol file
Symbol file LoadedFromMemory is not a mono symbol file
- Loaded All Assemblies, in  0.317 seconds
Refreshing native plugins compatible for Editor in 1.28 ms, found 2 plugins.
Native extension for OSXStandalone target not found
Native extension for WebGL target not found
Refreshing native plugins compatible for Editor in 1.16 ms, found 2 plugins.
[Package Manager] Failed to launch server process. Reason: Unity was launched with the -noUpm command-line argument
[Package Manager] Unable to send message (not connected to server process).
[Package Manager] Cannot connect to Unity Package Manager local server
ScheduleIndexationOnStartup MainProcess:False IndexOnStartup:True
Mono: successfully reloaded assembly
- Finished resetting the current domain, in  0.436 seconds
Domain Reload Profiling: 755ms
	BeginReloadAssembly (69ms)
		ExecutionOrderSort (0ms)
		DisableScriptedObjects (3ms)
		BackupInstance (0ms)
		ReleaseScriptingObjects (0ms)
		CreateAndSetChildDomain (20ms)
	RebuildCommonClasses (15ms)
	RebuildNativeTypeToScriptingClass (6ms)
	initialDomainReloadingComplete (10ms)
	LoadAllAssembliesAndSetupDomain (218ms)
		LoadAssemblies (172ms)
		RebuildTransferFunctionScriptingTraits (0ms)
		AnalyzeDomain (67ms)
			TypeCache.Refresh (7ms)
				TypeCache.ScanAssembly (0ms)
			BuildScriptInfoCaches (57ms)
			ResolveRequiredComponents (1ms)
	FinalizeReload (437ms)
		ReleaseScriptCaches (0ms)
		RebuildScriptCaches (0ms)
		SetupLoadedEditorAssemblies (382ms)
			LogAssemblyErrors (0ms)
			InitializePlatformSupportModulesInManaged (1ms)
			SetLoadedEditorAssemblies (2ms)
			BeforeProcessingInitializeOnLoad (89ms)
			ProcessInitializeOnLoadAttributes (194ms)
			ProcessInitializeOnLoadMethodAttributes (97ms)
			AfterProcessingInitializeOnLoad (1ms)
			EditorAssembliesLoaded (0ms)
		ExecutionOrderSort2 (0ms)
		AwakeInstancesAfterBackupRestoration (1ms)
Refreshing native plugins compatible for Editor in 1.71 ms, found 2 plugins.
Preloading 1 native plugins for Editor in 1.23 ms.
Unloading 43 Unused Serialized files (Serialized files now loaded: 0)
Unloading 5193 unused Assets / (12.9 MB). Loaded Objects now: 5795.
Memory consumption went from 143.6 MB to 130.8 MB.
Total: 9.069500 ms (FindLiveObjects: 0.192667 ms CreateObjectMapping: 0.081583 ms MarkObjects: 6.480833 ms  DeleteObjects: 2.314250 ms)

Prepare: number of updated asset objects reloaded= 0
========================================================================
Received Prepare
Refreshing native plugins compatible for Editor in 1.56 ms, found 2 plugins.
Preloading 1 native plugins for Editor in 1.22 ms.
Unloading 43 Unused Serialized files (Serialized files now loaded: 0)
Unloading 5148 unused Assets / (13.7 MB). Loaded Objects now: 5795.
Memory consumption went from 128.1 MB to 114.5 MB.
Total: 7.773917 ms (FindLiveObjects: 0.189750 ms CreateObjectMapping: 0.077625 ms MarkObjects: 6.264584 ms  DeleteObjects: 1.241375 ms)

Prepare: number of updated asset objects reloaded= 0
========================================================================
Received Prepare
Begin MonoManager ReloadAssembly
Thread 0x16b247000 may have been prematurely finalized
Symbol file LoadedFromMemory is not a mono symbol file
Symbol file LoadedFromMemory is not a mono symbol file
- Loaded All Assemblies, in  0.289 seconds
Refreshing native plugins compatible for Editor in 1.19 ms, found 2 plugins.
Native extension for OSXStandalone target not found
Native extension for WebGL target not found
Refreshing native plugins compatible for Editor in 1.30 ms, found 2 plugins.
[Package Manager] Failed to launch server process. Reason: Unity was launched with the -noUpm command-line argument
[Package Manager] Unable to send message (not connected to server process).
[Package Manager] Cannot connect to Unity Package Manager local server
ScheduleIndexationOnStartup MainProcess:False IndexOnStartup:True
Mono: successfully reloaded assembly
- Finished resetting the current domain, in  0.444 seconds
Domain Reload Profiling: 735ms
	BeginReloadAssembly (71ms)
		ExecutionOrderSort (0ms)
		DisableScriptedObjects (3ms)
		BackupInstance (0ms)
		ReleaseScriptingObjects (0ms)
		CreateAndSetChildDomain (20ms)
	RebuildCommonClasses (16ms)
	RebuildNativeTypeToScriptingClass (6ms)
	initialDomainReloadingComplete (9ms)
	LoadAllAssembliesAndSetupDomain (189ms)
		LoadAssemblies (144ms)
		RebuildTransferFunctionScriptingTraits (0ms)
		AnalyzeDomain (67ms)
			TypeCache.Refresh (6ms)
				TypeCache.ScanAssembly (0ms)
			BuildScriptInfoCaches (58ms)
			ResolveRequiredComponents (1ms)
	FinalizeReload (444ms)
		ReleaseScriptCaches (0ms)
		RebuildScriptCaches (0ms)
		SetupLoadedEditorAssemblies (396ms)
			LogAssemblyErrors (0ms)
			InitializePlatformSupportModulesInManaged (1ms)
			SetLoadedEditorAssemblies (2ms)
			BeforeProcessingInitializeOnLoad (88ms)
			ProcessInitializeOnLoadAttributes (200ms)
			ProcessInitializeOnLoadMethodAttributes (104ms)
			AfterProcessingInitializeOnLoad (1ms)
			EditorAssembliesLoaded (0ms)
		ExecutionOrderSort2 (0ms)
		AwakeInstancesAfterBackupRestoration (1ms)
Refreshing native plugins compatible for Editor in 1.60 ms, found 2 plugins.
Preloading 1 native plugins for Editor in 1.18 ms.
Unloading 43 Unused Serialized files (Serialized files now loaded: 0)
Unloading 5193 unused Assets / (12.6 MB). Loaded Objects now: 5799.
Memory consumption went from 144.4 MB to 131.8 MB.
Total: 7.983708 ms (FindLiveObjects: 0.184250 ms CreateObjectMapping: 0.085667 ms MarkObjects: 6.570541 ms  DeleteObjects: 1.143000 ms)

Prepare: number of updated asset objects reloaded= 0
========================================================================
Received Prepare
Refreshing native plugins compatible for Editor in 1.22 ms, found 2 plugins.
Preloading 1 native plugins for Editor in 1.24 ms.
Unloading 43 Unused Serialized files (Serialized files now loaded: 0)
Unloading 5148 unused Assets / (11.3 MB). Loaded Objects now: 5799.
Memory consumption went from 129.6 MB to 118.3 MB.
Total: 7.413875 ms (FindLiveObjects: 0.180583 ms CreateObjectMapping: 0.082459 ms MarkObjects: 6.290291 ms  DeleteObjects: 0.860208 ms)

Prepare: number of updated asset objects reloaded= 0
========================================================================
Received Prepare
Begin MonoManager ReloadAssembly
Thread 0x16b247000 may have been prematurely finalized
Symbol file LoadedFromMemory is not a mono symbol file
Symbol file LoadedFromMemory is not a mono symbol file
- Loaded All Assemblies, in  0.308 seconds
Refreshing native plugins compatible for Editor in 1.18 ms, found 2 plugins.
Native extension for OSXStandalone target not found
Native extension for WebGL target not found
Refreshing native plugins compatible for Editor in 1.33 ms, found 2 plugins.
[Package Manager] Failed to launch server process. Reason: Unity was launched with the -noUpm command-line argument
[Package Manager] Unable to send message (not connected to server process).
[Package Manager] Cannot connect to Unity Package Manager local server
ScheduleIndexationOnStartup MainProcess:False IndexOnStartup:True
Mono: successfully reloaded assembly
- Finished resetting the current domain, in  0.398 seconds
Domain Reload Profiling: 707ms
	BeginReloadAssembly (72ms)
		ExecutionOrderSort (0ms)
		DisableScriptedObjects (3ms)
		BackupInstance (0ms)
		ReleaseScriptingObjects (0ms)
		CreateAndSetChildDomain (21ms)
	RebuildCommonClasses (16ms)
	RebuildNativeTypeToScriptingClass (6ms)
	initialDomainReloadingComplete (9ms)
	LoadAllAssembliesAndSetupDomain (206ms)
		LoadAssemblies (158ms)
		RebuildTransferFunctionScriptingTraits (0ms)
		AnalyzeDomain (71ms)
			TypeCache.Refresh (7ms)
				TypeCache.ScanAssembly (0ms)
			BuildScriptInfoCaches (61ms)
			ResolveRequiredComponents (1ms)
	FinalizeReload (398ms)
		ReleaseScriptCaches (0ms)
		RebuildScriptCaches (0ms)
		SetupLoadedEditorAssemblies (350ms)
			LogAssemblyErrors (0ms)
			InitializePlatformSupportModulesInManaged (1ms)
			SetLoadedEditorAssemblies (2ms)
			BeforeProcessingInitializeOnLoad (81ms)
			ProcessInitializeOnLoadAttributes (167ms)
			ProcessInitializeOnLoadMethodAttributes (99ms)
			AfterProcessingInitializeOnLoad (1ms)
			EditorAssembliesLoaded (0ms)
		ExecutionOrderSort2 (0ms)
		AwakeInstancesAfterBackupRestoration (1ms)
Refreshing native plugins compatible for Editor in 1.18 ms, found 2 plugins.
Preloading 1 native plugins for Editor in 1.24 ms.
Unloading 43 Unused Serialized files (Serialized files now loaded: 0)
Unloading 5193 unused Assets / (13.9 MB). Loaded Objects now: 5803.
Memory consumption went from 143.3 MB to 129.4 MB.
Total: 7.522375 ms (FindLiveObjects: 0.170667 ms CreateObjectMapping: 0.119000 ms MarkObjects: 6.057291 ms  DeleteObjects: 1.175000 ms)

Prepare: number of updated asset objects reloaded= 0
========================================================================
Received Prepare
Refreshing native plugins compatible for Editor in 1.11 ms, found 2 plugins.
Preloading 1 native plugins for Editor in 1.16 ms.
Unloading 43 Unused Serialized files (Serialized files now loaded: 0)
Unloading 5148 unused Assets / (12.6 MB). Loaded Objects now: 5803.
Memory consumption went from 129.6 MB to 117.0 MB.
Total: 7.874833 ms (FindLiveObjects: 0.180541 ms CreateObjectMapping: 0.084375 ms MarkObjects: 6.472959 ms  DeleteObjects: 1.136500 ms)

Prepare: number of updated asset objects reloaded= 0
========================================================================
Received Prepare
Refreshing native plugins compatible for Editor in 1.25 ms, found 2 plugins.
Preloading 1 native plugins for Editor in 1.19 ms.
Unloading 43 Unused Serialized files (Serialized files now loaded: 0)
Unloading 5148 unused Assets / (13.7 MB). Loaded Objects now: 5803.
Memory consumption went from 129.6 MB to 115.9 MB.
Total: 7.387792 ms (FindLiveObjects: 0.186625 ms CreateObjectMapping: 0.082167 ms MarkObjects: 5.932958 ms  DeleteObjects: 1.185500 ms)

Prepare: number of updated asset objects reloaded= 0
========================================================================
Received Prepare
Refreshing native plugins compatible for Editor in 1.48 ms, found 2 plugins.
Preloading 1 native plugins for Editor in 1.17 ms.
Unloading 43 Unused Serialized files (Serialized files now loaded: 0)
Unloading 5148 unused Assets / (14.2 MB). Loaded Objects now: 5803.
Memory consumption went from 129.6 MB to 115.4 MB.
Total: 7.388167 ms (FindLiveObjects: 0.180500 ms CreateObjectMapping: 0.073000 ms MarkObjects: 5.883916 ms  DeleteObjects: 1.250500 ms)

Prepare: number of updated asset objects reloaded= 0
========================================================================
Received Prepare
Refreshing native plugins compatible for Editor in 1.49 ms, found 2 plugins.
Preloading 1 native plugins for Editor in 1.24 ms.
Unloading 43 Unused Serialized files (Serialized files now loaded: 0)
Unloading 5148 unused Assets / (13.6 MB). Loaded Objects now: 5803.
Memory consumption went from 129.6 MB to 116.0 MB.
Total: 7.361584 ms (FindLiveObjects: 0.189041 ms CreateObjectMapping: 0.077417 ms MarkObjects: 6.000917 ms  DeleteObjects: 1.094000 ms)

Prepare: number of updated asset objects reloaded= 0
========================================================================
Received Prepare
Refreshing native plugins compatible for Editor in 1.47 ms, found 2 plugins.
Preloading 1 native plugins for Editor in 1.23 ms.
Unloading 43 Unused Serialized files (Serialized files now loaded: 0)
Unloading 5148 unused Assets / (13.4 MB). Loaded Objects now: 5803.
Memory consumption went from 129.6 MB to 116.2 MB.
Total: 7.649959 ms (FindLiveObjects: 0.180125 ms CreateObjectMapping: 0.082875 ms MarkObjects: 6.138250 ms  DeleteObjects: 1.248292 ms)

Prepare: number of updated asset objects reloaded= 0
========================================================================
Received Prepare
Refreshing native plugins compatible for Editor in 1.34 ms, found 2 plugins.
Preloading 1 native plugins for Editor in 1.23 ms.
Unloading 43 Unused Serialized files (Serialized files now loaded: 0)
Unloading 5148 unused Assets / (13.7 MB). Loaded Objects now: 5803.
Memory consumption went from 129.6 MB to 115.9 MB.
Total: 7.344209 ms (FindLiveObjects: 0.183500 ms CreateObjectMapping: 0.077667 ms MarkObjects: 5.905167 ms  DeleteObjects: 1.177583 ms)

Prepare: number of updated asset objects reloaded= 0
========================================================================
Received Prepare
Refreshing native plugins compatible for Editor in 1.41 ms, found 2 plugins.
Preloading 1 native plugins for Editor in 1.17 ms.
Unloading 43 Unused Serialized files (Serialized files now loaded: 0)
Unloading 5148 unused Assets / (13.6 MB). Loaded Objects now: 5803.
Memory consumption went from 129.6 MB to 116.0 MB.
Total: 7.172750 ms (FindLiveObjects: 0.188125 ms CreateObjectMapping: 0.079500 ms MarkObjects: 5.772042 ms  DeleteObjects: 1.132625 ms)

Prepare: number of updated asset objects reloaded= 0
========================================================================
Received Prepare
Refreshing native plugins compatible for Editor in 1.52 ms, found 2 plugins.
Preloading 1 native plugins for Editor in 1.17 ms.
Unloading 43 Unused Serialized files (Serialized files now loaded: 0)
Unloading 5148 unused Assets / (13.9 MB). Loaded Objects now: 5803.
Memory consumption went from 129.6 MB to 115.7 MB.
Total: 7.466167 ms (FindLiveObjects: 0.179333 ms CreateObjectMapping: 0.077958 ms MarkObjects: 5.968542 ms  DeleteObjects: 1.240167 ms)

Prepare: number of updated asset objects reloaded= 0
========================================================================
Received Prepare
Refreshing native plugins compatible for Editor in 1.45 ms, found 2 plugins.
Preloading 1 native plugins for Editor in 1.19 ms.
Unloading 43 Unused Serialized files (Serialized files now loaded: 0)
Unloading 5148 unused Assets / (13.7 MB). Loaded Objects now: 5803.
Memory consumption went from 129.6 MB to 115.9 MB.
Total: 7.412792 ms (FindLiveObjects: 0.182083 ms CreateObjectMapping: 0.086792 ms MarkObjects: 5.964125 ms  DeleteObjects: 1.179625 ms)

Prepare: number of updated asset objects reloaded= 0
========================================================================
Received Prepare
Refreshing native plugins compatible for Editor in 1.38 ms, found 2 plugins.
Preloading 1 native plugins for Editor in 1.17 ms.
Unloading 43 Unused Serialized files (Serialized files now loaded: 0)
Unloading 5148 unused Assets / (13.7 MB). Loaded Objects now: 5803.
Memory consumption went from 129.6 MB to 115.9 MB.
Total: 7.447458 ms (FindLiveObjects: 0.181709 ms CreateObjectMapping: 0.076875 ms MarkObjects: 6.002791 ms  DeleteObjects: 1.186000 ms)

Prepare: number of updated asset objects reloaded= 0
========================================================================
Received Prepare
Refreshing native plugins compatible for Editor in 1.41 ms, found 2 plugins.
Preloading 1 native plugins for Editor in 1.17 ms.
Unloading 43 Unused Serialized files (Serialized files now loaded: 0)
Unloading 5148 unused Assets / (13.7 MB). Loaded Objects now: 5803.
Memory consumption went from 129.6 MB to 115.8 MB.
Total: 7.852584 ms (FindLiveObjects: 0.193417 ms CreateObjectMapping: 0.079458 ms MarkObjects: 6.368792 ms  DeleteObjects: 1.210625 ms)

Prepare: number of updated asset objects reloaded= 0
========================================================================
Received Prepare
Refreshing native plugins compatible for Editor in 1.46 ms, found 2 plugins.
Preloading 1 native plugins for Editor in 1.17 ms.
Unloading 43 Unused Serialized files (Serialized files now loaded: 0)
Unloading 5148 unused Assets / (14.2 MB). Loaded Objects now: 5803.
Memory consumption went from 129.6 MB to 115.4 MB.
Total: 7.666542 ms (FindLiveObjects: 0.209666 ms CreateObjectMapping: 0.088042 ms MarkObjects: 6.096125 ms  DeleteObjects: 1.272250 ms)

Prepare: number of updated asset objects reloaded= 0
========================================================================
Received Prepare
Refreshing native plugins compatible for Editor in 1.49 ms, found 2 plugins.
Preloading 1 native plugins for Editor in 1.26 ms.
Unloading 43 Unused Serialized files (Serialized files now loaded: 0)
Unloading 5148 unused Assets / (13.7 MB). Loaded Objects now: 5803.
Memory consumption went from 129.6 MB to 115.9 MB.
Total: 7.732125 ms (FindLiveObjects: 0.181000 ms CreateObjectMapping: 0.074625 ms MarkObjects: 6.313042 ms  DeleteObjects: 1.163042 ms)

Prepare: number of updated asset objects reloaded= 0
========================================================================
Received Prepare
Refreshing native plugins compatible for Editor in 1.36 ms, found 2 plugins.
Preloading 1 native plugins for Editor in 1.18 ms.
Unloading 43 Unused Serialized files (Serialized files now loaded: 0)
Unloading 5148 unused Assets / (13.7 MB). Loaded Objects now: 5803.
Memory consumption went from 129.6 MB to 115.9 MB.
Total: 7.340625 ms (FindLiveObjects: 0.178583 ms CreateObjectMapping: 0.073542 ms MarkObjects: 5.946958 ms  DeleteObjects: 1.141416 ms)

Prepare: number of updated asset objects reloaded= 0
========================================================================
Received Prepare
Refreshing native plugins compatible for Editor in 1.50 ms, found 2 plugins.
Preloading 1 native plugins for Editor in 1.17 ms.
Unloading 43 Unused Serialized files (Serialized files now loaded: 0)
Unloading 5148 unused Assets / (13.8 MB). Loaded Objects now: 5803.
Memory consumption went from 129.6 MB to 115.7 MB.
Total: 7.559125 ms (FindLiveObjects: 0.180500 ms CreateObjectMapping: 0.076000 ms MarkObjects: 6.091167 ms  DeleteObjects: 1.211083 ms)

Prepare: number of updated asset objects reloaded= 0
========================================================================
Received Prepare
Refreshing native plugins compatible for Editor in 1.49 ms, found 2 plugins.
Preloading 1 native plugins for Editor in 1.18 ms.
Unloading 43 Unused Serialized files (Serialized files now loaded: 0)
Unloading 5148 unused Assets / (13.9 MB). Loaded Objects now: 5803.
Memory consumption went from 129.6 MB to 115.7 MB.
Total: 7.467667 ms (FindLiveObjects: 0.179917 ms CreateObjectMapping: 0.075833 ms MarkObjects: 5.974917 ms  DeleteObjects: 1.236583 ms)

Prepare: number of updated asset objects reloaded= 0
========================================================================
Received Prepare
Refreshing native plugins compatible for Editor in 1.51 ms, found 2 plugins.
Preloading 1 native plugins for Editor in 1.17 ms.
Unloading 43 Unused Serialized files (Serialized files now loaded: 0)
Unloading 5148 unused Assets / (13.7 MB). Loaded Objects now: 5803.
Memory consumption went from 129.6 MB to 115.9 MB.
Total: 7.115792 ms (FindLiveObjects: 0.180291 ms CreateObjectMapping: 0.072958 ms MarkObjects: 5.728292 ms  DeleteObjects: 1.133917 ms)

Prepare: number of updated asset objects reloaded= 0
========================================================================
Received Prepare
Begin MonoManager ReloadAssembly
[Licensing::Client] Successfully resolved entitlement details
[Licensing::Module] License group:
  Id: F4-85AS-8ZW6-XMRF-425Z-XXXX
  Product: Unity Personal
  Type: ULF
  Expiration: Unlimited
[Licensing::Module] License group:
  Id: 6872810951280-UnityPersXXXX
  Product: Unity Personal
  Type: Assigned
  Expiration: Unlimited
Thread 0x16b247000 may have been prematurely finalized
Symbol file LoadedFromMemory is not a mono symbol file
Symbol file LoadedFromMemory is not a mono symbol file
- Loaded All Assemblies, in  0.362 seconds
Refreshing native plugins compatible for Editor in 1.31 ms, found 2 plugins.
Native extension for OSXStandalone target not found
Native extension for WebGL target not found
Refreshing native plugins compatible for Editor in 1.28 ms, found 2 plugins.
[Package Manager] Failed to launch server process. Reason: Unity was launched with the -noUpm command-line argument
[Package Manager] Unable to send message (not connected to server process).
[Package Manager] Cannot connect to Unity Package Manager local server
ScheduleIndexationOnStartup MainProcess:False IndexOnStartup:True
Mono: successfully reloaded assembly
- Finished resetting the current domain, in  0.388 seconds
Domain Reload Profiling: 751ms
	BeginReloadAssembly (90ms)
		ExecutionOrderSort (0ms)
		DisableScriptedObjects (3ms)
		BackupInstance (0ms)
		ReleaseScriptingObjects (0ms)
		CreateAndSetChildDomain (27ms)
	RebuildCommonClasses (16ms)
	RebuildNativeTypeToScriptingClass (6ms)
	initialDomainReloadingComplete (9ms)
	LoadAllAssembliesAndSetupDomain (242ms)
		LoadAssemblies (209ms)
		RebuildTransferFunctionScriptingTraits (0ms)
		AnalyzeDomain (68ms)
			TypeCache.Refresh (7ms)
				TypeCache.ScanAssembly (0ms)
			BuildScriptInfoCaches (59ms)
			ResolveRequiredComponents (1ms)
	FinalizeReload (388ms)
		ReleaseScriptCaches (0ms)
		RebuildScriptCaches (0ms)
		SetupLoadedEditorAssemblies (341ms)
			LogAssemblyErrors (0ms)
			InitializePlatformSupportModulesInManaged (1ms)
			SetLoadedEditorAssemblies (2ms)
			BeforeProcessingInitializeOnLoad (83ms)
			ProcessInitializeOnLoadAttributes (160ms)
			ProcessInitializeOnLoadMethodAttributes (95ms)
			AfterProcessingInitializeOnLoad (0ms)
			EditorAssembliesLoaded (0ms)
		ExecutionOrderSort2 (0ms)
		AwakeInstancesAfterBackupRestoration (1ms)
Refreshing native plugins compatible for Editor in 1.27 ms, found 2 plugins.
Preloading 1 native plugins for Editor in 1.20 ms.
Unloading 43 Unused Serialized files (Serialized files now loaded: 0)
Unloading 5193 unused Assets / (13.6 MB). Loaded Objects now: 5807.
Memory consumption went from 143.2 MB to 129.6 MB.
Total: 7.868375 ms (FindLiveObjects: 0.180541 ms CreateObjectMapping: 0.078750 ms MarkObjects: 6.450417 ms  DeleteObjects: 1.158417 ms)

Prepare: number of updated asset objects reloaded= 0
========================================================================
Received Prepare
Refreshing native plugins compatible for Editor in 1.57 ms, found 2 plugins.
Preloading 1 native plugins for Editor in 1.20 ms.
Unloading 43 Unused Serialized files (Serialized files now loaded: 0)
Unloading 5148 unused Assets / (14.0 MB). Loaded Objects now: 5807.
Memory consumption went from 129.6 MB to 115.6 MB.
Total: 7.466000 ms (FindLiveObjects: 0.185750 ms CreateObjectMapping: 0.075250 ms MarkObjects: 5.969000 ms  DeleteObjects: 1.235542 ms)

Prepare: number of updated asset objects reloaded= 0
========================================================================
Received Prepare
Begin MonoManager ReloadAssembly
[Licensing::Client] Successfully resolved entitlement details
[Licensing::Module] License group:
  Id: F4-85AS-8ZW6-XMRF-425Z-XXXX
  Product: Unity Personal
  Type: ULF
  Expiration: Unlimited
[Licensing::Module] License group:
  Id: 6872810951280-UnityPersXXXX
  Product: Unity Personal
  Type: Assigned
  Expiration: Unlimited
Thread 0x16b247000 may have been prematurely finalized
Symbol file LoadedFromMemory is not a mono symbol file
Symbol file LoadedFromMemory is not a mono symbol file
- Loaded All Assemblies, in  0.319 seconds
Refreshing native plugins compatible for Editor in 1.10 ms, found 2 plugins.
Native extension for OSXStandalone target not found
Native extension for WebGL target not found
Refreshing native plugins compatible for Editor in 1.20 ms, found 2 plugins.
[Package Manager] Failed to launch server process. Reason: Unity was launched with the -noUpm command-line argument
[Package Manager] Unable to send message (not connected to server process).
[Package Manager] Cannot connect to Unity Package Manager local server
ScheduleIndexationOnStartup MainProcess:False IndexOnStartup:True
Mono: successfully reloaded assembly
- Finished resetting the current domain, in  0.391 seconds
Domain Reload Profiling: 711ms
	BeginReloadAssembly (71ms)
		ExecutionOrderSort (0ms)
		DisableScriptedObjects (3ms)
		BackupInstance (0ms)
		ReleaseScriptingObjects (0ms)
		CreateAndSetChildDomain (21ms)
	RebuildCommonClasses (16ms)
	RebuildNativeTypeToScriptingClass (6ms)
	initialDomainReloadingComplete (9ms)
	LoadAllAssembliesAndSetupDomain (217ms)
		LoadAssemblies (173ms)
		RebuildTransferFunctionScriptingTraits (0ms)
		AnalyzeDomain (66ms)
			TypeCache.Refresh (7ms)
				TypeCache.ScanAssembly (0ms)
			BuildScriptInfoCaches (57ms)
			ResolveRequiredComponents (1ms)
	FinalizeReload (391ms)
		ReleaseScriptCaches (0ms)
		RebuildScriptCaches (0ms)
		SetupLoadedEditorAssemblies (344ms)
			LogAssemblyErrors (0ms)
			InitializePlatformSupportModulesInManaged (1ms)
			SetLoadedEditorAssemblies (2ms)
			BeforeProcessingInitializeOnLoad (81ms)
			ProcessInitializeOnLoadAttributes (161ms)
			ProcessInitializeOnLoadMethodAttributes (99ms)
			AfterProcessingInitializeOnLoad (0ms)
			EditorAssembliesLoaded (0ms)
		ExecutionOrderSort2 (0ms)
		AwakeInstancesAfterBackupRestoration (1ms)
Refreshing native plugins compatible for Editor in 1.11 ms, found 2 plugins.
Preloading 1 native plugins for Editor in 1.24 ms.
Unloading 43 Unused Serialized files (Serialized files now loaded: 0)
Unloading 5193 unused Assets / (12.5 MB). Loaded Objects now: 5811.
Memory consumption went from 145.2 MB to 132.6 MB.
Total: 7.513500 ms (FindLiveObjects: 0.178667 ms CreateObjectMapping: 0.082833 ms MarkObjects: 6.262667 ms  DeleteObjects: 0.989125 ms)

Prepare: number of updated asset objects reloaded= 0
========================================================================
Received Prepare
Refreshing native plugins compatible for Editor in 1.03 ms, found 2 plugins.
Preloading 1 native plugins for Editor in 1.21 ms.
Unloading 43 Unused Serialized files (Serialized files now loaded: 0)
Unloading 5148 unused Assets / (13.7 MB). Loaded Objects now: 5811.
Memory consumption went from 131.5 MB to 117.8 MB.
Total: 7.484458 ms (FindLiveObjects: 0.203459 ms CreateObjectMapping: 0.196083 ms MarkObjects: 5.993083 ms  DeleteObjects: 1.091375 ms)

Prepare: number of updated asset objects reloaded= 0
========================================================================
Received Prepare
Refreshing native plugins compatible for Editor in 1.32 ms, found 2 plugins.
Preloading 1 native plugins for Editor in 1.16 ms.
Unloading 43 Unused Serialized files (Serialized files now loaded: 0)
Unloading 5148 unused Assets / (14.2 MB). Loaded Objects now: 5811.
Memory consumption went from 131.5 MB to 117.3 MB.
Total: 7.460917 ms (FindLiveObjects: 0.180291 ms CreateObjectMapping: 0.076084 ms MarkObjects: 5.904125 ms  DeleteObjects: 1.300209 ms)

Prepare: number of updated asset objects reloaded= 0
========================================================================
Received Prepare
Begin MonoManager ReloadAssembly
Thread 0x16b247000 may have been prematurely finalized
Symbol file LoadedFromMemory is not a mono symbol file
Symbol file LoadedFromMemory is not a mono symbol file
- Loaded All Assemblies, in  0.305 seconds
Refreshing native plugins compatible for Editor in 1.21 ms, found 2 plugins.
Native extension for OSXStandalone target not found
Native extension for WebGL target not found
Refreshing native plugins compatible for Editor in 1.09 ms, found 2 plugins.
[Package Manager] Failed to launch server process. Reason: Unity was launched with the -noUpm command-line argument
[Package Manager] Unable to send message (not connected to server process).
[Package Manager] Cannot connect to Unity Package Manager local server
ScheduleIndexationOnStartup MainProcess:False IndexOnStartup:True
Mono: successfully reloaded assembly
- Finished resetting the current domain, in  0.392 seconds
Domain Reload Profiling: 698ms
	BeginReloadAssembly (70ms)
		ExecutionOrderSort (0ms)
		DisableScriptedObjects (3ms)
		BackupInstance (0ms)
		ReleaseScriptingObjects (0ms)
		CreateAndSetChildDomain (20ms)
	RebuildCommonClasses (15ms)
	RebuildNativeTypeToScriptingClass (6ms)
	initialDomainReloadingComplete (9ms)
	LoadAllAssembliesAndSetupDomain (205ms)
		LoadAssemblies (159ms)
		RebuildTransferFunctionScriptingTraits (0ms)
		AnalyzeDomain (68ms)
			TypeCache.Refresh (7ms)
				TypeCache.ScanAssembly (0ms)
			BuildScriptInfoCaches (58ms)
			ResolveRequiredComponents (1ms)
	FinalizeReload (392ms)
		ReleaseScriptCaches (0ms)
		RebuildScriptCaches (0ms)
		SetupLoadedEditorAssemblies (345ms)
			LogAssemblyErrors (0ms)
			InitializePlatformSupportModulesInManaged (1ms)
			SetLoadedEditorAssemblies (2ms)
			BeforeProcessingInitializeOnLoad (82ms)
			ProcessInitializeOnLoadAttributes (163ms)
			ProcessInitializeOnLoadMethodAttributes (97ms)
			AfterProcessingInitializeOnLoad (0ms)
			EditorAssembliesLoaded (0ms)
		ExecutionOrderSort2 (0ms)
		AwakeInstancesAfterBackupRestoration (1ms)
Refreshing native plugins compatible for Editor in 1.49 ms, found 2 plugins.
Preloading 1 native plugins for Editor in 1.23 ms.
Unloading 43 Unused Serialized files (Serialized files now loaded: 0)
Unloading 5193 unused Assets / (13.2 MB). Loaded Objects now: 5815.
Memory consumption went from 145.2 MB to 132.0 MB.
Total: 8.122666 ms (FindLiveObjects: 0.224250 ms CreateObjectMapping: 0.086375 ms MarkObjects: 6.533166 ms  DeleteObjects: 1.278833 ms)

Prepare: number of updated asset objects reloaded= 0
========================================================================
Received Prepare
Refreshing native plugins compatible for Editor in 1.53 ms, found 2 plugins.
Preloading 1 native plugins for Editor in 1.17 ms.
Unloading 43 Unused Serialized files (Serialized files now loaded: 0)
Unloading 5148 unused Assets / (14.2 MB). Loaded Objects now: 5815.
Memory consumption went from 131.5 MB to 117.4 MB.
Total: 7.511791 ms (FindLiveObjects: 0.180291 ms CreateObjectMapping: 0.073625 ms MarkObjects: 6.005917 ms  DeleteObjects: 1.251583 ms)

Prepare: number of updated asset objects reloaded= 0
========================================================================
Received Prepare
Refreshing native plugins compatible for Editor in 1.50 ms, found 2 plugins.
Preloading 1 native plugins for Editor in 1.18 ms.
Unloading 43 Unused Serialized files (Serialized files now loaded: 0)
Unloading 5148 unused Assets / (13.7 MB). Loaded Objects now: 5815.
Memory consumption went from 131.5 MB to 117.9 MB.
Total: 7.556334 ms (FindLiveObjects: 0.187416 ms CreateObjectMapping: 0.072625 ms MarkObjects: 6.071083 ms  DeleteObjects: 1.224917 ms)

Prepare: number of updated asset objects reloaded= 0
========================================================================
Received Prepare
Refreshing native plugins compatible for Editor in 1.50 ms, found 2 plugins.
Preloading 1 native plugins for Editor in 1.17 ms.
Unloading 43 Unused Serialized files (Serialized files now loaded: 0)
Unloading 5148 unused Assets / (13.7 MB). Loaded Objects now: 5815.
Memory consumption went from 131.5 MB to 117.8 MB.
Total: 7.322292 ms (FindLiveObjects: 0.177792 ms CreateObjectMapping: 0.072542 ms MarkObjects: 5.906375 ms  DeleteObjects: 1.165208 ms)

Prepare: number of updated asset objects reloaded= 0
========================================================================
Received Prepare
Refreshing native plugins compatible for Editor in 1.44 ms, found 2 plugins.
Preloading 1 native plugins for Editor in 1.15 ms.
Unloading 43 Unused Serialized files (Serialized files now loaded: 0)
Unloading 5148 unused Assets / (13.9 MB). Loaded Objects now: 5815.
Memory consumption went from 131.5 MB to 117.7 MB.
Total: 7.442041 ms (FindLiveObjects: 0.181666 ms CreateObjectMapping: 0.071709 ms MarkObjects: 5.915333 ms  DeleteObjects: 1.273125 ms)

Prepare: number of updated asset objects reloaded= 0
========================================================================
Received Prepare
Refreshing native plugins compatible for Editor in 1.40 ms, found 2 plugins.
Preloading 1 native plugins for Editor in 1.17 ms.
Unloading 43 Unused Serialized files (Serialized files now loaded: 0)
Unloading 5148 unused Assets / (14.2 MB). Loaded Objects now: 5815.
Memory consumption went from 131.5 MB to 117.4 MB.
Total: 7.500042 ms (FindLiveObjects: 0.179375 ms CreateObjectMapping: 0.075667 ms MarkObjects: 5.960666 ms  DeleteObjects: 1.283917 ms)

Prepare: number of updated asset objects reloaded= 0
========================================================================
Received Prepare
Begin MonoManager ReloadAssembly
Thread 0x16b247000 may have been prematurely finalized
Symbol file LoadedFromMemory is not a mono symbol file
Symbol file LoadedFromMemory is not a mono symbol file
- Loaded All Assemblies, in  0.310 seconds
Refreshing native plugins compatible for Editor in 1.18 ms, found 2 plugins.
Native extension for OSXStandalone target not found
Native extension for WebGL target not found
Refreshing native plugins compatible for Editor in 1.27 ms, found 2 plugins.
[Package Manager] Failed to launch server process. Reason: Unity was launched with the -noUpm command-line argument
[Package Manager] Unable to send message (not connected to server process).
[Package Manager] Cannot connect to Unity Package Manager local server
ScheduleIndexationOnStartup MainProcess:False IndexOnStartup:True
Mono: successfully reloaded assembly
- Finished resetting the current domain, in  0.388 seconds
Domain Reload Profiling: 699ms
	BeginReloadAssembly (70ms)
		ExecutionOrderSort (0ms)
		DisableScriptedObjects (3ms)
		BackupInstance (0ms)
		ReleaseScriptingObjects (0ms)
		CreateAndSetChildDomain (21ms)
	RebuildCommonClasses (16ms)
	RebuildNativeTypeToScriptingClass (6ms)
	initialDomainReloadingComplete (9ms)
	LoadAllAssembliesAndSetupDomain (210ms)
		LoadAssemblies (167ms)
		RebuildTransferFunctionScriptingTraits (0ms)
		AnalyzeDomain (65ms)
			TypeCache.Refresh (7ms)
				TypeCache.ScanAssembly (0ms)
			BuildScriptInfoCaches (55ms)
			ResolveRequiredComponents (1ms)
	FinalizeReload (388ms)
		ReleaseScriptCaches (0ms)
		RebuildScriptCaches (0ms)
		SetupLoadedEditorAssemblies (342ms)
			LogAssemblyErrors (0ms)
			InitializePlatformSupportModulesInManaged (1ms)
			SetLoadedEditorAssemblies (2ms)
			BeforeProcessingInitializeOnLoad (82ms)
			ProcessInitializeOnLoadAttributes (161ms)
			ProcessInitializeOnLoadMethodAttributes (95ms)
			AfterProcessingInitializeOnLoad (0ms)
			EditorAssembliesLoaded (0ms)
		ExecutionOrderSort2 (0ms)
		AwakeInstancesAfterBackupRestoration (1ms)
Refreshing native plugins compatible for Editor in 1.29 ms, found 2 plugins.
Preloading 1 native plugins for Editor in 1.18 ms.
Unloading 43 Unused Serialized files (Serialized files now loaded: 0)
Unloading 5193 unused Assets / (13.8 MB). Loaded Objects now: 5819.
Memory consumption went from 145.2 MB to 131.3 MB.
Total: 7.697917 ms (FindLiveObjects: 0.179833 ms CreateObjectMapping: 0.075583 ms MarkObjects: 6.169750 ms  DeleteObjects: 1.272583 ms)

Prepare: number of updated asset objects reloaded= 0
========================================================================
Received Prepare
Refreshing native plugins compatible for Editor in 1.56 ms, found 2 plugins.
Preloading 1 native plugins for Editor in 1.18 ms.
Unloading 43 Unused Serialized files (Serialized files now loaded: 0)
Unloading 5148 unused Assets / (13.1 MB). Loaded Objects now: 5819.
Memory consumption went from 131.5 MB to 118.4 MB.
Total: 7.797583 ms (FindLiveObjects: 0.181000 ms CreateObjectMapping: 0.081708 ms MarkObjects: 6.417417 ms  DeleteObjects: 1.117167 ms)

Prepare: number of updated asset objects reloaded= 0
========================================================================
Received Prepare
Begin MonoManager ReloadAssembly
[Licensing::Client] Successfully resolved entitlement details
[Licensing::Module] License group:
  Id: F4-85AS-8ZW6-XMRF-425Z-XXXX
  Product: Unity Personal
  Type: ULF
  Expiration: Unlimited
[Licensing::Module] License group:
  Id: 6872810951280-UnityPersXXXX
  Product: Unity Personal
  Type: Assigned
  Expiration: Unlimited
Thread 0x16b247000 may have been prematurely finalized
Symbol file LoadedFromMemory is not a mono symbol file
Symbol file LoadedFromMemory is not a mono symbol file
- Loaded All Assemblies, in  0.326 seconds
Refreshing native plugins compatible for Editor in 1.77 ms, found 2 plugins.
Native extension for OSXStandalone target not found
Native extension for WebGL target not found
Refreshing native plugins compatible for Editor in 1.16 ms, found 2 plugins.
[Package Manager] Failed to launch server process. Reason: Unity was launched with the -noUpm command-line argument
[Package Manager] Unable to send message (not connected to server process).
[Package Manager] Cannot connect to Unity Package Manager local server
ScheduleIndexationOnStartup MainProcess:False IndexOnStartup:True
Mono: successfully reloaded assembly
- Finished resetting the current domain, in  0.467 seconds
Domain Reload Profiling: 795ms
	BeginReloadAssembly (71ms)
		ExecutionOrderSort (0ms)
		DisableScriptedObjects (3ms)
		BackupInstance (0ms)
		ReleaseScriptingObjects (0ms)
		CreateAndSetChildDomain (22ms)
	RebuildCommonClasses (16ms)
	RebuildNativeTypeToScriptingClass (6ms)
	initialDomainReloadingComplete (9ms)
	LoadAllAssembliesAndSetupDomain (226ms)
		LoadAssemblies (180ms)
		RebuildTransferFunctionScriptingTraits (0ms)
		AnalyzeDomain (67ms)
			TypeCache.Refresh (7ms)
				TypeCache.ScanAssembly (0ms)
			BuildScriptInfoCaches (57ms)
			ResolveRequiredComponents (1ms)
	FinalizeReload (467ms)
		ReleaseScriptCaches (0ms)
		RebuildScriptCaches (0ms)
		SetupLoadedEditorAssemblies (419ms)
			LogAssemblyErrors (0ms)
			InitializePlatformSupportModulesInManaged (1ms)
			SetLoadedEditorAssemblies (2ms)
			BeforeProcessingInitializeOnLoad (103ms)
			ProcessInitializeOnLoadAttributes (204ms)
			ProcessInitializeOnLoadMethodAttributes (109ms)
			AfterProcessingInitializeOnLoad (0ms)
			EditorAssembliesLoaded (0ms)
		ExecutionOrderSort2 (0ms)
		AwakeInstancesAfterBackupRestoration (1ms)
Refreshing native plugins compatible for Editor in 1.87 ms, found 2 plugins.
Preloading 1 native plugins for Editor in 1.24 ms.
Unloading 43 Unused Serialized files (Serialized files now loaded: 0)
Unloading 5193 unused Assets / (11.5 MB). Loaded Objects now: 5823.
Memory consumption went from 145.2 MB to 133.6 MB.
Total: 7.906917 ms (FindLiveObjects: 0.198208 ms CreateObjectMapping: 0.086542 ms MarkObjects: 6.598458 ms  DeleteObjects: 1.023500 ms)

Prepare: number of updated asset objects reloaded= 0
========================================================================
Received Prepare
Refreshing native plugins compatible for Editor in 1.18 ms, found 2 plugins.
Preloading 1 native plugins for Editor in 1.19 ms.
Unloading 43 Unused Serialized files (Serialized files now loaded: 0)
Unloading 5148 unused Assets / (11.4 MB). Loaded Objects now: 5823.
Memory consumption went from 131.6 MB to 120.2 MB.
Total: 7.588375 ms (FindLiveObjects: 0.185875 ms CreateObjectMapping: 0.076917 ms MarkObjects: 6.174250 ms  DeleteObjects: 1.151042 ms)

Prepare: number of updated asset objects reloaded= 0
========================================================================
Received Prepare
Refreshing native plugins compatible for Editor in 1.43 ms, found 2 plugins.
Preloading 1 native plugins for Editor in 1.16 ms.
Unloading 43 Unused Serialized files (Serialized files now loaded: 0)
Unloading 5148 unused Assets / (13.9 MB). Loaded Objects now: 5823.
Memory consumption went from 131.6 MB to 117.7 MB.
Total: 7.430208 ms (FindLiveObjects: 0.184500 ms CreateObjectMapping: 0.078459 ms MarkObjects: 5.921708 ms  DeleteObjects: 1.245458 ms)

Prepare: number of updated asset objects reloaded= 0
========================================================================
Received Prepare
Refreshing native plugins compatible for Editor in 1.73 ms, found 2 plugins.
Preloading 1 native plugins for Editor in 1.19 ms.
Unloading 43 Unused Serialized files (Serialized files now loaded: 0)
Unloading 5148 unused Assets / (13.7 MB). Loaded Objects now: 5823.
Memory consumption went from 131.6 MB to 117.9 MB.
Total: 7.122833 ms (FindLiveObjects: 0.179750 ms CreateObjectMapping: 0.079458 ms MarkObjects: 5.706833 ms  DeleteObjects: 1.156541 ms)

Prepare: number of updated asset objects reloaded= 0
========================================================================
Received Prepare
Begin MonoManager ReloadAssembly
Thread 0x16b247000 may have been prematurely finalized
Symbol file LoadedFromMemory is not a mono symbol file
Symbol file LoadedFromMemory is not a mono symbol file
- Loaded All Assemblies, in  0.316 seconds
Refreshing native plugins compatible for Editor in 1.16 ms, found 2 plugins.
Native extension for OSXStandalone target not found
Native extension for WebGL target not found
Refreshing native plugins compatible for Editor in 1.30 ms, found 2 plugins.
[Package Manager] Failed to launch server process. Reason: Unity was launched with the -noUpm command-line argument
[Package Manager] Unable to send message (not connected to server process).
[Package Manager] Cannot connect to Unity Package Manager local server
ScheduleIndexationOnStartup MainProcess:False IndexOnStartup:True
Mono: successfully reloaded assembly
- Finished resetting the current domain, in  0.399 seconds
Domain Reload Profiling: 716ms
	BeginReloadAssembly (72ms)
		ExecutionOrderSort (0ms)
		DisableScriptedObjects (3ms)
		BackupInstance (0ms)
		ReleaseScriptingObjects (0ms)
		CreateAndSetChildDomain (21ms)
	RebuildCommonClasses (16ms)
	RebuildNativeTypeToScriptingClass (6ms)
	initialDomainReloadingComplete (10ms)
	LoadAllAssembliesAndSetupDomain (214ms)
		LoadAssemblies (168ms)
		RebuildTransferFunctionScriptingTraits (0ms)
		AnalyzeDomain (68ms)
			TypeCache.Refresh (7ms)
				TypeCache.ScanAssembly (0ms)
			BuildScriptInfoCaches (58ms)
			ResolveRequiredComponents (1ms)
	FinalizeReload (399ms)
		ReleaseScriptCaches (0ms)
		RebuildScriptCaches (0ms)
		SetupLoadedEditorAssemblies (349ms)
			LogAssemblyErrors (0ms)
			InitializePlatformSupportModulesInManaged (1ms)
			SetLoadedEditorAssemblies (2ms)
			BeforeProcessingInitializeOnLoad (81ms)
			ProcessInitializeOnLoadAttributes (168ms)
			ProcessInitializeOnLoadMethodAttributes (96ms)
			AfterProcessingInitializeOnLoad (0ms)
			EditorAssembliesLoaded (0ms)
		ExecutionOrderSort2 (0ms)
		AwakeInstancesAfterBackupRestoration (1ms)
Refreshing native plugins compatible for Editor in 1.59 ms, found 2 plugins.
Preloading 1 native plugins for Editor in 1.17 ms.
Unloading 43 Unused Serialized files (Serialized files now loaded: 0)
Unloading 5193 unused Assets / (14.3 MB). Loaded Objects now: 5827.
Memory consumption went from 145.2 MB to 130.9 MB.
Total: 7.607125 ms (FindLiveObjects: 0.178083 ms CreateObjectMapping: 0.074792 ms MarkObjects: 6.059917 ms  DeleteObjects: 1.294125 ms)

Prepare: number of updated asset objects reloaded= 0
========================================================================
Received Prepare
Refreshing native plugins compatible for Editor in 1.48 ms, found 2 plugins.
Preloading 1 native plugins for Editor in 1.16 ms.
Unloading 43 Unused Serialized files (Serialized files now loaded: 0)
Unloading 5148 unused Assets / (14.0 MB). Loaded Objects now: 5827.
Memory consumption went from 131.6 MB to 117.6 MB.
Total: 7.946291 ms (FindLiveObjects: 0.185125 ms CreateObjectMapping: 0.074375 ms MarkObjects: 6.391875 ms  DeleteObjects: 1.294709 ms)

Prepare: number of updated asset objects reloaded= 0
========================================================================
Received Prepare
Begin MonoManager ReloadAssembly
Thread 0x16b247000 may have been prematurely finalized
Symbol file LoadedFromMemory is not a mono symbol file
Symbol file LoadedFromMemory is not a mono symbol file
- Loaded All Assemblies, in  0.334 seconds
Refreshing native plugins compatible for Editor in 1.39 ms, found 2 plugins.
Native extension for OSXStandalone target not found
Native extension for WebGL target not found
Refreshing native plugins compatible for Editor in 1.09 ms, found 2 plugins.
[Package Manager] Failed to launch server process. Reason: Unity was launched with the -noUpm command-line argument
[Package Manager] Unable to send message (not connected to server process).
[Package Manager] Cannot connect to Unity Package Manager local server
ScheduleIndexationOnStartup MainProcess:False IndexOnStartup:True
Mono: successfully reloaded assembly
- Finished resetting the current domain, in  0.396 seconds
Domain Reload Profiling: 732ms
	BeginReloadAssembly (81ms)
		ExecutionOrderSort (0ms)
		DisableScriptedObjects (3ms)
		BackupInstance (0ms)
		ReleaseScriptingObjects (0ms)
		CreateAndSetChildDomain (27ms)
	RebuildCommonClasses (16ms)
	RebuildNativeTypeToScriptingClass (6ms)
	initialDomainReloadingComplete (9ms)
	LoadAllAssembliesAndSetupDomain (224ms)
		LoadAssemblies (176ms)
		RebuildTransferFunctionScriptingTraits (0ms)
		AnalyzeDomain (73ms)
			TypeCache.Refresh (8ms)
				TypeCache.ScanAssembly (0ms)
			BuildScriptInfoCaches (62ms)
			ResolveRequiredComponents (1ms)
	FinalizeReload (396ms)
		ReleaseScriptCaches (0ms)
		RebuildScriptCaches (0ms)
		SetupLoadedEditorAssemblies (348ms)
			LogAssemblyErrors (0ms)
			InitializePlatformSupportModulesInManaged (1ms)
			SetLoadedEditorAssemblies (2ms)
			BeforeProcessingInitializeOnLoad (81ms)
			ProcessInitializeOnLoadAttributes (166ms)
			ProcessInitializeOnLoadMethodAttributes (98ms)
			AfterProcessingInitializeOnLoad (1ms)
			EditorAssembliesLoaded (0ms)
		ExecutionOrderSort2 (0ms)
		AwakeInstancesAfterBackupRestoration (1ms)
Refreshing native plugins compatible for Editor in 1.44 ms, found 2 plugins.
Preloading 1 native plugins for Editor in 1.19 ms.
Unloading 43 Unused Serialized files (Serialized files now loaded: 0)
Unloading 5193 unused Assets / (13.5 MB). Loaded Objects now: 5831.
Memory consumption went from 145.2 MB to 131.7 MB.
Total: 7.465292 ms (FindLiveObjects: 0.181834 ms CreateObjectMapping: 0.074500 ms MarkObjects: 6.062541 ms  DeleteObjects: 1.146208 ms)

Prepare: number of updated asset objects reloaded= 0
========================================================================
Received Prepare
Refreshing native plugins compatible for Editor in 1.56 ms, found 2 plugins.
Preloading 1 native plugins for Editor in 1.16 ms.
Unloading 43 Unused Serialized files (Serialized files now loaded: 0)
Unloading 5148 unused Assets / (13.7 MB). Loaded Objects now: 5831.
Memory consumption went from 131.6 MB to 117.8 MB.
Total: 7.483125 ms (FindLiveObjects: 0.187709 ms CreateObjectMapping: 0.082541 ms MarkObjects: 5.995625 ms  DeleteObjects: 1.216875 ms)

Prepare: number of updated asset objects reloaded= 0
========================================================================
Received Prepare
Begin MonoManager ReloadAssembly
Thread 0x16b247000 may have been prematurely finalized
Symbol file LoadedFromMemory is not a mono symbol file
Symbol file LoadedFromMemory is not a mono symbol file
- Loaded All Assemblies, in  0.294 seconds
Refreshing native plugins compatible for Editor in 1.21 ms, found 2 plugins.
Native extension for OSXStandalone target not found
Native extension for WebGL target not found
Refreshing native plugins compatible for Editor in 1.24 ms, found 2 plugins.
[Package Manager] Failed to launch server process. Reason: Unity was launched with the -noUpm command-line argument
[Package Manager] Unable to send message (not connected to server process).
[Package Manager] Cannot connect to Unity Package Manager local server
ScheduleIndexationOnStartup MainProcess:False IndexOnStartup:True
Mono: successfully reloaded assembly
- Finished resetting the current domain, in  0.390 seconds
Domain Reload Profiling: 686ms
	BeginReloadAssembly (72ms)
		ExecutionOrderSort (0ms)
		DisableScriptedObjects (3ms)
		BackupInstance (0ms)
		ReleaseScriptingObjects (0ms)
		CreateAndSetChildDomain (21ms)
	RebuildCommonClasses (16ms)
	RebuildNativeTypeToScriptingClass (6ms)
	initialDomainReloadingComplete (10ms)
	LoadAllAssembliesAndSetupDomain (192ms)
		LoadAssemblies (148ms)
		RebuildTransferFunctionScriptingTraits (0ms)
		AnalyzeDomain (67ms)
			TypeCache.Refresh (6ms)
				TypeCache.ScanAssembly (0ms)
			BuildScriptInfoCaches (59ms)
			ResolveRequiredComponents (1ms)
	FinalizeReload (390ms)
		ReleaseScriptCaches (0ms)
		RebuildScriptCaches (0ms)
		SetupLoadedEditorAssemblies (344ms)
			LogAssemblyErrors (0ms)
			InitializePlatformSupportModulesInManaged (1ms)
			SetLoadedEditorAssemblies (2ms)
			BeforeProcessingInitializeOnLoad (81ms)
			ProcessInitializeOnLoadAttributes (163ms)
			ProcessInitializeOnLoadMethodAttributes (96ms)
			AfterProcessingInitializeOnLoad (1ms)
			EditorAssembliesLoaded (0ms)
		ExecutionOrderSort2 (0ms)
		AwakeInstancesAfterBackupRestoration (1ms)
Refreshing native plugins compatible for Editor in 1.44 ms, found 2 plugins.
Preloading 1 native plugins for Editor in 1.21 ms.
Unloading 43 Unused Serialized files (Serialized files now loaded: 0)
Unloading 5193 unused Assets / (13.1 MB). Loaded Objects now: 5835.
Memory consumption went from 145.2 MB to 132.1 MB.
Total: 7.779709 ms (FindLiveObjects: 0.184334 ms CreateObjectMapping: 0.083500 ms MarkObjects: 6.346583 ms  DeleteObjects: 1.165167 ms)

Prepare: number of updated asset objects reloaded= 0
========================================================================
Received Prepare
Refreshing native plugins compatible for Editor in 1.77 ms, found 2 plugins.
Preloading 1 native plugins for Editor in 1.20 ms.
Unloading 43 Unused Serialized files (Serialized files now loaded: 0)
Unloading 5148 unused Assets / (13.7 MB). Loaded Objects now: 5835.
Memory consumption went from 131.6 MB to 117.8 MB.
Total: 7.572292 ms (FindLiveObjects: 0.181542 ms CreateObjectMapping: 0.073041 ms MarkObjects: 6.127667 ms  DeleteObjects: 1.189667 ms)

Prepare: number of updated asset objects reloaded= 0
========================================================================
Received Prepare
Begin MonoManager ReloadAssembly
[Licensing::Client] Successfully resolved entitlement details
[Licensing::Module] License group:
  Id: F4-85AS-8ZW6-XMRF-425Z-XXXX
  Product: Unity Personal
  Type: ULF
  Expiration: Unlimited
[Licensing::Module] License group:
  Id: 6872810951280-UnityPersXXXX
  Product: Unity Personal
  Type: Assigned
  Expiration: Unlimited
Thread 0x16b247000 may have been prematurely finalized
Symbol file LoadedFromMemory is not a mono symbol file
Symbol file LoadedFromMemory is not a mono symbol file
- Loaded All Assemblies, in  0.302 seconds
Refreshing native plugins compatible for Editor in 1.19 ms, found 2 plugins.
Native extension for OSXStandalone target not found
Native extension for WebGL target not found
Refreshing native plugins compatible for Editor in 1.15 ms, found 2 plugins.
[Package Manager] Failed to launch server process. Reason: Unity was launched with the -noUpm command-line argument
[Package Manager] Unable to send message (not connected to server process).
[Package Manager] Cannot connect to Unity Package Manager local server
ScheduleIndexationOnStartup MainProcess:False IndexOnStartup:True
Mono: successfully reloaded assembly
- Finished resetting the current domain, in  0.388 seconds
Domain Reload Profiling: 692ms
	BeginReloadAssembly (74ms)
		ExecutionOrderSort (0ms)
		DisableScriptedObjects (3ms)
		BackupInstance (0ms)
		ReleaseScriptingObjects (0ms)
		CreateAndSetChildDomain (23ms)
	RebuildCommonClasses (16ms)
	RebuildNativeTypeToScriptingClass (6ms)
	initialDomainReloadingComplete (10ms)
	LoadAllAssembliesAndSetupDomain (197ms)
		LoadAssemblies (152ms)
		RebuildTransferFunctionScriptingTraits (0ms)
		AnalyzeDomain (68ms)
			TypeCache.Refresh (5ms)
				TypeCache.ScanAssembly (0ms)
			BuildScriptInfoCaches (61ms)
			ResolveRequiredComponents (1ms)
	FinalizeReload (388ms)
		ReleaseScriptCaches (0ms)
		RebuildScriptCaches (0ms)
		SetupLoadedEditorAssemblies (339ms)
			LogAssemblyErrors (0ms)
			InitializePlatformSupportModulesInManaged (1ms)
			SetLoadedEditorAssemblies (2ms)
			BeforeProcessingInitializeOnLoad (83ms)
			ProcessInitializeOnLoadAttributes (162ms)
			ProcessInitializeOnLoadMethodAttributes (91ms)
			AfterProcessingInitializeOnLoad (0ms)
			EditorAssembliesLoaded (0ms)
		ExecutionOrderSort2 (0ms)
		AwakeInstancesAfterBackupRestoration (1ms)
Refreshing native plugins compatible for Editor in 1.17 ms, found 2 plugins.
Preloading 1 native plugins for Editor in 1.17 ms.
Unloading 43 Unused Serialized files (Serialized files now loaded: 0)
Unloading 5193 unused Assets / (13.8 MB). Loaded Objects now: 5839.
Memory consumption went from 145.2 MB to 131.4 MB.
Total: 7.247125 ms (FindLiveObjects: 0.167625 ms CreateObjectMapping: 0.074292 ms MarkObjects: 5.891250 ms  DeleteObjects: 1.113708 ms)

Prepare: number of updated asset objects reloaded= 0
========================================================================
Received Prepare
Refreshing native plugins compatible for Editor in 1.18 ms, found 2 plugins.
Preloading 1 native plugins for Editor in 1.19 ms.
Unloading 43 Unused Serialized files (Serialized files now loaded: 0)
Unloading 5148 unused Assets / (13.6 MB). Loaded Objects now: 5839.
Memory consumption went from 131.6 MB to 118.0 MB.
Total: 7.251500 ms (FindLiveObjects: 0.176791 ms CreateObjectMapping: 0.085000 ms MarkObjects: 5.852250 ms  DeleteObjects: 1.137042 ms)

Prepare: number of updated asset objects reloaded= 0
========================================================================
Received Prepare
Refreshing native plugins compatible for Editor in 1.48 ms, found 2 plugins.
Preloading 1 native plugins for Editor in 1.21 ms.
Unloading 43 Unused Serialized files (Serialized files now loaded: 0)
Unloading 5148 unused Assets / (13.6 MB). Loaded Objects now: 5839.
Memory consumption went from 131.6 MB to 118.0 MB.
Total: 7.328250 ms (FindLiveObjects: 0.194791 ms CreateObjectMapping: 0.077084 ms MarkObjects: 5.875625 ms  DeleteObjects: 1.180375 ms)

Prepare: number of updated asset objects reloaded= 0
========================================================================
Received Prepare
Refreshing native plugins compatible for Editor in 1.41 ms, found 2 plugins.
Preloading 1 native plugins for Editor in 1.18 ms.
Unloading 43 Unused Serialized files (Serialized files now loaded: 0)
Unloading 5148 unused Assets / (14.1 MB). Loaded Objects now: 5839.
Memory consumption went from 131.6 MB to 117.5 MB.
Total: 7.410583 ms (FindLiveObjects: 0.191292 ms CreateObjectMapping: 0.083333 ms MarkObjects: 5.880375 ms  DeleteObjects: 1.255125 ms)

Prepare: number of updated asset objects reloaded= 0
========================================================================
Received Prepare
Refreshing native plugins compatible for Editor in 1.26 ms, found 2 plugins.
Preloading 1 native plugins for Editor in 1.27 ms.
Unloading 43 Unused Serialized files (Serialized files now loaded: 0)
Unloading 5148 unused Assets / (11.4 MB). Loaded Objects now: 5839.
Memory consumption went from 131.6 MB to 120.2 MB.
Total: 8.760625 ms (FindLiveObjects: 0.173541 ms CreateObjectMapping: 0.075375 ms MarkObjects: 6.598417 ms  DeleteObjects: 1.912833 ms)

Prepare: number of updated asset objects reloaded= 0
========================================================================
Received Prepare
Begin MonoManager ReloadAssembly
[Licensing::Client] Successfully resolved entitlement details
[Licensing::Module] License group:
  Id: F4-85AS-8ZW6-XMRF-425Z-XXXX
  Product: Unity Personal
  Type: ULF
  Expiration: Unlimited
[Licensing::Module] License group:
  Id: 6872810951280-UnityPersXXXX
  Product: Unity Personal
  Type: Assigned
  Expiration: Unlimited
Thread 0x16b247000 may have been prematurely finalized
Symbol file LoadedFromMemory is not a mono symbol file
Symbol file LoadedFromMemory is not a mono symbol file
- Loaded All Assemblies, in  0.319 seconds
Refreshing native plugins compatible for Editor in 1.42 ms, found 2 plugins.
Native extension for OSXStandalone target not found
Native extension for WebGL target not found
Refreshing native plugins compatible for Editor in 1.03 ms, found 2 plugins.
[Package Manager] Failed to launch server process. Reason: Unity was launched with the -noUpm command-line argument
[Package Manager] Unable to send message (not connected to server process).
[Package Manager] Cannot connect to Unity Package Manager local server
ScheduleIndexationOnStartup MainProcess:False IndexOnStartup:True
Mono: successfully reloaded assembly
- Finished resetting the current domain, in  0.383 seconds
Domain Reload Profiling: 704ms
	BeginReloadAssembly (69ms)
		ExecutionOrderSort (0ms)
		DisableScriptedObjects (2ms)
		BackupInstance (0ms)
		ReleaseScriptingObjects (0ms)
		CreateAndSetChildDomain (20ms)
	RebuildCommonClasses (16ms)
	RebuildNativeTypeToScriptingClass (6ms)
	initialDomainReloadingComplete (9ms)
	LoadAllAssembliesAndSetupDomain (220ms)
		LoadAssemblies (176ms)
		RebuildTransferFunctionScriptingTraits (0ms)
		AnalyzeDomain (65ms)
			TypeCache.Refresh (7ms)
				TypeCache.ScanAssembly (0ms)
			BuildScriptInfoCaches (55ms)
			ResolveRequiredComponents (1ms)
	FinalizeReload (384ms)
		ReleaseScriptCaches (0ms)
		RebuildScriptCaches (0ms)
		SetupLoadedEditorAssemblies (337ms)
			LogAssemblyErrors (0ms)
			InitializePlatformSupportModulesInManaged (1ms)
			SetLoadedEditorAssemblies (2ms)
			BeforeProcessingInitializeOnLoad (82ms)
			ProcessInitializeOnLoadAttributes (160ms)
			ProcessInitializeOnLoadMethodAttributes (91ms)
			AfterProcessingInitializeOnLoad (0ms)
			EditorAssembliesLoaded (0ms)
		ExecutionOrderSort2 (0ms)
		AwakeInstancesAfterBackupRestoration (1ms)
Refreshing native plugins compatible for Editor in 1.18 ms, found 2 plugins.
Preloading 1 native plugins for Editor in 1.16 ms.
Unloading 43 Unused Serialized files (Serialized files now loaded: 0)
Unloading 5193 unused Assets / (14.1 MB). Loaded Objects now: 5843.
Memory consumption went from 145.2 MB to 131.1 MB.
Total: 7.473500 ms (FindLiveObjects: 0.170000 ms CreateObjectMapping: 0.078000 ms MarkObjects: 6.057750 ms  DeleteObjects: 1.167500 ms)

Prepare: number of updated asset objects reloaded= 0
========================================================================
Received Prepare
Refreshing native plugins compatible for Editor in 1.49 ms, found 2 plugins.
Preloading 1 native plugins for Editor in 1.18 ms.
Unloading 43 Unused Serialized files (Serialized files now loaded: 0)
Unloading 5148 unused Assets / (14.1 MB). Loaded Objects now: 5843.
Memory consumption went from 131.6 MB to 117.5 MB.
Total: 7.515875 ms (FindLiveObjects: 0.183458 ms CreateObjectMapping: 0.075333 ms MarkObjects: 5.957500 ms  DeleteObjects: 1.299375 ms)

Prepare: number of updated asset objects reloaded= 0
========================================================================
Received Prepare
Refreshing native plugins compatible for Editor in 1.52 ms, found 2 plugins.
Preloading 1 native plugins for Editor in 1.14 ms.
Unloading 43 Unused Serialized files (Serialized files now loaded: 0)
Unloading 5148 unused Assets / (13.5 MB). Loaded Objects now: 5843.
Memory consumption went from 131.6 MB to 118.1 MB.
Total: 7.517250 ms (FindLiveObjects: 0.181083 ms CreateObjectMapping: 0.072417 ms MarkObjects: 6.140417 ms  DeleteObjects: 1.123084 ms)

Prepare: number of updated asset objects reloaded= 0
========================================================================
Received Prepare
Refreshing native plugins compatible for Editor in 1.51 ms, found 2 plugins.
Preloading 1 native plugins for Editor in 1.18 ms.
Unloading 43 Unused Serialized files (Serialized files now loaded: 0)
Unloading 5148 unused Assets / (13.6 MB). Loaded Objects now: 5843.
Memory consumption went from 131.6 MB to 117.9 MB.
Total: 7.532625 ms (FindLiveObjects: 0.181667 ms CreateObjectMapping: 0.068666 ms MarkObjects: 6.055584 ms  DeleteObjects: 1.226500 ms)

Prepare: number of updated asset objects reloaded= 0
========================================================================
Received Prepare
Refreshing native plugins compatible for Editor in 1.52 ms, found 2 plugins.
Preloading 1 native plugins for Editor in 1.18 ms.
Unloading 43 Unused Serialized files (Serialized files now loaded: 0)
Unloading 5148 unused Assets / (14.0 MB). Loaded Objects now: 5843.
Memory consumption went from 131.6 MB to 117.6 MB.
Total: 7.488209 ms (FindLiveObjects: 0.185083 ms CreateObjectMapping: 0.074792 ms MarkObjects: 5.970792 ms  DeleteObjects: 1.257500 ms)

Prepare: number of updated asset objects reloaded= 0
========================================================================
Received Prepare
Refreshing native plugins compatible for Editor in 1.47 ms, found 2 plugins.
Preloading 1 native plugins for Editor in 1.21 ms.
Unloading 43 Unused Serialized files (Serialized files now loaded: 0)
Unloading 5148 unused Assets / (13.6 MB). Loaded Objects now: 5843.
Memory consumption went from 131.6 MB to 118.0 MB.
Total: 7.381834 ms (FindLiveObjects: 0.183167 ms CreateObjectMapping: 0.080583 ms MarkObjects: 5.956667 ms  DeleteObjects: 1.161292 ms)

Prepare: number of updated asset objects reloaded= 0
========================================================================
Received Prepare
Refreshing native plugins compatible for Editor in 1.47 ms, found 2 plugins.
Preloading 1 native plugins for Editor in 1.18 ms.
Unloading 43 Unused Serialized files (Serialized files now loaded: 0)
Unloading 5148 unused Assets / (13.8 MB). Loaded Objects now: 5843.
Memory consumption went from 131.6 MB to 117.8 MB.
Total: 7.383208 ms (FindLiveObjects: 0.197917 ms CreateObjectMapping: 0.084083 ms MarkObjects: 5.885375 ms  DeleteObjects: 1.215375 ms)

Prepare: number of updated asset objects reloaded= 0
========================================================================
Received Prepare
Begin MonoManager ReloadAssembly
[Licensing::Client] Successfully resolved entitlement details
[Licensing::Module] License group:
  Id: F4-85AS-8ZW6-XMRF-425Z-XXXX
  Product: Unity Personal
  Type: ULF
  Expiration: Unlimited
[Licensing::Module] License group:
  Id: 6872810951280-UnityPersXXXX
  Product: Unity Personal
  Type: Assigned
  Expiration: Unlimited
Thread 0x16b247000 may have been prematurely finalized
Symbol file LoadedFromMemory is not a mono symbol file
Symbol file LoadedFromMemory is not a mono symbol file
- Loaded All Assemblies, in  0.298 seconds
Refreshing native plugins compatible for Editor in 1.17 ms, found 2 plugins.
Native extension for OSXStandalone target not found
Native extension for WebGL target not found
Refreshing native plugins compatible for Editor in 1.00 ms, found 2 plugins.
[Package Manager] Failed to launch server process. Reason: Unity was launched with the -noUpm command-line argument
[Package Manager] Unable to send message (not connected to server process).
[Package Manager] Cannot connect to Unity Package Manager local server
ScheduleIndexationOnStartup MainProcess:False IndexOnStartup:True
Mono: successfully reloaded assembly
- Finished resetting the current domain, in  0.388 seconds
Domain Reload Profiling: 687ms
	BeginReloadAssembly (71ms)
		ExecutionOrderSort (0ms)
		DisableScriptedObjects (2ms)
		BackupInstance (0ms)
		ReleaseScriptingObjects (0ms)
		CreateAndSetChildDomain (22ms)
	RebuildCommonClasses (16ms)
	RebuildNativeTypeToScriptingClass (6ms)
	initialDomainReloadingComplete (9ms)
	LoadAllAssembliesAndSetupDomain (198ms)
		LoadAssemblies (153ms)
		RebuildTransferFunctionScriptingTraits (0ms)
		AnalyzeDomain (66ms)
			TypeCache.Refresh (6ms)
				TypeCache.ScanAssembly (0ms)
			BuildScriptInfoCaches (58ms)
			ResolveRequiredComponents (1ms)
	FinalizeReload (388ms)
		ReleaseScriptCaches (0ms)
		RebuildScriptCaches (0ms)
		SetupLoadedEditorAssemblies (341ms)
			LogAssemblyErrors (0ms)
			InitializePlatformSupportModulesInManaged (2ms)
			SetLoadedEditorAssemblies (3ms)
			BeforeProcessingInitializeOnLoad (84ms)
			ProcessInitializeOnLoadAttributes (158ms)
			ProcessInitializeOnLoadMethodAttributes (94ms)
			AfterProcessingInitializeOnLoad (0ms)
			EditorAssembliesLoaded (0ms)
		ExecutionOrderSort2 (0ms)
		AwakeInstancesAfterBackupRestoration (1ms)
Refreshing native plugins compatible for Editor in 1.23 ms, found 2 plugins.
Preloading 1 native plugins for Editor in 1.19 ms.
Unloading 43 Unused Serialized files (Serialized files now loaded: 0)
Unloading 5193 unused Assets / (13.9 MB). Loaded Objects now: 5847.
Memory consumption went from 145.2 MB to 131.3 MB.
Total: 7.581666 ms (FindLiveObjects: 0.178875 ms CreateObjectMapping: 0.077125 ms MarkObjects: 6.104250 ms  DeleteObjects: 1.221333 ms)

Prepare: number of updated asset objects reloaded= 0
========================================================================
Received Prepare
Refreshing native plugins compatible for Editor in 1.49 ms, found 2 plugins.
Preloading 1 native plugins for Editor in 1.27 ms.
Unloading 43 Unused Serialized files (Serialized files now loaded: 0)
Unloading 5148 unused Assets / (12.8 MB). Loaded Objects now: 5847.
Memory consumption went from 131.6 MB to 118.8 MB.
Total: 8.032500 ms (FindLiveObjects: 0.191875 ms CreateObjectMapping: 0.104041 ms MarkObjects: 6.519792 ms  DeleteObjects: 1.216625 ms)

Prepare: number of updated asset objects reloaded= 0
========================================================================
Received Prepare
Begin MonoManager ReloadAssembly
Thread 0x16b247000 may have been prematurely finalized
Symbol file LoadedFromMemory is not a mono symbol file
Symbol file LoadedFromMemory is not a mono symbol file
- Loaded All Assemblies, in  0.322 seconds
Refreshing native plugins compatible for Editor in 1.34 ms, found 2 plugins.
Native extension for OSXStandalone target not found
Native extension for WebGL target not found
Refreshing native plugins compatible for Editor in 1.01 ms, found 2 plugins.
[Package Manager] Failed to launch server process. Reason: Unity was launched with the -noUpm command-line argument
[Package Manager] Unable to send message (not connected to server process).
[Package Manager] Cannot connect to Unity Package Manager local server
ScheduleIndexationOnStartup MainProcess:False IndexOnStartup:True
Mono: successfully reloaded assembly
- Finished resetting the current domain, in  0.382 seconds
Domain Reload Profiling: 706ms
	BeginReloadAssembly (72ms)
		ExecutionOrderSort (0ms)
		DisableScriptedObjects (3ms)
		BackupInstance (0ms)
		ReleaseScriptingObjects (0ms)
		CreateAndSetChildDomain (21ms)
	RebuildCommonClasses (16ms)
	RebuildNativeTypeToScriptingClass (6ms)
	initialDomainReloadingComplete (9ms)
	LoadAllAssembliesAndSetupDomain (220ms)
		LoadAssemblies (177ms)
		RebuildTransferFunctionScriptingTraits (0ms)
		AnalyzeDomain (66ms)
			TypeCache.Refresh (7ms)
				TypeCache.ScanAssembly (0ms)
			BuildScriptInfoCaches (56ms)
			ResolveRequiredComponents (1ms)
	FinalizeReload (382ms)
		ReleaseScriptCaches (0ms)
		RebuildScriptCaches (0ms)
		SetupLoadedEditorAssemblies (337ms)
			LogAssemblyErrors (0ms)
			InitializePlatformSupportModulesInManaged (1ms)
			SetLoadedEditorAssemblies (2ms)
			BeforeProcessingInitializeOnLoad (81ms)
			ProcessInitializeOnLoadAttributes (160ms)
			ProcessInitializeOnLoadMethodAttributes (93ms)
			AfterProcessingInitializeOnLoad (0ms)
			EditorAssembliesLoaded (0ms)
		ExecutionOrderSort2 (0ms)
		AwakeInstancesAfterBackupRestoration (1ms)
Refreshing native plugins compatible for Editor in 1.51 ms, found 2 plugins.
Preloading 1 native plugins for Editor in 1.19 ms.
Unloading 43 Unused Serialized files (Serialized files now loaded: 0)
Unloading 5193 unused Assets / (13.5 MB). Loaded Objects now: 5851.
Memory consumption went from 145.4 MB to 131.8 MB.
Total: 7.466708 ms (FindLiveObjects: 0.176083 ms CreateObjectMapping: 0.079084 ms MarkObjects: 6.047166 ms  DeleteObjects: 1.164125 ms)

Prepare: number of updated asset objects reloaded= 0
========================================================================
Received Prepare
Refreshing native plugins compatible for Editor in 1.43 ms, found 2 plugins.
Preloading 1 native plugins for Editor in 1.21 ms.
Unloading 43 Unused Serialized files (Serialized files now loaded: 0)
Unloading 5148 unused Assets / (13.7 MB). Loaded Objects now: 5851.
Memory consumption went from 131.7 MB to 118.0 MB.
Total: 7.617125 ms (FindLiveObjects: 0.181041 ms CreateObjectMapping: 0.072750 ms MarkObjects: 6.105583 ms  DeleteObjects: 1.257500 ms)

Prepare: number of updated asset objects reloaded= 0
========================================================================
Received Prepare
Refreshing native plugins compatible for Editor in 1.53 ms, found 2 plugins.
Preloading 1 native plugins for Editor in 1.16 ms.
Unloading 43 Unused Serialized files (Serialized files now loaded: 0)
Unloading 5148 unused Assets / (13.6 MB). Loaded Objects now: 5851.
Memory consumption went from 131.7 MB to 118.2 MB.
Total: 7.378667 ms (FindLiveObjects: 0.183583 ms CreateObjectMapping: 0.075959 ms MarkObjects: 5.988917 ms  DeleteObjects: 1.130042 ms)

Prepare: number of updated asset objects reloaded= 0
========================================================================
Received Prepare
Refreshing native plugins compatible for Editor in 1.54 ms, found 2 plugins.
Preloading 1 native plugins for Editor in 1.17 ms.
Unloading 43 Unused Serialized files (Serialized files now loaded: 0)
Unloading 5148 unused Assets / (13.6 MB). Loaded Objects now: 5851.
Memory consumption went from 131.7 MB to 118.1 MB.
Total: 7.428500 ms (FindLiveObjects: 0.183833 ms CreateObjectMapping: 0.082792 ms MarkObjects: 5.924666 ms  DeleteObjects: 1.237000 ms)

Prepare: number of updated asset objects reloaded= 0
========================================================================
Received Prepare
Refreshing native plugins compatible for Editor in 1.41 ms, found 2 plugins.
Preloading 1 native plugins for Editor in 1.20 ms.
Unloading 43 Unused Serialized files (Serialized files now loaded: 0)
Unloading 5148 unused Assets / (13.6 MB). Loaded Objects now: 5851.
Memory consumption went from 131.7 MB to 118.1 MB.
Total: 7.471083 ms (FindLiveObjects: 0.181250 ms CreateObjectMapping: 0.079959 ms MarkObjects: 6.043583 ms  DeleteObjects: 1.166083 ms)

Prepare: number of updated asset objects reloaded= 0
========================================================================
Received Prepare
Refreshing native plugins compatible for Editor in 1.48 ms, found 2 plugins.
Preloading 1 native plugins for Editor in 1.21 ms.
Unloading 43 Unused Serialized files (Serialized files now loaded: 0)
Unloading 5148 unused Assets / (13.5 MB). Loaded Objects now: 5851.
Memory consumption went from 131.7 MB to 118.2 MB.
Total: 7.439959 ms (FindLiveObjects: 0.179791 ms CreateObjectMapping: 0.073250 ms MarkObjects: 6.050209 ms  DeleteObjects: 1.136584 ms)

Prepare: number of updated asset objects reloaded= 0
========================================================================
Received Prepare
Refreshing native plugins compatible for Editor in 1.43 ms, found 2 plugins.
Preloading 1 native plugins for Editor in 1.17 ms.
Unloading 43 Unused Serialized files (Serialized files now loaded: 0)
Unloading 5148 unused Assets / (14.1 MB). Loaded Objects now: 5851.
Memory consumption went from 131.7 MB to 117.6 MB.
Total: 7.518125 ms (FindLiveObjects: 0.193000 ms CreateObjectMapping: 0.078875 ms MarkObjects: 5.987000 ms  DeleteObjects: 1.258958 ms)

Prepare: number of updated asset objects reloaded= 0
========================================================================
Received Prepare
Refreshing native plugins compatible for Editor in 1.51 ms, found 2 plugins.
Preloading 1 native plugins for Editor in 1.17 ms.
Unloading 43 Unused Serialized files (Serialized files now loaded: 0)
Unloading 5148 unused Assets / (13.7 MB). Loaded Objects now: 5851.
Memory consumption went from 131.7 MB to 118.0 MB.
Total: 7.556875 ms (FindLiveObjects: 0.189084 ms CreateObjectMapping: 0.076000 ms MarkObjects: 6.058125 ms  DeleteObjects: 1.233500 ms)

Prepare: number of updated asset objects reloaded= 0
========================================================================
Received Prepare
Refreshing native plugins compatible for Editor in 1.39 ms, found 2 plugins.
Preloading 1 native plugins for Editor in 1.26 ms.
Unloading 43 Unused Serialized files (Serialized files now loaded: 0)
Unloading 5148 unused Assets / (12.4 MB). Loaded Objects now: 5851.
Memory consumption went from 131.7 MB to 119.4 MB.
Total: 7.454792 ms (FindLiveObjects: 0.189959 ms CreateObjectMapping: 0.087792 ms MarkObjects: 6.084917 ms  DeleteObjects: 1.091750 ms)

Prepare: number of updated asset objects reloaded= 0
========================================================================
Received Prepare
Refreshing native plugins compatible for Editor in 1.55 ms, found 2 plugins.
Preloading 1 native plugins for Editor in 1.18 ms.
Unloading 43 Unused Serialized files (Serialized files now loaded: 0)
Unloading 5148 unused Assets / (13.6 MB). Loaded Objects now: 5851.
Memory consumption went from 131.7 MB to 118.1 MB.
Total: 7.117708 ms (FindLiveObjects: 0.185166 ms CreateObjectMapping: 0.077709 ms MarkObjects: 5.705416 ms  DeleteObjects: 1.149333 ms)

Prepare: number of updated asset objects reloaded= 0
========================================================================
Received Prepare
Refreshing native plugins compatible for Editor in 1.28 ms, found 2 plugins.
Preloading 1 native plugins for Editor in 1.17 ms.
Unloading 43 Unused Serialized files (Serialized files now loaded: 0)
Unloading 5148 unused Assets / (13.3 MB). Loaded Objects now: 5851.
Memory consumption went from 131.7 MB to 118.5 MB.
Total: 6.992458 ms (FindLiveObjects: 0.185125 ms CreateObjectMapping: 0.077042 ms MarkObjects: 5.599667 ms  DeleteObjects: 1.130250 ms)

Prepare: number of updated asset objects reloaded= 0
========================================================================
Received Prepare
Refreshing native plugins compatible for Editor in 1.72 ms, found 2 plugins.
Preloading 1 native plugins for Editor in 1.25 ms.
Unloading 43 Unused Serialized files (Serialized files now loaded: 0)
Unloading 5148 unused Assets / (12.4 MB). Loaded Objects now: 5851.
Memory consumption went from 131.7 MB to 119.3 MB.
Total: 7.789250 ms (FindLiveObjects: 0.184959 ms CreateObjectMapping: 0.075792 ms MarkObjects: 6.471458 ms  DeleteObjects: 1.056792 ms)

Prepare: number of updated asset objects reloaded= 0
========================================================================
Received Prepare
Refreshing native plugins compatible for Editor in 1.53 ms, found 2 plugins.
Preloading 1 native plugins for Editor in 1.18 ms.
Unloading 43 Unused Serialized files (Serialized files now loaded: 0)
Unloading 5148 unused Assets / (13.7 MB). Loaded Objects now: 5851.
Memory consumption went from 131.7 MB to 118.1 MB.
Total: 7.346667 ms (FindLiveObjects: 0.182250 ms CreateObjectMapping: 0.078375 ms MarkObjects: 5.946958 ms  DeleteObjects: 1.138875 ms)

Prepare: number of updated asset objects reloaded= 0
========================================================================
Received Prepare
Refreshing native plugins compatible for Editor in 1.52 ms, found 2 plugins.
Preloading 1 native plugins for Editor in 1.18 ms.
Unloading 43 Unused Serialized files (Serialized files now loaded: 0)
Unloading 5148 unused Assets / (13.6 MB). Loaded Objects now: 5851.
Memory consumption went from 131.7 MB to 118.1 MB.
Total: 7.399875 ms (FindLiveObjects: 0.182667 ms CreateObjectMapping: 0.106583 ms MarkObjects: 5.961917 ms  DeleteObjects: 1.148417 ms)

Prepare: number of updated asset objects reloaded= 0
========================================================================
Received Prepare
Refreshing native plugins compatible for Editor in 1.53 ms, found 2 plugins.
Preloading 1 native plugins for Editor in 1.18 ms.
Unloading 43 Unused Serialized files (Serialized files now loaded: 0)
Unloading 5148 unused Assets / (13.7 MB). Loaded Objects now: 5851.
Memory consumption went from 131.7 MB to 118.0 MB.
Total: 7.237042 ms (FindLiveObjects: 0.185667 ms CreateObjectMapping: 0.081167 ms MarkObjects: 5.782500 ms  DeleteObjects: 1.187542 ms)

Prepare: number of updated asset objects reloaded= 0
========================================================================
Received Prepare
Refreshing native plugins compatible for Editor in 1.35 ms, found 2 plugins.
Preloading 1 native plugins for Editor in 1.18 ms.
Unloading 43 Unused Serialized files (Serialized files now loaded: 0)
Unloading 5148 unused Assets / (13.7 MB). Loaded Objects now: 5851.
Memory consumption went from 131.8 MB to 118.0 MB.
Total: 7.521292 ms (FindLiveObjects: 0.184292 ms CreateObjectMapping: 0.080666 ms MarkObjects: 6.054500 ms  DeleteObjects: 1.201666 ms)

Prepare: number of updated asset objects reloaded= 0
========================================================================
Received Prepare
Begin MonoManager ReloadAssembly
[Licensing::Client] Successfully resolved entitlement details
[Licensing::Module] License group:
  Id: F4-85AS-8ZW6-XMRF-425Z-XXXX
  Product: Unity Personal
  Type: ULF
  Expiration: Unlimited
[Licensing::Module] License group:
  Id: 6872810951280-UnityPersXXXX
  Product: Unity Personal
  Type: Assigned
  Expiration: Unlimited
Thread 0x16b247000 may have been prematurely finalized
Symbol file LoadedFromMemory is not a mono symbol file
Symbol file LoadedFromMemory is not a mono symbol file
- Loaded All Assemblies, in  0.307 seconds
Refreshing native plugins compatible for Editor in 1.54 ms, found 2 plugins.
Native extension for OSXStandalone target not found
Native extension for WebGL target not found
Refreshing native plugins compatible for Editor in 1.25 ms, found 2 plugins.
[Package Manager] Failed to launch server process. Reason: Unity was launched with the -noUpm command-line argument
[Package Manager] Unable to send message (not connected to server process).
[Package Manager] Cannot connect to Unity Package Manager local server
ScheduleIndexationOnStartup MainProcess:False IndexOnStartup:True
Mono: successfully reloaded assembly
- Finished resetting the current domain, in  0.390 seconds
Domain Reload Profiling: 699ms
	BeginReloadAssembly (72ms)
		ExecutionOrderSort (0ms)
		DisableScriptedObjects (3ms)
		BackupInstance (0ms)
		ReleaseScriptingObjects (0ms)
		CreateAndSetChildDomain (21ms)
	RebuildCommonClasses (16ms)
	RebuildNativeTypeToScriptingClass (6ms)
	initialDomainReloadingComplete (9ms)
	LoadAllAssembliesAndSetupDomain (206ms)
		LoadAssemblies (160ms)
		RebuildTransferFunctionScriptingTraits (0ms)
		AnalyzeDomain (68ms)
			TypeCache.Refresh (7ms)
				TypeCache.ScanAssembly (0ms)
			BuildScriptInfoCaches (58ms)
			ResolveRequiredComponents (1ms)
	FinalizeReload (390ms)
		ReleaseScriptCaches (0ms)
		RebuildScriptCaches (0ms)
		SetupLoadedEditorAssemblies (343ms)
			LogAssemblyErrors (0ms)
			InitializePlatformSupportModulesInManaged (1ms)
			SetLoadedEditorAssemblies (2ms)
			BeforeProcessingInitializeOnLoad (81ms)
			ProcessInitializeOnLoadAttributes (163ms)
			ProcessInitializeOnLoadMethodAttributes (95ms)
			AfterProcessingInitializeOnLoad (1ms)
			EditorAssembliesLoaded (0ms)
		ExecutionOrderSort2 (0ms)
		AwakeInstancesAfterBackupRestoration (1ms)
Refreshing native plugins compatible for Editor in 1.22 ms, found 2 plugins.
Preloading 1 native plugins for Editor in 1.22 ms.
Unloading 43 Unused Serialized files (Serialized files now loaded: 0)
Unloading 5193 unused Assets / (13.7 MB). Loaded Objects now: 5855.
Memory consumption went from 145.4 MB to 131.7 MB.
Total: 7.624666 ms (FindLiveObjects: 0.173916 ms CreateObjectMapping: 0.082208 ms MarkObjects: 6.209084 ms  DeleteObjects: 1.159208 ms)

Prepare: number of updated asset objects reloaded= 0
========================================================================
Received Prepare
Refreshing native plugins compatible for Editor in 1.14 ms, found 2 plugins.
Preloading 1 native plugins for Editor in 1.17 ms.
Unloading 43 Unused Serialized files (Serialized files now loaded: 0)
Unloading 5148 unused Assets / (13.6 MB). Loaded Objects now: 5855.
Memory consumption went from 131.8 MB to 118.1 MB.
Total: 7.347459 ms (FindLiveObjects: 0.173792 ms CreateObjectMapping: 0.094958 ms MarkObjects: 6.023917 ms  DeleteObjects: 1.054459 ms)

Prepare: number of updated asset objects reloaded= 0
========================================================================
Received Prepare
Refreshing native plugins compatible for Editor in 1.55 ms, found 2 plugins.
Preloading 1 native plugins for Editor in 1.19 ms.
Unloading 43 Unused Serialized files (Serialized files now loaded: 0)
Unloading 5148 unused Assets / (12.0 MB). Loaded Objects now: 5855.
Memory consumption went from 131.8 MB to 119.7 MB.
Total: 7.823708 ms (FindLiveObjects: 0.188209 ms CreateObjectMapping: 0.076125 ms MarkObjects: 6.384000 ms  DeleteObjects: 1.175000 ms)

Prepare: number of updated asset objects reloaded= 0
========================================================================
Received Prepare
Refreshing native plugins compatible for Editor in 1.41 ms, found 2 plugins.
Preloading 1 native plugins for Editor in 1.15 ms.
Unloading 43 Unused Serialized files (Serialized files now loaded: 0)
Unloading 5148 unused Assets / (13.6 MB). Loaded Objects now: 5855.
Memory consumption went from 131.8 MB to 118.1 MB.
Total: 7.417958 ms (FindLiveObjects: 0.177417 ms CreateObjectMapping: 0.074625 ms MarkObjects: 5.950792 ms  DeleteObjects: 1.214750 ms)

Prepare: number of updated asset objects reloaded= 0
========================================================================
Received Prepare
Refreshing native plugins compatible for Editor in 1.52 ms, found 2 plugins.
Preloading 1 native plugins for Editor in 1.14 ms.
Unloading 43 Unused Serialized files (Serialized files now loaded: 0)
Unloading 5148 unused Assets / (13.5 MB). Loaded Objects now: 5855.
Memory consumption went from 131.8 MB to 118.2 MB.
Total: 7.333709 ms (FindLiveObjects: 0.182125 ms CreateObjectMapping: 0.079334 ms MarkObjects: 5.930250 ms  DeleteObjects: 1.141709 ms)

Prepare: number of updated asset objects reloaded= 0
========================================================================
Received Prepare
Begin MonoManager ReloadAssembly
Thread 0x16b247000 may have been prematurely finalized
Symbol file LoadedFromMemory is not a mono symbol file
Symbol file LoadedFromMemory is not a mono symbol file
- Loaded All Assemblies, in  0.304 seconds
Refreshing native plugins compatible for Editor in 1.47 ms, found 2 plugins.
Native extension for OSXStandalone target not found
Native extension for WebGL target not found
Refreshing native plugins compatible for Editor in 1.12 ms, found 2 plugins.
[Package Manager] Failed to launch server process. Reason: Unity was launched with the -noUpm command-line argument
[Package Manager] Unable to send message (not connected to server process).
[Package Manager] Cannot connect to Unity Package Manager local server
ScheduleIndexationOnStartup MainProcess:False IndexOnStartup:True
Mono: successfully reloaded assembly
- Finished resetting the current domain, in  0.395 seconds
Domain Reload Profiling: 700ms
	BeginReloadAssembly (70ms)
		ExecutionOrderSort (0ms)
		DisableScriptedObjects (3ms)
		BackupInstance (0ms)
		ReleaseScriptingObjects (0ms)
		CreateAndSetChildDomain (21ms)
	RebuildCommonClasses (16ms)
	RebuildNativeTypeToScriptingClass (6ms)
	initialDomainReloadingComplete (9ms)
	LoadAllAssembliesAndSetupDomain (205ms)
		LoadAssemblies (157ms)
		RebuildTransferFunctionScriptingTraits (0ms)
		AnalyzeDomain (68ms)
			TypeCache.Refresh (7ms)
				TypeCache.ScanAssembly (0ms)
			BuildScriptInfoCaches (59ms)
			ResolveRequiredComponents (1ms)
	FinalizeReload (395ms)
		ReleaseScriptCaches (0ms)
		RebuildScriptCaches (0ms)
		SetupLoadedEditorAssemblies (343ms)
			LogAssemblyErrors (0ms)
			InitializePlatformSupportModulesInManaged (1ms)
			SetLoadedEditorAssemblies (2ms)
			BeforeProcessingInitializeOnLoad (81ms)
			ProcessInitializeOnLoadAttributes (165ms)
			ProcessInitializeOnLoadMethodAttributes (94ms)
			AfterProcessingInitializeOnLoad (1ms)
			EditorAssembliesLoaded (0ms)
		ExecutionOrderSort2 (0ms)
		AwakeInstancesAfterBackupRestoration (1ms)
Refreshing native plugins compatible for Editor in 1.18 ms, found 2 plugins.
Preloading 1 native plugins for Editor in 1.21 ms.
Unloading 43 Unused Serialized files (Serialized files now loaded: 0)
Unloading 5193 unused Assets / (13.9 MB). Loaded Objects now: 5859.
Memory consumption went from 145.4 MB to 131.5 MB.
Total: 7.531667 ms (FindLiveObjects: 0.175875 ms CreateObjectMapping: 0.077000 ms MarkObjects: 6.126666 ms  DeleteObjects: 1.151834 ms)

Prepare: number of updated asset objects reloaded= 0
========================================================================
Received Prepare
Refreshing native plugins compatible for Editor in 1.36 ms, found 2 plugins.
Preloading 1 native plugins for Editor in 1.18 ms.
Unloading 43 Unused Serialized files (Serialized files now loaded: 0)
Unloading 5148 unused Assets / (13.8 MB). Loaded Objects now: 5859.
Memory consumption went from 131.8 MB to 118.0 MB.
Total: 7.557958 ms (FindLiveObjects: 0.182000 ms CreateObjectMapping: 0.071334 ms MarkObjects: 6.072875 ms  DeleteObjects: 1.231625 ms)

Prepare: number of updated asset objects reloaded= 0
========================================================================
Received Prepare
Begin MonoManager ReloadAssembly
Thread 0x16b247000 may have been prematurely finalized
Symbol file LoadedFromMemory is not a mono symbol file
Symbol file LoadedFromMemory is not a mono symbol file
- Loaded All Assemblies, in  0.294 seconds
Refreshing native plugins compatible for Editor in 1.25 ms, found 2 plugins.
Native extension for OSXStandalone target not found
Native extension for WebGL target not found
Refreshing native plugins compatible for Editor in 1.18 ms, found 2 plugins.
[Package Manager] Failed to launch server process. Reason: Unity was launched with the -noUpm command-line argument
[Package Manager] Unable to send message (not connected to server process).
[Package Manager] Cannot connect to Unity Package Manager local server
ScheduleIndexationOnStartup MainProcess:False IndexOnStartup:True
Mono: successfully reloaded assembly
- Finished resetting the current domain, in  0.397 seconds
Domain Reload Profiling: 692ms
	BeginReloadAssembly (73ms)
		ExecutionOrderSort (0ms)
		DisableScriptedObjects (3ms)
		BackupInstance (0ms)
		ReleaseScriptingObjects (0ms)
		CreateAndSetChildDomain (23ms)
	RebuildCommonClasses (16ms)
	RebuildNativeTypeToScriptingClass (6ms)
	initialDomainReloadingComplete (9ms)
	LoadAllAssembliesAndSetupDomain (191ms)
		LoadAssemblies (147ms)
		RebuildTransferFunctionScriptingTraits (0ms)
		AnalyzeDomain (66ms)
			TypeCache.Refresh (5ms)
				TypeCache.ScanAssembly (0ms)
			BuildScriptInfoCaches (58ms)
			ResolveRequiredComponents (1ms)
	FinalizeReload (397ms)
		ReleaseScriptCaches (0ms)
		RebuildScriptCaches (0ms)
		SetupLoadedEditorAssemblies (349ms)
			LogAssemblyErrors (0ms)
			InitializePlatformSupportModulesInManaged (1ms)
			SetLoadedEditorAssemblies (2ms)
			BeforeProcessingInitializeOnLoad (81ms)
			ProcessInitializeOnLoadAttributes (167ms)
			ProcessInitializeOnLoadMethodAttributes (98ms)
			AfterProcessingInitializeOnLoad (1ms)
			EditorAssembliesLoaded (0ms)
		ExecutionOrderSort2 (0ms)
		AwakeInstancesAfterBackupRestoration (1ms)
Refreshing native plugins compatible for Editor in 1.60 ms, found 2 plugins.
Preloading 1 native plugins for Editor in 1.25 ms.
Unloading 43 Unused Serialized files (Serialized files now loaded: 0)
Unloading 5193 unused Assets / (13.9 MB). Loaded Objects now: 5863.
Memory consumption went from 145.4 MB to 131.5 MB.
Total: 7.587125 ms (FindLiveObjects: 0.191208 ms CreateObjectMapping: 0.084209 ms MarkObjects: 6.057458 ms  DeleteObjects: 1.254041 ms)

Prepare: number of updated asset objects reloaded= 0
========================================================================
Received Prepare
Refreshing native plugins compatible for Editor in 1.34 ms, found 2 plugins.
Preloading 1 native plugins for Editor in 1.19 ms.
Unloading 43 Unused Serialized files (Serialized files now loaded: 0)
Unloading 5148 unused Assets / (14.2 MB). Loaded Objects now: 5863.
Memory consumption went from 131.8 MB to 117.6 MB.
Total: 7.498833 ms (FindLiveObjects: 0.182750 ms CreateObjectMapping: 0.106166 ms MarkObjects: 5.950667 ms  DeleteObjects: 1.258958 ms)

Prepare: number of updated asset objects reloaded= 0
========================================================================
Received Prepare
Begin MonoManager ReloadAssembly
[Licensing::Client] Successfully resolved entitlement details
[Licensing::Module] License group:
  Id: F4-85AS-8ZW6-XMRF-425Z-XXXX
  Product: Unity Personal
  Type: ULF
  Expiration: Unlimited
[Licensing::Module] License group:
  Id: 6872810951280-UnityPersXXXX
  Product: Unity Personal
  Type: Assigned
  Expiration: Unlimited
Thread 0x16b247000 may have been prematurely finalized
Symbol file LoadedFromMemory is not a mono symbol file
Symbol file LoadedFromMemory is not a mono symbol file
- Loaded All Assemblies, in  0.303 seconds
Refreshing native plugins compatible for Editor in 1.10 ms, found 2 plugins.
Native extension for OSXStandalone target not found
Native extension for WebGL target not found
Refreshing native plugins compatible for Editor in 1.03 ms, found 2 plugins.
[Package Manager] Failed to launch server process. Reason: Unity was launched with the -noUpm command-line argument
[Package Manager] Unable to send message (not connected to server process).
[Package Manager] Cannot connect to Unity Package Manager local server
ScheduleIndexationOnStartup MainProcess:False IndexOnStartup:True
Mono: successfully reloaded assembly
- Finished resetting the current domain, in  0.401 seconds
Domain Reload Profiling: 705ms
	BeginReloadAssembly (73ms)
		ExecutionOrderSort (0ms)
		DisableScriptedObjects (3ms)
		BackupInstance (0ms)
		ReleaseScriptingObjects (0ms)
		CreateAndSetChildDomain (21ms)
	RebuildCommonClasses (16ms)
	RebuildNativeTypeToScriptingClass (6ms)
	initialDomainReloadingComplete (9ms)
	LoadAllAssembliesAndSetupDomain (200ms)
		LoadAssemblies (153ms)
		RebuildTransferFunctionScriptingTraits (0ms)
		AnalyzeDomain (70ms)
			TypeCache.Refresh (7ms)
				TypeCache.ScanAssembly (0ms)
			BuildScriptInfoCaches (60ms)
			ResolveRequiredComponents (1ms)
	FinalizeReload (401ms)
		ReleaseScriptCaches (0ms)
		RebuildScriptCaches (0ms)
		SetupLoadedEditorAssemblies (353ms)
			LogAssemblyErrors (0ms)
			InitializePlatformSupportModulesInManaged (1ms)
			SetLoadedEditorAssemblies (2ms)
			BeforeProcessingInitializeOnLoad (86ms)
			ProcessInitializeOnLoadAttributes (165ms)
			ProcessInitializeOnLoadMethodAttributes (99ms)
			AfterProcessingInitializeOnLoad (1ms)
			EditorAssembliesLoaded (0ms)
		ExecutionOrderSort2 (0ms)
		AwakeInstancesAfterBackupRestoration (1ms)
Refreshing native plugins compatible for Editor in 1.26 ms, found 2 plugins.
Preloading 1 native plugins for Editor in 1.32 ms.
Unloading 43 Unused Serialized files (Serialized files now loaded: 0)
Unloading 5193 unused Assets / (13.5 MB). Loaded Objects now: 5867.
Memory consumption went from 145.4 MB to 131.9 MB.
Total: 7.761625 ms (FindLiveObjects: 0.178292 ms CreateObjectMapping: 0.078208 ms MarkObjects: 6.294958 ms  DeleteObjects: 1.210125 ms)

Prepare: number of updated asset objects reloaded= 0
========================================================================
Received Prepare
Begin MonoManager ReloadAssembly
Thread 0x16b247000 may have been prematurely finalized
Symbol file LoadedFromMemory is not a mono symbol file
Symbol file LoadedFromMemory is not a mono symbol file
- Loaded All Assemblies, in  0.290 seconds
Refreshing native plugins compatible for Editor in 1.21 ms, found 2 plugins.
Native extension for OSXStandalone target not found
Native extension for WebGL target not found
Refreshing native plugins compatible for Editor in 1.72 ms, found 2 plugins.
[Package Manager] Failed to launch server process. Reason: Unity was launched with the -noUpm command-line argument
[Package Manager] Unable to send message (not connected to server process).
[Package Manager] Cannot connect to Unity Package Manager local server
ScheduleIndexationOnStartup MainProcess:False IndexOnStartup:True
Mono: successfully reloaded assembly
- Finished resetting the current domain, in  0.444 seconds
Domain Reload Profiling: 736ms
	BeginReloadAssembly (71ms)
		ExecutionOrderSort (0ms)
		DisableScriptedObjects (3ms)
		BackupInstance (0ms)
		ReleaseScriptingObjects (0ms)
		CreateAndSetChildDomain (21ms)
	RebuildCommonClasses (16ms)
	RebuildNativeTypeToScriptingClass (6ms)
	initialDomainReloadingComplete (10ms)
	LoadAllAssembliesAndSetupDomain (189ms)
		LoadAssemblies (146ms)
		RebuildTransferFunctionScriptingTraits (0ms)
		AnalyzeDomain (65ms)
			TypeCache.Refresh (5ms)
				TypeCache.ScanAssembly (0ms)
			BuildScriptInfoCaches (57ms)
			ResolveRequiredComponents (1ms)
	FinalizeReload (444ms)
		ReleaseScriptCaches (0ms)
		RebuildScriptCaches (0ms)
		SetupLoadedEditorAssemblies (393ms)
			LogAssemblyErrors (0ms)
			InitializePlatformSupportModulesInManaged (1ms)
			SetLoadedEditorAssemblies (2ms)
			BeforeProcessingInitializeOnLoad (98ms)
			ProcessInitializeOnLoadAttributes (182ms)
			ProcessInitializeOnLoadMethodAttributes (110ms)
			AfterProcessingInitializeOnLoad (0ms)
			EditorAssembliesLoaded (0ms)
		ExecutionOrderSort2 (0ms)
		AwakeInstancesAfterBackupRestoration (1ms)
Refreshing native plugins compatible for Editor in 1.51 ms, found 2 plugins.
Preloading 1 native plugins for Editor in 1.31 ms.
Unloading 43 Unused Serialized files (Serialized files now loaded: 0)
Unloading 5193 unused Assets / (12.7 MB). Loaded Objects now: 5871.
Memory consumption went from 145.4 MB to 132.8 MB.
Total: 8.693791 ms (FindLiveObjects: 0.217250 ms CreateObjectMapping: 0.090958 ms MarkObjects: 7.023833 ms  DeleteObjects: 1.361083 ms)

Prepare: number of updated asset objects reloaded= 0
========================================================================
Received Prepare
Begin MonoManager ReloadAssembly
[Licensing::Client] Successfully resolved entitlement details
[Licensing::Module] License group:
  Id: F4-85AS-8ZW6-XMRF-425Z-XXXX
  Product: Unity Personal
  Type: ULF
  Expiration: Unlimited
[Licensing::Module] License group:
  Id: 6872810951280-UnityPersXXXX
  Product: Unity Personal
  Type: Assigned
  Expiration: Unlimited
Thread 0x16b58f000 may have been prematurely finalized
Symbol file LoadedFromMemory is not a mono symbol file
Symbol file LoadedFromMemory is not a mono symbol file
- Loaded All Assemblies, in  0.344 seconds
Refreshing native plugins compatible for Editor in 1.23 ms, found 2 plugins.
Native extension for OSXStandalone target not found
Native extension for WebGL target not found
Refreshing native plugins compatible for Editor in 1.05 ms, found 2 plugins.
[Package Manager] Failed to launch server process. Reason: Unity was launched with the -noUpm command-line argument
[Package Manager] Unable to send message (not connected to server process).
[Package Manager] Cannot connect to Unity Package Manager local server
ScheduleIndexationOnStartup MainProcess:False IndexOnStartup:True
Mono: successfully reloaded assembly
- Finished resetting the current domain, in  0.445 seconds
Domain Reload Profiling: 791ms
	BeginReloadAssembly (72ms)
		ExecutionOrderSort (0ms)
		DisableScriptedObjects (3ms)
		BackupInstance (0ms)
		ReleaseScriptingObjects (0ms)
		CreateAndSetChildDomain (21ms)
	RebuildCommonClasses (16ms)
	RebuildNativeTypeToScriptingClass (6ms)
	initialDomainReloadingComplete (10ms)
	LoadAllAssembliesAndSetupDomain (241ms)
		LoadAssemblies (198ms)
		RebuildTransferFunctionScriptingTraits (0ms)
		AnalyzeDomain (66ms)
			TypeCache.Refresh (4ms)
				TypeCache.ScanAssembly (0ms)
			BuildScriptInfoCaches (59ms)
			ResolveRequiredComponents (1ms)
	FinalizeReload (445ms)
		ReleaseScriptCaches (0ms)
		RebuildScriptCaches (0ms)
		SetupLoadedEditorAssemblies (390ms)
			LogAssemblyErrors (0ms)
			InitializePlatformSupportModulesInManaged (1ms)
			SetLoadedEditorAssemblies (2ms)
			BeforeProcessingInitializeOnLoad (98ms)
			ProcessInitializeOnLoadAttributes (186ms)
			ProcessInitializeOnLoadMethodAttributes (103ms)
			AfterProcessingInitializeOnLoad (1ms)
			EditorAssembliesLoaded (0ms)
		ExecutionOrderSort2 (0ms)
		AwakeInstancesAfterBackupRestoration (1ms)
Refreshing native plugins compatible for Editor in 1.71 ms, found 2 plugins.
Preloading 1 native plugins for Editor in 1.34 ms.
Unloading 43 Unused Serialized files (Serialized files now loaded: 0)
Unloading 5193 unused Assets / (13.7 MB). Loaded Objects now: 5875.
Memory consumption went from 145.4 MB to 131.7 MB.
Total: 8.526000 ms (FindLiveObjects: 0.200500 ms CreateObjectMapping: 0.074917 ms MarkObjects: 6.868250 ms  DeleteObjects: 1.381625 ms)

Prepare: number of updated asset objects reloaded= 0
========================================================================
Received Prepare
Refreshing native plugins compatible for Editor in 1.64 ms, found 2 plugins.
Preloading 1 native plugins for Editor in 1.19 ms.
Unloading 43 Unused Serialized files (Serialized files now loaded: 0)
Unloading 5148 unused Assets / (12.4 MB). Loaded Objects now: 5875.
Memory consumption went from 131.8 MB to 119.4 MB.
Total: 7.956875 ms (FindLiveObjects: 0.190250 ms CreateObjectMapping: 0.084792 ms MarkObjects: 6.497500 ms  DeleteObjects: 1.183959 ms)

Prepare: number of updated asset objects reloaded= 0
========================================================================
Received Prepare
Begin MonoManager ReloadAssembly
[Licensing::Client] Successfully resolved entitlement details
[Licensing::Module] License group:
  Id: F4-85AS-8ZW6-XMRF-425Z-XXXX
  Product: Unity Personal
  Type: ULF
  Expiration: Unlimited
[Licensing::Module] License group:
  Id: 6872810951280-UnityPersXXXX
  Product: Unity Personal
  Type: Assigned
  Expiration: Unlimited
Thread 0x16b58f000 may have been prematurely finalized
Symbol file LoadedFromMemory is not a mono symbol file
Symbol file LoadedFromMemory is not a mono symbol file
- Loaded All Assemblies, in  0.334 seconds
Refreshing native plugins compatible for Editor in 1.07 ms, found 2 plugins.
Native extension for OSXStandalone target not found
Native extension for WebGL target not found
Refreshing native plugins compatible for Editor in 1.13 ms, found 2 plugins.
[Package Manager] Failed to launch server process. Reason: Unity was launched with the -noUpm command-line argument
[Package Manager] Unable to send message (not connected to server process).
[Package Manager] Cannot connect to Unity Package Manager local server
ScheduleIndexationOnStartup MainProcess:False IndexOnStartup:True
Mono: successfully reloaded assembly
- Finished resetting the current domain, in  0.389 seconds
Domain Reload Profiling: 725ms
	BeginReloadAssembly (71ms)
		ExecutionOrderSort (0ms)
		DisableScriptedObjects (3ms)
		BackupInstance (0ms)
		ReleaseScriptingObjects (0ms)
		CreateAndSetChildDomain (21ms)
	RebuildCommonClasses (16ms)
	RebuildNativeTypeToScriptingClass (6ms)
	initialDomainReloadingComplete (9ms)
	LoadAllAssembliesAndSetupDomain (235ms)
		LoadAssemblies (191ms)
		RebuildTransferFunctionScriptingTraits (0ms)
		AnalyzeDomain (64ms)
			TypeCache.Refresh (6ms)
				TypeCache.ScanAssembly (0ms)
			BuildScriptInfoCaches (56ms)
			ResolveRequiredComponents (1ms)
	FinalizeReload (389ms)
		ReleaseScriptCaches (0ms)
		RebuildScriptCaches (0ms)
		SetupLoadedEditorAssemblies (343ms)
			LogAssemblyErrors (0ms)
			InitializePlatformSupportModulesInManaged (1ms)
			SetLoadedEditorAssemblies (2ms)
			BeforeProcessingInitializeOnLoad (83ms)
			ProcessInitializeOnLoadAttributes (160ms)
			ProcessInitializeOnLoadMethodAttributes (97ms)
			AfterProcessingInitializeOnLoad (0ms)
			EditorAssembliesLoaded (0ms)
		ExecutionOrderSort2 (0ms)
		AwakeInstancesAfterBackupRestoration (1ms)
Refreshing native plugins compatible for Editor in 1.54 ms, found 2 plugins.
Preloading 1 native plugins for Editor in 1.19 ms.
Unloading 43 Unused Serialized files (Serialized files now loaded: 0)
Unloading 5193 unused Assets / (13.7 MB). Loaded Objects now: 5879.
Memory consumption went from 145.5 MB to 131.7 MB.
Total: 7.620167 ms (FindLiveObjects: 0.191167 ms CreateObjectMapping: 0.073458 ms MarkObjects: 6.114958 ms  DeleteObjects: 1.240417 ms)

Prepare: number of updated asset objects reloaded= 0
========================================================================
Received Prepare
Refreshing native plugins compatible for Editor in 1.03 ms, found 2 plugins.
Preloading 1 native plugins for Editor in 1.14 ms.
Unloading 43 Unused Serialized files (Serialized files now loaded: 0)
Unloading 5148 unused Assets / (13.5 MB). Loaded Objects now: 5879.
Memory consumption went from 131.8 MB to 118.3 MB.
Total: 7.386917 ms (FindLiveObjects: 0.180042 ms CreateObjectMapping: 0.071125 ms MarkObjects: 5.992041 ms  DeleteObjects: 1.143417 ms)

Prepare: number of updated asset objects reloaded= 0
========================================================================
Received Prepare
Begin MonoManager ReloadAssembly
Thread 0x16b58f000 may have been prematurely finalized
Symbol file LoadedFromMemory is not a mono symbol file
Symbol file LoadedFromMemory is not a mono symbol file
- Loaded All Assemblies, in  0.332 seconds
Refreshing native plugins compatible for Editor in 1.36 ms, found 2 plugins.
Native extension for OSXStandalone target not found
Native extension for WebGL target not found
Refreshing native plugins compatible for Editor in 1.12 ms, found 2 plugins.
[Package Manager] Failed to launch server process. Reason: Unity was launched with the -noUpm command-line argument
[Package Manager] Unable to send message (not connected to server process).
[Package Manager] Cannot connect to Unity Package Manager local server
ScheduleIndexationOnStartup MainProcess:False IndexOnStartup:True
Mono: successfully reloaded assembly
- Finished resetting the current domain, in  0.399 seconds
Domain Reload Profiling: 732ms
	BeginReloadAssembly (72ms)
		ExecutionOrderSort (0ms)
		DisableScriptedObjects (3ms)
		BackupInstance (0ms)
		ReleaseScriptingObjects (0ms)
		CreateAndSetChildDomain (21ms)
	RebuildCommonClasses (16ms)
	RebuildNativeTypeToScriptingClass (6ms)
	initialDomainReloadingComplete (10ms)
	LoadAllAssembliesAndSetupDomain (229ms)
		LoadAssemblies (178ms)
		RebuildTransferFunctionScriptingTraits (0ms)
		AnalyzeDomain (73ms)
			TypeCache.Refresh (8ms)
				TypeCache.ScanAssembly (0ms)
			BuildScriptInfoCaches (62ms)
			ResolveRequiredComponents (1ms)
	FinalizeReload (399ms)
		ReleaseScriptCaches (0ms)
		RebuildScriptCaches (0ms)
		SetupLoadedEditorAssemblies (351ms)
			LogAssemblyErrors (0ms)
			InitializePlatformSupportModulesInManaged (1ms)
			SetLoadedEditorAssemblies (2ms)
			BeforeProcessingInitializeOnLoad (81ms)
			ProcessInitializeOnLoadAttributes (165ms)
			ProcessInitializeOnLoadMethodAttributes (102ms)
			AfterProcessingInitializeOnLoad (0ms)
			EditorAssembliesLoaded (0ms)
		ExecutionOrderSort2 (0ms)
		AwakeInstancesAfterBackupRestoration (1ms)
Refreshing native plugins compatible for Editor in 1.56 ms, found 2 plugins.
Preloading 1 native plugins for Editor in 1.20 ms.
Unloading 43 Unused Serialized files (Serialized files now loaded: 0)
Unloading 5193 unused Assets / (12.8 MB). Loaded Objects now: 5883.
Memory consumption went from 145.5 MB to 132.7 MB.
Total: 7.992750 ms (FindLiveObjects: 0.207917 ms CreateObjectMapping: 0.078292 ms MarkObjects: 6.560417 ms  DeleteObjects: 1.146042 ms)

Prepare: number of updated asset objects reloaded= 0
========================================================================
Received Prepare
Refreshing native plugins compatible for Editor in 1.20 ms, found 2 plugins.
Preloading 1 native plugins for Editor in 1.16 ms.
Unloading 43 Unused Serialized files (Serialized files now loaded: 0)
Unloading 5148 unused Assets / (13.1 MB). Loaded Objects now: 5883.
Memory consumption went from 131.8 MB to 118.8 MB.
Total: 8.247292 ms (FindLiveObjects: 0.204500 ms CreateObjectMapping: 0.081791 ms MarkObjects: 6.807375 ms  DeleteObjects: 1.153041 ms)

Prepare: number of updated asset objects reloaded= 0
========================================================================
Received Prepare
Begin MonoManager ReloadAssembly
Thread 0x16b58f000 may have been prematurely finalized
Symbol file LoadedFromMemory is not a mono symbol file
Symbol file LoadedFromMemory is not a mono symbol file
- Loaded All Assemblies, in  0.324 seconds
Refreshing native plugins compatible for Editor in 0.97 ms, found 2 plugins.
Native extension for OSXStandalone target not found
Native extension for WebGL target not found
Refreshing native plugins compatible for Editor in 1.08 ms, found 2 plugins.
[Package Manager] Failed to launch server process. Reason: Unity was launched with the -noUpm command-line argument
[Package Manager] Unable to send message (not connected to server process).
[Package Manager] Cannot connect to Unity Package Manager local server
ScheduleIndexationOnStartup MainProcess:False IndexOnStartup:True
Mono: successfully reloaded assembly
- Finished resetting the current domain, in  0.403 seconds
Domain Reload Profiling: 729ms
	BeginReloadAssembly (76ms)
		ExecutionOrderSort (0ms)
		DisableScriptedObjects (3ms)
		BackupInstance (0ms)
		ReleaseScriptingObjects (0ms)
		CreateAndSetChildDomain (24ms)
	RebuildCommonClasses (16ms)
	RebuildNativeTypeToScriptingClass (6ms)
	initialDomainReloadingComplete (9ms)
	LoadAllAssembliesAndSetupDomain (219ms)
		LoadAssemblies (174ms)
		RebuildTransferFunctionScriptingTraits (0ms)
		AnalyzeDomain (68ms)
			TypeCache.Refresh (7ms)
				TypeCache.ScanAssembly (0ms)
			BuildScriptInfoCaches (57ms)
			ResolveRequiredComponents (1ms)
	FinalizeReload (404ms)
		ReleaseScriptCaches (0ms)
		RebuildScriptCaches (0ms)
		SetupLoadedEditorAssemblies (352ms)
			LogAssemblyErrors (0ms)
			InitializePlatformSupportModulesInManaged (1ms)
			SetLoadedEditorAssemblies (2ms)
			BeforeProcessingInitializeOnLoad (82ms)
			ProcessInitializeOnLoadAttributes (171ms)
			ProcessInitializeOnLoadMethodAttributes (96ms)
			AfterProcessingInitializeOnLoad (0ms)
			EditorAssembliesLoaded (0ms)
		ExecutionOrderSort2 (0ms)
		AwakeInstancesAfterBackupRestoration (1ms)
Refreshing native plugins compatible for Editor in 1.21 ms, found 2 plugins.
Preloading 1 native plugins for Editor in 1.26 ms.
Unloading 43 Unused Serialized files (Serialized files now loaded: 0)
Unloading 5193 unused Assets / (13.0 MB). Loaded Objects now: 5887.
Memory consumption went from 145.5 MB to 132.5 MB.
Total: 7.524167 ms (FindLiveObjects: 0.179833 ms CreateObjectMapping: 0.081833 ms MarkObjects: 6.066542 ms  DeleteObjects: 1.195833 ms)

Prepare: number of updated asset objects reloaded= 0
========================================================================
Received Prepare
Refreshing native plugins compatible for Editor in 1.43 ms, found 2 plugins.
Preloading 1 native plugins for Editor in 1.19 ms.
Unloading 43 Unused Serialized files (Serialized files now loaded: 0)
Unloading 5148 unused Assets / (13.9 MB). Loaded Objects now: 5887.
Memory consumption went from 131.8 MB to 118.0 MB.
Total: 7.470209 ms (FindLiveObjects: 0.186709 ms CreateObjectMapping: 0.079250 ms MarkObjects: 5.992166 ms  DeleteObjects: 1.211542 ms)

Prepare: number of updated asset objects reloaded= 0
========================================================================
Received Prepare
Begin MonoManager ReloadAssembly
Thread 0x16b58f000 may have been prematurely finalized
Symbol file LoadedFromMemory is not a mono symbol file
Symbol file LoadedFromMemory is not a mono symbol file
- Loaded All Assemblies, in  0.288 seconds
Refreshing native plugins compatible for Editor in 1.38 ms, found 2 plugins.
Native extension for OSXStandalone target not found
Native extension for WebGL target not found
Refreshing native plugins compatible for Editor in 1.12 ms, found 2 plugins.
[Package Manager] Failed to launch server process. Reason: Unity was launched with the -noUpm command-line argument
[Package Manager] Unable to send message (not connected to server process).
[Package Manager] Cannot connect to Unity Package Manager local server
ScheduleIndexationOnStartup MainProcess:False IndexOnStartup:True
Mono: successfully reloaded assembly
- Finished resetting the current domain, in  0.394 seconds
Domain Reload Profiling: 683ms
	BeginReloadAssembly (69ms)
		ExecutionOrderSort (0ms)
		DisableScriptedObjects (3ms)
		BackupInstance (0ms)
		ReleaseScriptingObjects (0ms)
		CreateAndSetChildDomain (21ms)
	RebuildCommonClasses (16ms)
	RebuildNativeTypeToScriptingClass (6ms)
	initialDomainReloadingComplete (9ms)
	LoadAllAssembliesAndSetupDomain (189ms)
		LoadAssemblies (144ms)
		RebuildTransferFunctionScriptingTraits (0ms)
		AnalyzeDomain (66ms)
			TypeCache.Refresh (6ms)
				TypeCache.ScanAssembly (0ms)
			BuildScriptInfoCaches (57ms)
			ResolveRequiredComponents (1ms)
	FinalizeReload (394ms)
		ReleaseScriptCaches (0ms)
		RebuildScriptCaches (0ms)
		SetupLoadedEditorAssemblies (347ms)
			LogAssemblyErrors (0ms)
			InitializePlatformSupportModulesInManaged (1ms)
			SetLoadedEditorAssemblies (2ms)
			BeforeProcessingInitializeOnLoad (82ms)
			ProcessInitializeOnLoadAttributes (164ms)
			ProcessInitializeOnLoadMethodAttributes (98ms)
			AfterProcessingInitializeOnLoad (0ms)
			EditorAssembliesLoaded (0ms)
		ExecutionOrderSort2 (0ms)
		AwakeInstancesAfterBackupRestoration (1ms)
Refreshing native plugins compatible for Editor in 1.51 ms, found 2 plugins.
Preloading 1 native plugins for Editor in 1.24 ms.
Unloading 43 Unused Serialized files (Serialized files now loaded: 0)
Unloading 5193 unused Assets / (11.7 MB). Loaded Objects now: 5891.
Memory consumption went from 145.5 MB to 133.8 MB.
Total: 8.144042 ms (FindLiveObjects: 0.196125 ms CreateObjectMapping: 0.088459 ms MarkObjects: 6.794208 ms  DeleteObjects: 1.064917 ms)

Prepare: number of updated asset objects reloaded= 0
========================================================================
Received Prepare
Refreshing native plugins compatible for Editor in 1.45 ms, found 2 plugins.
Preloading 1 native plugins for Editor in 1.20 ms.
Unloading 43 Unused Serialized files (Serialized files now loaded: 0)
Unloading 5148 unused Assets / (13.7 MB). Loaded Objects now: 5891.
Memory consumption went from 131.9 MB to 118.1 MB.
Total: 7.572291 ms (FindLiveObjects: 0.184333 ms CreateObjectMapping: 0.072375 ms MarkObjects: 6.127208 ms  DeleteObjects: 1.188166 ms)

Prepare: number of updated asset objects reloaded= 0
========================================================================
Received Prepare
Begin MonoManager ReloadAssembly
Thread 0x16b58f000 may have been prematurely finalized
Symbol file LoadedFromMemory is not a mono symbol file
Symbol file LoadedFromMemory is not a mono symbol file
- Loaded All Assemblies, in  0.299 seconds
Refreshing native plugins compatible for Editor in 1.38 ms, found 2 plugins.
Native extension for OSXStandalone target not found
Native extension for WebGL target not found
Refreshing native plugins compatible for Editor in 1.59 ms, found 2 plugins.
[Package Manager] Failed to launch server process. Reason: Unity was launched with the -noUpm command-line argument
[Package Manager] Unable to send message (not connected to server process).
[Package Manager] Cannot connect to Unity Package Manager local server
ScheduleIndexationOnStartup MainProcess:False IndexOnStartup:True
Mono: successfully reloaded assembly
- Finished resetting the current domain, in  0.399 seconds
Domain Reload Profiling: 699ms
	BeginReloadAssembly (71ms)
		ExecutionOrderSort (0ms)
		DisableScriptedObjects (3ms)
		BackupInstance (0ms)
		ReleaseScriptingObjects (0ms)
		CreateAndSetChildDomain (21ms)
	RebuildCommonClasses (16ms)
	RebuildNativeTypeToScriptingClass (6ms)
	initialDomainReloadingComplete (9ms)
	LoadAllAssembliesAndSetupDomain (198ms)
		LoadAssemblies (152ms)
		RebuildTransferFunctionScriptingTraits (0ms)
		AnalyzeDomain (68ms)
			TypeCache.Refresh (7ms)
				TypeCache.ScanAssembly (0ms)
			BuildScriptInfoCaches (58ms)
			ResolveRequiredComponents (1ms)
	FinalizeReload (399ms)
		ReleaseScriptCaches (0ms)
		RebuildScriptCaches (0ms)
		SetupLoadedEditorAssemblies (351ms)
			LogAssemblyErrors (0ms)
			InitializePlatformSupportModulesInManaged (1ms)
			SetLoadedEditorAssemblies (2ms)
			BeforeProcessingInitializeOnLoad (81ms)
			ProcessInitializeOnLoadAttributes (167ms)
			ProcessInitializeOnLoadMethodAttributes (100ms)
			AfterProcessingInitializeOnLoad (0ms)
			EditorAssembliesLoaded (0ms)
		ExecutionOrderSort2 (0ms)
		AwakeInstancesAfterBackupRestoration (1ms)
Refreshing native plugins compatible for Editor in 1.49 ms, found 2 plugins.
Preloading 1 native plugins for Editor in 1.26 ms.
Unloading 43 Unused Serialized files (Serialized files now loaded: 0)
Unloading 5193 unused Assets / (13.5 MB). Loaded Objects now: 5895.
Memory consumption went from 145.5 MB to 132.0 MB.
Total: 7.854666 ms (FindLiveObjects: 0.219875 ms CreateObjectMapping: 0.088000 ms MarkObjects: 6.285792 ms  DeleteObjects: 1.260625 ms)

Prepare: number of updated asset objects reloaded= 0
========================================================================
Received Prepare
Refreshing native plugins compatible for Editor in 1.43 ms, found 2 plugins.
Preloading 1 native plugins for Editor in 1.17 ms.
Unloading 43 Unused Serialized files (Serialized files now loaded: 0)
Unloading 5148 unused Assets / (14.2 MB). Loaded Objects now: 5895.
Memory consumption went from 131.9 MB to 117.7 MB.
Total: 7.605625 ms (FindLiveObjects: 0.178458 ms CreateObjectMapping: 0.071208 ms MarkObjects: 6.082125 ms  DeleteObjects: 1.273625 ms)

Prepare: number of updated asset objects reloaded= 0
========================================================================
Received Prepare
Begin MonoManager ReloadAssembly
Thread 0x16b58f000 may have been prematurely finalized
Symbol file LoadedFromMemory is not a mono symbol file
Symbol file LoadedFromMemory is not a mono symbol file
- Loaded All Assemblies, in  0.307 seconds
Refreshing native plugins compatible for Editor in 1.18 ms, found 2 plugins.
Native extension for OSXStandalone target not found
Native extension for WebGL target not found
Refreshing native plugins compatible for Editor in 1.36 ms, found 2 plugins.
[Package Manager] Failed to launch server process. Reason: Unity was launched with the -noUpm command-line argument
[Package Manager] Unable to send message (not connected to server process).
[Package Manager] Cannot connect to Unity Package Manager local server
ScheduleIndexationOnStartup MainProcess:False IndexOnStartup:True
Mono: successfully reloaded assembly
- Finished resetting the current domain, in  0.402 seconds
Domain Reload Profiling: 710ms
	BeginReloadAssembly (71ms)
		ExecutionOrderSort (0ms)
		DisableScriptedObjects (3ms)
		BackupInstance (0ms)
		ReleaseScriptingObjects (0ms)
		CreateAndSetChildDomain (21ms)
	RebuildCommonClasses (16ms)
	RebuildNativeTypeToScriptingClass (6ms)
	initialDomainReloadingComplete (10ms)
	LoadAllAssembliesAndSetupDomain (206ms)
		LoadAssemblies (161ms)
		RebuildTransferFunctionScriptingTraits (0ms)
		AnalyzeDomain (67ms)
			TypeCache.Refresh (6ms)
				TypeCache.ScanAssembly (0ms)
			BuildScriptInfoCaches (58ms)
			ResolveRequiredComponents (1ms)
	FinalizeReload (402ms)
		ReleaseScriptCaches (0ms)
		RebuildScriptCaches (0ms)
		SetupLoadedEditorAssemblies (353ms)
			LogAssemblyErrors (0ms)
			InitializePlatformSupportModulesInManaged (1ms)
			SetLoadedEditorAssemblies (2ms)
			BeforeProcessingInitializeOnLoad (83ms)
			ProcessInitializeOnLoadAttributes (165ms)
			ProcessInitializeOnLoadMethodAttributes (101ms)
			AfterProcessingInitializeOnLoad (0ms)
			EditorAssembliesLoaded (0ms)
		ExecutionOrderSort2 (0ms)
		AwakeInstancesAfterBackupRestoration (1ms)
Refreshing native plugins compatible for Editor in 1.55 ms, found 2 plugins.
Preloading 1 native plugins for Editor in 1.24 ms.
Unloading 43 Unused Serialized files (Serialized files now loaded: 0)
Unloading 5193 unused Assets / (13.0 MB). Loaded Objects now: 5899.
Memory consumption went from 145.5 MB to 132.5 MB.
Total: 8.453291 ms (FindLiveObjects: 0.200125 ms CreateObjectMapping: 0.078792 ms MarkObjects: 6.820083 ms  DeleteObjects: 1.354083 ms)

Prepare: number of updated asset objects reloaded= 0
========================================================================
Received Prepare
Refreshing native plugins compatible for Editor in 1.52 ms, found 2 plugins.
Preloading 1 native plugins for Editor in 1.24 ms.
Unloading 43 Unused Serialized files (Serialized files now loaded: 0)
Unloading 5148 unused Assets / (12.6 MB). Loaded Objects now: 5899.
Memory consumption went from 131.9 MB to 119.3 MB.
Total: 8.925750 ms (FindLiveObjects: 0.196916 ms CreateObjectMapping: 0.086334 ms MarkObjects: 7.423708 ms  DeleteObjects: 1.218167 ms)

Prepare: number of updated asset objects reloaded= 0
========================================================================
Received Prepare
Begin MonoManager ReloadAssembly
[Licensing::Client] Successfully resolved entitlement details
[Licensing::Module] License group:
  Id: F4-85AS-8ZW6-XMRF-425Z-XXXX
  Product: Unity Personal
  Type: ULF
  Expiration: Unlimited
[Licensing::Module] License group:
  Id: 6872810951280-UnityPersXXXX
  Product: Unity Personal
  Type: Assigned
  Expiration: Unlimited
Thread 0x16b58f000 may have been prematurely finalized
Symbol file LoadedFromMemory is not a mono symbol file
Symbol file LoadedFromMemory is not a mono symbol file
- Loaded All Assemblies, in  0.336 seconds
Refreshing native plugins compatible for Editor in 1.13 ms, found 2 plugins.
Native extension for OSXStandalone target not found
Native extension for WebGL target not found
Refreshing native plugins compatible for Editor in 1.47 ms, found 2 plugins.
[Package Manager] Failed to launch server process. Reason: Unity was launched with the -noUpm command-line argument
[Package Manager] Unable to send message (not connected to server process).
[Package Manager] Cannot connect to Unity Package Manager local server
ScheduleIndexationOnStartup MainProcess:False IndexOnStartup:True
Mono: successfully reloaded assembly
- Finished resetting the current domain, in  0.385 seconds
Domain Reload Profiling: 722ms
	BeginReloadAssembly (78ms)
		ExecutionOrderSort (0ms)
		DisableScriptedObjects (3ms)
		BackupInstance (0ms)
		ReleaseScriptingObjects (0ms)
		CreateAndSetChildDomain (22ms)
	RebuildCommonClasses (16ms)
	RebuildNativeTypeToScriptingClass (6ms)
	initialDomainReloadingComplete (10ms)
	LoadAllAssembliesAndSetupDomain (227ms)
		LoadAssemblies (186ms)
		RebuildTransferFunctionScriptingTraits (0ms)
		AnalyzeDomain (68ms)
			TypeCache.Refresh (7ms)
				TypeCache.ScanAssembly (0ms)
			BuildScriptInfoCaches (59ms)
			ResolveRequiredComponents (1ms)
	FinalizeReload (385ms)
		ReleaseScriptCaches (0ms)
		RebuildScriptCaches (0ms)
		SetupLoadedEditorAssemblies (338ms)
			LogAssemblyErrors (0ms)
			InitializePlatformSupportModulesInManaged (1ms)
			SetLoadedEditorAssemblies (2ms)
			BeforeProcessingInitializeOnLoad (81ms)
			ProcessInitializeOnLoadAttributes (162ms)
			ProcessInitializeOnLoadMethodAttributes (92ms)
			AfterProcessingInitializeOnLoad (1ms)
			EditorAssembliesLoaded (0ms)
		ExecutionOrderSort2 (0ms)
		AwakeInstancesAfterBackupRestoration (1ms)
Refreshing native plugins compatible for Editor in 1.27 ms, found 2 plugins.
Preloading 1 native plugins for Editor in 1.16 ms.
Unloading 43 Unused Serialized files (Serialized files now loaded: 0)
Unloading 5193 unused Assets / (13.6 MB). Loaded Objects now: 5903.
Memory consumption went from 145.5 MB to 131.9 MB.
Total: 7.590708 ms (FindLiveObjects: 0.196958 ms CreateObjectMapping: 0.072083 ms MarkObjects: 6.182042 ms  DeleteObjects: 1.139416 ms)

Prepare: number of updated asset objects reloaded= 0
========================================================================
Received Prepare
Refreshing native plugins compatible for Editor in 1.12 ms, found 2 plugins.
Preloading 1 native plugins for Editor in 1.09 ms.
Unloading 43 Unused Serialized files (Serialized files now loaded: 0)
Unloading 5148 unused Assets / (14.3 MB). Loaded Objects now: 5903.
Memory consumption went from 131.9 MB to 117.6 MB.
Total: 7.584541 ms (FindLiveObjects: 0.187542 ms CreateObjectMapping: 0.076625 ms MarkObjects: 6.046000 ms  DeleteObjects: 1.274000 ms)

Prepare: number of updated asset objects reloaded= 0
========================================================================
Received Prepare
Refreshing native plugins compatible for Editor in 1.43 ms, found 2 plugins.
Preloading 1 native plugins for Editor in 1.20 ms.
Unloading 43 Unused Serialized files (Serialized files now loaded: 0)
Unloading 5148 unused Assets / (13.8 MB). Loaded Objects now: 5903.
Memory consumption went from 131.9 MB to 118.1 MB.
Total: 7.648833 ms (FindLiveObjects: 0.192584 ms CreateObjectMapping: 0.074916 ms MarkObjects: 6.098959 ms  DeleteObjects: 1.282333 ms)

Prepare: number of updated asset objects reloaded= 0
========================================================================
Received Prepare
Refreshing native plugins compatible for Editor in 1.43 ms, found 2 plugins.
Preloading 1 native plugins for Editor in 1.18 ms.
Unloading 43 Unused Serialized files (Serialized files now loaded: 0)
Unloading 5148 unused Assets / (13.9 MB). Loaded Objects now: 5903.
Memory consumption went from 131.9 MB to 118.0 MB.
Total: 7.583750 ms (FindLiveObjects: 0.194791 ms CreateObjectMapping: 0.075292 ms MarkObjects: 6.038167 ms  DeleteObjects: 1.275208 ms)

Prepare: number of updated asset objects reloaded= 0
========================================================================
Received Prepare
Begin MonoManager ReloadAssembly
Thread 0x16b58f000 may have been prematurely finalized
Symbol file LoadedFromMemory is not a mono symbol file
Symbol file LoadedFromMemory is not a mono symbol file
- Loaded All Assemblies, in  0.317 seconds
Refreshing native plugins compatible for Editor in 1.39 ms, found 2 plugins.
Native extension for OSXStandalone target not found
Native extension for WebGL target not found
Refreshing native plugins compatible for Editor in 1.37 ms, found 2 plugins.
[Package Manager] Failed to launch server process. Reason: Unity was launched with the -noUpm command-line argument
[Package Manager] Unable to send message (not connected to server process).
[Package Manager] Cannot connect to Unity Package Manager local server
ScheduleIndexationOnStartup MainProcess:False IndexOnStartup:True
Mono: successfully reloaded assembly
- Finished resetting the current domain, in  0.399 seconds
Domain Reload Profiling: 717ms
	BeginReloadAssembly (72ms)
		ExecutionOrderSort (0ms)
		DisableScriptedObjects (3ms)
		BackupInstance (0ms)
		ReleaseScriptingObjects (0ms)
		CreateAndSetChildDomain (21ms)
	RebuildCommonClasses (15ms)
	RebuildNativeTypeToScriptingClass (6ms)
	initialDomainReloadingComplete (9ms)
	LoadAllAssembliesAndSetupDomain (215ms)
		LoadAssemblies (172ms)
		RebuildTransferFunctionScriptingTraits (0ms)
		AnalyzeDomain (66ms)
			TypeCache.Refresh (6ms)
				TypeCache.ScanAssembly (0ms)
			BuildScriptInfoCaches (57ms)
			ResolveRequiredComponents (1ms)
	FinalizeReload (399ms)
		ReleaseScriptCaches (0ms)
		RebuildScriptCaches (0ms)
		SetupLoadedEditorAssemblies (348ms)
			LogAssemblyErrors (0ms)
			InitializePlatformSupportModulesInManaged (1ms)
			SetLoadedEditorAssemblies (2ms)
			BeforeProcessingInitializeOnLoad (83ms)
			ProcessInitializeOnLoadAttributes (167ms)
			ProcessInitializeOnLoadMethodAttributes (94ms)
			AfterProcessingInitializeOnLoad (1ms)
			EditorAssembliesLoaded (0ms)
		ExecutionOrderSort2 (0ms)
		AwakeInstancesAfterBackupRestoration (1ms)
Refreshing native plugins compatible for Editor in 1.24 ms, found 2 plugins.
Preloading 1 native plugins for Editor in 1.20 ms.
Unloading 43 Unused Serialized files (Serialized files now loaded: 0)
Unloading 5193 unused Assets / (13.7 MB). Loaded Objects now: 5907.
Memory consumption went from 145.5 MB to 131.8 MB.
Total: 7.669875 ms (FindLiveObjects: 0.177000 ms CreateObjectMapping: 0.084292 ms MarkObjects: 6.302583 ms  DeleteObjects: 1.105583 ms)

Prepare: number of updated asset objects reloaded= 0
========================================================================
Received Prepare
Refreshing native plugins compatible for Editor in 1.53 ms, found 2 plugins.
Preloading 1 native plugins for Editor in 1.24 ms.
Unloading 43 Unused Serialized files (Serialized files now loaded: 0)
Unloading 5148 unused Assets / (13.4 MB). Loaded Objects now: 5907.
Memory consumption went from 131.9 MB to 118.5 MB.
Total: 7.965875 ms (FindLiveObjects: 0.188666 ms CreateObjectMapping: 0.084500 ms MarkObjects: 6.482667 ms  DeleteObjects: 1.209667 ms)

Prepare: number of updated asset objects reloaded= 0
========================================================================
Received Prepare
Begin MonoManager ReloadAssembly
Thread 0x16b58f000 may have been prematurely finalized
Symbol file LoadedFromMemory is not a mono symbol file
Symbol file LoadedFromMemory is not a mono symbol file
- Loaded All Assemblies, in  0.293 seconds
Refreshing native plugins compatible for Editor in 1.20 ms, found 2 plugins.
Native extension for OSXStandalone target not found
Native extension for WebGL target not found
Refreshing native plugins compatible for Editor in 1.01 ms, found 2 plugins.
[Package Manager] Failed to launch server process. Reason: Unity was launched with the -noUpm command-line argument
[Package Manager] Unable to send message (not connected to server process).
[Package Manager] Cannot connect to Unity Package Manager local server
ScheduleIndexationOnStartup MainProcess:False IndexOnStartup:True
Mono: successfully reloaded assembly
- Finished resetting the current domain, in  0.386 seconds
Domain Reload Profiling: 680ms
	BeginReloadAssembly (72ms)
		ExecutionOrderSort (0ms)
		DisableScriptedObjects (3ms)
		BackupInstance (0ms)
		ReleaseScriptingObjects (0ms)
		CreateAndSetChildDomain (23ms)
	RebuildCommonClasses (16ms)
	RebuildNativeTypeToScriptingClass (6ms)
	initialDomainReloadingComplete (9ms)
	LoadAllAssembliesAndSetupDomain (192ms)
		LoadAssemblies (147ms)
		RebuildTransferFunctionScriptingTraits (0ms)
		AnalyzeDomain (65ms)
			TypeCache.Refresh (6ms)
				TypeCache.ScanAssembly (0ms)
			BuildScriptInfoCaches (56ms)
			ResolveRequiredComponents (1ms)
	FinalizeReload (386ms)
		ReleaseScriptCaches (0ms)
		RebuildScriptCaches (0ms)
		SetupLoadedEditorAssemblies (337ms)
			LogAssemblyErrors (0ms)
			InitializePlatformSupportModulesInManaged (1ms)
			SetLoadedEditorAssemblies (2ms)
			BeforeProcessingInitializeOnLoad (80ms)
			ProcessInitializeOnLoadAttributes (161ms)
			ProcessInitializeOnLoadMethodAttributes (92ms)
			AfterProcessingInitializeOnLoad (0ms)
			EditorAssembliesLoaded (0ms)
		ExecutionOrderSort2 (0ms)
		AwakeInstancesAfterBackupRestoration (1ms)
Refreshing native plugins compatible for Editor in 1.22 ms, found 2 plugins.
Preloading 1 native plugins for Editor in 1.19 ms.
Unloading 43 Unused Serialized files (Serialized files now loaded: 0)
Unloading 5193 unused Assets / (13.8 MB). Loaded Objects now: 5911.
Memory consumption went from 145.5 MB to 131.7 MB.
Total: 7.525750 ms (FindLiveObjects: 0.185250 ms CreateObjectMapping: 0.072750 ms MarkObjects: 6.033042 ms  DeleteObjects: 1.234500 ms)

Prepare: number of updated asset objects reloaded= 0
========================================================================
Received Prepare
Refreshing native plugins compatible for Editor in 1.37 ms, found 2 plugins.
Preloading 1 native plugins for Editor in 1.20 ms.
Unloading 43 Unused Serialized files (Serialized files now loaded: 0)
Unloading 5148 unused Assets / (13.6 MB). Loaded Objects now: 5911.
Memory consumption went from 131.9 MB to 118.2 MB.
Total: 7.353208 ms (FindLiveObjects: 0.185250 ms CreateObjectMapping: 0.077916 ms MarkObjects: 5.955792 ms  DeleteObjects: 1.133875 ms)

Prepare: number of updated asset objects reloaded= 0
========================================================================
Received Prepare
Refreshing native plugins compatible for Editor in 1.46 ms, found 2 plugins.
Preloading 1 native plugins for Editor in 1.18 ms.
Unloading 43 Unused Serialized files (Serialized files now loaded: 0)
Unloading 5148 unused Assets / (13.8 MB). Loaded Objects now: 5911.
Memory consumption went from 131.9 MB to 118.1 MB.
Total: 7.506542 ms (FindLiveObjects: 0.188292 ms CreateObjectMapping: 0.076291 ms MarkObjects: 6.008625 ms  DeleteObjects: 1.233041 ms)

Prepare: number of updated asset objects reloaded= 0
========================================================================
Received Prepare
Refreshing native plugins compatible for Editor in 1.48 ms, found 2 plugins.
Preloading 1 native plugins for Editor in 1.20 ms.
Unloading 43 Unused Serialized files (Serialized files now loaded: 0)
Unloading 5148 unused Assets / (13.9 MB). Loaded Objects now: 5911.
Memory consumption went from 131.9 MB to 118.0 MB.
Total: 7.541500 ms (FindLiveObjects: 0.190542 ms CreateObjectMapping: 0.075792 ms MarkObjects: 6.015375 ms  DeleteObjects: 1.259541 ms)

Prepare: number of updated asset objects reloaded= 0
========================================================================
Received Prepare
Refreshing native plugins compatible for Editor in 1.44 ms, found 2 plugins.
Preloading 1 native plugins for Editor in 1.24 ms.
Unloading 43 Unused Serialized files (Serialized files now loaded: 0)
Unloading 5148 unused Assets / (13.6 MB). Loaded Objects now: 5911.
Memory consumption went from 131.9 MB to 118.3 MB.
Total: 7.368041 ms (FindLiveObjects: 0.186875 ms CreateObjectMapping: 0.079792 ms MarkObjects: 5.935208 ms  DeleteObjects: 1.165875 ms)

Prepare: number of updated asset objects reloaded= 0
========================================================================
Received Prepare
Refreshing native plugins compatible for Editor in 1.48 ms, found 2 plugins.
Preloading 1 native plugins for Editor in 1.16 ms.
Unloading 43 Unused Serialized files (Serialized files now loaded: 0)
Unloading 5148 unused Assets / (13.9 MB). Loaded Objects now: 5911.
Memory consumption went from 131.9 MB to 118.0 MB.
Total: 7.468416 ms (FindLiveObjects: 0.190375 ms CreateObjectMapping: 0.073084 ms MarkObjects: 5.965166 ms  DeleteObjects: 1.239708 ms)

Prepare: number of updated asset objects reloaded= 0
========================================================================
Received Prepare
Refreshing native plugins compatible for Editor in 1.45 ms, found 2 plugins.
Preloading 1 native plugins for Editor in 1.17 ms.
Unloading 43 Unused Serialized files (Serialized files now loaded: 0)
Unloading 5148 unused Assets / (14.1 MB). Loaded Objects now: 5911.
Memory consumption went from 131.9 MB to 117.8 MB.
Total: 7.580000 ms (FindLiveObjects: 0.188500 ms CreateObjectMapping: 0.076416 ms MarkObjects: 6.032125 ms  DeleteObjects: 1.282834 ms)

Prepare: number of updated asset objects reloaded= 0
========================================================================
Received Prepare
Refreshing native plugins compatible for Editor in 1.45 ms, found 2 plugins.
Preloading 1 native plugins for Editor in 1.16 ms.
Unloading 43 Unused Serialized files (Serialized files now loaded: 0)
Unloading 5148 unused Assets / (13.7 MB). Loaded Objects now: 5911.
Memory consumption went from 131.9 MB to 118.2 MB.
Total: 7.358791 ms (FindLiveObjects: 0.188583 ms CreateObjectMapping: 0.078708 ms MarkObjects: 5.901542 ms  DeleteObjects: 1.189584 ms)

Prepare: number of updated asset objects reloaded= 0
========================================================================
Received Prepare
Refreshing native plugins compatible for Editor in 1.32 ms, found 2 plugins.
Preloading 1 native plugins for Editor in 1.17 ms.
Unloading 43 Unused Serialized files (Serialized files now loaded: 0)
Unloading 5148 unused Assets / (13.8 MB). Loaded Objects now: 5911.
Memory consumption went from 131.9 MB to 118.1 MB.
Total: 7.493166 ms (FindLiveObjects: 0.188084 ms CreateObjectMapping: 0.088291 ms MarkObjects: 5.992459 ms  DeleteObjects: 1.224291 ms)

Prepare: number of updated asset objects reloaded= 0
========================================================================
Received Prepare
Refreshing native plugins compatible for Editor in 1.53 ms, found 2 plugins.
Preloading 1 native plugins for Editor in 1.23 ms.
Unloading 43 Unused Serialized files (Serialized files now loaded: 0)
Unloading 5148 unused Assets / (13.7 MB). Loaded Objects now: 5911.
Memory consumption went from 131.9 MB to 118.2 MB.
Total: 7.556458 ms (FindLiveObjects: 0.196250 ms CreateObjectMapping: 0.083375 ms MarkObjects: 6.101541 ms  DeleteObjects: 1.174917 ms)

Prepare: number of updated asset objects reloaded= 0
========================================================================
Received Prepare
Refreshing native plugins compatible for Editor in 1.45 ms, found 2 plugins.
Preloading 1 native plugins for Editor in 1.22 ms.
Unloading 43 Unused Serialized files (Serialized files now loaded: 0)
Unloading 5148 unused Assets / (13.8 MB). Loaded Objects now: 5911.
Memory consumption went from 131.9 MB to 118.1 MB.
Total: 7.927167 ms (FindLiveObjects: 0.200042 ms CreateObjectMapping: 0.085334 ms MarkObjects: 6.203125 ms  DeleteObjects: 1.438250 ms)

Prepare: number of updated asset objects reloaded= 0
========================================================================
Received Prepare
Refreshing native plugins compatible for Editor in 1.34 ms, found 2 plugins.
Preloading 1 native plugins for Editor in 1.24 ms.
Unloading 43 Unused Serialized files (Serialized files now loaded: 0)
Unloading 5148 unused Assets / (13.5 MB). Loaded Objects now: 5911.
Memory consumption went from 131.9 MB to 118.4 MB.
Total: 7.838416 ms (FindLiveObjects: 0.185583 ms CreateObjectMapping: 0.074375 ms MarkObjects: 6.480833 ms  DeleteObjects: 1.097292 ms)

Prepare: number of updated asset objects reloaded= 0
========================================================================
Received Prepare
Refreshing native plugins compatible for Editor in 1.46 ms, found 2 plugins.
Preloading 1 native plugins for Editor in 1.17 ms.
Unloading 43 Unused Serialized files (Serialized files now loaded: 0)
Unloading 5148 unused Assets / (13.7 MB). Loaded Objects now: 5911.
Memory consumption went from 131.9 MB to 118.2 MB.
Total: 7.439167 ms (FindLiveObjects: 0.202250 ms CreateObjectMapping: 0.076916 ms MarkObjects: 5.954958 ms  DeleteObjects: 1.204833 ms)

Prepare: number of updated asset objects reloaded= 0
========================================================================
Received Prepare
Refreshing native plugins compatible for Editor in 1.45 ms, found 2 plugins.
Preloading 1 native plugins for Editor in 1.18 ms.
Unloading 43 Unused Serialized files (Serialized files now loaded: 0)
Unloading 5148 unused Assets / (13.6 MB). Loaded Objects now: 5911.
Memory consumption went from 131.9 MB to 118.3 MB.
Total: 7.719875 ms (FindLiveObjects: 0.185666 ms CreateObjectMapping: 0.084792 ms MarkObjects: 6.269250 ms  DeleteObjects: 1.179792 ms)

Prepare: number of updated asset objects reloaded= 0
========================================================================
Received Prepare
Refreshing native plugins compatible for Editor in 1.52 ms, found 2 plugins.
Preloading 1 native plugins for Editor in 1.18 ms.
Unloading 43 Unused Serialized files (Serialized files now loaded: 0)
Unloading 5148 unused Assets / (13.7 MB). Loaded Objects now: 5911.
Memory consumption went from 131.9 MB to 118.2 MB.
Total: 7.317625 ms (FindLiveObjects: 0.181750 ms CreateObjectMapping: 0.076167 ms MarkObjects: 5.885375 ms  DeleteObjects: 1.174167 ms)

Prepare: number of updated asset objects reloaded= 0
========================================================================
Received Prepare
Refreshing native plugins compatible for Editor in 1.41 ms, found 2 plugins.
Preloading 1 native plugins for Editor in 1.24 ms.
Unloading 43 Unused Serialized files (Serialized files now loaded: 0)
Unloading 5148 unused Assets / (12.9 MB). Loaded Objects now: 5911.
Memory consumption went from 131.9 MB to 119.0 MB.
Total: 7.379334 ms (FindLiveObjects: 0.185875 ms CreateObjectMapping: 0.079458 ms MarkObjects: 5.888709 ms  DeleteObjects: 1.225125 ms)

Prepare: number of updated asset objects reloaded= 0
========================================================================
Received Prepare
Refreshing native plugins compatible for Editor in 1.31 ms, found 2 plugins.
Preloading 1 native plugins for Editor in 1.16 ms.
Unloading 43 Unused Serialized files (Serialized files now loaded: 0)
Unloading 5148 unused Assets / (13.6 MB). Loaded Objects now: 5911.
Memory consumption went from 131.9 MB to 118.3 MB.
Total: 7.791375 ms (FindLiveObjects: 0.184333 ms CreateObjectMapping: 0.082958 ms MarkObjects: 6.329125 ms  DeleteObjects: 1.194792 ms)

Prepare: number of updated asset objects reloaded= 0
========================================================================
Received Prepare
Refreshing native plugins compatible for Editor in 1.28 ms, found 2 plugins.
Preloading 1 native plugins for Editor in 1.19 ms.
Unloading 43 Unused Serialized files (Serialized files now loaded: 0)
Unloading 5148 unused Assets / (13.7 MB). Loaded Objects now: 5911.
Memory consumption went from 131.9 MB to 118.2 MB.
Total: 7.425708 ms (FindLiveObjects: 0.184208 ms CreateObjectMapping: 0.077166 ms MarkObjects: 6.019209 ms  DeleteObjects: 1.144875 ms)

Prepare: number of updated asset objects reloaded= 0
========================================================================
Received Prepare
Refreshing native plugins compatible for Editor in 1.52 ms, found 2 plugins.
Preloading 1 native plugins for Editor in 1.19 ms.
Unloading 43 Unused Serialized files (Serialized files now loaded: 0)
Unloading 5148 unused Assets / (13.7 MB). Loaded Objects now: 5911.
Memory consumption went from 131.9 MB to 118.2 MB.
Total: 7.484541 ms (FindLiveObjects: 0.186917 ms CreateObjectMapping: 0.078166 ms MarkObjects: 6.020834 ms  DeleteObjects: 1.198458 ms)

Prepare: number of updated asset objects reloaded= 0
========================================================================
Received Prepare
Refreshing native plugins compatible for Editor in 1.53 ms, found 2 plugins.
Preloading 1 native plugins for Editor in 1.18 ms.
Unloading 43 Unused Serialized files (Serialized files now loaded: 0)
Unloading 5148 unused Assets / (13.7 MB). Loaded Objects now: 5911.
Memory consumption went from 131.9 MB to 118.2 MB.
Total: 7.385208 ms (FindLiveObjects: 0.188041 ms CreateObjectMapping: 0.081750 ms MarkObjects: 5.944750 ms  DeleteObjects: 1.170333 ms)

Prepare: number of updated asset objects reloaded= 0
========================================================================
Received Prepare
Refreshing native plugins compatible for Editor in 1.45 ms, found 2 plugins.
Preloading 1 native plugins for Editor in 1.16 ms.
Unloading 43 Unused Serialized files (Serialized files now loaded: 0)
Unloading 5148 unused Assets / (13.7 MB). Loaded Objects now: 5911.
Memory consumption went from 131.9 MB to 118.2 MB.
Total: 7.473458 ms (FindLiveObjects: 0.186917 ms CreateObjectMapping: 0.078000 ms MarkObjects: 6.003500 ms  DeleteObjects: 1.204875 ms)

Prepare: number of updated asset objects reloaded= 0
========================================================================
Received Prepare
Refreshing native plugins compatible for Editor in 1.45 ms, found 2 plugins.
Preloading 1 native plugins for Editor in 1.17 ms.
Unloading 43 Unused Serialized files (Serialized files now loaded: 0)
Unloading 5148 unused Assets / (13.7 MB). Loaded Objects now: 5911.
Memory consumption went from 131.9 MB to 118.2 MB.
Total: 7.391666 ms (FindLiveObjects: 0.185125 ms CreateObjectMapping: 0.074500 ms MarkObjects: 5.978833 ms  DeleteObjects: 1.153041 ms)

Prepare: number of updated asset objects reloaded= 0
========================================================================
Received Prepare
Refreshing native plugins compatible for Editor in 1.55 ms, found 2 plugins.
Preloading 1 native plugins for Editor in 1.15 ms.
Unloading 43 Unused Serialized files (Serialized files now loaded: 0)
Unloading 5148 unused Assets / (14.2 MB). Loaded Objects now: 5911.
Memory consumption went from 131.9 MB to 117.7 MB.
Total: 7.558750 ms (FindLiveObjects: 0.185667 ms CreateObjectMapping: 0.077458 ms MarkObjects: 5.978667 ms  DeleteObjects: 1.316791 ms)

Prepare: number of updated asset objects reloaded= 0
========================================================================
Received Prepare
Refreshing native plugins compatible for Editor in 1.53 ms, found 2 plugins.
Preloading 1 native plugins for Editor in 1.21 ms.
Unloading 43 Unused Serialized files (Serialized files now loaded: 0)
Unloading 5148 unused Assets / (13.7 MB). Loaded Objects now: 5911.
Memory consumption went from 131.9 MB to 118.2 MB.
Total: 7.498584 ms (FindLiveObjects: 0.187667 ms CreateObjectMapping: 0.085084 ms MarkObjects: 6.028625 ms  DeleteObjects: 1.197042 ms)

Prepare: number of updated asset objects reloaded= 0
========================================================================
Received Prepare
Refreshing native plugins compatible for Editor in 1.49 ms, found 2 plugins.
Preloading 1 native plugins for Editor in 1.19 ms.
Unloading 43 Unused Serialized files (Serialized files now loaded: 0)
Unloading 5148 unused Assets / (13.7 MB). Loaded Objects now: 5911.
Memory consumption went from 131.9 MB to 118.2 MB.
Total: 7.172125 ms (FindLiveObjects: 0.186167 ms CreateObjectMapping: 0.080750 ms MarkObjects: 5.749666 ms  DeleteObjects: 1.155417 ms)

Prepare: number of updated asset objects reloaded= 0
========================================================================
Received Prepare
Refreshing native plugins compatible for Editor in 1.06 ms, found 2 plugins.
Preloading 1 native plugins for Editor in 1.13 ms.
Unloading 43 Unused Serialized files (Serialized files now loaded: 0)
Unloading 5148 unused Assets / (13.8 MB). Loaded Objects now: 5911.
Memory consumption went from 131.9 MB to 118.1 MB.
Total: 7.493750 ms (FindLiveObjects: 0.187208 ms CreateObjectMapping: 0.089208 ms MarkObjects: 5.956334 ms  DeleteObjects: 1.260875 ms)

Prepare: number of updated asset objects reloaded= 0
========================================================================
Received Prepare
Refreshing native plugins compatible for Editor in 1.28 ms, found 2 plugins.
Preloading 1 native plugins for Editor in 1.15 ms.
Unloading 43 Unused Serialized files (Serialized files now loaded: 0)
Unloading 5148 unused Assets / (13.7 MB). Loaded Objects now: 5911.
Memory consumption went from 131.9 MB to 118.2 MB.
Total: 7.443792 ms (FindLiveObjects: 0.185875 ms CreateObjectMapping: 0.080375 ms MarkObjects: 5.996041 ms  DeleteObjects: 1.181292 ms)

Prepare: number of updated asset objects reloaded= 0
========================================================================
Received Prepare
Refreshing native plugins compatible for Editor in 1.39 ms, found 2 plugins.
Preloading 1 native plugins for Editor in 1.15 ms.
Unloading 43 Unused Serialized files (Serialized files now loaded: 0)
Unloading 5148 unused Assets / (13.6 MB). Loaded Objects now: 5911.
Memory consumption went from 131.9 MB to 118.3 MB.
Total: 7.364875 ms (FindLiveObjects: 0.186125 ms CreateObjectMapping: 0.075500 ms MarkObjects: 5.957000 ms  DeleteObjects: 1.145791 ms)

Prepare: number of updated asset objects reloaded= 0
========================================================================
Received Prepare
Refreshing native plugins compatible for Editor in 1.02 ms, found 2 plugins.
Preloading 1 native plugins for Editor in 1.18 ms.
Unloading 43 Unused Serialized files (Serialized files now loaded: 0)
Unloading 5148 unused Assets / (13.5 MB). Loaded Objects now: 5911.
Memory consumption went from 131.9 MB to 118.4 MB.
Total: 7.419709 ms (FindLiveObjects: 0.190541 ms CreateObjectMapping: 0.070042 ms MarkObjects: 5.960667 ms  DeleteObjects: 1.198250 ms)

Prepare: number of updated asset objects reloaded= 0
========================================================================
Received Prepare
Refreshing native plugins compatible for Editor in 1.53 ms, found 2 plugins.
Preloading 1 native plugins for Editor in 1.17 ms.
Unloading 43 Unused Serialized files (Serialized files now loaded: 0)
Unloading 5148 unused Assets / (13.8 MB). Loaded Objects now: 5911.
Memory consumption went from 131.9 MB to 118.1 MB.
Total: 7.164000 ms (FindLiveObjects: 0.195125 ms CreateObjectMapping: 0.079416 ms MarkObjects: 5.668542 ms  DeleteObjects: 1.220583 ms)

Prepare: number of updated asset objects reloaded= 0
========================================================================
Received Prepare
Refreshing native plugins compatible for Editor in 1.45 ms, found 2 plugins.
Preloading 1 native plugins for Editor in 1.18 ms.
Unloading 43 Unused Serialized files (Serialized files now loaded: 0)
Unloading 5148 unused Assets / (13.9 MB). Loaded Objects now: 5911.
Memory consumption went from 131.9 MB to 118.0 MB.
Total: 7.512750 ms (FindLiveObjects: 0.188417 ms CreateObjectMapping: 0.082042 ms MarkObjects: 5.977916 ms  DeleteObjects: 1.264208 ms)

Prepare: number of updated asset objects reloaded= 0
========================================================================
Received Prepare
Refreshing native plugins compatible for Editor in 1.51 ms, found 2 plugins.
Preloading 1 native plugins for Editor in 1.16 ms.
Unloading 43 Unused Serialized files (Serialized files now loaded: 0)
Unloading 5148 unused Assets / (13.8 MB). Loaded Objects now: 5911.
Memory consumption went from 131.9 MB to 118.1 MB.
Total: 7.560417 ms (FindLiveObjects: 0.189291 ms CreateObjectMapping: 0.080667 ms MarkObjects: 6.082625 ms  DeleteObjects: 1.207667 ms)

Prepare: number of updated asset objects reloaded= 0
========================================================================
Received Prepare
Refreshing native plugins compatible for Editor in 1.35 ms, found 2 plugins.
Preloading 1 native plugins for Editor in 1.20 ms.
Unloading 43 Unused Serialized files (Serialized files now loaded: 0)
Unloading 5148 unused Assets / (13.8 MB). Loaded Objects now: 5911.
Memory consumption went from 131.9 MB to 118.1 MB.
Total: 7.430041 ms (FindLiveObjects: 0.187042 ms CreateObjectMapping: 0.082125 ms MarkObjects: 5.946041 ms  DeleteObjects: 1.214541 ms)

Prepare: number of updated asset objects reloaded= 0
========================================================================
Received Prepare
Refreshing native plugins compatible for Editor in 1.52 ms, found 2 plugins.
Preloading 1 native plugins for Editor in 1.17 ms.
Unloading 43 Unused Serialized files (Serialized files now loaded: 0)
Unloading 5148 unused Assets / (14.3 MB). Loaded Objects now: 5911.
Memory consumption went from 131.9 MB to 117.6 MB.
Total: 7.610500 ms (FindLiveObjects: 0.196583 ms CreateObjectMapping: 0.080542 ms MarkObjects: 6.043708 ms  DeleteObjects: 1.289208 ms)

Prepare: number of updated asset objects reloaded= 0
========================================================================
Received Prepare
Refreshing native plugins compatible for Editor in 1.51 ms, found 2 plugins.
Preloading 1 native plugins for Editor in 1.18 ms.
Unloading 43 Unused Serialized files (Serialized files now loaded: 0)
Unloading 5148 unused Assets / (13.5 MB). Loaded Objects now: 5911.
Memory consumption went from 131.9 MB to 118.4 MB.
Total: 7.288250 ms (FindLiveObjects: 0.186417 ms CreateObjectMapping: 0.072416 ms MarkObjects: 5.905709 ms  DeleteObjects: 1.123375 ms)

Prepare: number of updated asset objects reloaded= 0
========================================================================
Received Prepare
Refreshing native plugins compatible for Editor in 1.55 ms, found 2 plugins.
Preloading 1 native plugins for Editor in 1.23 ms.
Unloading 43 Unused Serialized files (Serialized files now loaded: 0)
Unloading 5148 unused Assets / (13.5 MB). Loaded Objects now: 5911.
Memory consumption went from 131.9 MB to 118.4 MB.
Total: 9.066291 ms (FindLiveObjects: 0.196209 ms CreateObjectMapping: 0.083041 ms MarkObjects: 7.565250 ms  DeleteObjects: 1.221375 ms)

Prepare: number of updated asset objects reloaded= 0
========================================================================
Received Prepare
Refreshing native plugins compatible for Editor in 1.43 ms, found 2 plugins.
Preloading 1 native plugins for Editor in 1.16 ms.
Unloading 43 Unused Serialized files (Serialized files now loaded: 0)
Unloading 5148 unused Assets / (13.9 MB). Loaded Objects now: 5911.
Memory consumption went from 131.9 MB to 118.0 MB.
Total: 7.779042 ms (FindLiveObjects: 0.194041 ms CreateObjectMapping: 0.074209 ms MarkObjects: 6.148208 ms  DeleteObjects: 1.362417 ms)

Prepare: number of updated asset objects reloaded= 0
========================================================================
Received Prepare
Refreshing native plugins compatible for Editor in 1.50 ms, found 2 plugins.
Preloading 1 native plugins for Editor in 1.16 ms.
Unloading 43 Unused Serialized files (Serialized files now loaded: 0)
Unloading 5148 unused Assets / (14.2 MB). Loaded Objects now: 5911.
Memory consumption went from 131.9 MB to 117.7 MB.
Total: 7.696417 ms (FindLiveObjects: 0.194792 ms CreateObjectMapping: 0.092000 ms MarkObjects: 6.082708 ms  DeleteObjects: 1.326750 ms)

Prepare: number of updated asset objects reloaded= 0
========================================================================
Received Prepare
Refreshing native plugins compatible for Editor in 1.26 ms, found 2 plugins.
Preloading 1 native plugins for Editor in 1.17 ms.
Unloading 43 Unused Serialized files (Serialized files now loaded: 0)
Unloading 5148 unused Assets / (13.8 MB). Loaded Objects now: 5911.
Memory consumption went from 131.9 MB to 118.1 MB.
Total: 7.532083 ms (FindLiveObjects: 0.181125 ms CreateObjectMapping: 0.081750 ms MarkObjects: 5.988667 ms  DeleteObjects: 1.280250 ms)

Prepare: number of updated asset objects reloaded= 0
========================================================================
Received Prepare
Refreshing native plugins compatible for Editor in 1.56 ms, found 2 plugins.
Preloading 1 native plugins for Editor in 1.18 ms.
Unloading 43 Unused Serialized files (Serialized files now loaded: 0)
Unloading 5148 unused Assets / (13.6 MB). Loaded Objects now: 5911.
Memory consumption went from 131.9 MB to 118.3 MB.
Total: 7.519500 ms (FindLiveObjects: 0.182083 ms CreateObjectMapping: 0.074417 ms MarkObjects: 6.054083 ms  DeleteObjects: 1.208708 ms)

Prepare: number of updated asset objects reloaded= 0
========================================================================
Received Prepare
Refreshing native plugins compatible for Editor in 1.41 ms, found 2 plugins.
Preloading 1 native plugins for Editor in 1.19 ms.
Unloading 43 Unused Serialized files (Serialized files now loaded: 0)
Unloading 5148 unused Assets / (14.0 MB). Loaded Objects now: 5911.
Memory consumption went from 131.9 MB to 117.9 MB.
Total: 7.421416 ms (FindLiveObjects: 0.182542 ms CreateObjectMapping: 0.076250 ms MarkObjects: 5.920666 ms  DeleteObjects: 1.241750 ms)

Prepare: number of updated asset objects reloaded= 0
========================================================================
Received Prepare
Refreshing native plugins compatible for Editor in 1.23 ms, found 2 plugins.
Preloading 1 native plugins for Editor in 1.17 ms.
Unloading 43 Unused Serialized files (Serialized files now loaded: 0)
Unloading 5148 unused Assets / (13.7 MB). Loaded Objects now: 5911.
Memory consumption went from 131.9 MB to 118.2 MB.
Total: 7.271917 ms (FindLiveObjects: 0.184334 ms CreateObjectMapping: 0.088750 ms MarkObjects: 5.850833 ms  DeleteObjects: 1.147709 ms)

Prepare: number of updated asset objects reloaded= 0
========================================================================
Received Prepare
Refreshing native plugins compatible for Editor in 1.29 ms, found 2 plugins.
Preloading 1 native plugins for Editor in 1.16 ms.
Unloading 43 Unused Serialized files (Serialized files now loaded: 0)
Unloading 5148 unused Assets / (13.8 MB). Loaded Objects now: 5911.
Memory consumption went from 131.9 MB to 118.1 MB.
Total: 7.764208 ms (FindLiveObjects: 0.190375 ms CreateObjectMapping: 0.075625 ms MarkObjects: 6.258333 ms  DeleteObjects: 1.239458 ms)

Prepare: number of updated asset objects reloaded= 0
========================================================================
Received Prepare
Refreshing native plugins compatible for Editor in 1.49 ms, found 2 plugins.
Preloading 1 native plugins for Editor in 1.21 ms.
Unloading 43 Unused Serialized files (Serialized files now loaded: 0)
Unloading 5148 unused Assets / (13.9 MB). Loaded Objects now: 5911.
Memory consumption went from 131.9 MB to 118.0 MB.
Total: 7.492667 ms (FindLiveObjects: 0.193333 ms CreateObjectMapping: 0.079625 ms MarkObjects: 5.985000 ms  DeleteObjects: 1.234375 ms)

Prepare: number of updated asset objects reloaded= 0
========================================================================
Received Prepare
Refreshing native plugins compatible for Editor in 1.82 ms, found 2 plugins.
Preloading 1 native plugins for Editor in 1.21 ms.
Unloading 43 Unused Serialized files (Serialized files now loaded: 0)
Unloading 5148 unused Assets / (13.9 MB). Loaded Objects now: 5911.
Memory consumption went from 131.9 MB to 118.0 MB.
Total: 7.380916 ms (FindLiveObjects: 0.185583 ms CreateObjectMapping: 0.079459 ms MarkObjects: 5.860291 ms  DeleteObjects: 1.255459 ms)

Prepare: number of updated asset objects reloaded= 0
========================================================================
Received Prepare
Refreshing native plugins compatible for Editor in 1.50 ms, found 2 plugins.
Preloading 1 native plugins for Editor in 1.22 ms.
Unloading 43 Unused Serialized files (Serialized files now loaded: 0)
Unloading 5148 unused Assets / (13.7 MB). Loaded Objects now: 5911.
Memory consumption went from 131.9 MB to 118.2 MB.
Total: 7.757209 ms (FindLiveObjects: 0.185959 ms CreateObjectMapping: 0.078333 ms MarkObjects: 6.266125 ms  DeleteObjects: 1.226667 ms)

Prepare: number of updated asset objects reloaded= 0
========================================================================
Received Prepare
Refreshing native plugins compatible for Editor in 1.47 ms, found 2 plugins.
Preloading 1 native plugins for Editor in 1.17 ms.
Unloading 43 Unused Serialized files (Serialized files now loaded: 0)
Unloading 5148 unused Assets / (13.6 MB). Loaded Objects now: 5911.
Memory consumption went from 131.9 MB to 118.3 MB.
Total: 7.474708 ms (FindLiveObjects: 0.185667 ms CreateObjectMapping: 0.075458 ms MarkObjects: 6.011584 ms  DeleteObjects: 1.201792 ms)

Prepare: number of updated asset objects reloaded= 0
========================================================================
Received Prepare
Refreshing native plugins compatible for Editor in 1.40 ms, found 2 plugins.
Preloading 1 native plugins for Editor in 1.18 ms.
Unloading 43 Unused Serialized files (Serialized files now loaded: 0)
Unloading 5148 unused Assets / (13.7 MB). Loaded Objects now: 5911.
Memory consumption went from 131.9 MB to 118.2 MB.
Total: 7.438083 ms (FindLiveObjects: 0.188000 ms CreateObjectMapping: 0.080292 ms MarkObjects: 6.016458 ms  DeleteObjects: 1.153292 ms)

Prepare: number of updated asset objects reloaded= 0
========================================================================
Received Prepare
Refreshing native plugins compatible for Editor in 1.36 ms, found 2 plugins.
Preloading 1 native plugins for Editor in 1.15 ms.
Unloading 43 Unused Serialized files (Serialized files now loaded: 0)
Unloading 5148 unused Assets / (13.5 MB). Loaded Objects now: 5911.
Memory consumption went from 131.9 MB to 118.4 MB.
Total: 7.738375 ms (FindLiveObjects: 0.195750 ms CreateObjectMapping: 0.075916 ms MarkObjects: 6.375709 ms  DeleteObjects: 1.090750 ms)

Prepare: number of updated asset objects reloaded= 0
========================================================================
Received Prepare
Refreshing native plugins compatible for Editor in 1.43 ms, found 2 plugins.
Preloading 1 native plugins for Editor in 1.20 ms.
Unloading 43 Unused Serialized files (Serialized files now loaded: 0)
Unloading 5148 unused Assets / (13.6 MB). Loaded Objects now: 5911.
Memory consumption went from 131.9 MB to 118.3 MB.
Total: 7.329375 ms (FindLiveObjects: 0.183875 ms CreateObjectMapping: 0.076792 ms MarkObjects: 5.914375 ms  DeleteObjects: 1.154125 ms)

Prepare: number of updated asset objects reloaded= 0
========================================================================
Received Prepare
Refreshing native plugins compatible for Editor in 1.46 ms, found 2 plugins.
Preloading 1 native plugins for Editor in 1.18 ms.
Unloading 43 Unused Serialized files (Serialized files now loaded: 0)
Unloading 5148 unused Assets / (13.7 MB). Loaded Objects now: 5911.
Memory consumption went from 131.9 MB to 118.2 MB.
Total: 7.451459 ms (FindLiveObjects: 0.188292 ms CreateObjectMapping: 0.072042 ms MarkObjects: 5.983250 ms  DeleteObjects: 1.207542 ms)

Prepare: number of updated asset objects reloaded= 0
========================================================================
Received Prepare
Refreshing native plugins compatible for Editor in 1.42 ms, found 2 plugins.
Preloading 1 native plugins for Editor in 1.26 ms.
Unloading 43 Unused Serialized files (Serialized files now loaded: 0)
Unloading 5148 unused Assets / (13.7 MB). Loaded Objects now: 5911.
Memory consumption went from 131.9 MB to 118.2 MB.
Total: 7.424208 ms (FindLiveObjects: 0.189292 ms CreateObjectMapping: 0.071541 ms MarkObjects: 5.988334 ms  DeleteObjects: 1.174833 ms)

Prepare: number of updated asset objects reloaded= 0
========================================================================
Received Prepare
Refreshing native plugins compatible for Editor in 1.18 ms, found 2 plugins.
Preloading 1 native plugins for Editor in 1.19 ms.
Unloading 43 Unused Serialized files (Serialized files now loaded: 0)
Unloading 5148 unused Assets / (13.7 MB). Loaded Objects now: 5911.
Memory consumption went from 131.9 MB to 118.2 MB.
Total: 7.081000 ms (FindLiveObjects: 0.186958 ms CreateObjectMapping: 0.075375 ms MarkObjects: 5.626625 ms  DeleteObjects: 1.191791 ms)

Prepare: number of updated asset objects reloaded= 0
========================================================================
Received Prepare
Refreshing native plugins compatible for Editor in 1.48 ms, found 2 plugins.
Preloading 1 native plugins for Editor in 1.24 ms.
Unloading 43 Unused Serialized files (Serialized files now loaded: 0)
Unloading 5148 unused Assets / (13.6 MB). Loaded Objects now: 5911.
Memory consumption went from 131.9 MB to 118.3 MB.
Total: 7.840542 ms (FindLiveObjects: 0.202833 ms CreateObjectMapping: 0.084209 ms MarkObjects: 6.351291 ms  DeleteObjects: 1.201917 ms)

Prepare: number of updated asset objects reloaded= 0
========================================================================
Received Prepare
Refreshing native plugins compatible for Editor in 1.62 ms, found 2 plugins.
Preloading 1 native plugins for Editor in 1.25 ms.
Unloading 43 Unused Serialized files (Serialized files now loaded: 0)
Unloading 5148 unused Assets / (13.3 MB). Loaded Objects now: 5911.
Memory consumption went from 131.9 MB to 118.6 MB.
Total: 7.504958 ms (FindLiveObjects: 0.184291 ms CreateObjectMapping: 0.076584 ms MarkObjects: 6.098083 ms  DeleteObjects: 1.145583 ms)

Prepare: number of updated asset objects reloaded= 0
========================================================================
Received Prepare
Refreshing native plugins compatible for Editor in 1.44 ms, found 2 plugins.
Preloading 1 native plugins for Editor in 1.23 ms.
Unloading 43 Unused Serialized files (Serialized files now loaded: 0)
Unloading 5148 unused Assets / (13.6 MB). Loaded Objects now: 5911.
Memory consumption went from 131.9 MB to 118.3 MB.
Total: 7.382500 ms (FindLiveObjects: 0.187041 ms CreateObjectMapping: 0.080750 ms MarkObjects: 5.938209 ms  DeleteObjects: 1.176208 ms)

Prepare: number of updated asset objects reloaded= 0
========================================================================
Received Prepare
Begin MonoManager ReloadAssembly
[Licensing::Client] Successfully resolved entitlement details
[Licensing::Module] License group:
  Id: F4-85AS-8ZW6-XMRF-425Z-XXXX
  Product: Unity Personal
  Type: ULF
  Expiration: Unlimited
[Licensing::Module] License group:
  Id: 6872810951280-UnityPersXXXX
  Product: Unity Personal
  Type: Assigned
  Expiration: Unlimited
Thread 0x16b58f000 may have been prematurely finalized
Symbol file LoadedFromMemory is not a mono symbol file
Symbol file LoadedFromMemory is not a mono symbol file
- Loaded All Assemblies, in  0.377 seconds
Refreshing native plugins compatible for Editor in 1.19 ms, found 2 plugins.
Native extension for OSXStandalone target not found
Native extension for WebGL target not found
Refreshing native plugins compatible for Editor in 1.29 ms, found 2 plugins.
[Package Manager] Failed to launch server process. Reason: Unity was launched with the -noUpm command-line argument
[Package Manager] Unable to send message (not connected to server process).
[Package Manager] Cannot connect to Unity Package Manager local server
ScheduleIndexationOnStartup MainProcess:False IndexOnStartup:True
Mono: successfully reloaded assembly
- Finished resetting the current domain, in  0.392 seconds
Domain Reload Profiling: 770ms
	BeginReloadAssembly (95ms)
		ExecutionOrderSort (0ms)
		DisableScriptedObjects (4ms)
		BackupInstance (0ms)
		ReleaseScriptingObjects (0ms)
		CreateAndSetChildDomain (31ms)
	RebuildCommonClasses (16ms)
	RebuildNativeTypeToScriptingClass (6ms)
	initialDomainReloadingComplete (10ms)
	LoadAllAssembliesAndSetupDomain (251ms)
		LoadAssemblies (211ms)
		RebuildTransferFunctionScriptingTraits (0ms)
		AnalyzeDomain (73ms)
			TypeCache.Refresh (8ms)
				TypeCache.ScanAssembly (0ms)
			BuildScriptInfoCaches (62ms)
			ResolveRequiredComponents (1ms)
	FinalizeReload (392ms)
		ReleaseScriptCaches (0ms)
		RebuildScriptCaches (0ms)
		SetupLoadedEditorAssemblies (345ms)
			LogAssemblyErrors (0ms)
			InitializePlatformSupportModulesInManaged (1ms)
			SetLoadedEditorAssemblies (2ms)
			BeforeProcessingInitializeOnLoad (83ms)
			ProcessInitializeOnLoadAttributes (161ms)
			ProcessInitializeOnLoadMethodAttributes (98ms)
			AfterProcessingInitializeOnLoad (0ms)
			EditorAssembliesLoaded (0ms)
		ExecutionOrderSort2 (0ms)
		AwakeInstancesAfterBackupRestoration (1ms)
Refreshing native plugins compatible for Editor in 1.49 ms, found 2 plugins.
Preloading 1 native plugins for Editor in 1.20 ms.
Unloading 43 Unused Serialized files (Serialized files now loaded: 0)
Unloading 5193 unused Assets / (14.0 MB). Loaded Objects now: 5915.
Memory consumption went from 145.5 MB to 131.5 MB.
Total: 7.697166 ms (FindLiveObjects: 0.193458 ms CreateObjectMapping: 0.077375 ms MarkObjects: 6.079625 ms  DeleteObjects: 1.346500 ms)

Prepare: number of updated asset objects reloaded= 0
========================================================================
Received Prepare
Refreshing native plugins compatible for Editor in 0.98 ms, found 2 plugins.
Preloading 1 native plugins for Editor in 1.12 ms.
Unloading 43 Unused Serialized files (Serialized files now loaded: 0)
Unloading 5148 unused Assets / (13.6 MB). Loaded Objects now: 5915.
Memory consumption went from 131.9 MB to 118.3 MB.
Total: 7.523833 ms (FindLiveObjects: 0.170875 ms CreateObjectMapping: 0.098333 ms MarkObjects: 6.230875 ms  DeleteObjects: 1.023542 ms)

Prepare: number of updated asset objects reloaded= 0
========================================================================
Received Prepare
Refreshing native plugins compatible for Editor in 1.49 ms, found 2 plugins.
Preloading 1 native plugins for Editor in 1.19 ms.
Unloading 43 Unused Serialized files (Serialized files now loaded: 0)
Unloading 5148 unused Assets / (13.6 MB). Loaded Objects now: 5915.
Memory consumption went from 131.9 MB to 118.3 MB.
Total: 7.335666 ms (FindLiveObjects: 0.186209 ms CreateObjectMapping: 0.079208 ms MarkObjects: 5.915500 ms  DeleteObjects: 1.154625 ms)

Prepare: number of updated asset objects reloaded= 0
========================================================================
Received Prepare
Refreshing native plugins compatible for Editor in 1.42 ms, found 2 plugins.
Preloading 1 native plugins for Editor in 1.23 ms.
Unloading 43 Unused Serialized files (Serialized files now loaded: 0)
Unloading 5148 unused Assets / (11.8 MB). Loaded Objects now: 5915.
Memory consumption went from 131.9 MB to 120.1 MB.
Total: 7.696000 ms (FindLiveObjects: 0.193750 ms CreateObjectMapping: 0.075417 ms MarkObjects: 6.410458 ms  DeleteObjects: 1.016333 ms)

Prepare: number of updated asset objects reloaded= 0
========================================================================
Received Prepare
Refreshing native plugins compatible for Editor in 1.56 ms, found 2 plugins.
Preloading 1 native plugins for Editor in 1.19 ms.
Unloading 43 Unused Serialized files (Serialized files now loaded: 0)
Unloading 5148 unused Assets / (13.7 MB). Loaded Objects now: 5915.
Memory consumption went from 131.9 MB to 118.2 MB.
Total: 7.448750 ms (FindLiveObjects: 0.185792 ms CreateObjectMapping: 0.076875 ms MarkObjects: 5.955417 ms  DeleteObjects: 1.230458 ms)

Prepare: number of updated asset objects reloaded= 0
========================================================================
Received Prepare
Refreshing native plugins compatible for Editor in 1.47 ms, found 2 plugins.
Preloading 1 native plugins for Editor in 1.18 ms.
Unloading 43 Unused Serialized files (Serialized files now loaded: 0)
Unloading 5148 unused Assets / (13.7 MB). Loaded Objects now: 5915.
Memory consumption went from 131.9 MB to 118.2 MB.
Total: 7.461542 ms (FindLiveObjects: 0.184208 ms CreateObjectMapping: 0.072792 ms MarkObjects: 6.007875 ms  DeleteObjects: 1.196083 ms)

Prepare: number of updated asset objects reloaded= 0
========================================================================
Received Prepare
Refreshing native plugins compatible for Editor in 1.29 ms, found 2 plugins.
Preloading 1 native plugins for Editor in 1.15 ms.
Unloading 43 Unused Serialized files (Serialized files now loaded: 0)
Unloading 5148 unused Assets / (14.2 MB). Loaded Objects now: 5915.
Memory consumption went from 131.9 MB to 117.7 MB.
Total: 7.550417 ms (FindLiveObjects: 0.184208 ms CreateObjectMapping: 0.073875 ms MarkObjects: 6.003417 ms  DeleteObjects: 1.288667 ms)

Prepare: number of updated asset objects reloaded= 0
========================================================================
Received Prepare
Refreshing native plugins compatible for Editor in 1.45 ms, found 2 plugins.
Preloading 1 native plugins for Editor in 1.18 ms.
Unloading 43 Unused Serialized files (Serialized files now loaded: 0)
Unloading 5148 unused Assets / (13.8 MB). Loaded Objects now: 5915.
Memory consumption went from 131.9 MB to 118.1 MB.
Total: 7.507250 ms (FindLiveObjects: 0.189541 ms CreateObjectMapping: 0.082333 ms MarkObjects: 6.007084 ms  DeleteObjects: 1.228042 ms)

Prepare: number of updated asset objects reloaded= 0
========================================================================
Received Prepare
Begin MonoManager ReloadAssembly
[Licensing::Client] Successfully resolved entitlement details
[Licensing::Module] License group:
  Id: F4-85AS-8ZW6-XMRF-425Z-XXXX
  Product: Unity Personal
  Type: ULF
  Expiration: Unlimited
[Licensing::Module] License group:
  Id: 6872810951280-UnityPersXXXX
  Product: Unity Personal
  Type: Assigned
  Expiration: Unlimited
Thread 0x16b247000 may have been prematurely finalized
Symbol file LoadedFromMemory is not a mono symbol file
Symbol file LoadedFromMemory is not a mono symbol file
- Loaded All Assemblies, in  0.341 seconds
Refreshing native plugins compatible for Editor in 1.19 ms, found 2 plugins.
Native extension for OSXStandalone target not found
Native extension for WebGL target not found
Refreshing native plugins compatible for Editor in 1.58 ms, found 2 plugins.
[Package Manager] Failed to launch server process. Reason: Unity was launched with the -noUpm command-line argument
[Package Manager] Unable to send message (not connected to server process).
[Package Manager] Cannot connect to Unity Package Manager local server
ScheduleIndexationOnStartup MainProcess:False IndexOnStartup:True
Mono: successfully reloaded assembly
- Finished resetting the current domain, in  0.394 seconds
Domain Reload Profiling: 737ms
	BeginReloadAssembly (72ms)
		ExecutionOrderSort (0ms)
		DisableScriptedObjects (3ms)
		BackupInstance (0ms)
		ReleaseScriptingObjects (0ms)
		CreateAndSetChildDomain (21ms)
	RebuildCommonClasses (15ms)
	RebuildNativeTypeToScriptingClass (6ms)
	initialDomainReloadingComplete (9ms)
	LoadAllAssembliesAndSetupDomain (239ms)
		LoadAssemblies (185ms)
		RebuildTransferFunctionScriptingTraits (0ms)
		AnalyzeDomain (77ms)
			TypeCache.Refresh (7ms)
				TypeCache.ScanAssembly (0ms)
			BuildScriptInfoCaches (67ms)
			ResolveRequiredComponents (1ms)
	FinalizeReload (395ms)
		ReleaseScriptCaches (0ms)
		RebuildScriptCaches (0ms)
		SetupLoadedEditorAssemblies (346ms)
			LogAssemblyErrors (0ms)
			InitializePlatformSupportModulesInManaged (1ms)
			SetLoadedEditorAssemblies (2ms)
			BeforeProcessingInitializeOnLoad (83ms)
			ProcessInitializeOnLoadAttributes (164ms)
			ProcessInitializeOnLoadMethodAttributes (97ms)
			AfterProcessingInitializeOnLoad (0ms)
			EditorAssembliesLoaded (0ms)
		ExecutionOrderSort2 (0ms)
		AwakeInstancesAfterBackupRestoration (1ms)
Refreshing native plugins compatible for Editor in 1.28 ms, found 2 plugins.
Preloading 1 native plugins for Editor in 1.17 ms.
Unloading 43 Unused Serialized files (Serialized files now loaded: 0)
Unloading 5193 unused Assets / (13.8 MB). Loaded Objects now: 5919.
Memory consumption went from 145.6 MB to 131.8 MB.
Total: 7.448875 ms (FindLiveObjects: 0.182208 ms CreateObjectMapping: 0.074208 ms MarkObjects: 5.963917 ms  DeleteObjects: 1.228333 ms)

Prepare: number of updated asset objects reloaded= 0
========================================================================
Received Prepare
Refreshing native plugins compatible for Editor in 1.00 ms, found 2 plugins.
Preloading 1 native plugins for Editor in 1.13 ms.
Unloading 43 Unused Serialized files (Serialized files now loaded: 0)
Unloading 5148 unused Assets / (14.2 MB). Loaded Objects now: 5919.
Memory consumption went from 131.9 MB to 117.8 MB.
Total: 7.700666 ms (FindLiveObjects: 0.169208 ms CreateObjectMapping: 0.093292 ms MarkObjects: 6.322125 ms  DeleteObjects: 1.115875 ms)

Prepare: number of updated asset objects reloaded= 0
========================================================================
Received Prepare
Begin MonoManager ReloadAssembly
Thread 0x16b247000 may have been prematurely finalized
Symbol file LoadedFromMemory is not a mono symbol file
Symbol file LoadedFromMemory is not a mono symbol file
- Loaded All Assemblies, in  0.299 seconds
Refreshing native plugins compatible for Editor in 1.48 ms, found 2 plugins.
Native extension for OSXStandalone target not found
Native extension for WebGL target not found
Refreshing native plugins compatible for Editor in 1.05 ms, found 2 plugins.
[Package Manager] Failed to launch server process. Reason: Unity was launched with the -noUpm command-line argument
[Package Manager] Unable to send message (not connected to server process).
[Package Manager] Cannot connect to Unity Package Manager local server
ScheduleIndexationOnStartup MainProcess:False IndexOnStartup:True
Mono: successfully reloaded assembly
- Finished resetting the current domain, in  0.392 seconds
Domain Reload Profiling: 692ms
	BeginReloadAssembly (72ms)
		ExecutionOrderSort (0ms)
		DisableScriptedObjects (3ms)
		BackupInstance (0ms)
		ReleaseScriptingObjects (0ms)
		CreateAndSetChildDomain (21ms)
	RebuildCommonClasses (16ms)
	RebuildNativeTypeToScriptingClass (6ms)
	initialDomainReloadingComplete (9ms)
	LoadAllAssembliesAndSetupDomain (197ms)
		LoadAssemblies (153ms)
		RebuildTransferFunctionScriptingTraits (0ms)
		AnalyzeDomain (66ms)
			TypeCache.Refresh (6ms)
				TypeCache.ScanAssembly (0ms)
			BuildScriptInfoCaches (57ms)
			ResolveRequiredComponents (1ms)
	FinalizeReload (392ms)
		ReleaseScriptCaches (0ms)
		RebuildScriptCaches (0ms)
		SetupLoadedEditorAssemblies (345ms)
			LogAssemblyErrors (0ms)
			InitializePlatformSupportModulesInManaged (1ms)
			SetLoadedEditorAssemblies (2ms)
			BeforeProcessingInitializeOnLoad (81ms)
			ProcessInitializeOnLoadAttributes (164ms)
			ProcessInitializeOnLoadMethodAttributes (97ms)
			AfterProcessingInitializeOnLoad (0ms)
			EditorAssembliesLoaded (0ms)
		ExecutionOrderSort2 (0ms)
		AwakeInstancesAfterBackupRestoration (1ms)
Refreshing native plugins compatible for Editor in 1.67 ms, found 2 plugins.
Preloading 1 native plugins for Editor in 1.25 ms.
Unloading 43 Unused Serialized files (Serialized files now loaded: 0)
Unloading 5193 unused Assets / (13.1 MB). Loaded Objects now: 5923.
Memory consumption went from 145.6 MB to 132.5 MB.
Total: 8.361041 ms (FindLiveObjects: 0.219834 ms CreateObjectMapping: 0.078166 ms MarkObjects: 6.813917 ms  DeleteObjects: 1.248917 ms)

Prepare: number of updated asset objects reloaded= 0
========================================================================
Received Prepare
Begin MonoManager ReloadAssembly
Thread 0x16b247000 may have been prematurely finalized
Symbol file LoadedFromMemory is not a mono symbol file
Symbol file LoadedFromMemory is not a mono symbol file
- Loaded All Assemblies, in  0.324 seconds
Refreshing native plugins compatible for Editor in 1.26 ms, found 2 plugins.
Native extension for OSXStandalone target not found
Native extension for WebGL target not found
Refreshing native plugins compatible for Editor in 1.25 ms, found 2 plugins.
[Package Manager] Failed to launch server process. Reason: Unity was launched with the -noUpm command-line argument
[Package Manager] Unable to send message (not connected to server process).
[Package Manager] Cannot connect to Unity Package Manager local server
ScheduleIndexationOnStartup MainProcess:False IndexOnStartup:True
Mono: successfully reloaded assembly
- Finished resetting the current domain, in  0.462 seconds
Domain Reload Profiling: 787ms
	BeginReloadAssembly (71ms)
		ExecutionOrderSort (0ms)
		DisableScriptedObjects (3ms)
		BackupInstance (0ms)
		ReleaseScriptingObjects (0ms)
		CreateAndSetChildDomain (21ms)
	RebuildCommonClasses (16ms)
	RebuildNativeTypeToScriptingClass (6ms)
	initialDomainReloadingComplete (10ms)
	LoadAllAssembliesAndSetupDomain (222ms)
		LoadAssemblies (180ms)
		RebuildTransferFunctionScriptingTraits (0ms)
		AnalyzeDomain (64ms)
			TypeCache.Refresh (5ms)
				TypeCache.ScanAssembly (0ms)
			BuildScriptInfoCaches (57ms)
			ResolveRequiredComponents (1ms)
	FinalizeReload (462ms)
		ReleaseScriptCaches (0ms)
		RebuildScriptCaches (0ms)
		SetupLoadedEditorAssemblies (409ms)
			LogAssemblyErrors (0ms)
			InitializePlatformSupportModulesInManaged (1ms)
			SetLoadedEditorAssemblies (2ms)
			BeforeProcessingInitializeOnLoad (95ms)
			ProcessInitializeOnLoadAttributes (198ms)
			ProcessInitializeOnLoadMethodAttributes (113ms)
			AfterProcessingInitializeOnLoad (1ms)
			EditorAssembliesLoaded (0ms)
		ExecutionOrderSort2 (0ms)
		AwakeInstancesAfterBackupRestoration (1ms)
Refreshing native plugins compatible for Editor in 1.66 ms, found 2 plugins.
Preloading 1 native plugins for Editor in 1.28 ms.
Unloading 43 Unused Serialized files (Serialized files now loaded: 0)
Unloading 5193 unused Assets / (13.0 MB). Loaded Objects now: 5927.
Memory consumption went from 145.6 MB to 132.6 MB.
Total: 9.001791 ms (FindLiveObjects: 0.218166 ms CreateObjectMapping: 0.182084 ms MarkObjects: 7.129041 ms  DeleteObjects: 1.471959 ms)

Prepare: number of updated asset objects reloaded= 0
========================================================================
Received Prepare
Refreshing native plugins compatible for Editor in 1.19 ms, found 2 plugins.
Preloading 1 native plugins for Editor in 1.17 ms.
Unloading 43 Unused Serialized files (Serialized files now loaded: 0)
Unloading 5148 unused Assets / (13.7 MB). Loaded Objects now: 5927.
Memory consumption went from 132.0 MB to 118.3 MB.
Total: 7.500042 ms (FindLiveObjects: 0.191875 ms CreateObjectMapping: 0.079000 ms MarkObjects: 6.049125 ms  DeleteObjects: 1.179833 ms)

Prepare: number of updated asset objects reloaded= 0
========================================================================
Received Prepare
Refreshing native plugins compatible for Editor in 1.51 ms, found 2 plugins.
Preloading 1 native plugins for Editor in 1.17 ms.
Unloading 43 Unused Serialized files (Serialized files now loaded: 0)
Unloading 5148 unused Assets / (13.6 MB). Loaded Objects now: 5927.
Memory consumption went from 132.0 MB to 118.3 MB.
Total: 7.471500 ms (FindLiveObjects: 0.191958 ms CreateObjectMapping: 0.084250 ms MarkObjects: 6.020834 ms  DeleteObjects: 1.174250 ms)

Prepare: number of updated asset objects reloaded= 0
========================================================================
Received Prepare
Refreshing native plugins compatible for Editor in 1.21 ms, found 2 plugins.
Preloading 1 native plugins for Editor in 1.17 ms.
Unloading 43 Unused Serialized files (Serialized files now loaded: 0)
Unloading 5148 unused Assets / (14.2 MB). Loaded Objects now: 5927.
Memory consumption went from 132.0 MB to 117.8 MB.
Total: 7.539791 ms (FindLiveObjects: 0.186375 ms CreateObjectMapping: 0.074458 ms MarkObjects: 5.993417 ms  DeleteObjects: 1.285209 ms)

Prepare: number of updated asset objects reloaded= 0
========================================================================
Received Prepare
Refreshing native plugins compatible for Editor in 1.37 ms, found 2 plugins.
Preloading 1 native plugins for Editor in 1.15 ms.
Unloading 43 Unused Serialized files (Serialized files now loaded: 0)
Unloading 5148 unused Assets / (13.6 MB). Loaded Objects now: 5927.
Memory consumption went from 132.0 MB to 118.4 MB.
Total: 7.465959 ms (FindLiveObjects: 0.205417 ms CreateObjectMapping: 0.079750 ms MarkObjects: 5.976875 ms  DeleteObjects: 1.203875 ms)

Prepare: number of updated asset objects reloaded= 0
========================================================================
Received Prepare
Refreshing native plugins compatible for Editor in 1.46 ms, found 2 plugins.
Preloading 1 native plugins for Editor in 1.17 ms.
Unloading 43 Unused Serialized files (Serialized files now loaded: 0)
Unloading 5148 unused Assets / (13.6 MB). Loaded Objects now: 5927.
Memory consumption went from 132.0 MB to 118.3 MB.
Total: 7.474333 ms (FindLiveObjects: 0.191042 ms CreateObjectMapping: 0.078208 ms MarkObjects: 6.077792 ms  DeleteObjects: 1.126917 ms)

Prepare: number of updated asset objects reloaded= 0
========================================================================
Received Prepare
Begin MonoManager ReloadAssembly
[Licensing::Client] Successfully resolved entitlement details
[Licensing::Module] License group:
  Id: F4-85AS-8ZW6-XMRF-425Z-XXXX
  Product: Unity Personal
  Type: ULF
  Expiration: Unlimited
[Licensing::Module] License group:
  Id: 6872810951280-UnityPersXXXX
  Product: Unity Personal
  Type: Assigned
  Expiration: Unlimited
Thread 0x16b58f000 may have been prematurely finalized
Symbol file LoadedFromMemory is not a mono symbol file
Symbol file LoadedFromMemory is not a mono symbol file
- Loaded All Assemblies, in  0.348 seconds
Refreshing native plugins compatible for Editor in 1.20 ms, found 2 plugins.
Native extension for OSXStandalone target not found
Native extension for WebGL target not found
Refreshing native plugins compatible for Editor in 1.48 ms, found 2 plugins.
[Package Manager] Failed to launch server process. Reason: Unity was launched with the -noUpm command-line argument
[Package Manager] Unable to send message (not connected to server process).
[Package Manager] Cannot connect to Unity Package Manager local server
ScheduleIndexationOnStartup MainProcess:False IndexOnStartup:True
Mono: successfully reloaded assembly
- Finished resetting the current domain, in  0.387 seconds
Domain Reload Profiling: 736ms
	BeginReloadAssembly (72ms)
		ExecutionOrderSort (0ms)
		DisableScriptedObjects (3ms)
		BackupInstance (0ms)
		ReleaseScriptingObjects (0ms)
		CreateAndSetChildDomain (21ms)
	RebuildCommonClasses (16ms)
	RebuildNativeTypeToScriptingClass (6ms)
	initialDomainReloadingComplete (9ms)
	LoadAllAssembliesAndSetupDomain (247ms)
		LoadAssemblies (201ms)
		RebuildTransferFunctionScriptingTraits (0ms)
		AnalyzeDomain (67ms)
			TypeCache.Refresh (7ms)
				TypeCache.ScanAssembly (0ms)
			BuildScriptInfoCaches (57ms)
			ResolveRequiredComponents (1ms)
	FinalizeReload (387ms)
		ReleaseScriptCaches (0ms)
		RebuildScriptCaches (0ms)
		SetupLoadedEditorAssemblies (340ms)
			LogAssemblyErrors (0ms)
			InitializePlatformSupportModulesInManaged (1ms)
			SetLoadedEditorAssemblies (2ms)
			BeforeProcessingInitializeOnLoad (81ms)
			ProcessInitializeOnLoadAttributes (161ms)
			ProcessInitializeOnLoadMethodAttributes (95ms)
			AfterProcessingInitializeOnLoad (0ms)
			EditorAssembliesLoaded (0ms)
		ExecutionOrderSort2 (0ms)
		AwakeInstancesAfterBackupRestoration (1ms)
Refreshing native plugins compatible for Editor in 1.38 ms, found 2 plugins.
Preloading 1 native plugins for Editor in 1.19 ms.
Unloading 43 Unused Serialized files (Serialized files now loaded: 0)
Unloading 5193 unused Assets / (13.5 MB). Loaded Objects now: 5931.
Memory consumption went from 145.6 MB to 132.0 MB.
Total: 7.768833 ms (FindLiveObjects: 0.189833 ms CreateObjectMapping: 0.078250 ms MarkObjects: 6.347875 ms  DeleteObjects: 1.152625 ms)

Prepare: number of updated asset objects reloaded= 0
========================================================================
Received Prepare
Refreshing native plugins compatible for Editor in 1.13 ms, found 2 plugins.
Preloading 1 native plugins for Editor in 1.20 ms.
Unloading 43 Unused Serialized files (Serialized files now loaded: 0)
Unloading 5148 unused Assets / (13.8 MB). Loaded Objects now: 5931.
Memory consumption went from 132.0 MB to 118.1 MB.
Total: 7.395083 ms (FindLiveObjects: 0.171541 ms CreateObjectMapping: 0.075458 ms MarkObjects: 6.034709 ms  DeleteObjects: 1.113167 ms)

Prepare: number of updated asset objects reloaded= 0
========================================================================
Received Prepare
Refreshing native plugins compatible for Editor in 1.40 ms, found 2 plugins.
Preloading 1 native plugins for Editor in 1.18 ms.
Unloading 43 Unused Serialized files (Serialized files now loaded: 0)
Unloading 5148 unused Assets / (13.7 MB). Loaded Objects now: 5931.
Memory consumption went from 132.0 MB to 118.3 MB.
Total: 7.468042 ms (FindLiveObjects: 0.187833 ms CreateObjectMapping: 0.072292 ms MarkObjects: 5.995583 ms  DeleteObjects: 1.212125 ms)

Prepare: number of updated asset objects reloaded= 0
========================================================================
Received Prepare
Refreshing native plugins compatible for Editor in 1.52 ms, found 2 plugins.
Preloading 1 native plugins for Editor in 1.17 ms.
Unloading 43 Unused Serialized files (Serialized files now loaded: 0)
Unloading 5148 unused Assets / (14.1 MB). Loaded Objects now: 5931.
Memory consumption went from 132.0 MB to 117.8 MB.
Total: 7.528167 ms (FindLiveObjects: 0.181917 ms CreateObjectMapping: 0.086958 ms MarkObjects: 5.926042 ms  DeleteObjects: 1.333084 ms)

Prepare: number of updated asset objects reloaded= 0
========================================================================
Received Prepare
Refreshing native plugins compatible for Editor in 1.32 ms, found 2 plugins.
Preloading 1 native plugins for Editor in 1.18 ms.
Unloading 43 Unused Serialized files (Serialized files now loaded: 0)
Unloading 5148 unused Assets / (13.7 MB). Loaded Objects now: 5931.
Memory consumption went from 132.0 MB to 118.2 MB.
Total: 7.509083 ms (FindLiveObjects: 0.190250 ms CreateObjectMapping: 0.080834 ms MarkObjects: 6.046416 ms  DeleteObjects: 1.191250 ms)

Prepare: number of updated asset objects reloaded= 0
========================================================================
Received Prepare
Refreshing native plugins compatible for Editor in 1.54 ms, found 2 plugins.
Preloading 1 native plugins for Editor in 1.15 ms.
Unloading 43 Unused Serialized files (Serialized files now loaded: 0)
Unloading 5148 unused Assets / (13.7 MB). Loaded Objects now: 5931.
Memory consumption went from 132.0 MB to 118.3 MB.
Total: 7.603667 ms (FindLiveObjects: 0.195750 ms CreateObjectMapping: 0.078334 ms MarkObjects: 6.144708 ms  DeleteObjects: 1.184666 ms)

Prepare: number of updated asset objects reloaded= 0
========================================================================
Received Prepare
Refreshing native plugins compatible for Editor in 1.48 ms, found 2 plugins.
Preloading 1 native plugins for Editor in 1.19 ms.
Unloading 43 Unused Serialized files (Serialized files now loaded: 0)
Unloading 5148 unused Assets / (13.9 MB). Loaded Objects now: 5931.
Memory consumption went from 132.0 MB to 118.1 MB.
Total: 7.686542 ms (FindLiveObjects: 0.204541 ms CreateObjectMapping: 0.079709 ms MarkObjects: 6.100666 ms  DeleteObjects: 1.301458 ms)

Prepare: number of updated asset objects reloaded= 0
========================================================================
Received Prepare
Refreshing native plugins compatible for Editor in 1.54 ms, found 2 plugins.
Preloading 1 native plugins for Editor in 1.17 ms.
Unloading 43 Unused Serialized files (Serialized files now loaded: 0)
Unloading 5148 unused Assets / (13.6 MB). Loaded Objects now: 5931.
Memory consumption went from 132.0 MB to 118.4 MB.
Total: 7.628166 ms (FindLiveObjects: 0.188208 ms CreateObjectMapping: 0.082875 ms MarkObjects: 6.176709 ms  DeleteObjects: 1.180208 ms)

Prepare: number of updated asset objects reloaded= 0
========================================================================
Received Prepare
Begin MonoManager ReloadAssembly
Thread 0x16b58f000 may have been prematurely finalized
Symbol file LoadedFromMemory is not a mono symbol file
Symbol file LoadedFromMemory is not a mono symbol file
- Loaded All Assemblies, in  0.334 seconds
Refreshing native plugins compatible for Editor in 1.06 ms, found 2 plugins.
Native extension for OSXStandalone target not found
Native extension for WebGL target not found
Refreshing native plugins compatible for Editor in 1.26 ms, found 2 plugins.
[Package Manager] Failed to launch server process. Reason: Unity was launched with the -noUpm command-line argument
[Package Manager] Unable to send message (not connected to server process).
[Package Manager] Cannot connect to Unity Package Manager local server
ScheduleIndexationOnStartup MainProcess:False IndexOnStartup:True
Mono: successfully reloaded assembly
- Finished resetting the current domain, in  0.387 seconds
Domain Reload Profiling: 722ms
	BeginReloadAssembly (73ms)
		ExecutionOrderSort (0ms)
		DisableScriptedObjects (3ms)
		BackupInstance (0ms)
		ReleaseScriptingObjects (0ms)
		CreateAndSetChildDomain (22ms)
	RebuildCommonClasses (15ms)
	RebuildNativeTypeToScriptingClass (6ms)
	initialDomainReloadingComplete (9ms)
	LoadAllAssembliesAndSetupDomain (232ms)
		LoadAssemblies (188ms)
		RebuildTransferFunctionScriptingTraits (0ms)
		AnalyzeDomain (66ms)
			TypeCache.Refresh (7ms)
				TypeCache.ScanAssembly (0ms)
			BuildScriptInfoCaches (56ms)
			ResolveRequiredComponents (1ms)
	FinalizeReload (387ms)
		ReleaseScriptCaches (0ms)
		RebuildScriptCaches (0ms)
		SetupLoadedEditorAssemblies (340ms)
			LogAssemblyErrors (0ms)
			InitializePlatformSupportModulesInManaged (1ms)
			SetLoadedEditorAssemblies (2ms)
			BeforeProcessingInitializeOnLoad (81ms)
			ProcessInitializeOnLoadAttributes (161ms)
			ProcessInitializeOnLoadMethodAttributes (95ms)
			AfterProcessingInitializeOnLoad (0ms)
			EditorAssembliesLoaded (0ms)
		ExecutionOrderSort2 (0ms)
		AwakeInstancesAfterBackupRestoration (1ms)
Refreshing native plugins compatible for Editor in 1.45 ms, found 2 plugins.
Preloading 1 native plugins for Editor in 1.20 ms.
Unloading 43 Unused Serialized files (Serialized files now loaded: 0)
Unloading 5193 unused Assets / (13.8 MB). Loaded Objects now: 5935.
Memory consumption went from 145.6 MB to 131.8 MB.
Total: 7.828000 ms (FindLiveObjects: 0.184958 ms CreateObjectMapping: 0.080208 ms MarkObjects: 6.295375 ms  DeleteObjects: 1.267292 ms)

Prepare: number of updated asset objects reloaded= 0
========================================================================
Received Prepare
Refreshing native plugins compatible for Editor in 1.14 ms, found 2 plugins.
Preloading 1 native plugins for Editor in 1.16 ms.
Unloading 43 Unused Serialized files (Serialized files now loaded: 0)
Unloading 5148 unused Assets / (13.3 MB). Loaded Objects now: 5935.
Memory consumption went from 132.0 MB to 118.6 MB.
Total: 7.507125 ms (FindLiveObjects: 0.171083 ms CreateObjectMapping: 0.072667 ms MarkObjects: 6.209833 ms  DeleteObjects: 1.053042 ms)

Prepare: number of updated asset objects reloaded= 0
========================================================================
Received Prepare
Refreshing native plugins compatible for Editor in 1.36 ms, found 2 plugins.
Preloading 1 native plugins for Editor in 1.21 ms.
Unloading 43 Unused Serialized files (Serialized files now loaded: 0)
Unloading 5148 unused Assets / (12.9 MB). Loaded Objects now: 5935.
Memory consumption went from 132.0 MB to 119.1 MB.
Total: 7.618125 ms (FindLiveObjects: 0.192667 ms CreateObjectMapping: 0.076458 ms MarkObjects: 6.234708 ms  DeleteObjects: 1.113916 ms)

Prepare: number of updated asset objects reloaded= 0
========================================================================
Received Prepare
Refreshing native plugins compatible for Editor in 1.45 ms, found 2 plugins.
Preloading 1 native plugins for Editor in 1.15 ms.
Unloading 43 Unused Serialized files (Serialized files now loaded: 0)
Unloading 5148 unused Assets / (14.1 MB). Loaded Objects now: 5935.
Memory consumption went from 132.0 MB to 117.9 MB.
Total: 7.478125 ms (FindLiveObjects: 0.185625 ms CreateObjectMapping: 0.071458 ms MarkObjects: 5.950458 ms  DeleteObjects: 1.270417 ms)

Prepare: number of updated asset objects reloaded= 0
========================================================================
Received Prepare
Begin MonoManager ReloadAssembly
[Licensing::Client] Successfully resolved entitlement details
[Licensing::Module] License group:
  Id: F4-85AS-8ZW6-XMRF-425Z-XXXX
  Product: Unity Personal
  Type: ULF
  Expiration: Unlimited
[Licensing::Module] License group:
  Id: 6872810951280-UnityPersXXXX
  Product: Unity Personal
  Type: Assigned
  Expiration: Unlimited
Thread 0x16b58f000 may have been prematurely finalized
Symbol file LoadedFromMemory is not a mono symbol file
Symbol file LoadedFromMemory is not a mono symbol file
- Loaded All Assemblies, in  0.330 seconds
Refreshing native plugins compatible for Editor in 1.12 ms, found 2 plugins.
Native extension for OSXStandalone target not found
Native extension for WebGL target not found
Refreshing native plugins compatible for Editor in 1.25 ms, found 2 plugins.
[Package Manager] Failed to launch server process. Reason: Unity was launched with the -noUpm command-line argument
[Package Manager] Unable to send message (not connected to server process).
[Package Manager] Cannot connect to Unity Package Manager local server
ScheduleIndexationOnStartup MainProcess:False IndexOnStartup:True
Mono: successfully reloaded assembly
- Finished resetting the current domain, in  0.387 seconds
Domain Reload Profiling: 718ms
	BeginReloadAssembly (72ms)
		ExecutionOrderSort (0ms)
		DisableScriptedObjects (3ms)
		BackupInstance (0ms)
		ReleaseScriptingObjects (0ms)
		CreateAndSetChildDomain (21ms)
	RebuildCommonClasses (16ms)
	RebuildNativeTypeToScriptingClass (6ms)
	initialDomainReloadingComplete (10ms)
	LoadAllAssembliesAndSetupDomain (227ms)
		LoadAssemblies (181ms)
		RebuildTransferFunctionScriptingTraits (0ms)
		AnalyzeDomain (68ms)
			TypeCache.Refresh (7ms)
				TypeCache.ScanAssembly (0ms)
			BuildScriptInfoCaches (59ms)
			ResolveRequiredComponents (1ms)
	FinalizeReload (387ms)
		ReleaseScriptCaches (0ms)
		RebuildScriptCaches (0ms)
		SetupLoadedEditorAssemblies (340ms)
			LogAssemblyErrors (0ms)
			InitializePlatformSupportModulesInManaged (1ms)
			SetLoadedEditorAssemblies (2ms)
			BeforeProcessingInitializeOnLoad (82ms)
			ProcessInitializeOnLoadAttributes (162ms)
			ProcessInitializeOnLoadMethodAttributes (94ms)
			AfterProcessingInitializeOnLoad (1ms)
			EditorAssembliesLoaded (0ms)
		ExecutionOrderSort2 (0ms)
		AwakeInstancesAfterBackupRestoration (1ms)
Refreshing native plugins compatible for Editor in 1.18 ms, found 2 plugins.
Preloading 1 native plugins for Editor in 1.19 ms.
Unloading 43 Unused Serialized files (Serialized files now loaded: 0)
Unloading 5193 unused Assets / (14.1 MB). Loaded Objects now: 5939.
Memory consumption went from 145.6 MB to 131.5 MB.
Total: 7.649167 ms (FindLiveObjects: 0.172625 ms CreateObjectMapping: 0.068542 ms MarkObjects: 6.204375 ms  DeleteObjects: 1.203292 ms)

Prepare: number of updated asset objects reloaded= 0
========================================================================
Received Prepare
Refreshing native plugins compatible for Editor in 1.55 ms, found 2 plugins.
Preloading 1 native plugins for Editor in 1.17 ms.
Unloading 43 Unused Serialized files (Serialized files now loaded: 0)
Unloading 5148 unused Assets / (13.7 MB). Loaded Objects now: 5939.
Memory consumption went from 132.0 MB to 118.3 MB.
Total: 7.571083 ms (FindLiveObjects: 0.190459 ms CreateObjectMapping: 0.077833 ms MarkObjects: 6.136250 ms  DeleteObjects: 1.166333 ms)

Prepare: number of updated asset objects reloaded= 0
========================================================================
Received Prepare
Refreshing native plugins compatible for Editor in 1.50 ms, found 2 plugins.
Preloading 1 native plugins for Editor in 1.21 ms.
Unloading 43 Unused Serialized files (Serialized files now loaded: 0)
Unloading 5148 unused Assets / (13.3 MB). Loaded Objects now: 5939.
Memory consumption went from 132.0 MB to 118.6 MB.
Total: 7.754041 ms (FindLiveObjects: 0.191167 ms CreateObjectMapping: 0.075875 ms MarkObjects: 6.373875 ms  DeleteObjects: 1.112708 ms)

Prepare: number of updated asset objects reloaded= 0
========================================================================
Received Prepare
Refreshing native plugins compatible for Editor in 1.21 ms, found 2 plugins.
Preloading 1 native plugins for Editor in 1.18 ms.
Unloading 43 Unused Serialized files (Serialized files now loaded: 0)
Unloading 5148 unused Assets / (13.7 MB). Loaded Objects now: 5939.
Memory consumption went from 132.0 MB to 118.3 MB.
Total: 7.421541 ms (FindLiveObjects: 0.186000 ms CreateObjectMapping: 0.079375 ms MarkObjects: 5.980667 ms  DeleteObjects: 1.175125 ms)

Prepare: number of updated asset objects reloaded= 0
========================================================================
Received Prepare
Refreshing native plugins compatible for Editor in 1.46 ms, found 2 plugins.
Preloading 1 native plugins for Editor in 1.15 ms.
Unloading 43 Unused Serialized files (Serialized files now loaded: 0)
Unloading 5148 unused Assets / (13.6 MB). Loaded Objects now: 5939.
Memory consumption went from 132.0 MB to 118.4 MB.
Total: 7.731916 ms (FindLiveObjects: 0.194125 ms CreateObjectMapping: 0.085084 ms MarkObjects: 6.187083 ms  DeleteObjects: 1.265375 ms)

Prepare: number of updated asset objects reloaded= 0
========================================================================
Received Prepare
Begin MonoManager ReloadAssembly
[Licensing::Client] Successfully resolved entitlement details
[Licensing::Module] License group:
  Id: F4-85AS-8ZW6-XMRF-425Z-XXXX
  Product: Unity Personal
  Type: ULF
  Expiration: Unlimited
[Licensing::Module] License group:
  Id: 6872810951280-UnityPersXXXX
  Product: Unity Personal
  Type: Assigned
  Expiration: Unlimited
Thread 0x16b58f000 may have been prematurely finalized
Symbol file LoadedFromMemory is not a mono symbol file
Symbol file LoadedFromMemory is not a mono symbol file
- Loaded All Assemblies, in  0.332 seconds
Refreshing native plugins compatible for Editor in 1.10 ms, found 2 plugins.
Native extension for OSXStandalone target not found
Native extension for WebGL target not found
Refreshing native plugins compatible for Editor in 1.32 ms, found 2 plugins.
[Package Manager] Failed to launch server process. Reason: Unity was launched with the -noUpm command-line argument
[Package Manager] Unable to send message (not connected to server process).
[Package Manager] Cannot connect to Unity Package Manager local server
ScheduleIndexationOnStartup MainProcess:False IndexOnStartup:True
Mono: successfully reloaded assembly
- Finished resetting the current domain, in  0.394 seconds
Domain Reload Profiling: 728ms
	BeginReloadAssembly (70ms)
		ExecutionOrderSort (0ms)
		DisableScriptedObjects (3ms)
		BackupInstance (0ms)
		ReleaseScriptingObjects (0ms)
		CreateAndSetChildDomain (21ms)
	RebuildCommonClasses (16ms)
	RebuildNativeTypeToScriptingClass (6ms)
	initialDomainReloadingComplete (9ms)
	LoadAllAssembliesAndSetupDomain (233ms)
		LoadAssemblies (183ms)
		RebuildTransferFunctionScriptingTraits (0ms)
		AnalyzeDomain (71ms)
			TypeCache.Refresh (8ms)
				TypeCache.ScanAssembly (0ms)
			BuildScriptInfoCaches (60ms)
			ResolveRequiredComponents (1ms)
	FinalizeReload (394ms)
		ReleaseScriptCaches (0ms)
		RebuildScriptCaches (0ms)
		SetupLoadedEditorAssemblies (347ms)
			LogAssemblyErrors (0ms)
			InitializePlatformSupportModulesInManaged (1ms)
			SetLoadedEditorAssemblies (2ms)
			BeforeProcessingInitializeOnLoad (82ms)
			ProcessInitializeOnLoadAttributes (164ms)
			ProcessInitializeOnLoadMethodAttributes (97ms)
			AfterProcessingInitializeOnLoad (1ms)
			EditorAssembliesLoaded (0ms)
		ExecutionOrderSort2 (0ms)
		AwakeInstancesAfterBackupRestoration (1ms)
Refreshing native plugins compatible for Editor in 1.49 ms, found 2 plugins.
Preloading 1 native plugins for Editor in 1.18 ms.
Unloading 43 Unused Serialized files (Serialized files now loaded: 0)
Unloading 5193 unused Assets / (14.3 MB). Loaded Objects now: 5943.
Memory consumption went from 145.6 MB to 131.3 MB.
Total: 7.634709 ms (FindLiveObjects: 0.189250 ms CreateObjectMapping: 0.076875 ms MarkObjects: 6.048208 ms  DeleteObjects: 1.320292 ms)

Prepare: number of updated asset objects reloaded= 0
========================================================================
Received Prepare
Refreshing native plugins compatible for Editor in 1.36 ms, found 2 plugins.
Preloading 1 native plugins for Editor in 1.18 ms.
Unloading 43 Unused Serialized files (Serialized files now loaded: 0)
Unloading 5148 unused Assets / (13.8 MB). Loaded Objects now: 5943.
Memory consumption went from 132.0 MB to 118.2 MB.
Total: 7.646541 ms (FindLiveObjects: 0.191667 ms CreateObjectMapping: 0.081500 ms MarkObjects: 6.136500 ms  DeleteObjects: 1.236792 ms)

Prepare: number of updated asset objects reloaded= 0
========================================================================
Received Prepare
Begin MonoManager ReloadAssembly
Thread 0x16b58f000 may have been prematurely finalized
Symbol file LoadedFromMemory is not a mono symbol file
Symbol file LoadedFromMemory is not a mono symbol file
- Loaded All Assemblies, in  0.307 seconds
Refreshing native plugins compatible for Editor in 1.09 ms, found 2 plugins.
Native extension for OSXStandalone target not found
Native extension for WebGL target not found
Refreshing native plugins compatible for Editor in 1.18 ms, found 2 plugins.
[Package Manager] Failed to launch server process. Reason: Unity was launched with the -noUpm command-line argument
[Package Manager] Unable to send message (not connected to server process).
[Package Manager] Cannot connect to Unity Package Manager local server
ScheduleIndexationOnStartup MainProcess:False IndexOnStartup:True
Mono: successfully reloaded assembly
- Finished resetting the current domain, in  0.399 seconds
Domain Reload Profiling: 707ms
	BeginReloadAssembly (73ms)
		ExecutionOrderSort (0ms)
		DisableScriptedObjects (3ms)
		BackupInstance (0ms)
		ReleaseScriptingObjects (0ms)
		CreateAndSetChildDomain (22ms)
	RebuildCommonClasses (16ms)
	RebuildNativeTypeToScriptingClass (6ms)
	initialDomainReloadingComplete (11ms)
	LoadAllAssembliesAndSetupDomain (202ms)
		LoadAssemblies (156ms)
		RebuildTransferFunctionScriptingTraits (0ms)
		AnalyzeDomain (70ms)
			TypeCache.Refresh (7ms)
				TypeCache.ScanAssembly (0ms)
			BuildScriptInfoCaches (59ms)
			ResolveRequiredComponents (1ms)
	FinalizeReload (399ms)
		ReleaseScriptCaches (0ms)
		RebuildScriptCaches (0ms)
		SetupLoadedEditorAssemblies (351ms)
			LogAssemblyErrors (0ms)
			InitializePlatformSupportModulesInManaged (1ms)
			SetLoadedEditorAssemblies (2ms)
			BeforeProcessingInitializeOnLoad (82ms)
			ProcessInitializeOnLoadAttributes (165ms)
			ProcessInitializeOnLoadMethodAttributes (101ms)
			AfterProcessingInitializeOnLoad (0ms)
			EditorAssembliesLoaded (0ms)
		ExecutionOrderSort2 (0ms)
		AwakeInstancesAfterBackupRestoration (1ms)
Refreshing native plugins compatible for Editor in 1.42 ms, found 2 plugins.
Preloading 1 native plugins for Editor in 1.26 ms.
Unloading 43 Unused Serialized files (Serialized files now loaded: 0)
Unloading 5193 unused Assets / (13.2 MB). Loaded Objects now: 5947.
Memory consumption went from 145.6 MB to 132.4 MB.
Total: 7.992500 ms (FindLiveObjects: 0.205459 ms CreateObjectMapping: 0.092916 ms MarkObjects: 6.450625 ms  DeleteObjects: 1.243417 ms)

Prepare: number of updated asset objects reloaded= 0
========================================================================
Received Prepare
Refreshing native plugins compatible for Editor in 1.19 ms, found 2 plugins.
Preloading 1 native plugins for Editor in 1.19 ms.
Unloading 43 Unused Serialized files (Serialized files now loaded: 0)
Unloading 5148 unused Assets / (13.7 MB). Loaded Objects now: 5947.
Memory consumption went from 132.0 MB to 118.3 MB.
Total: 7.435125 ms (FindLiveObjects: 0.190000 ms CreateObjectMapping: 0.080542 ms MarkObjects: 6.012458 ms  DeleteObjects: 1.151583 ms)

Prepare: number of updated asset objects reloaded= 0
========================================================================
Received Prepare
Begin MonoManager ReloadAssembly
Thread 0x16b58f000 may have been prematurely finalized
Symbol file LoadedFromMemory is not a mono symbol file
Symbol file LoadedFromMemory is not a mono symbol file
- Loaded All Assemblies, in  0.319 seconds
Refreshing native plugins compatible for Editor in 1.53 ms, found 2 plugins.
Native extension for OSXStandalone target not found
Native extension for WebGL target not found
Refreshing native plugins compatible for Editor in 1.05 ms, found 2 plugins.
[Package Manager] Failed to launch server process. Reason: Unity was launched with the -noUpm command-line argument
[Package Manager] Unable to send message (not connected to server process).
[Package Manager] Cannot connect to Unity Package Manager local server
ScheduleIndexationOnStartup MainProcess:False IndexOnStartup:True
Mono: successfully reloaded assembly
- Finished resetting the current domain, in  0.445 seconds
Domain Reload Profiling: 766ms
	BeginReloadAssembly (72ms)
		ExecutionOrderSort (0ms)
		DisableScriptedObjects (3ms)
		BackupInstance (0ms)
		ReleaseScriptingObjects (0ms)
		CreateAndSetChildDomain (21ms)
	RebuildCommonClasses (16ms)
	RebuildNativeTypeToScriptingClass (6ms)
	initialDomainReloadingComplete (10ms)
	LoadAllAssembliesAndSetupDomain (217ms)
		LoadAssemblies (172ms)
		RebuildTransferFunctionScriptingTraits (0ms)
		AnalyzeDomain (68ms)
			TypeCache.Refresh (7ms)
				TypeCache.ScanAssembly (0ms)
			BuildScriptInfoCaches (58ms)
			ResolveRequiredComponents (1ms)
	FinalizeReload (445ms)
		ReleaseScriptCaches (0ms)
		RebuildScriptCaches (0ms)
		SetupLoadedEditorAssemblies (386ms)
			LogAssemblyErrors (0ms)
			InitializePlatformSupportModulesInManaged (1ms)
			SetLoadedEditorAssemblies (3ms)
			BeforeProcessingInitializeOnLoad (98ms)
			ProcessInitializeOnLoadAttributes (180ms)
			ProcessInitializeOnLoadMethodAttributes (104ms)
			AfterProcessingInitializeOnLoad (0ms)
			EditorAssembliesLoaded (0ms)
		ExecutionOrderSort2 (0ms)
		AwakeInstancesAfterBackupRestoration (1ms)
Refreshing native plugins compatible for Editor in 1.43 ms, found 2 plugins.
Preloading 1 native plugins for Editor in 1.23 ms.
Unloading 43 Unused Serialized files (Serialized files now loaded: 0)
Unloading 5193 unused Assets / (12.7 MB). Loaded Objects now: 5951.
Memory consumption went from 145.6 MB to 133.0 MB.
Total: 8.155167 ms (FindLiveObjects: 0.195666 ms CreateObjectMapping: 0.082000 ms MarkObjects: 6.594667 ms  DeleteObjects: 1.282417 ms)

Prepare: number of updated asset objects reloaded= 0
========================================================================
Received Prepare
Refreshing native plugins compatible for Editor in 1.17 ms, found 2 plugins.
Preloading 1 native plugins for Editor in 1.15 ms.
Unloading 43 Unused Serialized files (Serialized files now loaded: 0)
Unloading 5148 unused Assets / (12.5 MB). Loaded Objects now: 5951.
Memory consumption went from 132.0 MB to 119.5 MB.
Total: 7.616291 ms (FindLiveObjects: 0.192042 ms CreateObjectMapping: 0.077875 ms MarkObjects: 6.301958 ms  DeleteObjects: 1.044125 ms)

Prepare: number of updated asset objects reloaded= 0
========================================================================
Received Prepare
Begin MonoManager ReloadAssembly
Thread 0x16b58f000 may have been prematurely finalized
Symbol file LoadedFromMemory is not a mono symbol file
Symbol file LoadedFromMemory is not a mono symbol file
- Loaded All Assemblies, in  0.292 seconds
Refreshing native plugins compatible for Editor in 1.14 ms, found 2 plugins.
Native extension for OSXStandalone target not found
Native extension for WebGL target not found
Refreshing native plugins compatible for Editor in 1.31 ms, found 2 plugins.
[Package Manager] Failed to launch server process. Reason: Unity was launched with the -noUpm command-line argument
[Package Manager] Unable to send message (not connected to server process).
[Package Manager] Cannot connect to Unity Package Manager local server
ScheduleIndexationOnStartup MainProcess:False IndexOnStartup:True
Mono: successfully reloaded assembly
- Finished resetting the current domain, in  0.399 seconds
Domain Reload Profiling: 692ms
	BeginReloadAssembly (72ms)
		ExecutionOrderSort (0ms)
		DisableScriptedObjects (3ms)
		BackupInstance (0ms)
		ReleaseScriptingObjects (0ms)
		CreateAndSetChildDomain (21ms)
	RebuildCommonClasses (16ms)
	RebuildNativeTypeToScriptingClass (6ms)
	initialDomainReloadingComplete (10ms)
	LoadAllAssembliesAndSetupDomain (189ms)
		LoadAssemblies (147ms)
		RebuildTransferFunctionScriptingTraits (0ms)
		AnalyzeDomain (66ms)
			TypeCache.Refresh (5ms)
				TypeCache.ScanAssembly (0ms)
			BuildScriptInfoCaches (58ms)
			ResolveRequiredComponents (1ms)
	FinalizeReload (399ms)
		ReleaseScriptCaches (0ms)
		RebuildScriptCaches (0ms)
		SetupLoadedEditorAssemblies (351ms)
			LogAssemblyErrors (0ms)
			InitializePlatformSupportModulesInManaged (1ms)
			SetLoadedEditorAssemblies (2ms)
			BeforeProcessingInitializeOnLoad (82ms)
			ProcessInitializeOnLoadAttributes (165ms)
			ProcessInitializeOnLoadMethodAttributes (101ms)
			AfterProcessingInitializeOnLoad (0ms)
			EditorAssembliesLoaded (0ms)
		ExecutionOrderSort2 (0ms)
		AwakeInstancesAfterBackupRestoration (1ms)
Refreshing native plugins compatible for Editor in 1.54 ms, found 2 plugins.
Preloading 1 native plugins for Editor in 1.22 ms.
Unloading 43 Unused Serialized files (Serialized files now loaded: 0)
Unloading 5193 unused Assets / (12.1 MB). Loaded Objects now: 5955.
Memory consumption went from 145.8 MB to 133.7 MB.
Total: 7.836583 ms (FindLiveObjects: 0.198666 ms CreateObjectMapping: 0.081250 ms MarkObjects: 6.413209 ms  DeleteObjects: 1.143125 ms)

Prepare: number of updated asset objects reloaded= 0
========================================================================
Received Prepare
Begin MonoManager ReloadAssembly
[Licensing::Client] Successfully resolved entitlement details
[Licensing::Module] License group:
  Id: F4-85AS-8ZW6-XMRF-425Z-XXXX
  Product: Unity Personal
  Type: ULF
  Expiration: Unlimited
[Licensing::Module] License group:
  Id: 6872810951280-UnityPersXXXX
  Product: Unity Personal
  Type: Assigned
  Expiration: Unlimited
Thread 0x16b58f000 may have been prematurely finalized
Symbol file LoadedFromMemory is not a mono symbol file
Symbol file LoadedFromMemory is not a mono symbol file
- Loaded All Assemblies, in  0.295 seconds
Refreshing native plugins compatible for Editor in 1.07 ms, found 2 plugins.
Native extension for OSXStandalone target not found
Native extension for WebGL target not found
Refreshing native plugins compatible for Editor in 1.32 ms, found 2 plugins.
[Package Manager] Failed to launch server process. Reason: Unity was launched with the -noUpm command-line argument
[Package Manager] Unable to send message (not connected to server process).
[Package Manager] Cannot connect to Unity Package Manager local server
ScheduleIndexationOnStartup MainProcess:False IndexOnStartup:True
Mono: successfully reloaded assembly
- Finished resetting the current domain, in  0.458 seconds
Domain Reload Profiling: 755ms
	BeginReloadAssembly (72ms)
		ExecutionOrderSort (0ms)
		DisableScriptedObjects (3ms)
		BackupInstance (0ms)
		ReleaseScriptingObjects (0ms)
		CreateAndSetChildDomain (21ms)
	RebuildCommonClasses (16ms)
	RebuildNativeTypeToScriptingClass (6ms)
	initialDomainReloadingComplete (9ms)
	LoadAllAssembliesAndSetupDomain (193ms)
		LoadAssemblies (150ms)
		RebuildTransferFunctionScriptingTraits (0ms)
		AnalyzeDomain (66ms)
			TypeCache.Refresh (5ms)
				TypeCache.ScanAssembly (0ms)
			BuildScriptInfoCaches (58ms)
			ResolveRequiredComponents (1ms)
	FinalizeReload (459ms)
		ReleaseScriptCaches (0ms)
		RebuildScriptCaches (0ms)
		SetupLoadedEditorAssemblies (405ms)
			LogAssemblyErrors (0ms)
			InitializePlatformSupportModulesInManaged (1ms)
			SetLoadedEditorAssemblies (2ms)
			BeforeProcessingInitializeOnLoad (94ms)
			ProcessInitializeOnLoadAttributes (197ms)
			ProcessInitializeOnLoadMethodAttributes (112ms)
			AfterProcessingInitializeOnLoad (1ms)
			EditorAssembliesLoaded (0ms)
		ExecutionOrderSort2 (0ms)
		AwakeInstancesAfterBackupRestoration (1ms)
Refreshing native plugins compatible for Editor in 1.59 ms, found 2 plugins.
Preloading 1 native plugins for Editor in 1.27 ms.
Unloading 43 Unused Serialized files (Serialized files now loaded: 0)
Unloading 5193 unused Assets / (13.1 MB). Loaded Objects now: 5959.
Memory consumption went from 145.8 MB to 132.7 MB.
Total: 9.129625 ms (FindLiveObjects: 0.224584 ms CreateObjectMapping: 0.091084 ms MarkObjects: 7.382916 ms  DeleteObjects: 1.430625 ms)

Prepare: number of updated asset objects reloaded= 0
========================================================================
Received Prepare
Refreshing native plugins compatible for Editor in 1.47 ms, found 2 plugins.
Preloading 1 native plugins for Editor in 1.19 ms.
Unloading 43 Unused Serialized files (Serialized files now loaded: 0)
Unloading 5148 unused Assets / (14.2 MB). Loaded Objects now: 5959.
Memory consumption went from 132.2 MB to 117.9 MB.
Total: 7.802750 ms (FindLiveObjects: 0.196958 ms CreateObjectMapping: 0.082208 ms MarkObjects: 6.219125 ms  DeleteObjects: 1.304291 ms)

Prepare: number of updated asset objects reloaded= 0
========================================================================
Received Prepare
Begin MonoManager ReloadAssembly
[Licensing::Client] Successfully resolved entitlement details
[Licensing::Module] License group:
  Id: F4-85AS-8ZW6-XMRF-425Z-XXXX
  Product: Unity Personal
  Type: ULF
  Expiration: Unlimited
[Licensing::Module] License group:
  Id: 6872810951280-UnityPersXXXX
  Product: Unity Personal
  Type: Assigned
  Expiration: Unlimited
Thread 0x16b58f000 may have been prematurely finalized
Symbol file LoadedFromMemory is not a mono symbol file
Symbol file LoadedFromMemory is not a mono symbol file
- Loaded All Assemblies, in  0.328 seconds
Refreshing native plugins compatible for Editor in 1.22 ms, found 2 plugins.
Native extension for OSXStandalone target not found
Native extension for WebGL target not found
Refreshing native plugins compatible for Editor in 1.22 ms, found 2 plugins.
[Package Manager] Failed to launch server process. Reason: Unity was launched with the -noUpm command-line argument
[Package Manager] Unable to send message (not connected to server process).
[Package Manager] Cannot connect to Unity Package Manager local server
ScheduleIndexationOnStartup MainProcess:False IndexOnStartup:True
Mono: successfully reloaded assembly
- Finished resetting the current domain, in  0.394 seconds
Domain Reload Profiling: 723ms
	BeginReloadAssembly (72ms)
		ExecutionOrderSort (0ms)
		DisableScriptedObjects (3ms)
		BackupInstance (0ms)
		ReleaseScriptingObjects (0ms)
		CreateAndSetChildDomain (21ms)
	RebuildCommonClasses (16ms)
	RebuildNativeTypeToScriptingClass (6ms)
	initialDomainReloadingComplete (10ms)
	LoadAllAssembliesAndSetupDomain (226ms)
		LoadAssemblies (181ms)
		RebuildTransferFunctionScriptingTraits (0ms)
		AnalyzeDomain (67ms)
			TypeCache.Refresh (7ms)
				TypeCache.ScanAssembly (0ms)
			BuildScriptInfoCaches (57ms)
			ResolveRequiredComponents (1ms)
	FinalizeReload (394ms)
		ReleaseScriptCaches (0ms)
		RebuildScriptCaches (0ms)
		SetupLoadedEditorAssemblies (346ms)
			LogAssemblyErrors (0ms)
			InitializePlatformSupportModulesInManaged (1ms)
			SetLoadedEditorAssemblies (2ms)
			BeforeProcessingInitializeOnLoad (81ms)
			ProcessInitializeOnLoadAttributes (165ms)
			ProcessInitializeOnLoadMethodAttributes (97ms)
			AfterProcessingInitializeOnLoad (1ms)
			EditorAssembliesLoaded (0ms)
		ExecutionOrderSort2 (0ms)
		AwakeInstancesAfterBackupRestoration (1ms)
Refreshing native plugins compatible for Editor in 1.44 ms, found 2 plugins.
Preloading 1 native plugins for Editor in 1.18 ms.
Unloading 43 Unused Serialized files (Serialized files now loaded: 0)
Unloading 5193 unused Assets / (13.8 MB). Loaded Objects now: 5963.
Memory consumption went from 145.8 MB to 132.0 MB.
Total: 7.563917 ms (FindLiveObjects: 0.190500 ms CreateObjectMapping: 0.076542 ms MarkObjects: 6.083000 ms  DeleteObjects: 1.213667 ms)

Prepare: number of updated asset objects reloaded= 0
========================================================================
Received Prepare
Refreshing native plugins compatible for Editor in 1.22 ms, found 2 plugins.
Preloading 1 native plugins for Editor in 1.21 ms.
Unloading 43 Unused Serialized files (Serialized files now loaded: 0)
Unloading 5148 unused Assets / (13.6 MB). Loaded Objects now: 5963.
Memory consumption went from 132.2 MB to 118.5 MB.
Total: 7.452000 ms (FindLiveObjects: 0.186584 ms CreateObjectMapping: 0.077000 ms MarkObjects: 6.008209 ms  DeleteObjects: 1.179917 ms)

Prepare: number of updated asset objects reloaded= 0
========================================================================
Received Prepare
Begin MonoManager ReloadAssembly
Thread 0x16b58f000 may have been prematurely finalized
Symbol file LoadedFromMemory is not a mono symbol file
Symbol file LoadedFromMemory is not a mono symbol file
- Loaded All Assemblies, in  0.300 seconds
Refreshing native plugins compatible for Editor in 1.31 ms, found 2 plugins.
Native extension for OSXStandalone target not found
Native extension for WebGL target not found
Refreshing native plugins compatible for Editor in 1.48 ms, found 2 plugins.
[Package Manager] Failed to launch server process. Reason: Unity was launched with the -noUpm command-line argument
[Package Manager] Unable to send message (not connected to server process).
[Package Manager] Cannot connect to Unity Package Manager local server
ScheduleIndexationOnStartup MainProcess:False IndexOnStartup:True
Mono: successfully reloaded assembly
- Finished resetting the current domain, in  0.407 seconds
Domain Reload Profiling: 708ms
	BeginReloadAssembly (72ms)
		ExecutionOrderSort (0ms)
		DisableScriptedObjects (3ms)
		BackupInstance (0ms)
		ReleaseScriptingObjects (0ms)
		CreateAndSetChildDomain (21ms)
	RebuildCommonClasses (16ms)
	RebuildNativeTypeToScriptingClass (6ms)
	initialDomainReloadingComplete (10ms)
	LoadAllAssembliesAndSetupDomain (198ms)
		LoadAssemblies (152ms)
		RebuildTransferFunctionScriptingTraits (0ms)
		AnalyzeDomain (68ms)
			TypeCache.Refresh (7ms)
				TypeCache.ScanAssembly (0ms)
			BuildScriptInfoCaches (58ms)
			ResolveRequiredComponents (1ms)
	FinalizeReload (407ms)
		ReleaseScriptCaches (0ms)
		RebuildScriptCaches (0ms)
		SetupLoadedEditorAssemblies (356ms)
			LogAssemblyErrors (0ms)
			InitializePlatformSupportModulesInManaged (1ms)
			SetLoadedEditorAssemblies (2ms)
			BeforeProcessingInitializeOnLoad (84ms)
			ProcessInitializeOnLoadAttributes (172ms)
			ProcessInitializeOnLoadMethodAttributes (97ms)
			AfterProcessingInitializeOnLoad (0ms)
			EditorAssembliesLoaded (0ms)
		ExecutionOrderSort2 (0ms)
		AwakeInstancesAfterBackupRestoration (1ms)
Refreshing native plugins compatible for Editor in 1.36 ms, found 2 plugins.
Preloading 1 native plugins for Editor in 1.21 ms.
Unloading 43 Unused Serialized files (Serialized files now loaded: 0)
Unloading 5193 unused Assets / (13.7 MB). Loaded Objects now: 5967.
Memory consumption went from 145.8 MB to 132.1 MB.
Total: 7.643834 ms (FindLiveObjects: 0.181666 ms CreateObjectMapping: 0.074792 ms MarkObjects: 6.160042 ms  DeleteObjects: 1.227084 ms)

Prepare: number of updated asset objects reloaded= 0
========================================================================
Received Prepare
Refreshing native plugins compatible for Editor in 1.08 ms, found 2 plugins.
Preloading 1 native plugins for Editor in 1.13 ms.
Unloading 43 Unused Serialized files (Serialized files now loaded: 0)
Unloading 5148 unused Assets / (13.6 MB). Loaded Objects now: 5967.
Memory consumption went from 132.2 MB to 118.6 MB.
Total: 7.846250 ms (FindLiveObjects: 0.195000 ms CreateObjectMapping: 0.087000 ms MarkObjects: 6.418750 ms  DeleteObjects: 1.145208 ms)

Prepare: number of updated asset objects reloaded= 0
========================================================================
Received Prepare
Refreshing native plugins compatible for Editor in 1.41 ms, found 2 plugins.
Preloading 1 native plugins for Editor in 1.17 ms.
Unloading 43 Unused Serialized files (Serialized files now loaded: 0)
Unloading 5148 unused Assets / (13.8 MB). Loaded Objects now: 5967.
Memory consumption went from 132.2 MB to 118.4 MB.
Total: 7.559833 ms (FindLiveObjects: 0.191584 ms CreateObjectMapping: 0.076750 ms MarkObjects: 6.050917 ms  DeleteObjects: 1.240416 ms)

Prepare: number of updated asset objects reloaded= 0
========================================================================
Received Prepare
Begin MonoManager ReloadAssembly
Thread 0x16b58f000 may have been prematurely finalized
Symbol file LoadedFromMemory is not a mono symbol file
Symbol file LoadedFromMemory is not a mono symbol file
- Loaded All Assemblies, in  0.323 seconds
Refreshing native plugins compatible for Editor in 1.31 ms, found 2 plugins.
Native extension for OSXStandalone target not found
Native extension for WebGL target not found
Refreshing native plugins compatible for Editor in 1.14 ms, found 2 plugins.
[Package Manager] Failed to launch server process. Reason: Unity was launched with the -noUpm command-line argument
[Package Manager] Unable to send message (not connected to server process).
[Package Manager] Cannot connect to Unity Package Manager local server
ScheduleIndexationOnStartup MainProcess:False IndexOnStartup:True
Mono: successfully reloaded assembly
- Finished resetting the current domain, in  0.405 seconds
Domain Reload Profiling: 729ms
	BeginReloadAssembly (73ms)
		ExecutionOrderSort (0ms)
		DisableScriptedObjects (3ms)
		BackupInstance (0ms)
		ReleaseScriptingObjects (0ms)
		CreateAndSetChildDomain (22ms)
	RebuildCommonClasses (16ms)
	RebuildNativeTypeToScriptingClass (6ms)
	initialDomainReloadingComplete (9ms)
	LoadAllAssembliesAndSetupDomain (220ms)
		LoadAssemblies (175ms)
		RebuildTransferFunctionScriptingTraits (0ms)
		AnalyzeDomain (68ms)
			TypeCache.Refresh (7ms)
				TypeCache.ScanAssembly (0ms)
			BuildScriptInfoCaches (58ms)
			ResolveRequiredComponents (1ms)
	FinalizeReload (405ms)
		ReleaseScriptCaches (0ms)
		RebuildScriptCaches (0ms)
		SetupLoadedEditorAssemblies (355ms)
			LogAssemblyErrors (0ms)
			InitializePlatformSupportModulesInManaged (1ms)
			SetLoadedEditorAssemblies (2ms)
			BeforeProcessingInitializeOnLoad (84ms)
			ProcessInitializeOnLoadAttributes (170ms)
			ProcessInitializeOnLoadMethodAttributes (97ms)
			AfterProcessingInitializeOnLoad (0ms)
			EditorAssembliesLoaded (0ms)
		ExecutionOrderSort2 (0ms)
		AwakeInstancesAfterBackupRestoration (1ms)
Refreshing native plugins compatible for Editor in 1.49 ms, found 2 plugins.
Preloading 1 native plugins for Editor in 1.21 ms.
Unloading 43 Unused Serialized files (Serialized files now loaded: 0)
Unloading 5193 unused Assets / (13.7 MB). Loaded Objects now: 5971.
Memory consumption went from 145.8 MB to 132.1 MB.
Total: 7.559667 ms (FindLiveObjects: 0.199417 ms CreateObjectMapping: 0.087250 ms MarkObjects: 6.089334 ms  DeleteObjects: 1.183375 ms)

Prepare: number of updated asset objects reloaded= 0
========================================================================
Received Prepare
Begin MonoManager ReloadAssembly
Thread 0x16b58f000 may have been prematurely finalized
Symbol file LoadedFromMemory is not a mono symbol file
Symbol file LoadedFromMemory is not a mono symbol file
- Loaded All Assemblies, in  0.295 seconds
Refreshing native plugins compatible for Editor in 1.47 ms, found 2 plugins.
Native extension for OSXStandalone target not found
Native extension for WebGL target not found
Refreshing native plugins compatible for Editor in 1.14 ms, found 2 plugins.
[Package Manager] Failed to launch server process. Reason: Unity was launched with the -noUpm command-line argument
[Package Manager] Unable to send message (not connected to server process).
[Package Manager] Cannot connect to Unity Package Manager local server
ScheduleIndexationOnStartup MainProcess:False IndexOnStartup:True
Mono: successfully reloaded assembly
- Finished resetting the current domain, in  0.442 seconds
Domain Reload Profiling: 738ms
	BeginReloadAssembly (72ms)
		ExecutionOrderSort (0ms)
		DisableScriptedObjects (3ms)
		BackupInstance (0ms)
		ReleaseScriptingObjects (0ms)
		CreateAndSetChildDomain (21ms)
	RebuildCommonClasses (16ms)
	RebuildNativeTypeToScriptingClass (6ms)
	initialDomainReloadingComplete (9ms)
	LoadAllAssembliesAndSetupDomain (193ms)
		LoadAssemblies (149ms)
		RebuildTransferFunctionScriptingTraits (0ms)
		AnalyzeDomain (66ms)
			TypeCache.Refresh (5ms)
				TypeCache.ScanAssembly (0ms)
			BuildScriptInfoCaches (58ms)
			ResolveRequiredComponents (1ms)
	FinalizeReload (442ms)
		ReleaseScriptCaches (0ms)
		RebuildScriptCaches (0ms)
		SetupLoadedEditorAssemblies (388ms)
			LogAssemblyErrors (0ms)
			InitializePlatformSupportModulesInManaged (1ms)
			SetLoadedEditorAssemblies (2ms)
			BeforeProcessingInitializeOnLoad (90ms)
			ProcessInitializeOnLoadAttributes (190ms)
			ProcessInitializeOnLoadMethodAttributes (104ms)
			AfterProcessingInitializeOnLoad (1ms)
			EditorAssembliesLoaded (0ms)
		ExecutionOrderSort2 (0ms)
		AwakeInstancesAfterBackupRestoration (1ms)
Refreshing native plugins compatible for Editor in 1.42 ms, found 2 plugins.
Preloading 1 native plugins for Editor in 1.23 ms.
Unloading 43 Unused Serialized files (Serialized files now loaded: 0)
Unloading 5193 unused Assets / (13.9 MB). Loaded Objects now: 5975.
Memory consumption went from 145.8 MB to 131.9 MB.
Total: 7.714625 ms (FindLiveObjects: 0.193625 ms CreateObjectMapping: 0.076416 ms MarkObjects: 6.122084 ms  DeleteObjects: 1.322375 ms)

Prepare: number of updated asset objects reloaded= 0
========================================================================
Received Prepare
Begin MonoManager ReloadAssembly
Thread 0x16b58f000 may have been prematurely finalized
Symbol file LoadedFromMemory is not a mono symbol file
Symbol file LoadedFromMemory is not a mono symbol file
- Loaded All Assemblies, in  0.288 seconds
Refreshing native plugins compatible for Editor in 1.20 ms, found 2 plugins.
Native extension for OSXStandalone target not found
Native extension for WebGL target not found
Refreshing native plugins compatible for Editor in 1.13 ms, found 2 plugins.
[Package Manager] Failed to launch server process. Reason: Unity was launched with the -noUpm command-line argument
[Package Manager] Unable to send message (not connected to server process).
[Package Manager] Cannot connect to Unity Package Manager local server
ScheduleIndexationOnStartup MainProcess:False IndexOnStartup:True
Mono: successfully reloaded assembly
- Finished resetting the current domain, in  0.446 seconds
Domain Reload Profiling: 735ms
	BeginReloadAssembly (70ms)
		ExecutionOrderSort (0ms)
		DisableScriptedObjects (3ms)
		BackupInstance (0ms)
		ReleaseScriptingObjects (0ms)
		CreateAndSetChildDomain (21ms)
	RebuildCommonClasses (16ms)
	RebuildNativeTypeToScriptingClass (6ms)
	initialDomainReloadingComplete (10ms)
	LoadAllAssembliesAndSetupDomain (188ms)
		LoadAssemblies (145ms)
		RebuildTransferFunctionScriptingTraits (0ms)
		AnalyzeDomain (64ms)
			TypeCache.Refresh (5ms)
				TypeCache.ScanAssembly (0ms)
			BuildScriptInfoCaches (57ms)
			ResolveRequiredComponents (1ms)
	FinalizeReload (446ms)
		ReleaseScriptCaches (0ms)
		RebuildScriptCaches (0ms)
		SetupLoadedEditorAssemblies (393ms)
			LogAssemblyErrors (0ms)
			InitializePlatformSupportModulesInManaged (1ms)
			SetLoadedEditorAssemblies (2ms)
			BeforeProcessingInitializeOnLoad (94ms)
			ProcessInitializeOnLoadAttributes (187ms)
			ProcessInitializeOnLoadMethodAttributes (109ms)
			AfterProcessingInitializeOnLoad (1ms)
			EditorAssembliesLoaded (0ms)
		ExecutionOrderSort2 (0ms)
		AwakeInstancesAfterBackupRestoration (1ms)
Refreshing native plugins compatible for Editor in 1.34 ms, found 2 plugins.
Preloading 1 native plugins for Editor in 1.29 ms.
Unloading 43 Unused Serialized files (Serialized files now loaded: 0)
Unloading 5193 unused Assets / (12.5 MB). Loaded Objects now: 5979.
Memory consumption went from 145.8 MB to 133.3 MB.
Total: 8.702458 ms (FindLiveObjects: 0.209667 ms CreateObjectMapping: 0.083833 ms MarkObjects: 7.215000 ms  DeleteObjects: 1.193417 ms)

Prepare: number of updated asset objects reloaded= 0
========================================================================
Received Prepare
Refreshing native plugins compatible for Editor in 1.39 ms, found 2 plugins.
Preloading 1 native plugins for Editor in 1.20 ms.
Unloading 43 Unused Serialized files (Serialized files now loaded: 0)
Unloading 5148 unused Assets / (13.5 MB). Loaded Objects now: 5979.
Memory consumption went from 132.2 MB to 118.7 MB.
Total: 7.737166 ms (FindLiveObjects: 0.188375 ms CreateObjectMapping: 0.077250 ms MarkObjects: 6.235166 ms  DeleteObjects: 1.236208 ms)

Prepare: number of updated asset objects reloaded= 0
========================================================================
Received Prepare
Refreshing native plugins compatible for Editor in 1.48 ms, found 2 plugins.
Preloading 1 native plugins for Editor in 1.17 ms.
Unloading 43 Unused Serialized files (Serialized files now loaded: 0)
Unloading 5148 unused Assets / (13.8 MB). Loaded Objects now: 5979.
Memory consumption went from 132.2 MB to 118.4 MB.
Total: 7.531750 ms (FindLiveObjects: 0.191084 ms CreateObjectMapping: 0.081875 ms MarkObjects: 6.036542 ms  DeleteObjects: 1.222000 ms)

Prepare: number of updated asset objects reloaded= 0
========================================================================
Received Prepare
Refreshing native plugins compatible for Editor in 1.39 ms, found 2 plugins.
Preloading 1 native plugins for Editor in 1.17 ms.
Unloading 43 Unused Serialized files (Serialized files now loaded: 0)
Unloading 5148 unused Assets / (13.6 MB). Loaded Objects now: 5979.
Memory consumption went from 132.2 MB to 118.6 MB.
Total: 7.455708 ms (FindLiveObjects: 0.188041 ms CreateObjectMapping: 0.082375 ms MarkObjects: 5.967334 ms  DeleteObjects: 1.217792 ms)

Prepare: number of updated asset objects reloaded= 0
========================================================================
Received Prepare
Refreshing native plugins compatible for Editor in 1.46 ms, found 2 plugins.
Preloading 1 native plugins for Editor in 1.18 ms.
Unloading 43 Unused Serialized files (Serialized files now loaded: 0)
Unloading 5148 unused Assets / (13.7 MB). Loaded Objects now: 5979.
Memory consumption went from 132.2 MB to 118.5 MB.
Total: 7.481250 ms (FindLiveObjects: 0.189334 ms CreateObjectMapping: 0.084291 ms MarkObjects: 5.983042 ms  DeleteObjects: 1.224375 ms)

Prepare: number of updated asset objects reloaded= 0
========================================================================
Received Prepare
Refreshing native plugins compatible for Editor in 1.36 ms, found 2 plugins.
Preloading 1 native plugins for Editor in 1.15 ms.
Unloading 43 Unused Serialized files (Serialized files now loaded: 0)
Unloading 5148 unused Assets / (13.7 MB). Loaded Objects now: 5979.
Memory consumption went from 132.2 MB to 118.5 MB.
Total: 7.351708 ms (FindLiveObjects: 0.196750 ms CreateObjectMapping: 0.073584 ms MarkObjects: 5.842750 ms  DeleteObjects: 1.238208 ms)

Prepare: number of updated asset objects reloaded= 0
========================================================================
Received Prepare
Begin MonoManager ReloadAssembly
[Licensing::Client] Successfully resolved entitlement details
[Licensing::Module] License group:
  Id: F4-85AS-8ZW6-XMRF-425Z-XXXX
  Product: Unity Personal
  Type: ULF
  Expiration: Unlimited
[Licensing::Module] License group:
  Id: 6872810951280-UnityPersXXXX
  Product: Unity Personal
  Type: Assigned
  Expiration: Unlimited
Thread 0x16b58f000 may have been prematurely finalized
Symbol file LoadedFromMemory is not a mono symbol file
Symbol file LoadedFromMemory is not a mono symbol file
- Loaded All Assemblies, in  0.329 seconds
Refreshing native plugins compatible for Editor in 1.51 ms, found 2 plugins.
Native extension for OSXStandalone target not found
Native extension for WebGL target not found
Refreshing native plugins compatible for Editor in 1.07 ms, found 2 plugins.
[Package Manager] Failed to launch server process. Reason: Unity was launched with the -noUpm command-line argument
[Package Manager] Unable to send message (not connected to server process).
[Package Manager] Cannot connect to Unity Package Manager local server
ScheduleIndexationOnStartup MainProcess:False IndexOnStartup:True
Mono: successfully reloaded assembly
- Finished resetting the current domain, in  0.395 seconds
Domain Reload Profiling: 725ms
	BeginReloadAssembly (71ms)
		ExecutionOrderSort (0ms)
		DisableScriptedObjects (3ms)
		BackupInstance (0ms)
		ReleaseScriptingObjects (0ms)
		CreateAndSetChildDomain (21ms)
	RebuildCommonClasses (16ms)
	RebuildNativeTypeToScriptingClass (6ms)
	initialDomainReloadingComplete (9ms)
	LoadAllAssembliesAndSetupDomain (227ms)
		LoadAssemblies (181ms)
		RebuildTransferFunctionScriptingTraits (0ms)
		AnalyzeDomain (68ms)
			TypeCache.Refresh (7ms)
				TypeCache.ScanAssembly (0ms)
			BuildScriptInfoCaches (58ms)
			ResolveRequiredComponents (1ms)
	FinalizeReload (395ms)
		ReleaseScriptCaches (0ms)
		RebuildScriptCaches (0ms)
		SetupLoadedEditorAssemblies (347ms)
			LogAssemblyErrors (0ms)
			InitializePlatformSupportModulesInManaged (1ms)
			SetLoadedEditorAssemblies (2ms)
			BeforeProcessingInitializeOnLoad (83ms)
			ProcessInitializeOnLoadAttributes (164ms)
			ProcessInitializeOnLoadMethodAttributes (98ms)
			AfterProcessingInitializeOnLoad (0ms)
			EditorAssembliesLoaded (0ms)
		ExecutionOrderSort2 (0ms)
		AwakeInstancesAfterBackupRestoration (1ms)
Refreshing native plugins compatible for Editor in 1.06 ms, found 2 plugins.
Preloading 1 native plugins for Editor in 1.18 ms.
Unloading 43 Unused Serialized files (Serialized files now loaded: 0)
Unloading 5193 unused Assets / (12.5 MB). Loaded Objects now: 5983.
Memory consumption went from 145.8 MB to 133.3 MB.
Total: 8.072416 ms (FindLiveObjects: 0.187708 ms CreateObjectMapping: 0.078625 ms MarkObjects: 6.672958 ms  DeleteObjects: 1.132916 ms)

Prepare: number of updated asset objects reloaded= 0
========================================================================
Received Prepare
Refreshing native plugins compatible for Editor in 1.41 ms, found 2 plugins.
Preloading 1 native plugins for Editor in 1.19 ms.
Unloading 43 Unused Serialized files (Serialized files now loaded: 0)
Unloading 5148 unused Assets / (13.7 MB). Loaded Objects now: 5983.
Memory consumption went from 132.2 MB to 118.5 MB.
Total: 7.500125 ms (FindLiveObjects: 0.198125 ms CreateObjectMapping: 0.085917 ms MarkObjects: 6.020042 ms  DeleteObjects: 1.195833 ms)

Prepare: number of updated asset objects reloaded= 0
========================================================================
Received Prepare
Begin MonoManager ReloadAssembly
Thread 0x16b58f000 may have been prematurely finalized
Symbol file LoadedFromMemory is not a mono symbol file
Symbol file LoadedFromMemory is not a mono symbol file
- Loaded All Assemblies, in  0.312 seconds
Refreshing native plugins compatible for Editor in 1.48 ms, found 2 plugins.
Native extension for OSXStandalone target not found
Native extension for WebGL target not found
Refreshing native plugins compatible for Editor in 1.22 ms, found 2 plugins.
[Package Manager] Failed to launch server process. Reason: Unity was launched with the -noUpm command-line argument
[Package Manager] Unable to send message (not connected to server process).
[Package Manager] Cannot connect to Unity Package Manager local server
ScheduleIndexationOnStartup MainProcess:False IndexOnStartup:True
Mono: successfully reloaded assembly
- Finished resetting the current domain, in  0.405 seconds
Domain Reload Profiling: 719ms
	BeginReloadAssembly (73ms)
		ExecutionOrderSort (0ms)
		DisableScriptedObjects (3ms)
		BackupInstance (0ms)
		ReleaseScriptingObjects (0ms)
		CreateAndSetChildDomain (22ms)
	RebuildCommonClasses (16ms)
	RebuildNativeTypeToScriptingClass (6ms)
	initialDomainReloadingComplete (10ms)
	LoadAllAssembliesAndSetupDomain (209ms)
		LoadAssemblies (163ms)
		RebuildTransferFunctionScriptingTraits (0ms)
		AnalyzeDomain (68ms)
			TypeCache.Refresh (7ms)
				TypeCache.ScanAssembly (0ms)
			BuildScriptInfoCaches (58ms)
			ResolveRequiredComponents (1ms)
	FinalizeReload (406ms)
		ReleaseScriptCaches (0ms)
		RebuildScriptCaches (0ms)
		SetupLoadedEditorAssemblies (355ms)
			LogAssemblyErrors (0ms)
			InitializePlatformSupportModulesInManaged (1ms)
			SetLoadedEditorAssemblies (2ms)
			BeforeProcessingInitializeOnLoad (84ms)
			ProcessInitializeOnLoadAttributes (169ms)
			ProcessInitializeOnLoadMethodAttributes (99ms)
			AfterProcessingInitializeOnLoad (0ms)
			EditorAssembliesLoaded (0ms)
		ExecutionOrderSort2 (0ms)
		AwakeInstancesAfterBackupRestoration (1ms)
Refreshing native plugins compatible for Editor in 1.48 ms, found 2 plugins.
Preloading 1 native plugins for Editor in 1.15 ms.
Unloading 43 Unused Serialized files (Serialized files now loaded: 0)
Unloading 5193 unused Assets / (13.8 MB). Loaded Objects now: 5987.
Memory consumption went from 145.8 MB to 132.1 MB.
Total: 7.627084 ms (FindLiveObjects: 0.192083 ms CreateObjectMapping: 0.071750 ms MarkObjects: 6.129584 ms  DeleteObjects: 1.233458 ms)

Prepare: number of updated asset objects reloaded= 0
========================================================================
Received Prepare
Refreshing native plugins compatible for Editor in 1.40 ms, found 2 plugins.
Preloading 1 native plugins for Editor in 1.18 ms.
Unloading 43 Unused Serialized files (Serialized files now loaded: 0)
Unloading 5148 unused Assets / (13.8 MB). Loaded Objects now: 5987.
Memory consumption went from 132.2 MB to 118.5 MB.
Total: 7.580875 ms (FindLiveObjects: 0.191541 ms CreateObjectMapping: 0.077709 ms MarkObjects: 6.098125 ms  DeleteObjects: 1.213250 ms)

Prepare: number of updated asset objects reloaded= 0
========================================================================
Received Prepare
Begin MonoManager ReloadAssembly
Thread 0x16b58f000 may have been prematurely finalized
Symbol file LoadedFromMemory is not a mono symbol file
Symbol file LoadedFromMemory is not a mono symbol file
- Loaded All Assemblies, in  0.300 seconds
Refreshing native plugins compatible for Editor in 1.59 ms, found 2 plugins.
Native extension for OSXStandalone target not found
Native extension for WebGL target not found
Refreshing native plugins compatible for Editor in 1.25 ms, found 2 plugins.
[Package Manager] Failed to launch server process. Reason: Unity was launched with the -noUpm command-line argument
[Package Manager] Unable to send message (not connected to server process).
[Package Manager] Cannot connect to Unity Package Manager local server
ScheduleIndexationOnStartup MainProcess:False IndexOnStartup:True
Mono: successfully reloaded assembly
- Finished resetting the current domain, in  0.414 seconds
Domain Reload Profiling: 716ms
	BeginReloadAssembly (74ms)
		ExecutionOrderSort (0ms)
		DisableScriptedObjects (3ms)
		BackupInstance (0ms)
		ReleaseScriptingObjects (0ms)
		CreateAndSetChildDomain (24ms)
	RebuildCommonClasses (16ms)
	RebuildNativeTypeToScriptingClass (6ms)
	initialDomainReloadingComplete (10ms)
	LoadAllAssembliesAndSetupDomain (196ms)
		LoadAssemblies (150ms)
		RebuildTransferFunctionScriptingTraits (0ms)
		AnalyzeDomain (67ms)
			TypeCache.Refresh (7ms)
				TypeCache.ScanAssembly (0ms)
			BuildScriptInfoCaches (58ms)
			ResolveRequiredComponents (1ms)
	FinalizeReload (415ms)
		ReleaseScriptCaches (0ms)
		RebuildScriptCaches (0ms)
		SetupLoadedEditorAssemblies (363ms)
			LogAssemblyErrors (0ms)
			InitializePlatformSupportModulesInManaged (1ms)
			SetLoadedEditorAssemblies (2ms)
			BeforeProcessingInitializeOnLoad (84ms)
			ProcessInitializeOnLoadAttributes (174ms)
			ProcessInitializeOnLoadMethodAttributes (102ms)
			AfterProcessingInitializeOnLoad (1ms)
			EditorAssembliesLoaded (0ms)
		ExecutionOrderSort2 (0ms)
		AwakeInstancesAfterBackupRestoration (1ms)
Refreshing native plugins compatible for Editor in 1.32 ms, found 2 plugins.
Preloading 1 native plugins for Editor in 1.23 ms.
Unloading 43 Unused Serialized files (Serialized files now loaded: 0)
Unloading 5193 unused Assets / (13.6 MB). Loaded Objects now: 5991.
Memory consumption went from 145.8 MB to 132.3 MB.
Total: 7.848334 ms (FindLiveObjects: 0.197208 ms CreateObjectMapping: 0.082542 ms MarkObjects: 6.346542 ms  DeleteObjects: 1.221875 ms)

Prepare: number of updated asset objects reloaded= 0
========================================================================
Received Prepare
Begin MonoManager ReloadAssembly
Thread 0x16b58f000 may have been prematurely finalized
Symbol file LoadedFromMemory is not a mono symbol file
Symbol file LoadedFromMemory is not a mono symbol file
- Loaded All Assemblies, in  0.293 seconds
Refreshing native plugins compatible for Editor in 1.22 ms, found 2 plugins.
Native extension for OSXStandalone target not found
Native extension for WebGL target not found
Refreshing native plugins compatible for Editor in 1.30 ms, found 2 plugins.
[Package Manager] Failed to launch server process. Reason: Unity was launched with the -noUpm command-line argument
[Package Manager] Unable to send message (not connected to server process).
[Package Manager] Cannot connect to Unity Package Manager local server
ScheduleIndexationOnStartup MainProcess:False IndexOnStartup:True
Mono: successfully reloaded assembly
- Finished resetting the current domain, in  0.448 seconds
Domain Reload Profiling: 742ms
	BeginReloadAssembly (71ms)
		ExecutionOrderSort (0ms)
		DisableScriptedObjects (3ms)
		BackupInstance (0ms)
		ReleaseScriptingObjects (0ms)
		CreateAndSetChildDomain (21ms)
	RebuildCommonClasses (16ms)
	RebuildNativeTypeToScriptingClass (6ms)
	initialDomainReloadingComplete (10ms)
	LoadAllAssembliesAndSetupDomain (191ms)
		LoadAssemblies (149ms)
		RebuildTransferFunctionScriptingTraits (0ms)
		AnalyzeDomain (64ms)
			TypeCache.Refresh (4ms)
				TypeCache.ScanAssembly (0ms)
			BuildScriptInfoCaches (57ms)
			ResolveRequiredComponents (1ms)
	FinalizeReload (448ms)
		ReleaseScriptCaches (0ms)
		RebuildScriptCaches (0ms)
		SetupLoadedEditorAssemblies (396ms)
			LogAssemblyErrors (0ms)
			InitializePlatformSupportModulesInManaged (1ms)
			SetLoadedEditorAssemblies (2ms)
			BeforeProcessingInitializeOnLoad (96ms)
			ProcessInitializeOnLoadAttributes (189ms)
			ProcessInitializeOnLoadMethodAttributes (108ms)
			AfterProcessingInitializeOnLoad (1ms)
			EditorAssembliesLoaded (0ms)
		ExecutionOrderSort2 (0ms)
		AwakeInstancesAfterBackupRestoration (1ms)
Refreshing native plugins compatible for Editor in 1.74 ms, found 2 plugins.
Preloading 1 native plugins for Editor in 1.25 ms.
Unloading 43 Unused Serialized files (Serialized files now loaded: 0)
Unloading 5193 unused Assets / (13.3 MB). Loaded Objects now: 5995.
Memory consumption went from 145.9 MB to 132.5 MB.
Total: 8.562667 ms (FindLiveObjects: 0.217208 ms CreateObjectMapping: 0.082833 ms MarkObjects: 7.081375 ms  DeleteObjects: 1.180959 ms)

Prepare: number of updated asset objects reloaded= 0
========================================================================
Received Prepare
Begin MonoManager ReloadAssembly
[Licensing::Client] Successfully resolved entitlement details
[Licensing::Module] License group:
  Id: F4-85AS-8ZW6-XMRF-425Z-XXXX
  Product: Unity Personal
  Type: ULF
  Expiration: Unlimited
[Licensing::Module] License group:
  Id: 6872810951280-UnityPersXXXX
  Product: Unity Personal
  Type: Assigned
  Expiration: Unlimited
Thread 0x16b58f000 may have been prematurely finalized
Symbol file LoadedFromMemory is not a mono symbol file
Symbol file LoadedFromMemory is not a mono symbol file
- Loaded All Assemblies, in  0.387 seconds
Refreshing native plugins compatible for Editor in 1.22 ms, found 2 plugins.
Native extension for OSXStandalone target not found
Native extension for WebGL target not found
Refreshing native plugins compatible for Editor in 1.08 ms, found 2 plugins.
[Package Manager] Failed to launch server process. Reason: Unity was launched with the -noUpm command-line argument
[Package Manager] Unable to send message (not connected to server process).
[Package Manager] Cannot connect to Unity Package Manager local server
ScheduleIndexationOnStartup MainProcess:False IndexOnStartup:True
Mono: successfully reloaded assembly
- Finished resetting the current domain, in  0.436 seconds
Domain Reload Profiling: 824ms
	BeginReloadAssembly (98ms)
		ExecutionOrderSort (0ms)
		DisableScriptedObjects (4ms)
		BackupInstance (0ms)
		ReleaseScriptingObjects (0ms)
		CreateAndSetChildDomain (35ms)
	RebuildCommonClasses (16ms)
	RebuildNativeTypeToScriptingClass (6ms)
	initialDomainReloadingComplete (13ms)
	LoadAllAssembliesAndSetupDomain (256ms)
		LoadAssemblies (219ms)
		RebuildTransferFunctionScriptingTraits (0ms)
		AnalyzeDomain (67ms)
			TypeCache.Refresh (5ms)
				TypeCache.ScanAssembly (0ms)
			BuildScriptInfoCaches (59ms)
			ResolveRequiredComponents (1ms)
	FinalizeReload (436ms)
		ReleaseScriptCaches (0ms)
		RebuildScriptCaches (0ms)
		SetupLoadedEditorAssemblies (384ms)
			LogAssemblyErrors (0ms)
			InitializePlatformSupportModulesInManaged (1ms)
			SetLoadedEditorAssemblies (2ms)
			BeforeProcessingInitializeOnLoad (88ms)
			ProcessInitializeOnLoadAttributes (185ms)
			ProcessInitializeOnLoadMethodAttributes (107ms)
			AfterProcessingInitializeOnLoad (0ms)
			EditorAssembliesLoaded (0ms)
		ExecutionOrderSort2 (0ms)
		AwakeInstancesAfterBackupRestoration (1ms)
Refreshing native plugins compatible for Editor in 1.72 ms, found 2 plugins.
Preloading 1 native plugins for Editor in 1.27 ms.
Unloading 43 Unused Serialized files (Serialized files now loaded: 0)
Unloading 5193 unused Assets / (12.5 MB). Loaded Objects now: 5999.
Memory consumption went from 145.9 MB to 133.4 MB.
Total: 8.742250 ms (FindLiveObjects: 0.199666 ms CreateObjectMapping: 0.078167 ms MarkObjects: 7.232666 ms  DeleteObjects: 1.231166 ms)

Prepare: number of updated asset objects reloaded= 0
========================================================================
Received Prepare
Refreshing native plugins compatible for Editor in 1.48 ms, found 2 plugins.
Preloading 1 native plugins for Editor in 1.23 ms.
Unloading 43 Unused Serialized files (Serialized files now loaded: 0)
Unloading 5148 unused Assets / (13.4 MB). Loaded Objects now: 5999.
Memory consumption went from 132.2 MB to 118.9 MB.
Total: 20.358166 ms (FindLiveObjects: 0.273916 ms CreateObjectMapping: 0.087959 ms MarkObjects: 18.355708 ms  DeleteObjects: 1.640250 ms)

Prepare: number of updated asset objects reloaded= 0
========================================================================
Received Prepare
Begin MonoManager ReloadAssembly
[Licensing::Client] Successfully resolved entitlement details
[Licensing::Module] License group:
  Id: F4-85AS-8ZW6-XMRF-425Z-XXXX
  Product: Unity Personal
  Type: ULF
  Expiration: Unlimited
[Licensing::Module] License group:
  Id: 6872810951280-UnityPersXXXX
  Product: Unity Personal
  Type: Assigned
  Expiration: Unlimited
Thread 0x16b58f000 may have been prematurely finalized
Symbol file LoadedFromMemory is not a mono symbol file
Symbol file LoadedFromMemory is not a mono symbol file
- Loaded All Assemblies, in  0.439 seconds
Refreshing native plugins compatible for Editor in 1.30 ms, found 2 plugins.
Native extension for OSXStandalone target not found
Native extension for WebGL target not found
Refreshing native plugins compatible for Editor in 1.11 ms, found 2 plugins.
[Package Manager] Failed to launch server process. Reason: Unity was launched with the -noUpm command-line argument
[Package Manager] Unable to send message (not connected to server process).
[Package Manager] Cannot connect to Unity Package Manager local server
ScheduleIndexationOnStartup MainProcess:False IndexOnStartup:True
Mono: successfully reloaded assembly
- Finished resetting the current domain, in  0.393 seconds
Domain Reload Profiling: 833ms
	BeginReloadAssembly (130ms)
		ExecutionOrderSort (0ms)
		DisableScriptedObjects (6ms)
		BackupInstance (0ms)
		ReleaseScriptingObjects (0ms)
		CreateAndSetChildDomain (52ms)
	RebuildCommonClasses (18ms)
	RebuildNativeTypeToScriptingClass (7ms)
	initialDomainReloadingComplete (16ms)
	LoadAllAssembliesAndSetupDomain (269ms)
		LoadAssemblies (238ms)
		RebuildTransferFunctionScriptingTraits (0ms)
		AnalyzeDomain (73ms)
			TypeCache.Refresh (7ms)
				TypeCache.ScanAssembly (0ms)
			BuildScriptInfoCaches (62ms)
			ResolveRequiredComponents (1ms)
	FinalizeReload (393ms)
		ReleaseScriptCaches (0ms)
		RebuildScriptCaches (0ms)
		SetupLoadedEditorAssemblies (345ms)
			LogAssemblyErrors (0ms)
			InitializePlatformSupportModulesInManaged (1ms)
			SetLoadedEditorAssemblies (2ms)
			BeforeProcessingInitializeOnLoad (84ms)
			ProcessInitializeOnLoadAttributes (163ms)
			ProcessInitializeOnLoadMethodAttributes (95ms)
			AfterProcessingInitializeOnLoad (1ms)
			EditorAssembliesLoaded (0ms)
		ExecutionOrderSort2 (0ms)
		AwakeInstancesAfterBackupRestoration (1ms)
Refreshing native plugins compatible for Editor in 1.21 ms, found 2 plugins.
Preloading 1 native plugins for Editor in 1.17 ms.
Unloading 43 Unused Serialized files (Serialized files now loaded: 0)
Unloading 5193 unused Assets / (13.8 MB). Loaded Objects now: 6003.
Memory consumption went from 145.9 MB to 132.1 MB.
Total: 7.588417 ms (FindLiveObjects: 0.197458 ms CreateObjectMapping: 0.076833 ms MarkObjects: 6.058959 ms  DeleteObjects: 1.255000 ms)

Prepare: number of updated asset objects reloaded= 0
========================================================================
Received Prepare
Refreshing native plugins compatible for Editor in 1.47 ms, found 2 plugins.
Preloading 1 native plugins for Editor in 1.17 ms.
Unloading 43 Unused Serialized files (Serialized files now loaded: 0)
Unloading 5148 unused Assets / (13.6 MB). Loaded Objects now: 6003.
Memory consumption went from 132.2 MB to 118.7 MB.
Total: 7.857000 ms (FindLiveObjects: 0.191042 ms CreateObjectMapping: 0.080083 ms MarkObjects: 6.351875 ms  DeleteObjects: 1.233708 ms)

Prepare: number of updated asset objects reloaded= 0
========================================================================
Received Prepare
Begin MonoManager ReloadAssembly
Thread 0x16b88f000 may have been prematurely finalized
Symbol file LoadedFromMemory is not a mono symbol file
Symbol file LoadedFromMemory is not a mono symbol file
- Loaded All Assemblies, in  0.339 seconds
Refreshing native plugins compatible for Editor in 1.48 ms, found 2 plugins.
Native extension for OSXStandalone target not found
Native extension for WebGL target not found
Refreshing native plugins compatible for Editor in 1.42 ms, found 2 plugins.
[Package Manager] Failed to launch server process. Reason: Unity was launched with the -noUpm command-line argument
[Package Manager] Unable to send message (not connected to server process).
[Package Manager] Cannot connect to Unity Package Manager local server
ScheduleIndexationOnStartup MainProcess:False IndexOnStartup:True
Mono: successfully reloaded assembly
- Finished resetting the current domain, in  0.426 seconds
Domain Reload Profiling: 766ms
	BeginReloadAssembly (73ms)
		ExecutionOrderSort (0ms)
		DisableScriptedObjects (3ms)
		BackupInstance (0ms)
		ReleaseScriptingObjects (0ms)
		CreateAndSetChildDomain (23ms)
	RebuildCommonClasses (15ms)
	RebuildNativeTypeToScriptingClass (6ms)
	initialDomainReloadingComplete (9ms)
	LoadAllAssembliesAndSetupDomain (237ms)
		LoadAssemblies (184ms)
		RebuildTransferFunctionScriptingTraits (0ms)
		AnalyzeDomain (73ms)
			TypeCache.Refresh (10ms)
				TypeCache.ScanAssembly (0ms)
			BuildScriptInfoCaches (60ms)
			ResolveRequiredComponents (1ms)
	FinalizeReload (426ms)
		ReleaseScriptCaches (0ms)
		RebuildScriptCaches (0ms)
		SetupLoadedEditorAssemblies (377ms)
			LogAssemblyErrors (0ms)
			InitializePlatformSupportModulesInManaged (1ms)
			SetLoadedEditorAssemblies (2ms)
			BeforeProcessingInitializeOnLoad (83ms)
			ProcessInitializeOnLoadAttributes (186ms)
			ProcessInitializeOnLoadMethodAttributes (104ms)
			AfterProcessingInitializeOnLoad (1ms)
			EditorAssembliesLoaded (0ms)
		ExecutionOrderSort2 (0ms)
		AwakeInstancesAfterBackupRestoration (1ms)
Refreshing native plugins compatible for Editor in 1.30 ms, found 2 plugins.
Preloading 1 native plugins for Editor in 1.26 ms.
Unloading 43 Unused Serialized files (Serialized files now loaded: 0)
Unloading 5193 unused Assets / (12.7 MB). Loaded Objects now: 6007.
Memory consumption went from 145.9 MB to 133.2 MB.
Total: 8.531334 ms (FindLiveObjects: 0.183333 ms CreateObjectMapping: 0.077167 ms MarkObjects: 7.138458 ms  DeleteObjects: 1.132042 ms)

Prepare: number of updated asset objects reloaded= 0
========================================================================
Received Prepare
Refreshing native plugins compatible for Editor in 1.52 ms, found 2 plugins.
Preloading 1 native plugins for Editor in 1.25 ms.
Unloading 43 Unused Serialized files (Serialized files now loaded: 0)
Unloading 5148 unused Assets / (12.5 MB). Loaded Objects now: 6007.
Memory consumption went from 132.3 MB to 119.7 MB.
Total: 8.187542 ms (FindLiveObjects: 0.206500 ms CreateObjectMapping: 0.086041 ms MarkObjects: 6.708792 ms  DeleteObjects: 1.186000 ms)

Prepare: number of updated asset objects reloaded= 0
========================================================================
Received Prepare
Begin MonoManager ReloadAssembly
Thread 0x16b88f000 may have been prematurely finalized
Symbol file LoadedFromMemory is not a mono symbol file
Symbol file LoadedFromMemory is not a mono symbol file
- Loaded All Assemblies, in  0.301 seconds
Refreshing native plugins compatible for Editor in 1.08 ms, found 2 plugins.
Native extension for OSXStandalone target not found
Native extension for WebGL target not found
Refreshing native plugins compatible for Editor in 1.30 ms, found 2 plugins.
[Package Manager] Failed to launch server process. Reason: Unity was launched with the -noUpm command-line argument
[Package Manager] Unable to send message (not connected to server process).
[Package Manager] Cannot connect to Unity Package Manager local server
ScheduleIndexationOnStartup MainProcess:False IndexOnStartup:True
Mono: successfully reloaded assembly
- Finished resetting the current domain, in  0.392 seconds
Domain Reload Profiling: 694ms
	BeginReloadAssembly (71ms)
		ExecutionOrderSort (0ms)
		DisableScriptedObjects (3ms)
		BackupInstance (0ms)
		ReleaseScriptingObjects (0ms)
		CreateAndSetChildDomain (22ms)
	RebuildCommonClasses (16ms)
	RebuildNativeTypeToScriptingClass (6ms)
	initialDomainReloadingComplete (10ms)
	LoadAllAssembliesAndSetupDomain (198ms)
		LoadAssemblies (152ms)
		RebuildTransferFunctionScriptingTraits (0ms)
		AnalyzeDomain (68ms)
			TypeCache.Refresh (7ms)
				TypeCache.ScanAssembly (0ms)
			BuildScriptInfoCaches (58ms)
			ResolveRequiredComponents (1ms)
	FinalizeReload (392ms)
		ReleaseScriptCaches (0ms)
		RebuildScriptCaches (0ms)
		SetupLoadedEditorAssemblies (344ms)
			LogAssemblyErrors (0ms)
			InitializePlatformSupportModulesInManaged (1ms)
			SetLoadedEditorAssemblies (2ms)
			BeforeProcessingInitializeOnLoad (82ms)
			ProcessInitializeOnLoadAttributes (163ms)
			ProcessInitializeOnLoadMethodAttributes (96ms)
			AfterProcessingInitializeOnLoad (1ms)
			EditorAssembliesLoaded (0ms)
		ExecutionOrderSort2 (0ms)
		AwakeInstancesAfterBackupRestoration (1ms)
Refreshing native plugins compatible for Editor in 1.20 ms, found 2 plugins.
Preloading 1 native plugins for Editor in 1.23 ms.
Unloading 43 Unused Serialized files (Serialized files now loaded: 0)
Unloading 5193 unused Assets / (13.3 MB). Loaded Objects now: 6011.
Memory consumption went from 145.9 MB to 132.6 MB.
Total: 7.891708 ms (FindLiveObjects: 0.190250 ms CreateObjectMapping: 0.080417 ms MarkObjects: 6.489125 ms  DeleteObjects: 1.131666 ms)

Prepare: number of updated asset objects reloaded= 0
========================================================================
Received Prepare
Refreshing native plugins compatible for Editor in 1.55 ms, found 2 plugins.
Preloading 1 native plugins for Editor in 1.24 ms.
Unloading 43 Unused Serialized files (Serialized files now loaded: 0)
Unloading 5148 unused Assets / (13.5 MB). Loaded Objects now: 6011.
Memory consumption went from 132.3 MB to 118.8 MB.
Total: 8.657625 ms (FindLiveObjects: 0.192250 ms CreateObjectMapping: 0.080750 ms MarkObjects: 6.962791 ms  DeleteObjects: 1.421667 ms)

Prepare: number of updated asset objects reloaded= 0
========================================================================
Received Prepare
Begin MonoManager ReloadAssembly
[Licensing::Client] Successfully resolved entitlement details
[Licensing::Module] License group:
  Id: F4-85AS-8ZW6-XMRF-425Z-XXXX
  Product: Unity Personal
  Type: ULF
  Expiration: Unlimited
[Licensing::Module] License group:
  Id: 6872810951280-UnityPersXXXX
  Product: Unity Personal
  Type: Assigned
  Expiration: Unlimited
Thread 0x16b88f000 may have been prematurely finalized
Symbol file LoadedFromMemory is not a mono symbol file
Symbol file LoadedFromMemory is not a mono symbol file
- Loaded All Assemblies, in  0.395 seconds
Refreshing native plugins compatible for Editor in 1.68 ms, found 2 plugins.
Native extension for OSXStandalone target not found
Native extension for WebGL target not found
Refreshing native plugins compatible for Editor in 1.32 ms, found 2 plugins.
[Package Manager] Failed to launch server process. Reason: Unity was launched with the -noUpm command-line argument
[Package Manager] Unable to send message (not connected to server process).
[Package Manager] Cannot connect to Unity Package Manager local server
ScheduleIndexationOnStartup MainProcess:False IndexOnStartup:True
Mono: successfully reloaded assembly
- Finished resetting the current domain, in  0.402 seconds
Domain Reload Profiling: 799ms
	BeginReloadAssembly (86ms)
		ExecutionOrderSort (0ms)
		DisableScriptedObjects (3ms)
		BackupInstance (0ms)
		ReleaseScriptingObjects (0ms)
		CreateAndSetChildDomain (26ms)
	RebuildCommonClasses (15ms)
	RebuildNativeTypeToScriptingClass (6ms)
	initialDomainReloadingComplete (11ms)
	LoadAllAssembliesAndSetupDomain (278ms)
		LoadAssemblies (227ms)
		RebuildTransferFunctionScriptingTraits (0ms)
		AnalyzeDomain (79ms)
			TypeCache.Refresh (9ms)
				TypeCache.ScanAssembly (0ms)
			BuildScriptInfoCaches (67ms)
			ResolveRequiredComponents (1ms)
	FinalizeReload (403ms)
		ReleaseScriptCaches (0ms)
		RebuildScriptCaches (0ms)
		SetupLoadedEditorAssemblies (353ms)
			LogAssemblyErrors (0ms)
			InitializePlatformSupportModulesInManaged (1ms)
			SetLoadedEditorAssemblies (2ms)
			BeforeProcessingInitializeOnLoad (85ms)
			ProcessInitializeOnLoadAttributes (166ms)
			ProcessInitializeOnLoadMethodAttributes (98ms)
			AfterProcessingInitializeOnLoad (1ms)
			EditorAssembliesLoaded (0ms)
		ExecutionOrderSort2 (0ms)
		AwakeInstancesAfterBackupRestoration (1ms)
Refreshing native plugins compatible for Editor in 1.51 ms, found 2 plugins.
Preloading 1 native plugins for Editor in 1.18 ms.
Unloading 43 Unused Serialized files (Serialized files now loaded: 0)
Unloading 5193 unused Assets / (13.9 MB). Loaded Objects now: 6015.
Memory consumption went from 145.9 MB to 132.0 MB.
Total: 7.800250 ms (FindLiveObjects: 0.190375 ms CreateObjectMapping: 0.074417 ms MarkObjects: 6.219334 ms  DeleteObjects: 1.315875 ms)

Prepare: number of updated asset objects reloaded= 0
========================================================================
Received Prepare
Refreshing native plugins compatible for Editor in 1.59 ms, found 2 plugins.
Preloading 1 native plugins for Editor in 1.24 ms.
Unloading 43 Unused Serialized files (Serialized files now loaded: 0)
Unloading 5148 unused Assets / (13.6 MB). Loaded Objects now: 6015.
Memory consumption went from 132.3 MB to 118.7 MB.
Total: 8.058792 ms (FindLiveObjects: 0.196875 ms CreateObjectMapping: 0.079250 ms MarkObjects: 6.516000 ms  DeleteObjects: 1.266459 ms)

Prepare: number of updated asset objects reloaded= 0
========================================================================
Received Prepare
Begin MonoManager ReloadAssembly
Thread 0x16b88f000 may have been prematurely finalized
Symbol file LoadedFromMemory is not a mono symbol file
Symbol file LoadedFromMemory is not a mono symbol file
- Loaded All Assemblies, in  0.338 seconds
Refreshing native plugins compatible for Editor in 1.47 ms, found 2 plugins.
Native extension for OSXStandalone target not found
Native extension for WebGL target not found
Refreshing native plugins compatible for Editor in 1.29 ms, found 2 plugins.
[Package Manager] Failed to launch server process. Reason: Unity was launched with the -noUpm command-line argument
[Package Manager] Unable to send message (not connected to server process).
[Package Manager] Cannot connect to Unity Package Manager local server
ScheduleIndexationOnStartup MainProcess:False IndexOnStartup:True
Mono: successfully reloaded assembly
- Finished resetting the current domain, in  0.406 seconds
Domain Reload Profiling: 746ms
	BeginReloadAssembly (77ms)
		ExecutionOrderSort (0ms)
		DisableScriptedObjects (3ms)
		BackupInstance (0ms)
		ReleaseScriptingObjects (0ms)
		CreateAndSetChildDomain (24ms)
	RebuildCommonClasses (15ms)
	RebuildNativeTypeToScriptingClass (6ms)
	initialDomainReloadingComplete (10ms)
	LoadAllAssembliesAndSetupDomain (230ms)
		LoadAssemblies (184ms)
		RebuildTransferFunctionScriptingTraits (0ms)
		AnalyzeDomain (70ms)
			TypeCache.Refresh (7ms)
				TypeCache.ScanAssembly (0ms)
			BuildScriptInfoCaches (60ms)
			ResolveRequiredComponents (1ms)
	FinalizeReload (406ms)
		ReleaseScriptCaches (0ms)
		RebuildScriptCaches (0ms)
		SetupLoadedEditorAssemblies (358ms)
			LogAssemblyErrors (0ms)
			InitializePlatformSupportModulesInManaged (1ms)
			SetLoadedEditorAssemblies (2ms)
			BeforeProcessingInitializeOnLoad (86ms)
			ProcessInitializeOnLoadAttributes (167ms)
			ProcessInitializeOnLoadMethodAttributes (102ms)
			AfterProcessingInitializeOnLoad (1ms)
			EditorAssembliesLoaded (0ms)
		ExecutionOrderSort2 (0ms)
		AwakeInstancesAfterBackupRestoration (1ms)
Refreshing native plugins compatible for Editor in 1.59 ms, found 2 plugins.
Preloading 1 native plugins for Editor in 1.25 ms.
Unloading 43 Unused Serialized files (Serialized files now loaded: 0)
Unloading 5193 unused Assets / (13.0 MB). Loaded Objects now: 6019.
Memory consumption went from 145.9 MB to 132.9 MB.
Total: 8.248250 ms (FindLiveObjects: 0.200417 ms CreateObjectMapping: 0.082958 ms MarkObjects: 6.653000 ms  DeleteObjects: 1.311500 ms)

Prepare: number of updated asset objects reloaded= 0
========================================================================
Received Prepare
Refreshing native plugins compatible for Editor in 1.48 ms, found 2 plugins.
Preloading 1 native plugins for Editor in 1.13 ms.
Unloading 43 Unused Serialized files (Serialized files now loaded: 0)
Unloading 5148 unused Assets / (14.2 MB). Loaded Objects now: 6019.
Memory consumption went from 132.3 MB to 118.1 MB.
Total: 7.728750 ms (FindLiveObjects: 0.192750 ms CreateObjectMapping: 0.076959 ms MarkObjects: 6.138958 ms  DeleteObjects: 1.319792 ms)

Prepare: number of updated asset objects reloaded= 0
========================================================================
Received Prepare
Begin MonoManager ReloadAssembly
Thread 0x16b88f000 may have been prematurely finalized
Symbol file LoadedFromMemory is not a mono symbol file
Symbol file LoadedFromMemory is not a mono symbol file
- Loaded All Assemblies, in  0.308 seconds
Refreshing native plugins compatible for Editor in 1.14 ms, found 2 plugins.
Native extension for OSXStandalone target not found
Native extension for WebGL target not found
Refreshing native plugins compatible for Editor in 1.29 ms, found 2 plugins.
[Package Manager] Failed to launch server process. Reason: Unity was launched with the -noUpm command-line argument
[Package Manager] Unable to send message (not connected to server process).
[Package Manager] Cannot connect to Unity Package Manager local server
ScheduleIndexationOnStartup MainProcess:False IndexOnStartup:True
Mono: successfully reloaded assembly
- Finished resetting the current domain, in  0.410 seconds
Domain Reload Profiling: 719ms
	BeginReloadAssembly (73ms)
		ExecutionOrderSort (0ms)
		DisableScriptedObjects (3ms)
		BackupInstance (0ms)
		ReleaseScriptingObjects (0ms)
		CreateAndSetChildDomain (24ms)
	RebuildCommonClasses (16ms)
	RebuildNativeTypeToScriptingClass (6ms)
	initialDomainReloadingComplete (10ms)
	LoadAllAssembliesAndSetupDomain (204ms)
		LoadAssemblies (154ms)
		RebuildTransferFunctionScriptingTraits (0ms)
		AnalyzeDomain (71ms)
			TypeCache.Refresh (7ms)
				TypeCache.ScanAssembly (0ms)
			BuildScriptInfoCaches (61ms)
			ResolveRequiredComponents (1ms)
	FinalizeReload (410ms)
		ReleaseScriptCaches (0ms)
		RebuildScriptCaches (0ms)
		SetupLoadedEditorAssemblies (358ms)
			LogAssemblyErrors (0ms)
			InitializePlatformSupportModulesInManaged (1ms)
			SetLoadedEditorAssemblies (2ms)
			BeforeProcessingInitializeOnLoad (86ms)
			ProcessInitializeOnLoadAttributes (170ms)
			ProcessInitializeOnLoadMethodAttributes (98ms)
			AfterProcessingInitializeOnLoad (0ms)
			EditorAssembliesLoaded (0ms)
		ExecutionOrderSort2 (0ms)
		AwakeInstancesAfterBackupRestoration (1ms)
Refreshing native plugins compatible for Editor in 1.49 ms, found 2 plugins.
Preloading 1 native plugins for Editor in 1.20 ms.
Unloading 43 Unused Serialized files (Serialized files now loaded: 0)
Unloading 5193 unused Assets / (14.3 MB). Loaded Objects now: 6023.
Memory consumption went from 145.9 MB to 131.7 MB.
Total: 7.715916 ms (FindLiveObjects: 0.184875 ms CreateObjectMapping: 0.073083 ms MarkObjects: 6.098750 ms  DeleteObjects: 1.359125 ms)

Prepare: number of updated asset objects reloaded= 0
========================================================================
Received Prepare
Refreshing native plugins compatible for Editor in 1.55 ms, found 2 plugins.
Preloading 1 native plugins for Editor in 1.25 ms.
Unloading 43 Unused Serialized files (Serialized files now loaded: 0)
Unloading 5148 unused Assets / (13.3 MB). Loaded Objects now: 6023.
Memory consumption went from 132.3 MB to 118.9 MB.
Total: 7.779166 ms (FindLiveObjects: 0.200083 ms CreateObjectMapping: 0.081042 ms MarkObjects: 6.284750 ms  DeleteObjects: 1.213125 ms)

Prepare: number of updated asset objects reloaded= 0
========================================================================
Received Prepare
Begin MonoManager ReloadAssembly
Thread 0x16b88f000 may have been prematurely finalized
Symbol file LoadedFromMemory is not a mono symbol file
Symbol file LoadedFromMemory is not a mono symbol file
- Loaded All Assemblies, in  0.348 seconds
Refreshing native plugins compatible for Editor in 1.32 ms, found 2 plugins.
Native extension for OSXStandalone target not found
Native extension for WebGL target not found
Refreshing native plugins compatible for Editor in 1.03 ms, found 2 plugins.
[Package Manager] Failed to launch server process. Reason: Unity was launched with the -noUpm command-line argument
[Package Manager] Unable to send message (not connected to server process).
[Package Manager] Cannot connect to Unity Package Manager local server
ScheduleIndexationOnStartup MainProcess:False IndexOnStartup:True
Mono: successfully reloaded assembly
- Finished resetting the current domain, in  0.398 seconds
Domain Reload Profiling: 747ms
	BeginReloadAssembly (72ms)
		ExecutionOrderSort (0ms)
		DisableScriptedObjects (3ms)
		BackupInstance (0ms)
		ReleaseScriptingObjects (0ms)
		CreateAndSetChildDomain (22ms)
	RebuildCommonClasses (16ms)
	RebuildNativeTypeToScriptingClass (6ms)
	initialDomainReloadingComplete (10ms)
	LoadAllAssembliesAndSetupDomain (244ms)
		LoadAssemblies (199ms)
		RebuildTransferFunctionScriptingTraits (0ms)
		AnalyzeDomain (67ms)
			TypeCache.Refresh (7ms)
				TypeCache.ScanAssembly (0ms)
			BuildScriptInfoCaches (57ms)
			ResolveRequiredComponents (1ms)
	FinalizeReload (398ms)
		ReleaseScriptCaches (0ms)
		RebuildScriptCaches (0ms)
		SetupLoadedEditorAssemblies (349ms)
			LogAssemblyErrors (0ms)
			InitializePlatformSupportModulesInManaged (1ms)
			SetLoadedEditorAssemblies (2ms)
			BeforeProcessingInitializeOnLoad (85ms)
			ProcessInitializeOnLoadAttributes (167ms)
			ProcessInitializeOnLoadMethodAttributes (95ms)
			AfterProcessingInitializeOnLoad (0ms)
			EditorAssembliesLoaded (0ms)
		ExecutionOrderSort2 (0ms)
		AwakeInstancesAfterBackupRestoration (1ms)
Refreshing native plugins compatible for Editor in 1.33 ms, found 2 plugins.
Preloading 1 native plugins for Editor in 1.17 ms.
Unloading 43 Unused Serialized files (Serialized files now loaded: 0)
Unloading 5193 unused Assets / (13.6 MB). Loaded Objects now: 6027.
Memory consumption went from 145.9 MB to 132.3 MB.
Total: 7.693166 ms (FindLiveObjects: 0.196667 ms CreateObjectMapping: 0.074875 ms MarkObjects: 6.211542 ms  DeleteObjects: 1.209916 ms)

Prepare: number of updated asset objects reloaded= 0
========================================================================
Received Prepare
Refreshing native plugins compatible for Editor in 1.51 ms, found 2 plugins.
Preloading 1 native plugins for Editor in 1.19 ms.
Unloading 43 Unused Serialized files (Serialized files now loaded: 0)
Unloading 5148 unused Assets / (13.6 MB). Loaded Objects now: 6027.
Memory consumption went from 132.3 MB to 118.7 MB.
Total: 7.878667 ms (FindLiveObjects: 0.196250 ms CreateObjectMapping: 0.075083 ms MarkObjects: 6.293083 ms  DeleteObjects: 1.314000 ms)

Prepare: number of updated asset objects reloaded= 0
========================================================================
Received Prepare
Begin MonoManager ReloadAssembly
[Licensing::Client] Successfully resolved entitlement details
[Licensing::Module] License group:
  Id: F4-85AS-8ZW6-XMRF-425Z-XXXX
  Product: Unity Personal
  Type: ULF
  Expiration: Unlimited
[Licensing::Module] License group:
  Id: 6872810951280-UnityPersXXXX
  Product: Unity Personal
  Type: Assigned
  Expiration: Unlimited
Thread 0x16b88f000 may have been prematurely finalized
Symbol file LoadedFromMemory is not a mono symbol file
Symbol file LoadedFromMemory is not a mono symbol file
- Loaded All Assemblies, in  0.357 seconds
Refreshing native plugins compatible for Editor in 1.15 ms, found 2 plugins.
Native extension for OSXStandalone target not found
Native extension for WebGL target not found
Refreshing native plugins compatible for Editor in 1.04 ms, found 2 plugins.
[Package Manager] Failed to launch server process. Reason: Unity was launched with the -noUpm command-line argument
[Package Manager] Unable to send message (not connected to server process).
[Package Manager] Cannot connect to Unity Package Manager local server
ScheduleIndexationOnStartup MainProcess:False IndexOnStartup:True
Mono: successfully reloaded assembly
- Finished resetting the current domain, in  0.398 seconds
Domain Reload Profiling: 757ms
	BeginReloadAssembly (75ms)
		ExecutionOrderSort (0ms)
		DisableScriptedObjects (3ms)
		BackupInstance (0ms)
		ReleaseScriptingObjects (0ms)
		CreateAndSetChildDomain (23ms)
	RebuildCommonClasses (16ms)
	RebuildNativeTypeToScriptingClass (6ms)
	initialDomainReloadingComplete (10ms)
	LoadAllAssembliesAndSetupDomain (251ms)
		LoadAssemblies (202ms)
		RebuildTransferFunctionScriptingTraits (0ms)
		AnalyzeDomain (72ms)
			TypeCache.Refresh (9ms)
				TypeCache.ScanAssembly (1ms)
			BuildScriptInfoCaches (61ms)
			ResolveRequiredComponents (1ms)
	FinalizeReload (399ms)
		ReleaseScriptCaches (0ms)
		RebuildScriptCaches (0ms)
		SetupLoadedEditorAssemblies (350ms)
			LogAssemblyErrors (0ms)
			InitializePlatformSupportModulesInManaged (1ms)
			SetLoadedEditorAssemblies (2ms)
			BeforeProcessingInitializeOnLoad (84ms)
			ProcessInitializeOnLoadAttributes (164ms)
			ProcessInitializeOnLoadMethodAttributes (98ms)
			AfterProcessingInitializeOnLoad (0ms)
			EditorAssembliesLoaded (0ms)
		ExecutionOrderSort2 (0ms)
		AwakeInstancesAfterBackupRestoration (1ms)
Refreshing native plugins compatible for Editor in 1.03 ms, found 2 plugins.
Preloading 1 native plugins for Editor in 1.16 ms.
Unloading 43 Unused Serialized files (Serialized files now loaded: 0)
Unloading 5193 unused Assets / (13.9 MB). Loaded Objects now: 6031.
Memory consumption went from 145.9 MB to 132.0 MB.
Total: 7.778542 ms (FindLiveObjects: 0.185542 ms CreateObjectMapping: 0.079792 ms MarkObjects: 6.274375 ms  DeleteObjects: 1.238667 ms)

Prepare: number of updated asset objects reloaded= 0
========================================================================
Received Prepare
Refreshing native plugins compatible for Editor in 1.07 ms, found 2 plugins.
Preloading 1 native plugins for Editor in 1.11 ms.
Unloading 43 Unused Serialized files (Serialized files now loaded: 0)
Unloading 5148 unused Assets / (14.1 MB). Loaded Objects now: 6031.
Memory consumption went from 132.3 MB to 118.2 MB.
Total: 7.542875 ms (FindLiveObjects: 0.194584 ms CreateObjectMapping: 0.089083 ms MarkObjects: 5.987042 ms  DeleteObjects: 1.272000 ms)

Prepare: number of updated asset objects reloaded= 0
========================================================================
Received Prepare
Begin MonoManager ReloadAssembly
Thread 0x16b88f000 may have been prematurely finalized
Symbol file LoadedFromMemory is not a mono symbol file
Symbol file LoadedFromMemory is not a mono symbol file
- Loaded All Assemblies, in  0.349 seconds
Refreshing native plugins compatible for Editor in 1.61 ms, found 2 plugins.
Native extension for OSXStandalone target not found
Native extension for WebGL target not found
Refreshing native plugins compatible for Editor in 1.48 ms, found 2 plugins.
[Package Manager] Failed to launch server process. Reason: Unity was launched with the -noUpm command-line argument
[Package Manager] Unable to send message (not connected to server process).
[Package Manager] Cannot connect to Unity Package Manager local server
ScheduleIndexationOnStartup MainProcess:False IndexOnStartup:True
Mono: successfully reloaded assembly
- Finished resetting the current domain, in  0.406 seconds
Domain Reload Profiling: 756ms
	BeginReloadAssembly (74ms)
		ExecutionOrderSort (0ms)
		DisableScriptedObjects (3ms)
		BackupInstance (0ms)
		ReleaseScriptingObjects (0ms)
		CreateAndSetChildDomain (22ms)
	RebuildCommonClasses (16ms)
	RebuildNativeTypeToScriptingClass (6ms)
	initialDomainReloadingComplete (11ms)
	LoadAllAssembliesAndSetupDomain (243ms)
		LoadAssemblies (199ms)
		RebuildTransferFunctionScriptingTraits (0ms)
		AnalyzeDomain (68ms)
			TypeCache.Refresh (7ms)
				TypeCache.ScanAssembly (0ms)
			BuildScriptInfoCaches (58ms)
			ResolveRequiredComponents (1ms)
	FinalizeReload (406ms)
		ReleaseScriptCaches (0ms)
		RebuildScriptCaches (0ms)
		SetupLoadedEditorAssemblies (354ms)
			LogAssemblyErrors (0ms)
			InitializePlatformSupportModulesInManaged (1ms)
			SetLoadedEditorAssemblies (2ms)
			BeforeProcessingInitializeOnLoad (85ms)
			ProcessInitializeOnLoadAttributes (169ms)
			ProcessInitializeOnLoadMethodAttributes (97ms)
			AfterProcessingInitializeOnLoad (0ms)
			EditorAssembliesLoaded (0ms)
		ExecutionOrderSort2 (0ms)
		AwakeInstancesAfterBackupRestoration (1ms)
Refreshing native plugins compatible for Editor in 1.52 ms, found 2 plugins.
Preloading 1 native plugins for Editor in 1.18 ms.
Unloading 43 Unused Serialized files (Serialized files now loaded: 0)
Unloading 5193 unused Assets / (13.9 MB). Loaded Objects now: 6035.
Memory consumption went from 145.9 MB to 132.0 MB.
Total: 7.674042 ms (FindLiveObjects: 0.195375 ms CreateObjectMapping: 0.077375 ms MarkObjects: 6.086500 ms  DeleteObjects: 1.314583 ms)

Prepare: number of updated asset objects reloaded= 0
========================================================================
Received Prepare
Refreshing native plugins compatible for Editor in 1.30 ms, found 2 plugins.
Preloading 1 native plugins for Editor in 1.18 ms.
Unloading 43 Unused Serialized files (Serialized files now loaded: 0)
Unloading 5148 unused Assets / (13.8 MB). Loaded Objects now: 6035.
Memory consumption went from 132.3 MB to 118.5 MB.
Total: 7.469834 ms (FindLiveObjects: 0.194041 ms CreateObjectMapping: 0.073917 ms MarkObjects: 5.961208 ms  DeleteObjects: 1.240584 ms)

Prepare: number of updated asset objects reloaded= 0
========================================================================
Received Prepare
Begin MonoManager ReloadAssembly
Thread 0x16b88f000 may have been prematurely finalized
Symbol file LoadedFromMemory is not a mono symbol file
Symbol file LoadedFromMemory is not a mono symbol file
- Loaded All Assemblies, in  0.325 seconds
Refreshing native plugins compatible for Editor in 1.17 ms, found 2 plugins.
Native extension for OSXStandalone target not found
Native extension for WebGL target not found
Refreshing native plugins compatible for Editor in 1.52 ms, found 2 plugins.
[Package Manager] Failed to launch server process. Reason: Unity was launched with the -noUpm command-line argument
[Package Manager] Unable to send message (not connected to server process).
[Package Manager] Cannot connect to Unity Package Manager local server
ScheduleIndexationOnStartup MainProcess:False IndexOnStartup:True
Mono: successfully reloaded assembly
- Finished resetting the current domain, in  0.401 seconds
Domain Reload Profiling: 728ms
	BeginReloadAssembly (72ms)
		ExecutionOrderSort (0ms)
		DisableScriptedObjects (3ms)
		BackupInstance (0ms)
		ReleaseScriptingObjects (0ms)
		CreateAndSetChildDomain (22ms)
	RebuildCommonClasses (16ms)
	RebuildNativeTypeToScriptingClass (6ms)
	initialDomainReloadingComplete (10ms)
	LoadAllAssembliesAndSetupDomain (223ms)
		LoadAssemblies (168ms)
		RebuildTransferFunctionScriptingTraits (0ms)
		AnalyzeDomain (77ms)
			TypeCache.Refresh (8ms)
				TypeCache.ScanAssembly (0ms)
			BuildScriptInfoCaches (66ms)
			ResolveRequiredComponents (1ms)
	FinalizeReload (401ms)
		ReleaseScriptCaches (0ms)
		RebuildScriptCaches (0ms)
		SetupLoadedEditorAssemblies (352ms)
			LogAssemblyErrors (0ms)
			InitializePlatformSupportModulesInManaged (1ms)
			SetLoadedEditorAssemblies (2ms)
			BeforeProcessingInitializeOnLoad (84ms)
			ProcessInitializeOnLoadAttributes (166ms)
			ProcessInitializeOnLoadMethodAttributes (99ms)
			AfterProcessingInitializeOnLoad (1ms)
			EditorAssembliesLoaded (0ms)
		ExecutionOrderSort2 (0ms)
		AwakeInstancesAfterBackupRestoration (1ms)
Refreshing native plugins compatible for Editor in 1.47 ms, found 2 plugins.
Preloading 1 native plugins for Editor in 1.26 ms.
Unloading 43 Unused Serialized files (Serialized files now loaded: 0)
Unloading 5193 unused Assets / (12.7 MB). Loaded Objects now: 6039.
Memory consumption went from 145.9 MB to 133.3 MB.
Total: 7.835958 ms (FindLiveObjects: 0.204500 ms CreateObjectMapping: 0.079209 ms MarkObjects: 6.424000 ms  DeleteObjects: 1.128000 ms)

Prepare: number of updated asset objects reloaded= 0
========================================================================
Received Prepare
Refreshing native plugins compatible for Editor in 0.96 ms, found 2 plugins.
Preloading 1 native plugins for Editor in 1.17 ms.
Unloading 43 Unused Serialized files (Serialized files now loaded: 0)
Unloading 5148 unused Assets / (13.8 MB). Loaded Objects now: 6039.
Memory consumption went from 132.3 MB to 118.5 MB.
Total: 7.485542 ms (FindLiveObjects: 0.179834 ms CreateObjectMapping: 0.085500 ms MarkObjects: 5.916708 ms  DeleteObjects: 1.303292 ms)

Prepare: number of updated asset objects reloaded= 0
========================================================================
Received Prepare
Begin MonoManager ReloadAssembly
Thread 0x16b88f000 may have been prematurely finalized
Symbol file LoadedFromMemory is not a mono symbol file
Symbol file LoadedFromMemory is not a mono symbol file
- Loaded All Assemblies, in  0.381 seconds
Refreshing native plugins compatible for Editor in 1.07 ms, found 2 plugins.
Native extension for OSXStandalone target not found
Native extension for WebGL target not found
Refreshing native plugins compatible for Editor in 1.24 ms, found 2 plugins.
[Package Manager] Failed to launch server process. Reason: Unity was launched with the -noUpm command-line argument
[Package Manager] Unable to send message (not connected to server process).
[Package Manager] Cannot connect to Unity Package Manager local server
ScheduleIndexationOnStartup MainProcess:False IndexOnStartup:True
Mono: successfully reloaded assembly
- Finished resetting the current domain, in  0.403 seconds
Domain Reload Profiling: 785ms
	BeginReloadAssembly (71ms)
		ExecutionOrderSort (0ms)
		DisableScriptedObjects (3ms)
		BackupInstance (0ms)
		ReleaseScriptingObjects (0ms)
		CreateAndSetChildDomain (22ms)
	RebuildCommonClasses (16ms)
	RebuildNativeTypeToScriptingClass (6ms)
	initialDomainReloadingComplete (10ms)
	LoadAllAssembliesAndSetupDomain (280ms)
		LoadAssemblies (231ms)
		RebuildTransferFunctionScriptingTraits (0ms)
		AnalyzeDomain (70ms)
			TypeCache.Refresh (8ms)
				TypeCache.ScanAssembly (0ms)
			BuildScriptInfoCaches (59ms)
			ResolveRequiredComponents (1ms)
	FinalizeReload (403ms)
		ReleaseScriptCaches (0ms)
		RebuildScriptCaches (0ms)
		SetupLoadedEditorAssemblies (355ms)
			LogAssemblyErrors (0ms)
			InitializePlatformSupportModulesInManaged (1ms)
			SetLoadedEditorAssemblies (2ms)
			BeforeProcessingInitializeOnLoad (84ms)
			ProcessInitializeOnLoadAttributes (169ms)
			ProcessInitializeOnLoadMethodAttributes (99ms)
			AfterProcessingInitializeOnLoad (0ms)
			EditorAssembliesLoaded (0ms)
		ExecutionOrderSort2 (0ms)
		AwakeInstancesAfterBackupRestoration (1ms)
Refreshing native plugins compatible for Editor in 1.51 ms, found 2 plugins.
Preloading 1 native plugins for Editor in 1.22 ms.
Unloading 43 Unused Serialized files (Serialized files now loaded: 0)
Unloading 5193 unused Assets / (13.9 MB). Loaded Objects now: 6043.
Memory consumption went from 146.0 MB to 132.1 MB.
Total: 7.512875 ms (FindLiveObjects: 0.189708 ms CreateObjectMapping: 0.075417 ms MarkObjects: 5.993791 ms  DeleteObjects: 1.253792 ms)

Prepare: number of updated asset objects reloaded= 0
========================================================================
Received Prepare
Refreshing native plugins compatible for Editor in 1.50 ms, found 2 plugins.
Preloading 1 native plugins for Editor in 1.21 ms.
Unloading 43 Unused Serialized files (Serialized files now loaded: 0)
Unloading 5148 unused Assets / (13.5 MB). Loaded Objects now: 6043.
Memory consumption went from 132.3 MB to 118.8 MB.
Total: 7.598625 ms (FindLiveObjects: 0.198458 ms CreateObjectMapping: 0.075333 ms MarkObjects: 6.058084 ms  DeleteObjects: 1.266375 ms)

Prepare: number of updated asset objects reloaded= 0
========================================================================
Received Prepare
Begin MonoManager ReloadAssembly
Thread 0x16b88f000 may have been prematurely finalized
Symbol file LoadedFromMemory is not a mono symbol file
Symbol file LoadedFromMemory is not a mono symbol file
- Loaded All Assemblies, in  0.344 seconds
Refreshing native plugins compatible for Editor in 1.35 ms, found 2 plugins.
Native extension for OSXStandalone target not found
Native extension for WebGL target not found
Refreshing native plugins compatible for Editor in 1.11 ms, found 2 plugins.
[Package Manager] Failed to launch server process. Reason: Unity was launched with the -noUpm command-line argument
[Package Manager] Unable to send message (not connected to server process).
[Package Manager] Cannot connect to Unity Package Manager local server
ScheduleIndexationOnStartup MainProcess:False IndexOnStartup:True
Mono: successfully reloaded assembly
- Finished resetting the current domain, in  0.402 seconds
Domain Reload Profiling: 748ms
	BeginReloadAssembly (74ms)
		ExecutionOrderSort (0ms)
		DisableScriptedObjects (3ms)
		BackupInstance (0ms)
		ReleaseScriptingObjects (0ms)
		CreateAndSetChildDomain (22ms)
	RebuildCommonClasses (15ms)
	RebuildNativeTypeToScriptingClass (6ms)
	initialDomainReloadingComplete (10ms)
	LoadAllAssembliesAndSetupDomain (240ms)
		LoadAssemblies (186ms)
		RebuildTransferFunctionScriptingTraits (0ms)
		AnalyzeDomain (78ms)
			TypeCache.Refresh (8ms)
				TypeCache.ScanAssembly (0ms)
			BuildScriptInfoCaches (65ms)
			ResolveRequiredComponents (1ms)
	FinalizeReload (402ms)
		ReleaseScriptCaches (0ms)
		RebuildScriptCaches (0ms)
		SetupLoadedEditorAssemblies (353ms)
			LogAssemblyErrors (0ms)
			InitializePlatformSupportModulesInManaged (1ms)
			SetLoadedEditorAssemblies (2ms)
			BeforeProcessingInitializeOnLoad (85ms)
			ProcessInitializeOnLoadAttributes (167ms)
			ProcessInitializeOnLoadMethodAttributes (97ms)
			AfterProcessingInitializeOnLoad (0ms)
			EditorAssembliesLoaded (0ms)
		ExecutionOrderSort2 (0ms)
		AwakeInstancesAfterBackupRestoration (1ms)
Refreshing native plugins compatible for Editor in 1.58 ms, found 2 plugins.
Preloading 1 native plugins for Editor in 1.17 ms.
Unloading 43 Unused Serialized files (Serialized files now loaded: 0)
Unloading 5193 unused Assets / (13.9 MB). Loaded Objects now: 6047.
Memory consumption went from 146.0 MB to 132.1 MB.
Total: 7.766209 ms (FindLiveObjects: 0.198958 ms CreateObjectMapping: 0.074709 ms MarkObjects: 6.182917 ms  DeleteObjects: 1.309459 ms)

Prepare: number of updated asset objects reloaded= 0
========================================================================
Received Prepare
Refreshing native plugins compatible for Editor in 1.52 ms, found 2 plugins.
Preloading 1 native plugins for Editor in 1.27 ms.
Unloading 43 Unused Serialized files (Serialized files now loaded: 0)
Unloading 5148 unused Assets / (13.2 MB). Loaded Objects now: 6047.
Memory consumption went from 132.3 MB to 119.1 MB.
Total: 7.627708 ms (FindLiveObjects: 0.198208 ms CreateObjectMapping: 0.086958 ms MarkObjects: 6.203125 ms  DeleteObjects: 1.139125 ms)

Prepare: number of updated asset objects reloaded= 0
========================================================================
Received Prepare
Refreshing native plugins compatible for Editor in 1.59 ms, found 2 plugins.
Preloading 1 native plugins for Editor in 1.23 ms.
Unloading 43 Unused Serialized files (Serialized files now loaded: 0)
Unloading 5148 unused Assets / (12.7 MB). Loaded Objects now: 6047.
Memory consumption went from 132.3 MB to 119.6 MB.
Total: 8.107292 ms (FindLiveObjects: 0.201541 ms CreateObjectMapping: 0.106292 ms MarkObjects: 6.597500 ms  DeleteObjects: 1.201583 ms)

Prepare: number of updated asset objects reloaded= 0
========================================================================
Received Prepare
Begin MonoManager ReloadAssembly
[Licensing::Client] Successfully resolved entitlement details
[Licensing::Module] License group:
  Id: F4-85AS-8ZW6-XMRF-425Z-XXXX
  Product: Unity Personal
  Type: ULF
  Expiration: Unlimited
[Licensing::Module] License group:
  Id: 6872810951280-UnityPersXXXX
  Product: Unity Personal
  Type: Assigned
  Expiration: Unlimited
Thread 0x16b88f000 may have been prematurely finalized
Symbol file LoadedFromMemory is not a mono symbol file
Symbol file LoadedFromMemory is not a mono symbol file
- Loaded All Assemblies, in  0.373 seconds
Refreshing native plugins compatible for Editor in 1.74 ms, found 2 plugins.
Native extension for OSXStandalone target not found
Native extension for WebGL target not found
Refreshing native plugins compatible for Editor in 1.27 ms, found 2 plugins.
[Package Manager] Failed to launch server process. Reason: Unity was launched with the -noUpm command-line argument
[Package Manager] Unable to send message (not connected to server process).
[Package Manager] Cannot connect to Unity Package Manager local server
ScheduleIndexationOnStartup MainProcess:False IndexOnStartup:True
Mono: successfully reloaded assembly
- Finished resetting the current domain, in  0.398 seconds
Domain Reload Profiling: 772ms
	BeginReloadAssembly (76ms)
		ExecutionOrderSort (0ms)
		DisableScriptedObjects (3ms)
		BackupInstance (0ms)
		ReleaseScriptingObjects (0ms)
		CreateAndSetChildDomain (22ms)
	RebuildCommonClasses (16ms)
	RebuildNativeTypeToScriptingClass (6ms)
	initialDomainReloadingComplete (10ms)
	LoadAllAssembliesAndSetupDomain (266ms)
		LoadAssemblies (222ms)
		RebuildTransferFunctionScriptingTraits (0ms)
		AnalyzeDomain (69ms)
			TypeCache.Refresh (8ms)
				TypeCache.ScanAssembly (0ms)
			BuildScriptInfoCaches (58ms)
			ResolveRequiredComponents (1ms)
	FinalizeReload (398ms)
		ReleaseScriptCaches (0ms)
		RebuildScriptCaches (0ms)
		SetupLoadedEditorAssemblies (350ms)
			LogAssemblyErrors (0ms)
			InitializePlatformSupportModulesInManaged (1ms)
			SetLoadedEditorAssemblies (2ms)
			BeforeProcessingInitializeOnLoad (84ms)
			ProcessInitializeOnLoadAttributes (164ms)
			ProcessInitializeOnLoadMethodAttributes (98ms)
			AfterProcessingInitializeOnLoad (1ms)
			EditorAssembliesLoaded (0ms)
		ExecutionOrderSort2 (0ms)
		AwakeInstancesAfterBackupRestoration (1ms)
Refreshing native plugins compatible for Editor in 1.53 ms, found 2 plugins.
Preloading 1 native plugins for Editor in 1.21 ms.
Unloading 43 Unused Serialized files (Serialized files now loaded: 0)
Unloading 5193 unused Assets / (13.9 MB). Loaded Objects now: 6051.
Memory consumption went from 146.0 MB to 132.1 MB.
Total: 7.839208 ms (FindLiveObjects: 0.194833 ms CreateObjectMapping: 0.081709 ms MarkObjects: 6.238291 ms  DeleteObjects: 1.324000 ms)

Prepare: number of updated asset objects reloaded= 0
========================================================================
Received Prepare
Refreshing native plugins compatible for Editor in 1.42 ms, found 2 plugins.
Preloading 1 native plugins for Editor in 1.24 ms.
Unloading 43 Unused Serialized files (Serialized files now loaded: 0)
Unloading 5148 unused Assets / (13.6 MB). Loaded Objects now: 6051.
Memory consumption went from 132.3 MB to 118.7 MB.
Total: 7.852167 ms (FindLiveObjects: 0.194958 ms CreateObjectMapping: 0.074292 ms MarkObjects: 6.423042 ms  DeleteObjects: 1.159708 ms)

Prepare: number of updated asset objects reloaded= 0
========================================================================
Received Prepare
Refreshing native plugins compatible for Editor in 1.53 ms, found 2 plugins.
Preloading 1 native plugins for Editor in 1.19 ms.
Unloading 43 Unused Serialized files (Serialized files now loaded: 0)
Unloading 5148 unused Assets / (13.7 MB). Loaded Objects now: 6051.
Memory consumption went from 132.3 MB to 118.7 MB.
Total: 7.506625 ms (FindLiveObjects: 0.194209 ms CreateObjectMapping: 0.080000 ms MarkObjects: 6.029375 ms  DeleteObjects: 1.202791 ms)

Prepare: number of updated asset objects reloaded= 0
========================================================================
Received Prepare
Refreshing native plugins compatible for Editor in 1.54 ms, found 2 plugins.
Preloading 1 native plugins for Editor in 1.25 ms.
Unloading 43 Unused Serialized files (Serialized files now loaded: 0)
Unloading 5148 unused Assets / (13.2 MB). Loaded Objects now: 6051.
Memory consumption went from 132.3 MB to 119.1 MB.
Total: 7.842125 ms (FindLiveObjects: 0.193750 ms CreateObjectMapping: 0.083000 ms MarkObjects: 6.380000 ms  DeleteObjects: 1.184958 ms)

Prepare: number of updated asset objects reloaded= 0
========================================================================
Received Prepare
Refreshing native plugins compatible for Editor in 1.56 ms, found 2 plugins.
Preloading 1 native plugins for Editor in 1.23 ms.
Unloading 43 Unused Serialized files (Serialized files now loaded: 0)
Unloading 5148 unused Assets / (13.4 MB). Loaded Objects now: 6051.
Memory consumption went from 132.3 MB to 119.0 MB.
Total: 7.630667 ms (FindLiveObjects: 0.197625 ms CreateObjectMapping: 0.077709 ms MarkObjects: 6.253709 ms  DeleteObjects: 1.101125 ms)

Prepare: number of updated asset objects reloaded= 0
========================================================================
Received Prepare
Refreshing native plugins compatible for Editor in 1.41 ms, found 2 plugins.
Preloading 1 native plugins for Editor in 1.16 ms.
Unloading 43 Unused Serialized files (Serialized files now loaded: 0)
Unloading 5148 unused Assets / (13.8 MB). Loaded Objects now: 6051.
Memory consumption went from 132.3 MB to 118.5 MB.
Total: 7.458750 ms (FindLiveObjects: 0.193084 ms CreateObjectMapping: 0.081209 ms MarkObjects: 5.968166 ms  DeleteObjects: 1.216125 ms)

Prepare: number of updated asset objects reloaded= 0
========================================================================
Received Prepare
Refreshing native plugins compatible for Editor in 1.51 ms, found 2 plugins.
Preloading 1 native plugins for Editor in 1.19 ms.
Unloading 43 Unused Serialized files (Serialized files now loaded: 0)
Unloading 5148 unused Assets / (13.6 MB). Loaded Objects now: 6051.
Memory consumption went from 132.3 MB to 118.7 MB.
Total: 7.391292 ms (FindLiveObjects: 0.192375 ms CreateObjectMapping: 0.079250 ms MarkObjects: 5.949666 ms  DeleteObjects: 1.169833 ms)

Prepare: number of updated asset objects reloaded= 0
========================================================================
Received Prepare
Refreshing native plugins compatible for Editor in 1.39 ms, found 2 plugins.
Preloading 1 native plugins for Editor in 1.18 ms.
Unloading 43 Unused Serialized files (Serialized files now loaded: 0)
Unloading 5148 unused Assets / (14.1 MB). Loaded Objects now: 6051.
Memory consumption went from 132.3 MB to 118.2 MB.
Total: 7.458791 ms (FindLiveObjects: 0.201250 ms CreateObjectMapping: 0.082041 ms MarkObjects: 5.908167 ms  DeleteObjects: 1.266917 ms)

Prepare: number of updated asset objects reloaded= 0
========================================================================
Received Prepare
Refreshing native plugins compatible for Editor in 1.50 ms, found 2 plugins.
Preloading 1 native plugins for Editor in 1.22 ms.
Unloading 43 Unused Serialized files (Serialized files now loaded: 0)
Unloading 5148 unused Assets / (13.5 MB). Loaded Objects now: 6051.
Memory consumption went from 132.3 MB to 118.8 MB.
Total: 11.167375 ms (FindLiveObjects: 0.252375 ms CreateObjectMapping: 0.084625 ms MarkObjects: 9.733917 ms  DeleteObjects: 1.096083 ms)

Prepare: number of updated asset objects reloaded= 0
========================================================================
Received Prepare
Refreshing native plugins compatible for Editor in 1.57 ms, found 2 plugins.
Preloading 1 native plugins for Editor in 1.20 ms.
Unloading 43 Unused Serialized files (Serialized files now loaded: 0)
Unloading 5148 unused Assets / (12.9 MB). Loaded Objects now: 6051.
Memory consumption went from 132.3 MB to 119.5 MB.
Total: 9.094583 ms (FindLiveObjects: 0.195958 ms CreateObjectMapping: 0.078959 ms MarkObjects: 7.558334 ms  DeleteObjects: 1.260875 ms)

Prepare: number of updated asset objects reloaded= 0
========================================================================
Received Prepare
Begin MonoManager ReloadAssembly
[Licensing::Client] Successfully resolved entitlement details
[Licensing::Module] License group:
  Id: F4-85AS-8ZW6-XMRF-425Z-XXXX
  Product: Unity Personal
  Type: ULF
  Expiration: Unlimited
[Licensing::Module] License group:
  Id: 6872810951280-UnityPersXXXX
  Product: Unity Personal
  Type: Assigned
  Expiration: Unlimited
Thread 0x16b88f000 may have been prematurely finalized
Symbol file LoadedFromMemory is not a mono symbol file
Symbol file LoadedFromMemory is not a mono symbol file
- Loaded All Assemblies, in  0.365 seconds
Refreshing native plugins compatible for Editor in 1.18 ms, found 2 plugins.
Native extension for OSXStandalone target not found
Native extension for WebGL target not found
Refreshing native plugins compatible for Editor in 1.18 ms, found 2 plugins.
[Package Manager] Failed to launch server process. Reason: Unity was launched with the -noUpm command-line argument
[Package Manager] Unable to send message (not connected to server process).
[Package Manager] Cannot connect to Unity Package Manager local server
ScheduleIndexationOnStartup MainProcess:False IndexOnStartup:True
Mono: successfully reloaded assembly
- Finished resetting the current domain, in  0.400 seconds
Domain Reload Profiling: 766ms
	BeginReloadAssembly (95ms)
		ExecutionOrderSort (0ms)
		DisableScriptedObjects (3ms)
		BackupInstance (0ms)
		ReleaseScriptingObjects (0ms)
		CreateAndSetChildDomain (29ms)
	RebuildCommonClasses (16ms)
	RebuildNativeTypeToScriptingClass (6ms)
	initialDomainReloadingComplete (12ms)
	LoadAllAssembliesAndSetupDomain (236ms)
		LoadAssemblies (205ms)
		RebuildTransferFunctionScriptingTraits (0ms)
		AnalyzeDomain (67ms)
			TypeCache.Refresh (8ms)
				TypeCache.ScanAssembly (0ms)
			BuildScriptInfoCaches (56ms)
			ResolveRequiredComponents (1ms)
	FinalizeReload (400ms)
		ReleaseScriptCaches (0ms)
		RebuildScriptCaches (0ms)
		SetupLoadedEditorAssemblies (353ms)
			LogAssemblyErrors (0ms)
			InitializePlatformSupportModulesInManaged (1ms)
			SetLoadedEditorAssemblies (2ms)
			BeforeProcessingInitializeOnLoad (84ms)
			ProcessInitializeOnLoadAttributes (167ms)
			ProcessInitializeOnLoadMethodAttributes (98ms)
			AfterProcessingInitializeOnLoad (1ms)
			EditorAssembliesLoaded (0ms)
		ExecutionOrderSort2 (0ms)
		AwakeInstancesAfterBackupRestoration (1ms)
Refreshing native plugins compatible for Editor in 1.15 ms, found 2 plugins.
Preloading 1 native plugins for Editor in 1.18 ms.
Unloading 43 Unused Serialized files (Serialized files now loaded: 0)
Unloading 5193 unused Assets / (13.7 MB). Loaded Objects now: 6055.
Memory consumption went from 146.0 MB to 132.3 MB.
Total: 7.415666 ms (FindLiveObjects: 0.176291 ms CreateObjectMapping: 0.080500 ms MarkObjects: 6.070000 ms  DeleteObjects: 1.088541 ms)

Prepare: number of updated asset objects reloaded= 0
========================================================================
Received Prepare
Refreshing native plugins compatible for Editor in 1.05 ms, found 2 plugins.
Preloading 1 native plugins for Editor in 1.16 ms.
Unloading 43 Unused Serialized files (Serialized files now loaded: 0)
Unloading 5148 unused Assets / (13.2 MB). Loaded Objects now: 6055.
Memory consumption went from 132.4 MB to 119.1 MB.
Total: 8.138916 ms (FindLiveObjects: 0.199625 ms CreateObjectMapping: 0.172500 ms MarkObjects: 6.554834 ms  DeleteObjects: 1.211791 ms)

Prepare: number of updated asset objects reloaded= 0
========================================================================
Received Prepare
Begin MonoManager ReloadAssembly
Thread 0x16b88f000 may have been prematurely finalized
Symbol file LoadedFromMemory is not a mono symbol file
Symbol file LoadedFromMemory is not a mono symbol file
- Loaded All Assemblies, in  0.409 seconds
Refreshing native plugins compatible for Editor in 1.19 ms, found 2 plugins.
Native extension for OSXStandalone target not found
Native extension for WebGL target not found
Refreshing native plugins compatible for Editor in 1.54 ms, found 2 plugins.
[Package Manager] Failed to launch server process. Reason: Unity was launched with the -noUpm command-line argument
[Package Manager] Unable to send message (not connected to server process).
[Package Manager] Cannot connect to Unity Package Manager local server
ScheduleIndexationOnStartup MainProcess:False IndexOnStartup:True
Mono: successfully reloaded assembly
- Finished resetting the current domain, in  0.439 seconds
Domain Reload Profiling: 850ms
	BeginReloadAssembly (72ms)
		ExecutionOrderSort (0ms)
		DisableScriptedObjects (3ms)
		BackupInstance (0ms)
		ReleaseScriptingObjects (0ms)
		CreateAndSetChildDomain (22ms)
	RebuildCommonClasses (16ms)
	RebuildNativeTypeToScriptingClass (6ms)
	initialDomainReloadingComplete (10ms)
	LoadAllAssembliesAndSetupDomain (307ms)
		LoadAssemblies (256ms)
		RebuildTransferFunctionScriptingTraits (0ms)
		AnalyzeDomain (72ms)
			TypeCache.Refresh (8ms)
				TypeCache.ScanAssembly (0ms)
			BuildScriptInfoCaches (61ms)
			ResolveRequiredComponents (1ms)
	FinalizeReload (440ms)
		ReleaseScriptCaches (0ms)
		RebuildScriptCaches (0ms)
		SetupLoadedEditorAssemblies (390ms)
			LogAssemblyErrors (0ms)
			InitializePlatformSupportModulesInManaged (1ms)
			SetLoadedEditorAssemblies (2ms)
			BeforeProcessingInitializeOnLoad (91ms)
			ProcessInitializeOnLoadAttributes (189ms)
			ProcessInitializeOnLoadMethodAttributes (108ms)
			AfterProcessingInitializeOnLoad (0ms)
			EditorAssembliesLoaded (0ms)
		ExecutionOrderSort2 (0ms)
		AwakeInstancesAfterBackupRestoration (1ms)
Refreshing native plugins compatible for Editor in 1.52 ms, found 2 plugins.
Preloading 1 native plugins for Editor in 1.19 ms.
Unloading 43 Unused Serialized files (Serialized files now loaded: 0)
Unloading 5193 unused Assets / (13.7 MB). Loaded Objects now: 6059.
Memory consumption went from 146.0 MB to 132.3 MB.
Total: 7.971458 ms (FindLiveObjects: 0.205000 ms CreateObjectMapping: 0.073250 ms MarkObjects: 6.484083 ms  DeleteObjects: 1.208666 ms)

Prepare: number of updated asset objects reloaded= 0
========================================================================
Received Prepare
Begin MonoManager ReloadAssembly
Thread 0x16b88f000 may have been prematurely finalized
Symbol file LoadedFromMemory is not a mono symbol file
Symbol file LoadedFromMemory is not a mono symbol file
- Loaded All Assemblies, in  0.300 seconds
Refreshing native plugins compatible for Editor in 1.16 ms, found 2 plugins.
Native extension for OSXStandalone target not found
Native extension for WebGL target not found
Refreshing native plugins compatible for Editor in 1.33 ms, found 2 plugins.
[Package Manager] Failed to launch server process. Reason: Unity was launched with the -noUpm command-line argument
[Package Manager] Unable to send message (not connected to server process).
[Package Manager] Cannot connect to Unity Package Manager local server
ScheduleIndexationOnStartup MainProcess:False IndexOnStartup:True
Mono: successfully reloaded assembly
- Finished resetting the current domain, in  0.448 seconds
Domain Reload Profiling: 749ms
	BeginReloadAssembly (72ms)
		ExecutionOrderSort (0ms)
		DisableScriptedObjects (3ms)
		BackupInstance (0ms)
		ReleaseScriptingObjects (0ms)
		CreateAndSetChildDomain (22ms)
	RebuildCommonClasses (16ms)
	RebuildNativeTypeToScriptingClass (6ms)
	initialDomainReloadingComplete (10ms)
	LoadAllAssembliesAndSetupDomain (198ms)
		LoadAssemblies (153ms)
		RebuildTransferFunctionScriptingTraits (0ms)
		AnalyzeDomain (67ms)
			TypeCache.Refresh (5ms)
				TypeCache.ScanAssembly (0ms)
			BuildScriptInfoCaches (59ms)
			ResolveRequiredComponents (1ms)
	FinalizeReload (448ms)
		ReleaseScriptCaches (0ms)
		RebuildScriptCaches (0ms)
		SetupLoadedEditorAssemblies (395ms)
			LogAssemblyErrors (0ms)
			InitializePlatformSupportModulesInManaged (1ms)
			SetLoadedEditorAssemblies (2ms)
			BeforeProcessingInitializeOnLoad (93ms)
			ProcessInitializeOnLoadAttributes (189ms)
			ProcessInitializeOnLoadMethodAttributes (110ms)
			AfterProcessingInitializeOnLoad (1ms)
			EditorAssembliesLoaded (0ms)
		ExecutionOrderSort2 (0ms)
		AwakeInstancesAfterBackupRestoration (1ms)
Refreshing native plugins compatible for Editor in 1.95 ms, found 2 plugins.
Preloading 1 native plugins for Editor in 1.24 ms.
Unloading 43 Unused Serialized files (Serialized files now loaded: 0)
Unloading 5193 unused Assets / (13.4 MB). Loaded Objects now: 6063.
Memory consumption went from 146.0 MB to 132.6 MB.
Total: 8.793667 ms (FindLiveObjects: 0.206042 ms CreateObjectMapping: 0.117458 ms MarkObjects: 7.110792 ms  DeleteObjects: 1.359000 ms)

Prepare: number of updated asset objects reloaded= 0
========================================================================
Received Prepare
Refreshing native plugins compatible for Editor in 1.37 ms, found 2 plugins.
Preloading 1 native plugins for Editor in 1.17 ms.
Unloading 43 Unused Serialized files (Serialized files now loaded: 0)
Unloading 5148 unused Assets / (14.1 MB). Loaded Objects now: 6063.
Memory consumption went from 132.4 MB to 118.3 MB.
Total: 7.665541 ms (FindLiveObjects: 0.195583 ms CreateObjectMapping: 0.071875 ms MarkObjects: 6.102833 ms  DeleteObjects: 1.294833 ms)

Prepare: number of updated asset objects reloaded= 0
========================================================================
Received Prepare
Begin MonoManager ReloadAssembly
[Licensing::Client] Successfully resolved entitlement details
[Licensing::Module] License group:
  Id: F4-85AS-8ZW6-XMRF-425Z-XXXX
  Product: Unity Personal
  Type: ULF
  Expiration: Unlimited
[Licensing::Module] License group:
  Id: 6872810951280-UnityPersXXXX
  Product: Unity Personal
  Type: Assigned
  Expiration: Unlimited
Thread 0x16b88f000 may have been prematurely finalized
Symbol file LoadedFromMemory is not a mono symbol file
Symbol file LoadedFromMemory is not a mono symbol file
- Loaded All Assemblies, in  0.390 seconds
Refreshing native plugins compatible for Editor in 1.06 ms, found 2 plugins.
Native extension for OSXStandalone target not found
Native extension for WebGL target not found
Refreshing native plugins compatible for Editor in 1.14 ms, found 2 plugins.
[Package Manager] Failed to launch server process. Reason: Unity was launched with the -noUpm command-line argument
[Package Manager] Unable to send message (not connected to server process).
[Package Manager] Cannot connect to Unity Package Manager local server
ScheduleIndexationOnStartup MainProcess:False IndexOnStartup:True
Mono: successfully reloaded assembly
- Finished resetting the current domain, in  0.416 seconds
Domain Reload Profiling: 807ms
	BeginReloadAssembly (75ms)
		ExecutionOrderSort (0ms)
		DisableScriptedObjects (3ms)
		BackupInstance (0ms)
		ReleaseScriptingObjects (0ms)
		CreateAndSetChildDomain (22ms)
	RebuildCommonClasses (16ms)
	RebuildNativeTypeToScriptingClass (6ms)
	initialDomainReloadingComplete (10ms)
	LoadAllAssembliesAndSetupDomain (283ms)
		LoadAssemblies (233ms)
		RebuildTransferFunctionScriptingTraits (0ms)
		AnalyzeDomain (75ms)
			TypeCache.Refresh (9ms)
				TypeCache.ScanAssembly (0ms)
			BuildScriptInfoCaches (63ms)
			ResolveRequiredComponents (1ms)
	FinalizeReload (416ms)
		ReleaseScriptCaches (0ms)
		RebuildScriptCaches (0ms)
		SetupLoadedEditorAssemblies (365ms)
			LogAssemblyErrors (0ms)
			InitializePlatformSupportModulesInManaged (1ms)
			SetLoadedEditorAssemblies (2ms)
			BeforeProcessingInitializeOnLoad (88ms)
			ProcessInitializeOnLoadAttributes (173ms)
			ProcessInitializeOnLoadMethodAttributes (100ms)
			AfterProcessingInitializeOnLoad (1ms)
			EditorAssembliesLoaded (0ms)
		ExecutionOrderSort2 (0ms)
		AwakeInstancesAfterBackupRestoration (1ms)
Refreshing native plugins compatible for Editor in 1.53 ms, found 2 plugins.
Preloading 1 native plugins for Editor in 1.25 ms.
Unloading 43 Unused Serialized files (Serialized files now loaded: 0)
Unloading 5193 unused Assets / (13.8 MB). Loaded Objects now: 6067.
Memory consumption went from 146.0 MB to 132.2 MB.
Total: 7.690292 ms (FindLiveObjects: 0.199375 ms CreateObjectMapping: 0.079084 ms MarkObjects: 6.149292 ms  DeleteObjects: 1.262375 ms)

Prepare: number of updated asset objects reloaded= 0
========================================================================
Received Prepare
Refreshing native plugins compatible for Editor in 1.42 ms, found 2 plugins.
Preloading 1 native plugins for Editor in 1.19 ms.
Unloading 43 Unused Serialized files (Serialized files now loaded: 0)
Unloading 5148 unused Assets / (13.9 MB). Loaded Objects now: 6067.
Memory consumption went from 132.4 MB to 118.5 MB.
Total: 7.594167 ms (FindLiveObjects: 0.197250 ms CreateObjectMapping: 0.079459 ms MarkObjects: 6.088166 ms  DeleteObjects: 1.229000 ms)

Prepare: number of updated asset objects reloaded= 0
========================================================================
Received Prepare
Begin MonoManager ReloadAssembly
Thread 0x16b88f000 may have been prematurely finalized
Symbol file LoadedFromMemory is not a mono symbol file
Symbol file LoadedFromMemory is not a mono symbol file
- Loaded All Assemblies, in  0.438 seconds
Refreshing native plugins compatible for Editor in 1.24 ms, found 2 plugins.
Native extension for OSXStandalone target not found
Native extension for WebGL target not found
Refreshing native plugins compatible for Editor in 1.55 ms, found 2 plugins.
[Package Manager] Failed to launch server process. Reason: Unity was launched with the -noUpm command-line argument
[Package Manager] Unable to send message (not connected to server process).
[Package Manager] Cannot connect to Unity Package Manager local server
ScheduleIndexationOnStartup MainProcess:False IndexOnStartup:True
Mono: successfully reloaded assembly
- Finished resetting the current domain, in  0.426 seconds
Domain Reload Profiling: 864ms
	BeginReloadAssembly (77ms)
		ExecutionOrderSort (0ms)
		DisableScriptedObjects (3ms)
		BackupInstance (0ms)
		ReleaseScriptingObjects (0ms)
		CreateAndSetChildDomain (26ms)
	RebuildCommonClasses (17ms)
	RebuildNativeTypeToScriptingClass (6ms)
	initialDomainReloadingComplete (11ms)
	LoadAllAssembliesAndSetupDomain (328ms)
		LoadAssemblies (281ms)
		RebuildTransferFunctionScriptingTraits (0ms)
		AnalyzeDomain (69ms)
			TypeCache.Refresh (8ms)
				TypeCache.ScanAssembly (0ms)
			BuildScriptInfoCaches (58ms)
			ResolveRequiredComponents (1ms)
	FinalizeReload (426ms)
		ReleaseScriptCaches (0ms)
		RebuildScriptCaches (0ms)
		SetupLoadedEditorAssemblies (373ms)
			LogAssemblyErrors (0ms)
			InitializePlatformSupportModulesInManaged (1ms)
			SetLoadedEditorAssemblies (2ms)
			BeforeProcessingInitializeOnLoad (88ms)
			ProcessInitializeOnLoadAttributes (179ms)
			ProcessInitializeOnLoadMethodAttributes (102ms)
			AfterProcessingInitializeOnLoad (0ms)
			EditorAssembliesLoaded (0ms)
		ExecutionOrderSort2 (0ms)
		AwakeInstancesAfterBackupRestoration (1ms)
Refreshing native plugins compatible for Editor in 1.47 ms, found 2 plugins.
Preloading 1 native plugins for Editor in 1.18 ms.
Unloading 43 Unused Serialized files (Serialized files now loaded: 0)
Unloading 5193 unused Assets / (13.6 MB). Loaded Objects now: 6071.
Memory consumption went from 146.0 MB to 132.4 MB.
Total: 7.647625 ms (FindLiveObjects: 0.201250 ms CreateObjectMapping: 0.082875 ms MarkObjects: 6.164584 ms  DeleteObjects: 1.198667 ms)

Prepare: number of updated asset objects reloaded= 0
========================================================================
Received Prepare
Refreshing native plugins compatible for Editor in 1.46 ms, found 2 plugins.
Preloading 1 native plugins for Editor in 1.19 ms.
Unloading 43 Unused Serialized files (Serialized files now loaded: 0)
Unloading 5148 unused Assets / (13.5 MB). Loaded Objects now: 6071.
Memory consumption went from 132.4 MB to 118.9 MB.
Total: 7.618000 ms (FindLiveObjects: 0.196375 ms CreateObjectMapping: 0.074833 ms MarkObjects: 6.228125 ms  DeleteObjects: 1.118375 ms)

Prepare: number of updated asset objects reloaded= 0
========================================================================
Received Prepare
Begin MonoManager ReloadAssembly
Thread 0x16b88f000 may have been prematurely finalized
Symbol file LoadedFromMemory is not a mono symbol file
Symbol file LoadedFromMemory is not a mono symbol file
- Loaded All Assemblies, in  0.317 seconds
Refreshing native plugins compatible for Editor in 1.08 ms, found 2 plugins.
Native extension for OSXStandalone target not found
Native extension for WebGL target not found
Refreshing native plugins compatible for Editor in 1.18 ms, found 2 plugins.
[Package Manager] Failed to launch server process. Reason: Unity was launched with the -noUpm command-line argument
[Package Manager] Unable to send message (not connected to server process).
[Package Manager] Cannot connect to Unity Package Manager local server
ScheduleIndexationOnStartup MainProcess:False IndexOnStartup:True
Mono: successfully reloaded assembly
- Finished resetting the current domain, in  0.421 seconds
Domain Reload Profiling: 740ms
	BeginReloadAssembly (74ms)
		ExecutionOrderSort (0ms)
		DisableScriptedObjects (3ms)
		BackupInstance (0ms)
		ReleaseScriptingObjects (0ms)
		CreateAndSetChildDomain (22ms)
	RebuildCommonClasses (15ms)
	RebuildNativeTypeToScriptingClass (6ms)
	initialDomainReloadingComplete (11ms)
	LoadAllAssembliesAndSetupDomain (213ms)
		LoadAssemblies (160ms)
		RebuildTransferFunctionScriptingTraits (0ms)
		AnalyzeDomain (76ms)
			TypeCache.Refresh (7ms)
				TypeCache.ScanAssembly (0ms)
			BuildScriptInfoCaches (66ms)
			ResolveRequiredComponents (1ms)
	FinalizeReload (421ms)
		ReleaseScriptCaches (0ms)
		RebuildScriptCaches (0ms)
		SetupLoadedEditorAssemblies (370ms)
			LogAssemblyErrors (0ms)
			InitializePlatformSupportModulesInManaged (1ms)
			SetLoadedEditorAssemblies (2ms)
			BeforeProcessingInitializeOnLoad (87ms)
			ProcessInitializeOnLoadAttributes (178ms)
			ProcessInitializeOnLoadMethodAttributes (102ms)
			AfterProcessingInitializeOnLoad (1ms)
			EditorAssembliesLoaded (0ms)
		ExecutionOrderSort2 (0ms)
		AwakeInstancesAfterBackupRestoration (1ms)
Refreshing native plugins compatible for Editor in 1.52 ms, found 2 plugins.
Preloading 1 native plugins for Editor in 1.20 ms.
Unloading 43 Unused Serialized files (Serialized files now loaded: 0)
Unloading 5193 unused Assets / (13.7 MB). Loaded Objects now: 6075.
Memory consumption went from 146.0 MB to 132.4 MB.
Total: 7.581959 ms (FindLiveObjects: 0.196875 ms CreateObjectMapping: 0.071958 ms MarkObjects: 6.123708 ms  DeleteObjects: 1.189084 ms)

Prepare: number of updated asset objects reloaded= 0
========================================================================
Received Prepare
Begin MonoManager ReloadAssembly
Thread 0x16b88f000 may have been prematurely finalized
Symbol file LoadedFromMemory is not a mono symbol file
Symbol file LoadedFromMemory is not a mono symbol file
- Loaded All Assemblies, in  0.307 seconds
Refreshing native plugins compatible for Editor in 1.51 ms, found 2 plugins.
Native extension for OSXStandalone target not found
Native extension for WebGL target not found
Refreshing native plugins compatible for Editor in 1.02 ms, found 2 plugins.
[Package Manager] Failed to launch server process. Reason: Unity was launched with the -noUpm command-line argument
[Package Manager] Unable to send message (not connected to server process).
[Package Manager] Cannot connect to Unity Package Manager local server
ScheduleIndexationOnStartup MainProcess:False IndexOnStartup:True
Mono: successfully reloaded assembly
- Finished resetting the current domain, in  0.450 seconds
Domain Reload Profiling: 758ms
	BeginReloadAssembly (72ms)
		ExecutionOrderSort (0ms)
		DisableScriptedObjects (3ms)
		BackupInstance (0ms)
		ReleaseScriptingObjects (0ms)
		CreateAndSetChildDomain (22ms)
	RebuildCommonClasses (15ms)
	RebuildNativeTypeToScriptingClass (6ms)
	initialDomainReloadingComplete (10ms)
	LoadAllAssembliesAndSetupDomain (205ms)
		LoadAssemblies (154ms)
		RebuildTransferFunctionScriptingTraits (0ms)
		AnalyzeDomain (73ms)
			TypeCache.Refresh (5ms)
				TypeCache.ScanAssembly (0ms)
			BuildScriptInfoCaches (65ms)
			ResolveRequiredComponents (1ms)
	FinalizeReload (450ms)
		ReleaseScriptCaches (0ms)
		RebuildScriptCaches (0ms)
		SetupLoadedEditorAssemblies (395ms)
			LogAssemblyErrors (0ms)
			InitializePlatformSupportModulesInManaged (1ms)
			SetLoadedEditorAssemblies (2ms)
			BeforeProcessingInitializeOnLoad (96ms)
			ProcessInitializeOnLoadAttributes (186ms)
			ProcessInitializeOnLoadMethodAttributes (109ms)
			AfterProcessingInitializeOnLoad (1ms)
			EditorAssembliesLoaded (0ms)
		ExecutionOrderSort2 (0ms)
		AwakeInstancesAfterBackupRestoration (2ms)
Refreshing native plugins compatible for Editor in 1.74 ms, found 2 plugins.
Preloading 1 native plugins for Editor in 1.25 ms.
Unloading 43 Unused Serialized files (Serialized files now loaded: 0)
Unloading 5193 unused Assets / (13.6 MB). Loaded Objects now: 6079.
Memory consumption went from 146.0 MB to 132.4 MB.
Total: 8.581000 ms (FindLiveObjects: 0.200125 ms CreateObjectMapping: 0.077791 ms MarkObjects: 7.016834 ms  DeleteObjects: 1.285791 ms)

Prepare: number of updated asset objects reloaded= 0
========================================================================
Received Prepare
Refreshing native plugins compatible for Editor in 1.39 ms, found 2 plugins.
Preloading 1 native plugins for Editor in 1.23 ms.
Unloading 43 Unused Serialized files (Serialized files now loaded: 0)
Unloading 5148 unused Assets / (13.0 MB). Loaded Objects now: 6079.
Memory consumption went from 132.4 MB to 119.4 MB.
Total: 7.971834 ms (FindLiveObjects: 0.201041 ms CreateObjectMapping: 0.084042 ms MarkObjects: 6.487208 ms  DeleteObjects: 1.198625 ms)

Prepare: number of updated asset objects reloaded= 0
========================================================================
Received Prepare
Begin MonoManager ReloadAssembly
Thread 0x16b88f000 may have been prematurely finalized
Symbol file LoadedFromMemory is not a mono symbol file
Symbol file LoadedFromMemory is not a mono symbol file
- Loaded All Assemblies, in  0.316 seconds
Refreshing native plugins compatible for Editor in 1.49 ms, found 2 plugins.
Native extension for OSXStandalone target not found
Native extension for WebGL target not found
Refreshing native plugins compatible for Editor in 1.23 ms, found 2 plugins.
[Package Manager] Failed to launch server process. Reason: Unity was launched with the -noUpm command-line argument
[Package Manager] Unable to send message (not connected to server process).
[Package Manager] Cannot connect to Unity Package Manager local server
ScheduleIndexationOnStartup MainProcess:False IndexOnStartup:True
Mono: successfully reloaded assembly
- Finished resetting the current domain, in  0.432 seconds
Domain Reload Profiling: 750ms
	BeginReloadAssembly (73ms)
		ExecutionOrderSort (0ms)
		DisableScriptedObjects (3ms)
		BackupInstance (0ms)
		ReleaseScriptingObjects (0ms)
		CreateAndSetChildDomain (23ms)
	RebuildCommonClasses (16ms)
	RebuildNativeTypeToScriptingClass (6ms)
	initialDomainReloadingComplete (10ms)
	LoadAllAssembliesAndSetupDomain (212ms)
		LoadAssemblies (163ms)
		RebuildTransferFunctionScriptingTraits (0ms)
		AnalyzeDomain (70ms)
			TypeCache.Refresh (7ms)
				TypeCache.ScanAssembly (0ms)
			BuildScriptInfoCaches (60ms)
			ResolveRequiredComponents (1ms)
	FinalizeReload (432ms)
		ReleaseScriptCaches (0ms)
		RebuildScriptCaches (0ms)
		SetupLoadedEditorAssemblies (382ms)
			LogAssemblyErrors (0ms)
			InitializePlatformSupportModulesInManaged (1ms)
			SetLoadedEditorAssemblies (2ms)
			BeforeProcessingInitializeOnLoad (101ms)
			ProcessInitializeOnLoadAttributes (174ms)
			ProcessInitializeOnLoadMethodAttributes (103ms)
			AfterProcessingInitializeOnLoad (1ms)
			EditorAssembliesLoaded (0ms)
		ExecutionOrderSort2 (0ms)
		AwakeInstancesAfterBackupRestoration (1ms)
Refreshing native plugins compatible for Editor in 0.99 ms, found 2 plugins.
Preloading 1 native plugins for Editor in 1.18 ms.
Unloading 43 Unused Serialized files (Serialized files now loaded: 0)
Unloading 5193 unused Assets / (13.3 MB). Loaded Objects now: 6083.
Memory consumption went from 146.0 MB to 132.7 MB.
Total: 7.906250 ms (FindLiveObjects: 0.204125 ms CreateObjectMapping: 0.086666 ms MarkObjects: 6.533500 ms  DeleteObjects: 1.081792 ms)

Prepare: number of updated asset objects reloaded= 0
========================================================================
Received Prepare
Refreshing native plugins compatible for Editor in 1.28 ms, found 2 plugins.
Preloading 1 native plugins for Editor in 1.22 ms.
Unloading 43 Unused Serialized files (Serialized files now loaded: 0)
Unloading 5148 unused Assets / (13.9 MB). Loaded Objects now: 6083.
Memory consumption went from 132.4 MB to 118.5 MB.
Total: 7.877583 ms (FindLiveObjects: 0.186667 ms CreateObjectMapping: 0.090833 ms MarkObjects: 6.363959 ms  DeleteObjects: 1.235750 ms)

Prepare: number of updated asset objects reloaded= 0
========================================================================
Received Prepare
Begin MonoManager ReloadAssembly
Thread 0x16b88f000 may have been prematurely finalized
Symbol file LoadedFromMemory is not a mono symbol file
Symbol file LoadedFromMemory is not a mono symbol file
- Loaded All Assemblies, in  0.327 seconds
Refreshing native plugins compatible for Editor in 1.13 ms, found 2 plugins.
Native extension for OSXStandalone target not found
Native extension for WebGL target not found
Refreshing native plugins compatible for Editor in 1.22 ms, found 2 plugins.
[Package Manager] Failed to launch server process. Reason: Unity was launched with the -noUpm command-line argument
[Package Manager] Unable to send message (not connected to server process).
[Package Manager] Cannot connect to Unity Package Manager local server
ScheduleIndexationOnStartup MainProcess:False IndexOnStartup:True
Mono: successfully reloaded assembly
- Finished resetting the current domain, in  0.412 seconds
Domain Reload Profiling: 740ms
	BeginReloadAssembly (73ms)
		ExecutionOrderSort (0ms)
		DisableScriptedObjects (3ms)
		BackupInstance (0ms)
		ReleaseScriptingObjects (0ms)
		CreateAndSetChildDomain (22ms)
	RebuildCommonClasses (16ms)
	RebuildNativeTypeToScriptingClass (6ms)
	initialDomainReloadingComplete (10ms)
	LoadAllAssembliesAndSetupDomain (223ms)
		LoadAssemblies (176ms)
		RebuildTransferFunctionScriptingTraits (0ms)
		AnalyzeDomain (69ms)
			TypeCache.Refresh (7ms)
				TypeCache.ScanAssembly (0ms)
			BuildScriptInfoCaches (59ms)
			ResolveRequiredComponents (1ms)
	FinalizeReload (412ms)
		ReleaseScriptCaches (0ms)
		RebuildScriptCaches (0ms)
		SetupLoadedEditorAssemblies (362ms)
			LogAssemblyErrors (0ms)
			InitializePlatformSupportModulesInManaged (1ms)
			SetLoadedEditorAssemblies (2ms)
			BeforeProcessingInitializeOnLoad (86ms)
			ProcessInitializeOnLoadAttributes (172ms)
			ProcessInitializeOnLoadMethodAttributes (101ms)
			AfterProcessingInitializeOnLoad (1ms)
			EditorAssembliesLoaded (0ms)
		ExecutionOrderSort2 (0ms)
		AwakeInstancesAfterBackupRestoration (1ms)
Refreshing native plugins compatible for Editor in 1.53 ms, found 2 plugins.
Preloading 1 native plugins for Editor in 1.24 ms.
Unloading 43 Unused Serialized files (Serialized files now loaded: 0)
Unloading 5193 unused Assets / (12.4 MB). Loaded Objects now: 6087.
Memory consumption went from 146.0 MB to 133.7 MB.
Total: 8.220750 ms (FindLiveObjects: 0.207000 ms CreateObjectMapping: 0.076000 ms MarkObjects: 6.699750 ms  DeleteObjects: 1.237917 ms)

Prepare: number of updated asset objects reloaded= 0
========================================================================
Received Prepare
Refreshing native plugins compatible for Editor in 1.53 ms, found 2 plugins.
Preloading 1 native plugins for Editor in 1.24 ms.
Unloading 43 Unused Serialized files (Serialized files now loaded: 0)
Unloading 5148 unused Assets / (13.5 MB). Loaded Objects now: 6087.
Memory consumption went from 132.4 MB to 118.9 MB.
Total: 8.290375 ms (FindLiveObjects: 0.201041 ms CreateObjectMapping: 0.084667 ms MarkObjects: 6.799417 ms  DeleteObjects: 1.204958 ms)

Prepare: number of updated asset objects reloaded= 0
========================================================================
Received Prepare
Refreshing native plugins compatible for Editor in 1.55 ms, found 2 plugins.
Preloading 1 native plugins for Editor in 1.23 ms.
Unloading 43 Unused Serialized files (Serialized files now loaded: 0)
Unloading 5148 unused Assets / (13.4 MB). Loaded Objects now: 6087.
Memory consumption went from 132.4 MB to 119.0 MB.
Total: 7.699208 ms (FindLiveObjects: 0.201125 ms CreateObjectMapping: 0.091583 ms MarkObjects: 6.262458 ms  DeleteObjects: 1.143708 ms)

Prepare: number of updated asset objects reloaded= 0
========================================================================
Received Prepare
Begin MonoManager ReloadAssembly
[Licensing::Client] Successfully resolved entitlement details
[Licensing::Module] License group:
  Id: F4-85AS-8ZW6-XMRF-425Z-XXXX
  Product: Unity Personal
  Type: ULF
  Expiration: Unlimited
[Licensing::Module] License group:
  Id: 6872810951280-UnityPersXXXX
  Product: Unity Personal
  Type: Assigned
  Expiration: Unlimited
Thread 0x16b88f000 may have been prematurely finalized
Symbol file LoadedFromMemory is not a mono symbol file
Symbol file LoadedFromMemory is not a mono symbol file
- Loaded All Assemblies, in  0.313 seconds
Refreshing native plugins compatible for Editor in 1.34 ms, found 2 plugins.
Native extension for OSXStandalone target not found
Native extension for WebGL target not found
Refreshing native plugins compatible for Editor in 1.46 ms, found 2 plugins.
[Package Manager] Failed to launch server process. Reason: Unity was launched with the -noUpm command-line argument
[Package Manager] Unable to send message (not connected to server process).
[Package Manager] Cannot connect to Unity Package Manager local server
ScheduleIndexationOnStartup MainProcess:False IndexOnStartup:True
Mono: successfully reloaded assembly
- Finished resetting the current domain, in  0.413 seconds
Domain Reload Profiling: 728ms
	BeginReloadAssembly (74ms)
		ExecutionOrderSort (0ms)
		DisableScriptedObjects (3ms)
		BackupInstance (0ms)
		ReleaseScriptingObjects (0ms)
		CreateAndSetChildDomain (22ms)
	RebuildCommonClasses (16ms)
	RebuildNativeTypeToScriptingClass (6ms)
	initialDomainReloadingComplete (10ms)
	LoadAllAssembliesAndSetupDomain (209ms)
		LoadAssemblies (160ms)
		RebuildTransferFunctionScriptingTraits (0ms)
		AnalyzeDomain (71ms)
			TypeCache.Refresh (7ms)
				TypeCache.ScanAssembly (0ms)
			BuildScriptInfoCaches (60ms)
			ResolveRequiredComponents (1ms)
	FinalizeReload (414ms)
		ReleaseScriptCaches (0ms)
		RebuildScriptCaches (0ms)
		SetupLoadedEditorAssemblies (363ms)
			LogAssemblyErrors (0ms)
			InitializePlatformSupportModulesInManaged (1ms)
			SetLoadedEditorAssemblies (2ms)
			BeforeProcessingInitializeOnLoad (84ms)
			ProcessInitializeOnLoadAttributes (174ms)
			ProcessInitializeOnLoadMethodAttributes (102ms)
			AfterProcessingInitializeOnLoad (0ms)
			EditorAssembliesLoaded (0ms)
		ExecutionOrderSort2 (0ms)
		AwakeInstancesAfterBackupRestoration (1ms)
Refreshing native plugins compatible for Editor in 1.40 ms, found 2 plugins.
Preloading 1 native plugins for Editor in 1.22 ms.
Unloading 43 Unused Serialized files (Serialized files now loaded: 0)
Unloading 5193 unused Assets / (13.4 MB). Loaded Objects now: 6091.
Memory consumption went from 146.1 MB to 132.7 MB.
Total: 8.097792 ms (FindLiveObjects: 0.203708 ms CreateObjectMapping: 0.079542 ms MarkObjects: 6.631333 ms  DeleteObjects: 1.183042 ms)

Prepare: number of updated asset objects reloaded= 0
========================================================================
Received Prepare
Refreshing native plugins compatible for Editor in 1.12 ms, found 2 plugins.
Preloading 1 native plugins for Editor in 1.17 ms.
Unloading 43 Unused Serialized files (Serialized files now loaded: 0)
Unloading 5148 unused Assets / (13.7 MB). Loaded Objects now: 6091.
Memory consumption went from 132.4 MB to 118.8 MB.
Total: 7.634333 ms (FindLiveObjects: 0.196708 ms CreateObjectMapping: 0.088667 ms MarkObjects: 6.158208 ms  DeleteObjects: 1.190500 ms)

Prepare: number of updated asset objects reloaded= 0
========================================================================
Received Prepare
Begin MonoManager ReloadAssembly
Thread 0x16b88f000 may have been prematurely finalized
Symbol file LoadedFromMemory is not a mono symbol file
Symbol file LoadedFromMemory is not a mono symbol file
- Loaded All Assemblies, in  0.333 seconds
Refreshing native plugins compatible for Editor in 1.40 ms, found 2 plugins.
Native extension for OSXStandalone target not found
Native extension for WebGL target not found
Refreshing native plugins compatible for Editor in 1.36 ms, found 2 plugins.
[Package Manager] Failed to launch server process. Reason: Unity was launched with the -noUpm command-line argument
[Package Manager] Unable to send message (not connected to server process).
[Package Manager] Cannot connect to Unity Package Manager local server
ScheduleIndexationOnStartup MainProcess:False IndexOnStartup:True
Mono: successfully reloaded assembly
- Finished resetting the current domain, in  0.419 seconds
Domain Reload Profiling: 754ms
	BeginReloadAssembly (75ms)
		ExecutionOrderSort (0ms)
		DisableScriptedObjects (3ms)
		BackupInstance (0ms)
		ReleaseScriptingObjects (0ms)
		CreateAndSetChildDomain (24ms)
	RebuildCommonClasses (16ms)
	RebuildNativeTypeToScriptingClass (6ms)
	initialDomainReloadingComplete (11ms)
	LoadAllAssembliesAndSetupDomain (227ms)
		LoadAssemblies (181ms)
		RebuildTransferFunctionScriptingTraits (0ms)
		AnalyzeDomain (68ms)
			TypeCache.Refresh (7ms)
				TypeCache.ScanAssembly (0ms)
			BuildScriptInfoCaches (58ms)
			ResolveRequiredComponents (1ms)
	FinalizeReload (420ms)
		ReleaseScriptCaches (0ms)
		RebuildScriptCaches (0ms)
		SetupLoadedEditorAssemblies (369ms)
			LogAssemblyErrors (0ms)
			InitializePlatformSupportModulesInManaged (1ms)
			SetLoadedEditorAssemblies (2ms)
			BeforeProcessingInitializeOnLoad (86ms)
			ProcessInitializeOnLoadAttributes (178ms)
			ProcessInitializeOnLoadMethodAttributes (101ms)
			AfterProcessingInitializeOnLoad (1ms)
			EditorAssembliesLoaded (0ms)
		ExecutionOrderSort2 (0ms)
		AwakeInstancesAfterBackupRestoration (1ms)
Refreshing native plugins compatible for Editor in 1.52 ms, found 2 plugins.
Preloading 1 native plugins for Editor in 1.23 ms.
Unloading 43 Unused Serialized files (Serialized files now loaded: 0)
Unloading 5193 unused Assets / (13.9 MB). Loaded Objects now: 6095.
Memory consumption went from 146.1 MB to 132.1 MB.
Total: 7.874875 ms (FindLiveObjects: 0.203084 ms CreateObjectMapping: 0.084166 ms MarkObjects: 6.289750 ms  DeleteObjects: 1.297625 ms)

Prepare: number of updated asset objects reloaded= 0
========================================================================
Received Prepare
Begin MonoManager ReloadAssembly
Thread 0x16b88f000 may have been prematurely finalized
Symbol file LoadedFromMemory is not a mono symbol file
Symbol file LoadedFromMemory is not a mono symbol file
- Loaded All Assemblies, in  0.300 seconds
Refreshing native plugins compatible for Editor in 1.57 ms, found 2 plugins.
Native extension for OSXStandalone target not found
Native extension for WebGL target not found
Refreshing native plugins compatible for Editor in 1.05 ms, found 2 plugins.
[Package Manager] Failed to launch server process. Reason: Unity was launched with the -noUpm command-line argument
[Package Manager] Unable to send message (not connected to server process).
[Package Manager] Cannot connect to Unity Package Manager local server
ScheduleIndexationOnStartup MainProcess:False IndexOnStartup:True
Mono: successfully reloaded assembly
- Finished resetting the current domain, in  0.452 seconds
Domain Reload Profiling: 753ms
	BeginReloadAssembly (71ms)
		ExecutionOrderSort (0ms)
		DisableScriptedObjects (3ms)
		BackupInstance (0ms)
		ReleaseScriptingObjects (0ms)
		CreateAndSetChildDomain (21ms)
	RebuildCommonClasses (15ms)
	RebuildNativeTypeToScriptingClass (6ms)
	initialDomainReloadingComplete (11ms)
	LoadAllAssembliesAndSetupDomain (198ms)
		LoadAssemblies (155ms)
		RebuildTransferFunctionScriptingTraits (0ms)
		AnalyzeDomain (65ms)
			TypeCache.Refresh (4ms)
				TypeCache.ScanAssembly (0ms)
			BuildScriptInfoCaches (58ms)
			ResolveRequiredComponents (1ms)
	FinalizeReload (452ms)
		ReleaseScriptCaches (0ms)
		RebuildScriptCaches (0ms)
		SetupLoadedEditorAssemblies (400ms)
			LogAssemblyErrors (0ms)
			InitializePlatformSupportModulesInManaged (1ms)
			SetLoadedEditorAssemblies (2ms)
			BeforeProcessingInitializeOnLoad (100ms)
			ProcessInitializeOnLoadAttributes (187ms)
			ProcessInitializeOnLoadMethodAttributes (109ms)
			AfterProcessingInitializeOnLoad (1ms)
			EditorAssembliesLoaded (0ms)
		ExecutionOrderSort2 (0ms)
		AwakeInstancesAfterBackupRestoration (2ms)
Refreshing native plugins compatible for Editor in 1.82 ms, found 2 plugins.
Preloading 1 native plugins for Editor in 1.25 ms.
Unloading 43 Unused Serialized files (Serialized files now loaded: 0)
Unloading 5193 unused Assets / (12.7 MB). Loaded Objects now: 6099.
Memory consumption went from 146.1 MB to 133.4 MB.
Total: 8.713084 ms (FindLiveObjects: 0.220750 ms CreateObjectMapping: 0.084458 ms MarkObjects: 7.002542 ms  DeleteObjects: 1.404917 ms)

Prepare: number of updated asset objects reloaded= 0
========================================================================
Received Prepare
Begin MonoManager ReloadAssembly
Thread 0x16b88f000 may have been prematurely finalized
Symbol file LoadedFromMemory is not a mono symbol file
Symbol file LoadedFromMemory is not a mono symbol file
- Loaded All Assemblies, in  0.301 seconds
Refreshing native plugins compatible for Editor in 1.81 ms, found 2 plugins.
Native extension for OSXStandalone target not found
Native extension for WebGL target not found
Refreshing native plugins compatible for Editor in 1.73 ms, found 2 plugins.
[Package Manager] Failed to launch server process. Reason: Unity was launched with the -noUpm command-line argument
[Package Manager] Unable to send message (not connected to server process).
[Package Manager] Cannot connect to Unity Package Manager local server
ScheduleIndexationOnStartup MainProcess:False IndexOnStartup:True
Mono: successfully reloaded assembly
- Finished resetting the current domain, in  0.456 seconds
Domain Reload Profiling: 759ms
	BeginReloadAssembly (75ms)
		ExecutionOrderSort (0ms)
		DisableScriptedObjects (3ms)
		BackupInstance (0ms)
		ReleaseScriptingObjects (0ms)
		CreateAndSetChildDomain (23ms)
	RebuildCommonClasses (16ms)
	RebuildNativeTypeToScriptingClass (6ms)
	initialDomainReloadingComplete (11ms)
	LoadAllAssembliesAndSetupDomain (195ms)
		LoadAssemblies (153ms)
		RebuildTransferFunctionScriptingTraits (0ms)
		AnalyzeDomain (65ms)
			TypeCache.Refresh (5ms)
				TypeCache.ScanAssembly (0ms)
			BuildScriptInfoCaches (58ms)
			ResolveRequiredComponents (1ms)
	FinalizeReload (456ms)
		ReleaseScriptCaches (0ms)
		RebuildScriptCaches (0ms)
		SetupLoadedEditorAssemblies (400ms)
			LogAssemblyErrors (0ms)
			InitializePlatformSupportModulesInManaged (1ms)
			SetLoadedEditorAssemblies (2ms)
			BeforeProcessingInitializeOnLoad (95ms)
			ProcessInitializeOnLoadAttributes (190ms)
			ProcessInitializeOnLoadMethodAttributes (111ms)
			AfterProcessingInitializeOnLoad (1ms)
			EditorAssembliesLoaded (0ms)
		ExecutionOrderSort2 (0ms)
		AwakeInstancesAfterBackupRestoration (1ms)
Refreshing native plugins compatible for Editor in 1.78 ms, found 2 plugins.
Preloading 1 native plugins for Editor in 1.22 ms.
Unloading 43 Unused Serialized files (Serialized files now loaded: 0)
Unloading 5193 unused Assets / (12.8 MB). Loaded Objects now: 6103.
Memory consumption went from 146.1 MB to 133.3 MB.
Total: 8.527292 ms (FindLiveObjects: 0.233042 ms CreateObjectMapping: 0.090958 ms MarkObjects: 6.829833 ms  DeleteObjects: 1.373167 ms)

Prepare: number of updated asset objects reloaded= 0
========================================================================
Received Prepare
Begin MonoManager ReloadAssembly
[Licensing::Client] Successfully resolved entitlement details
[Licensing::Module] License group:
  Id: F4-85AS-8ZW6-XMRF-425Z-XXXX
  Product: Unity Personal
  Type: ULF
  Expiration: Unlimited
[Licensing::Module] License group:
  Id: 6872810951280-UnityPersXXXX
  Product: Unity Personal
  Type: Assigned
  Expiration: Unlimited
Thread 0x16b88f000 may have been prematurely finalized
Symbol file LoadedFromMemory is not a mono symbol file
Symbol file LoadedFromMemory is not a mono symbol file
- Loaded All Assemblies, in  0.327 seconds
Refreshing native plugins compatible for Editor in 1.06 ms, found 2 plugins.
Native extension for OSXStandalone target not found
Native extension for WebGL target not found
Refreshing native plugins compatible for Editor in 1.18 ms, found 2 plugins.
[Package Manager] Failed to launch server process. Reason: Unity was launched with the -noUpm command-line argument
[Package Manager] Unable to send message (not connected to server process).
[Package Manager] Cannot connect to Unity Package Manager local server
ScheduleIndexationOnStartup MainProcess:False IndexOnStartup:True
Mono: successfully reloaded assembly
- Finished resetting the current domain, in  0.450 seconds
Domain Reload Profiling: 779ms
	BeginReloadAssembly (73ms)
		ExecutionOrderSort (0ms)
		DisableScriptedObjects (3ms)
		BackupInstance (0ms)
		ReleaseScriptingObjects (0ms)
		CreateAndSetChildDomain (23ms)
	RebuildCommonClasses (16ms)
	RebuildNativeTypeToScriptingClass (6ms)
	initialDomainReloadingComplete (11ms)
	LoadAllAssembliesAndSetupDomain (223ms)
		LoadAssemblies (174ms)
		RebuildTransferFunctionScriptingTraits (0ms)
		AnalyzeDomain (71ms)
			TypeCache.Refresh (7ms)
				TypeCache.ScanAssembly (0ms)
			BuildScriptInfoCaches (61ms)
			ResolveRequiredComponents (1ms)
	FinalizeReload (450ms)
		ReleaseScriptCaches (0ms)
		RebuildScriptCaches (0ms)
		SetupLoadedEditorAssemblies (394ms)
			LogAssemblyErrors (0ms)
			InitializePlatformSupportModulesInManaged (1ms)
			SetLoadedEditorAssemblies (2ms)
			BeforeProcessingInitializeOnLoad (94ms)
			ProcessInitializeOnLoadAttributes (187ms)
			ProcessInitializeOnLoadMethodAttributes (110ms)
			AfterProcessingInitializeOnLoad (1ms)
			EditorAssembliesLoaded (0ms)
		ExecutionOrderSort2 (0ms)
		AwakeInstancesAfterBackupRestoration (2ms)
Refreshing native plugins compatible for Editor in 1.83 ms, found 2 plugins.
Preloading 1 native plugins for Editor in 1.20 ms.
Unloading 43 Unused Serialized files (Serialized files now loaded: 0)
Unloading 5193 unused Assets / (13.0 MB). Loaded Objects now: 6107.
Memory consumption went from 146.1 MB to 133.1 MB.
Total: 8.669333 ms (FindLiveObjects: 0.210792 ms CreateObjectMapping: 0.084166 ms MarkObjects: 6.985500 ms  DeleteObjects: 1.388416 ms)

Prepare: number of updated asset objects reloaded= 0
========================================================================
Received Prepare
Refreshing native plugins compatible for Editor in 1.16 ms, found 2 plugins.
Preloading 1 native plugins for Editor in 1.20 ms.
Unloading 43 Unused Serialized files (Serialized files now loaded: 0)
Unloading 5148 unused Assets / (13.8 MB). Loaded Objects now: 6107.
Memory consumption went from 132.5 MB to 118.6 MB.
Total: 7.802291 ms (FindLiveObjects: 0.198125 ms CreateObjectMapping: 0.077042 ms MarkObjects: 6.278959 ms  DeleteObjects: 1.248000 ms)

Prepare: number of updated asset objects reloaded= 0
========================================================================
Received Prepare
Begin MonoManager ReloadAssembly
[Licensing::Client] Successfully resolved entitlement details
[Licensing::Module] License group:
  Id: F4-85AS-8ZW6-XMRF-425Z-XXXX
  Product: Unity Personal
  Type: ULF
  Expiration: Unlimited
[Licensing::Module] License group:
  Id: 6872810951280-UnityPersXXXX
  Product: Unity Personal
  Type: Assigned
  Expiration: Unlimited
Thread 0x16b88f000 may have been prematurely finalized
Symbol file LoadedFromMemory is not a mono symbol file
Symbol file LoadedFromMemory is not a mono symbol file
- Loaded All Assemblies, in  0.371 seconds
Refreshing native plugins compatible for Editor in 1.45 ms, found 2 plugins.
Native extension for OSXStandalone target not found
Native extension for WebGL target not found
Refreshing native plugins compatible for Editor in 1.53 ms, found 2 plugins.
[Package Manager] Failed to launch server process. Reason: Unity was launched with the -noUpm command-line argument
[Package Manager] Unable to send message (not connected to server process).
[Package Manager] Cannot connect to Unity Package Manager local server
ScheduleIndexationOnStartup MainProcess:False IndexOnStartup:True
Mono: successfully reloaded assembly
- Finished resetting the current domain, in  0.421 seconds
Domain Reload Profiling: 793ms
	BeginReloadAssembly (73ms)
		ExecutionOrderSort (0ms)
		DisableScriptedObjects (3ms)
		BackupInstance (0ms)
		ReleaseScriptingObjects (0ms)
		CreateAndSetChildDomain (23ms)
	RebuildCommonClasses (16ms)
	RebuildNativeTypeToScriptingClass (6ms)
	initialDomainReloadingComplete (11ms)
	LoadAllAssembliesAndSetupDomain (266ms)
		LoadAssemblies (215ms)
		RebuildTransferFunctionScriptingTraits (0ms)
		AnalyzeDomain (72ms)
			TypeCache.Refresh (7ms)
				TypeCache.ScanAssembly (0ms)
			BuildScriptInfoCaches (62ms)
			ResolveRequiredComponents (1ms)
	FinalizeReload (421ms)
		ReleaseScriptCaches (0ms)
		RebuildScriptCaches (0ms)
		SetupLoadedEditorAssemblies (368ms)
			LogAssemblyErrors (0ms)
			InitializePlatformSupportModulesInManaged (1ms)
			SetLoadedEditorAssemblies (2ms)
			BeforeProcessingInitializeOnLoad (89ms)
			ProcessInitializeOnLoadAttributes (176ms)
			ProcessInitializeOnLoadMethodAttributes (99ms)
			AfterProcessingInitializeOnLoad (1ms)
			EditorAssembliesLoaded (0ms)
		ExecutionOrderSort2 (0ms)
		AwakeInstancesAfterBackupRestoration (1ms)
Refreshing native plugins compatible for Editor in 1.50 ms, found 2 plugins.
Preloading 1 native plugins for Editor in 1.22 ms.
Unloading 43 Unused Serialized files (Serialized files now loaded: 0)
Unloading 5193 unused Assets / (13.7 MB). Loaded Objects now: 6111.
Memory consumption went from 146.1 MB to 132.4 MB.
Total: 7.437208 ms (FindLiveObjects: 0.203958 ms CreateObjectMapping: 0.087167 ms MarkObjects: 5.984208 ms  DeleteObjects: 1.161666 ms)

Prepare: number of updated asset objects reloaded= 0
========================================================================
Received Prepare
Begin MonoManager ReloadAssembly
Thread 0x16b88f000 may have been prematurely finalized
Symbol file LoadedFromMemory is not a mono symbol file
Symbol file LoadedFromMemory is not a mono symbol file
- Loaded All Assemblies, in  0.328 seconds
Refreshing native plugins compatible for Editor in 1.23 ms, found 2 plugins.
Native extension for OSXStandalone target not found
Native extension for WebGL target not found
Refreshing native plugins compatible for Editor in 1.25 ms, found 2 plugins.
[Package Manager] Failed to launch server process. Reason: Unity was launched with the -noUpm command-line argument
[Package Manager] Unable to send message (not connected to server process).
[Package Manager] Cannot connect to Unity Package Manager local server
ScheduleIndexationOnStartup MainProcess:False IndexOnStartup:True
Mono: successfully reloaded assembly
- Finished resetting the current domain, in  0.457 seconds
Domain Reload Profiling: 786ms
	BeginReloadAssembly (70ms)
		ExecutionOrderSort (0ms)
		DisableScriptedObjects (3ms)
		BackupInstance (0ms)
		ReleaseScriptingObjects (0ms)
		CreateAndSetChildDomain (22ms)
	RebuildCommonClasses (15ms)
	RebuildNativeTypeToScriptingClass (6ms)
	initialDomainReloadingComplete (10ms)
	LoadAllAssembliesAndSetupDomain (227ms)
		LoadAssemblies (180ms)
		RebuildTransferFunctionScriptingTraits (0ms)
		AnalyzeDomain (67ms)
			TypeCache.Refresh (6ms)
				TypeCache.ScanAssembly (0ms)
			BuildScriptInfoCaches (59ms)
			ResolveRequiredComponents (1ms)
	FinalizeReload (457ms)
		ReleaseScriptCaches (0ms)
		RebuildScriptCaches (0ms)
		SetupLoadedEditorAssemblies (403ms)
			LogAssemblyErrors (0ms)
			InitializePlatformSupportModulesInManaged (1ms)
			SetLoadedEditorAssemblies (2ms)
			BeforeProcessingInitializeOnLoad (95ms)
			ProcessInitializeOnLoadAttributes (195ms)
			ProcessInitializeOnLoadMethodAttributes (109ms)
			AfterProcessingInitializeOnLoad (1ms)
			EditorAssembliesLoaded (0ms)
		ExecutionOrderSort2 (0ms)
		AwakeInstancesAfterBackupRestoration (2ms)
Refreshing native plugins compatible for Editor in 1.44 ms, found 2 plugins.
Preloading 1 native plugins for Editor in 1.40 ms.
Unloading 43 Unused Serialized files (Serialized files now loaded: 0)
Unloading 5193 unused Assets / (12.7 MB). Loaded Objects now: 6115.
Memory consumption went from 146.1 MB to 133.4 MB.
Total: 8.896083 ms (FindLiveObjects: 0.218500 ms CreateObjectMapping: 0.089000 ms MarkObjects: 7.158125 ms  DeleteObjects: 1.430291 ms)

Prepare: number of updated asset objects reloaded= 0
========================================================================
Received Prepare
Begin MonoManager ReloadAssembly
[Licensing::Client] Successfully resolved entitlement details
[Licensing::Module] License group:
  Id: F4-85AS-8ZW6-XMRF-425Z-XXXX
  Product: Unity Personal
  Type: ULF
  Expiration: Unlimited
[Licensing::Module] License group:
  Id: 6872810951280-UnityPersXXXX
  Product: Unity Personal
  Type: Assigned
  Expiration: Unlimited
Thread 0x16b88f000 may have been prematurely finalized
Symbol file LoadedFromMemory is not a mono symbol file
Symbol file LoadedFromMemory is not a mono symbol file
- Loaded All Assemblies, in  0.337 seconds
Refreshing native plugins compatible for Editor in 1.32 ms, found 2 plugins.
Native extension for OSXStandalone target not found
Native extension for WebGL target not found
Refreshing native plugins compatible for Editor in 1.20 ms, found 2 plugins.
[Package Manager] Failed to launch server process. Reason: Unity was launched with the -noUpm command-line argument
[Package Manager] Unable to send message (not connected to server process).
[Package Manager] Cannot connect to Unity Package Manager local server
ScheduleIndexationOnStartup MainProcess:False IndexOnStartup:True
Mono: successfully reloaded assembly
- Finished resetting the current domain, in  0.444 seconds
Domain Reload Profiling: 783ms
	BeginReloadAssembly (80ms)
		ExecutionOrderSort (0ms)
		DisableScriptedObjects (3ms)
		BackupInstance (0ms)
		ReleaseScriptingObjects (0ms)
		CreateAndSetChildDomain (27ms)
	RebuildCommonClasses (15ms)
	RebuildNativeTypeToScriptingClass (6ms)
	initialDomainReloadingComplete (11ms)
	LoadAllAssembliesAndSetupDomain (227ms)
		LoadAssemblies (179ms)
		RebuildTransferFunctionScriptingTraits (0ms)
		AnalyzeDomain (69ms)
			TypeCache.Refresh (6ms)
				TypeCache.ScanAssembly (0ms)
			BuildScriptInfoCaches (60ms)
			ResolveRequiredComponents (1ms)
	FinalizeReload (444ms)
		ReleaseScriptCaches (0ms)
		RebuildScriptCaches (0ms)
		SetupLoadedEditorAssemblies (391ms)
			LogAssemblyErrors (0ms)
			InitializePlatformSupportModulesInManaged (1ms)
			SetLoadedEditorAssemblies (2ms)
			BeforeProcessingInitializeOnLoad (99ms)
			ProcessInitializeOnLoadAttributes (179ms)
			ProcessInitializeOnLoadMethodAttributes (109ms)
			AfterProcessingInitializeOnLoad (1ms)
			EditorAssembliesLoaded (0ms)
		ExecutionOrderSort2 (0ms)
		AwakeInstancesAfterBackupRestoration (1ms)
Refreshing native plugins compatible for Editor in 1.56 ms, found 2 plugins.
Preloading 1 native plugins for Editor in 1.24 ms.
Unloading 43 Unused Serialized files (Serialized files now loaded: 0)
Unloading 5193 unused Assets / (12.9 MB). Loaded Objects now: 6119.
Memory consumption went from 146.1 MB to 133.2 MB.
Total: 8.726041 ms (FindLiveObjects: 0.210625 ms CreateObjectMapping: 0.085792 ms MarkObjects: 7.128417 ms  DeleteObjects: 1.301000 ms)

Prepare: number of updated asset objects reloaded= 0
========================================================================
Received Prepare
Refreshing native plugins compatible for Editor in 1.59 ms, found 2 plugins.
Preloading 1 native plugins for Editor in 1.29 ms.
Unloading 43 Unused Serialized files (Serialized files now loaded: 0)
Unloading 5148 unused Assets / (13.2 MB). Loaded Objects now: 6119.
Memory consumption went from 132.5 MB to 119.3 MB.
Total: 17.437792 ms (FindLiveObjects: 0.294833 ms CreateObjectMapping: 0.126208 ms MarkObjects: 15.643375 ms  DeleteObjects: 1.373042 ms)

Prepare: number of updated asset objects reloaded= 0
========================================================================
Received Prepare
Refreshing native plugins compatible for Editor in 1.51 ms, found 2 plugins.
Preloading 1 native plugins for Editor in 1.17 ms.
Unloading 43 Unused Serialized files (Serialized files now loaded: 0)
Unloading 5148 unused Assets / (13.5 MB). Loaded Objects now: 6119.
Memory consumption went from 132.5 MB to 119.0 MB.
Total: 7.557083 ms (FindLiveObjects: 0.198333 ms CreateObjectMapping: 0.083833 ms MarkObjects: 6.159542 ms  DeleteObjects: 1.115333 ms)

Prepare: number of updated asset objects reloaded= 0
========================================================================
Received Prepare
Begin MonoManager ReloadAssembly
[Licensing::Client] Successfully resolved entitlement details
[Licensing::Module] License group:
  Id: F4-85AS-8ZW6-XMRF-425Z-XXXX
  Product: Unity Personal
  Type: ULF
  Expiration: Unlimited
[Licensing::Module] License group:
  Id: 6872810951280-UnityPersXXXX
  Product: Unity Personal
  Type: Assigned
  Expiration: Unlimited
Thread 0x16b88f000 may have been prematurely finalized
Symbol file LoadedFromMemory is not a mono symbol file
Symbol file LoadedFromMemory is not a mono symbol file
- Loaded All Assemblies, in  0.389 seconds
Refreshing native plugins compatible for Editor in 1.70 ms, found 2 plugins.
Native extension for OSXStandalone target not found
Native extension for WebGL target not found
Refreshing native plugins compatible for Editor in 1.39 ms, found 2 plugins.
[Package Manager] Failed to launch server process. Reason: Unity was launched with the -noUpm command-line argument
[Package Manager] Unable to send message (not connected to server process).
[Package Manager] Cannot connect to Unity Package Manager local server
ScheduleIndexationOnStartup MainProcess:False IndexOnStartup:True
Mono: successfully reloaded assembly
- Finished resetting the current domain, in  0.411 seconds
Domain Reload Profiling: 801ms
	BeginReloadAssembly (105ms)
		ExecutionOrderSort (0ms)
		DisableScriptedObjects (4ms)
		BackupInstance (0ms)
		ReleaseScriptingObjects (0ms)
		CreateAndSetChildDomain (36ms)
	RebuildCommonClasses (16ms)
	RebuildNativeTypeToScriptingClass (6ms)
	initialDomainReloadingComplete (14ms)
	LoadAllAssembliesAndSetupDomain (249ms)
		LoadAssemblies (214ms)
		RebuildTransferFunctionScriptingTraits (0ms)
		AnalyzeDomain (71ms)
			TypeCache.Refresh (7ms)
				TypeCache.ScanAssembly (0ms)
			BuildScriptInfoCaches (60ms)
			ResolveRequiredComponents (2ms)
	FinalizeReload (411ms)
		ReleaseScriptCaches (0ms)
		RebuildScriptCaches (0ms)
		SetupLoadedEditorAssemblies (360ms)
			LogAssemblyErrors (0ms)
			InitializePlatformSupportModulesInManaged (1ms)
			SetLoadedEditorAssemblies (2ms)
			BeforeProcessingInitializeOnLoad (89ms)
			ProcessInitializeOnLoadAttributes (167ms)
			ProcessInitializeOnLoadMethodAttributes (100ms)
			AfterProcessingInitializeOnLoad (1ms)
			EditorAssembliesLoaded (0ms)
		ExecutionOrderSort2 (0ms)
		AwakeInstancesAfterBackupRestoration (2ms)
Refreshing native plugins compatible for Editor in 1.21 ms, found 2 plugins.
Preloading 1 native plugins for Editor in 1.20 ms.
Unloading 43 Unused Serialized files (Serialized files now loaded: 0)
Unloading 5193 unused Assets / (13.9 MB). Loaded Objects now: 6123.
Memory consumption went from 146.1 MB to 132.2 MB.
Total: 7.506583 ms (FindLiveObjects: 0.178625 ms CreateObjectMapping: 0.071375 ms MarkObjects: 6.118334 ms  DeleteObjects: 1.137958 ms)

Prepare: number of updated asset objects reloaded= 0
========================================================================
Received Prepare
Refreshing native plugins compatible for Editor in 1.08 ms, found 2 plugins.
Preloading 1 native plugins for Editor in 1.18 ms.
Unloading 43 Unused Serialized files (Serialized files now loaded: 0)
Unloading 5148 unused Assets / (13.4 MB). Loaded Objects now: 6123.
Memory consumption went from 132.5 MB to 119.1 MB.
Total: 8.039541 ms (FindLiveObjects: 0.209000 ms CreateObjectMapping: 0.084500 ms MarkObjects: 6.441791 ms  DeleteObjects: 1.304042 ms)

Prepare: number of updated asset objects reloaded= 0
========================================================================
Received Prepare
Begin MonoManager ReloadAssembly
Thread 0x16b88f000 may have been prematurely finalized
Symbol file LoadedFromMemory is not a mono symbol file
Symbol file LoadedFromMemory is not a mono symbol file
- Loaded All Assemblies, in  0.307 seconds
Refreshing native plugins compatible for Editor in 1.28 ms, found 2 plugins.
Native extension for OSXStandalone target not found
Native extension for WebGL target not found
Refreshing native plugins compatible for Editor in 1.44 ms, found 2 plugins.
[Package Manager] Failed to launch server process. Reason: Unity was launched with the -noUpm command-line argument
[Package Manager] Unable to send message (not connected to server process).
[Package Manager] Cannot connect to Unity Package Manager local server
ScheduleIndexationOnStartup MainProcess:False IndexOnStartup:True
Mono: successfully reloaded assembly
- Finished resetting the current domain, in  0.417 seconds
Domain Reload Profiling: 726ms
	BeginReloadAssembly (71ms)
		ExecutionOrderSort (0ms)
		DisableScriptedObjects (3ms)
		BackupInstance (0ms)
		ReleaseScriptingObjects (0ms)
		CreateAndSetChildDomain (22ms)
	RebuildCommonClasses (16ms)
	RebuildNativeTypeToScriptingClass (6ms)
	initialDomainReloadingComplete (10ms)
	LoadAllAssembliesAndSetupDomain (206ms)
		LoadAssemblies (153ms)
		RebuildTransferFunctionScriptingTraits (0ms)
		AnalyzeDomain (73ms)
			TypeCache.Refresh (7ms)
				TypeCache.ScanAssembly (0ms)
			BuildScriptInfoCaches (63ms)
			ResolveRequiredComponents (1ms)
	FinalizeReload (417ms)
		ReleaseScriptCaches (0ms)
		RebuildScriptCaches (0ms)
		SetupLoadedEditorAssemblies (367ms)
			LogAssemblyErrors (0ms)
			InitializePlatformSupportModulesInManaged (1ms)
			SetLoadedEditorAssemblies (2ms)
			BeforeProcessingInitializeOnLoad (88ms)
			ProcessInitializeOnLoadAttributes (175ms)
			ProcessInitializeOnLoadMethodAttributes (101ms)
			AfterProcessingInitializeOnLoad (1ms)
			EditorAssembliesLoaded (0ms)
		ExecutionOrderSort2 (0ms)
		AwakeInstancesAfterBackupRestoration (1ms)
Refreshing native plugins compatible for Editor in 1.51 ms, found 2 plugins.
Preloading 1 native plugins for Editor in 1.27 ms.
Unloading 43 Unused Serialized files (Serialized files now loaded: 0)
Unloading 5193 unused Assets / (13.3 MB). Loaded Objects now: 6127.
Memory consumption went from 146.1 MB to 132.8 MB.
Total: 7.952583 ms (FindLiveObjects: 0.211833 ms CreateObjectMapping: 0.090375 ms MarkObjects: 6.530125 ms  DeleteObjects: 1.119958 ms)

Prepare: number of updated asset objects reloaded= 0
========================================================================
Received Prepare
Refreshing native plugins compatible for Editor in 1.51 ms, found 2 plugins.
Preloading 1 native plugins for Editor in 1.23 ms.
Unloading 43 Unused Serialized files (Serialized files now loaded: 0)
Unloading 5148 unused Assets / (13.8 MB). Loaded Objects now: 6127.
Memory consumption went from 132.5 MB to 118.7 MB.
Total: 9.492667 ms (FindLiveObjects: 0.244041 ms CreateObjectMapping: 0.082625 ms MarkObjects: 7.899709 ms  DeleteObjects: 1.266209 ms)

Prepare: number of updated asset objects reloaded= 0
========================================================================
Received Prepare
Begin MonoManager ReloadAssembly
[Licensing::Client] Successfully resolved entitlement details
[Licensing::Module] License group:
  Id: F4-85AS-8ZW6-XMRF-425Z-XXXX
  Product: Unity Personal
  Type: ULF
  Expiration: Unlimited
[Licensing::Module] License group:
  Id: 6872810951280-UnityPersXXXX
  Product: Unity Personal
  Type: Assigned
  Expiration: Unlimited
Thread 0x16b88f000 may have been prematurely finalized
Symbol file LoadedFromMemory is not a mono symbol file
Symbol file LoadedFromMemory is not a mono symbol file
- Loaded All Assemblies, in  0.333 seconds
Refreshing native plugins compatible for Editor in 1.19 ms, found 2 plugins.
Native extension for OSXStandalone target not found
Native extension for WebGL target not found
Refreshing native plugins compatible for Editor in 1.34 ms, found 2 plugins.
[Package Manager] Failed to launch server process. Reason: Unity was launched with the -noUpm command-line argument
[Package Manager] Unable to send message (not connected to server process).
[Package Manager] Cannot connect to Unity Package Manager local server
ScheduleIndexationOnStartup MainProcess:False IndexOnStartup:True
Mono: successfully reloaded assembly
- Finished resetting the current domain, in  0.414 seconds
Domain Reload Profiling: 749ms
	BeginReloadAssembly (74ms)
		ExecutionOrderSort (0ms)
		DisableScriptedObjects (3ms)
		BackupInstance (0ms)
		ReleaseScriptingObjects (0ms)
		CreateAndSetChildDomain (22ms)
	RebuildCommonClasses (16ms)
	RebuildNativeTypeToScriptingClass (6ms)
	initialDomainReloadingComplete (11ms)
	LoadAllAssembliesAndSetupDomain (228ms)
		LoadAssemblies (183ms)
		RebuildTransferFunctionScriptingTraits (0ms)
		AnalyzeDomain (66ms)
			TypeCache.Refresh (7ms)
				TypeCache.ScanAssembly (0ms)
			BuildScriptInfoCaches (57ms)
			ResolveRequiredComponents (1ms)
	FinalizeReload (414ms)
		ReleaseScriptCaches (0ms)
		RebuildScriptCaches (0ms)
		SetupLoadedEditorAssemblies (360ms)
			LogAssemblyErrors (0ms)
			InitializePlatformSupportModulesInManaged (1ms)
			SetLoadedEditorAssemblies (2ms)
			BeforeProcessingInitializeOnLoad (91ms)
			ProcessInitializeOnLoadAttributes (166ms)
			ProcessInitializeOnLoadMethodAttributes (100ms)
			AfterProcessingInitializeOnLoad (0ms)
			EditorAssembliesLoaded (0ms)
		ExecutionOrderSort2 (0ms)
		AwakeInstancesAfterBackupRestoration (1ms)
Refreshing native plugins compatible for Editor in 1.49 ms, found 2 plugins.
Preloading 1 native plugins for Editor in 1.17 ms.
Unloading 43 Unused Serialized files (Serialized files now loaded: 0)
Unloading 5193 unused Assets / (13.6 MB). Loaded Objects now: 6131.
Memory consumption went from 146.1 MB to 132.5 MB.
Total: 7.573791 ms (FindLiveObjects: 0.194916 ms CreateObjectMapping: 0.077417 ms MarkObjects: 6.104000 ms  DeleteObjects: 1.197333 ms)

Prepare: number of updated asset objects reloaded= 0
========================================================================
Received Prepare
Refreshing native plugins compatible for Editor in 1.47 ms, found 2 plugins.
Preloading 1 native plugins for Editor in 1.20 ms.
Unloading 43 Unused Serialized files (Serialized files now loaded: 0)
Unloading 5148 unused Assets / (13.6 MB). Loaded Objects now: 6131.
Memory consumption went from 132.5 MB to 118.9 MB.
Total: 7.442500 ms (FindLiveObjects: 0.196042 ms CreateObjectMapping: 0.078542 ms MarkObjects: 5.997416 ms  DeleteObjects: 1.170000 ms)

Prepare: number of updated asset objects reloaded= 0
========================================================================
Received Prepare
Begin MonoManager ReloadAssembly
Thread 0x16b88f000 may have been prematurely finalized
Symbol file LoadedFromMemory is not a mono symbol file
Symbol file LoadedFromMemory is not a mono symbol file
- Loaded All Assemblies, in  0.324 seconds
Refreshing native plugins compatible for Editor in 1.12 ms, found 2 plugins.
Native extension for OSXStandalone target not found
Native extension for WebGL target not found
Refreshing native plugins compatible for Editor in 1.18 ms, found 2 plugins.
[Package Manager] Failed to launch server process. Reason: Unity was launched with the -noUpm command-line argument
[Package Manager] Unable to send message (not connected to server process).
[Package Manager] Cannot connect to Unity Package Manager local server
ScheduleIndexationOnStartup MainProcess:False IndexOnStartup:True
Mono: successfully reloaded assembly
- Finished resetting the current domain, in  0.436 seconds
Domain Reload Profiling: 761ms
	BeginReloadAssembly (74ms)
		ExecutionOrderSort (0ms)
		DisableScriptedObjects (3ms)
		BackupInstance (0ms)
		ReleaseScriptingObjects (0ms)
		CreateAndSetChildDomain (23ms)
	RebuildCommonClasses (15ms)
	RebuildNativeTypeToScriptingClass (6ms)
	initialDomainReloadingComplete (11ms)
	LoadAllAssembliesAndSetupDomain (219ms)
		LoadAssemblies (171ms)
		RebuildTransferFunctionScriptingTraits (0ms)
		AnalyzeDomain (70ms)
			TypeCache.Refresh (7ms)
				TypeCache.ScanAssembly (0ms)
			BuildScriptInfoCaches (60ms)
			ResolveRequiredComponents (1ms)
	FinalizeReload (436ms)
		ReleaseScriptCaches (0ms)
		RebuildScriptCaches (0ms)
		SetupLoadedEditorAssemblies (385ms)
			LogAssemblyErrors (0ms)
			InitializePlatformSupportModulesInManaged (1ms)
			SetLoadedEditorAssemblies (2ms)
			BeforeProcessingInitializeOnLoad (91ms)
			ProcessInitializeOnLoadAttributes (192ms)
			ProcessInitializeOnLoadMethodAttributes (98ms)
			AfterProcessingInitializeOnLoad (1ms)
			EditorAssembliesLoaded (0ms)
		ExecutionOrderSort2 (0ms)
		AwakeInstancesAfterBackupRestoration (1ms)
Refreshing native plugins compatible for Editor in 1.00 ms, found 2 plugins.
Preloading 1 native plugins for Editor in 1.16 ms.
Unloading 43 Unused Serialized files (Serialized files now loaded: 0)
Unloading 5193 unused Assets / (11.3 MB). Loaded Objects now: 6135.
Memory consumption went from 146.2 MB to 134.8 MB.
Total: 10.633167 ms (FindLiveObjects: 0.592708 ms CreateObjectMapping: 0.236458 ms MarkObjects: 7.031000 ms  DeleteObjects: 2.772542 ms)

Prepare: number of updated asset objects reloaded= 0
========================================================================
Received Prepare
Refreshing native plugins compatible for Editor in 1.50 ms, found 2 plugins.
Preloading 1 native plugins for Editor in 1.15 ms.
Unloading 43 Unused Serialized files (Serialized files now loaded: 0)
Unloading 5148 unused Assets / (13.9 MB). Loaded Objects now: 6135.
Memory consumption went from 132.5 MB to 118.7 MB.
Total: 7.522042 ms (FindLiveObjects: 0.198375 ms CreateObjectMapping: 0.076958 ms MarkObjects: 6.024458 ms  DeleteObjects: 1.222125 ms)

Prepare: number of updated asset objects reloaded= 0
========================================================================
Received Prepare
Begin MonoManager ReloadAssembly
Thread 0x16b88f000 may have been prematurely finalized
Symbol file LoadedFromMemory is not a mono symbol file
Symbol file LoadedFromMemory is not a mono symbol file
- Loaded All Assemblies, in  0.327 seconds
Refreshing native plugins compatible for Editor in 1.33 ms, found 2 plugins.
Native extension for OSXStandalone target not found
Native extension for WebGL target not found
Refreshing native plugins compatible for Editor in 1.37 ms, found 2 plugins.
[Package Manager] Failed to launch server process. Reason: Unity was launched with the -noUpm command-line argument
[Package Manager] Unable to send message (not connected to server process).
[Package Manager] Cannot connect to Unity Package Manager local server
ScheduleIndexationOnStartup MainProcess:False IndexOnStartup:True
Mono: successfully reloaded assembly
- Finished resetting the current domain, in  0.423 seconds
Domain Reload Profiling: 752ms
	BeginReloadAssembly (72ms)
		ExecutionOrderSort (0ms)
		DisableScriptedObjects (2ms)
		BackupInstance (0ms)
		ReleaseScriptingObjects (0ms)
		CreateAndSetChildDomain (23ms)
	RebuildCommonClasses (16ms)
	RebuildNativeTypeToScriptingClass (6ms)
	initialDomainReloadingComplete (11ms)
	LoadAllAssembliesAndSetupDomain (224ms)
		LoadAssemblies (174ms)
		RebuildTransferFunctionScriptingTraits (0ms)
		AnalyzeDomain (71ms)
			TypeCache.Refresh (7ms)
				TypeCache.ScanAssembly (0ms)
			BuildScriptInfoCaches (61ms)
			ResolveRequiredComponents (1ms)
	FinalizeReload (424ms)
		ReleaseScriptCaches (0ms)
		RebuildScriptCaches (0ms)
		SetupLoadedEditorAssemblies (371ms)
			LogAssemblyErrors (0ms)
			InitializePlatformSupportModulesInManaged (1ms)
			SetLoadedEditorAssemblies (2ms)
			BeforeProcessingInitializeOnLoad (91ms)
			ProcessInitializeOnLoadAttributes (174ms)
			ProcessInitializeOnLoadMethodAttributes (103ms)
			AfterProcessingInitializeOnLoad (0ms)
			EditorAssembliesLoaded (0ms)
		ExecutionOrderSort2 (0ms)
		AwakeInstancesAfterBackupRestoration (1ms)
Refreshing native plugins compatible for Editor in 1.57 ms, found 2 plugins.
Preloading 1 native plugins for Editor in 1.21 ms.
Unloading 43 Unused Serialized files (Serialized files now loaded: 0)
Unloading 5193 unused Assets / (14.1 MB). Loaded Objects now: 6139.
Memory consumption went from 146.2 MB to 132.1 MB.
Total: 7.712417 ms (FindLiveObjects: 0.202708 ms CreateObjectMapping: 0.081834 ms MarkObjects: 6.103583 ms  DeleteObjects: 1.324083 ms)

Prepare: number of updated asset objects reloaded= 0
========================================================================
Received Prepare
Begin MonoManager ReloadAssembly
Thread 0x16b88f000 may have been prematurely finalized
Symbol file LoadedFromMemory is not a mono symbol file
Symbol file LoadedFromMemory is not a mono symbol file
- Loaded All Assemblies, in  0.318 seconds
Refreshing native plugins compatible for Editor in 1.26 ms, found 2 plugins.
Native extension for OSXStandalone target not found
Native extension for WebGL target not found
Refreshing native plugins compatible for Editor in 1.32 ms, found 2 plugins.
[Package Manager] Failed to launch server process. Reason: Unity was launched with the -noUpm command-line argument
[Package Manager] Unable to send message (not connected to server process).
[Package Manager] Cannot connect to Unity Package Manager local server
ScheduleIndexationOnStartup MainProcess:False IndexOnStartup:True
Mono: successfully reloaded assembly
- Finished resetting the current domain, in  0.449 seconds
Domain Reload Profiling: 769ms
	BeginReloadAssembly (75ms)
		ExecutionOrderSort (0ms)
		DisableScriptedObjects (3ms)
		BackupInstance (0ms)
		ReleaseScriptingObjects (0ms)
		CreateAndSetChildDomain (23ms)
	RebuildCommonClasses (16ms)
	RebuildNativeTypeToScriptingClass (6ms)
	initialDomainReloadingComplete (11ms)
	LoadAllAssembliesAndSetupDomain (211ms)
		LoadAssemblies (171ms)
		RebuildTransferFunctionScriptingTraits (0ms)
		AnalyzeDomain (65ms)
			TypeCache.Refresh (5ms)
				TypeCache.ScanAssembly (0ms)
			BuildScriptInfoCaches (57ms)
			ResolveRequiredComponents (1ms)
	FinalizeReload (449ms)
		ReleaseScriptCaches (0ms)
		RebuildScriptCaches (0ms)
		SetupLoadedEditorAssemblies (395ms)
			LogAssemblyErrors (0ms)
			InitializePlatformSupportModulesInManaged (1ms)
			SetLoadedEditorAssemblies (2ms)
			BeforeProcessingInitializeOnLoad (96ms)
			ProcessInitializeOnLoadAttributes (191ms)
			ProcessInitializeOnLoadMethodAttributes (104ms)
			AfterProcessingInitializeOnLoad (1ms)
			EditorAssembliesLoaded (0ms)
		ExecutionOrderSort2 (0ms)
		AwakeInstancesAfterBackupRestoration (1ms)
Refreshing native plugins compatible for Editor in 1.44 ms, found 2 plugins.
Preloading 1 native plugins for Editor in 1.34 ms.
Unloading 43 Unused Serialized files (Serialized files now loaded: 0)
Unloading 5193 unused Assets / (13.5 MB). Loaded Objects now: 6143.
Memory consumption went from 146.2 MB to 132.7 MB.
Total: 7.819125 ms (FindLiveObjects: 0.205834 ms CreateObjectMapping: 0.075166 ms MarkObjects: 6.430375 ms  DeleteObjects: 1.107625 ms)

Prepare: number of updated asset objects reloaded= 0
========================================================================
Received Prepare
Begin MonoManager ReloadAssembly
[Licensing::Client] Successfully resolved entitlement details
[Licensing::Module] License group:
  Id: F4-85AS-8ZW6-XMRF-425Z-XXXX
  Product: Unity Personal
  Type: ULF
  Expiration: Unlimited
[Licensing::Module] License group:
  Id: 6872810951280-UnityPersXXXX
  Product: Unity Personal
  Type: Assigned
  Expiration: Unlimited
Thread 0x16b88f000 may have been prematurely finalized
Symbol file LoadedFromMemory is not a mono symbol file
Symbol file LoadedFromMemory is not a mono symbol file
- Loaded All Assemblies, in  0.301 seconds
Refreshing native plugins compatible for Editor in 1.43 ms, found 2 plugins.
Native extension for OSXStandalone target not found
Native extension for WebGL target not found
Refreshing native plugins compatible for Editor in 1.07 ms, found 2 plugins.
[Package Manager] Failed to launch server process. Reason: Unity was launched with the -noUpm command-line argument
[Package Manager] Unable to send message (not connected to server process).
[Package Manager] Cannot connect to Unity Package Manager local server
ScheduleIndexationOnStartup MainProcess:False IndexOnStartup:True
Mono: successfully reloaded assembly
- Finished resetting the current domain, in  0.454 seconds
Domain Reload Profiling: 756ms
	BeginReloadAssembly (72ms)
		ExecutionOrderSort (0ms)
		DisableScriptedObjects (3ms)
		BackupInstance (0ms)
		ReleaseScriptingObjects (0ms)
		CreateAndSetChildDomain (22ms)
	RebuildCommonClasses (15ms)
	RebuildNativeTypeToScriptingClass (6ms)
	initialDomainReloadingComplete (11ms)
	LoadAllAssembliesAndSetupDomain (198ms)
		LoadAssemblies (153ms)
		RebuildTransferFunctionScriptingTraits (0ms)
		AnalyzeDomain (66ms)
			TypeCache.Refresh (6ms)
				TypeCache.ScanAssembly (0ms)
			BuildScriptInfoCaches (57ms)
			ResolveRequiredComponents (1ms)
	FinalizeReload (454ms)
		ReleaseScriptCaches (0ms)
		RebuildScriptCaches (0ms)
		SetupLoadedEditorAssemblies (400ms)
			LogAssemblyErrors (0ms)
			InitializePlatformSupportModulesInManaged (1ms)
			SetLoadedEditorAssemblies (2ms)
			BeforeProcessingInitializeOnLoad (102ms)
			ProcessInitializeOnLoadAttributes (185ms)
			ProcessInitializeOnLoadMethodAttributes (109ms)
			AfterProcessingInitializeOnLoad (1ms)
			EditorAssembliesLoaded (0ms)
		ExecutionOrderSort2 (0ms)
		AwakeInstancesAfterBackupRestoration (1ms)
Refreshing native plugins compatible for Editor in 1.41 ms, found 2 plugins.
Preloading 1 native plugins for Editor in 1.26 ms.
Unloading 43 Unused Serialized files (Serialized files now loaded: 0)
Unloading 5193 unused Assets / (13.8 MB). Loaded Objects now: 6147.
Memory consumption went from 146.2 MB to 132.4 MB.
Total: 8.849750 ms (FindLiveObjects: 0.231000 ms CreateObjectMapping: 0.083250 ms MarkObjects: 7.194750 ms  DeleteObjects: 1.340334 ms)

Prepare: number of updated asset objects reloaded= 0
========================================================================
Received Prepare
Refreshing native plugins compatible for Editor in 1.50 ms, found 2 plugins.
Preloading 1 native plugins for Editor in 1.18 ms.
Unloading 43 Unused Serialized files (Serialized files now loaded: 0)
Unloading 5148 unused Assets / (13.8 MB). Loaded Objects now: 6147.
Memory consumption went from 132.6 MB to 118.8 MB.
Total: 8.665458 ms (FindLiveObjects: 0.207583 ms CreateObjectMapping: 0.083500 ms MarkObjects: 7.100209 ms  DeleteObjects: 1.273583 ms)

Prepare: number of updated asset objects reloaded= 0
========================================================================
Received Prepare
Begin MonoManager ReloadAssembly
[Licensing::Client] Successfully resolved entitlement details
[Licensing::Module] License group:
  Id: F4-85AS-8ZW6-XMRF-425Z-XXXX
  Product: Unity Personal
  Type: ULF
  Expiration: Unlimited
[Licensing::Module] License group:
  Id: 6872810951280-UnityPersXXXX
  Product: Unity Personal
  Type: Assigned
  Expiration: Unlimited
Thread 0x16b88f000 may have been prematurely finalized
Symbol file LoadedFromMemory is not a mono symbol file
Symbol file LoadedFromMemory is not a mono symbol file
- Loaded All Assemblies, in  0.395 seconds
Refreshing native plugins compatible for Editor in 1.58 ms, found 2 plugins.
Native extension for OSXStandalone target not found
Native extension for WebGL target not found
Refreshing native plugins compatible for Editor in 1.27 ms, found 2 plugins.
[Package Manager] Failed to launch server process. Reason: Unity was launched with the -noUpm command-line argument
[Package Manager] Unable to send message (not connected to server process).
[Package Manager] Cannot connect to Unity Package Manager local server
ScheduleIndexationOnStartup MainProcess:False IndexOnStartup:True
Mono: successfully reloaded assembly
- Finished resetting the current domain, in  0.483 seconds
Domain Reload Profiling: 879ms
	BeginReloadAssembly (96ms)
		ExecutionOrderSort (0ms)
		DisableScriptedObjects (4ms)
		BackupInstance (0ms)
		ReleaseScriptingObjects (0ms)
		CreateAndSetChildDomain (31ms)
	RebuildCommonClasses (17ms)
	RebuildNativeTypeToScriptingClass (6ms)
	initialDomainReloadingComplete (12ms)
	LoadAllAssembliesAndSetupDomain (266ms)
		LoadAssemblies (224ms)
		RebuildTransferFunctionScriptingTraits (0ms)
		AnalyzeDomain (74ms)
			TypeCache.Refresh (7ms)
				TypeCache.ScanAssembly (0ms)
			BuildScriptInfoCaches (64ms)
			ResolveRequiredComponents (1ms)
	FinalizeReload (483ms)
		ReleaseScriptCaches (0ms)
		RebuildScriptCaches (0ms)
		SetupLoadedEditorAssemblies (430ms)
			LogAssemblyErrors (0ms)
			InitializePlatformSupportModulesInManaged (1ms)
			SetLoadedEditorAssemblies (2ms)
			BeforeProcessingInitializeOnLoad (118ms)
			ProcessInitializeOnLoadAttributes (199ms)
			ProcessInitializeOnLoadMethodAttributes (109ms)
			AfterProcessingInitializeOnLoad (0ms)
			EditorAssembliesLoaded (0ms)
		ExecutionOrderSort2 (0ms)
		AwakeInstancesAfterBackupRestoration (1ms)
Refreshing native plugins compatible for Editor in 1.13 ms, found 2 plugins.
Preloading 1 native plugins for Editor in 1.28 ms.
Unloading 43 Unused Serialized files (Serialized files now loaded: 0)
Unloading 5193 unused Assets / (13.8 MB). Loaded Objects now: 6151.
Memory consumption went from 146.2 MB to 132.4 MB.
Total: 7.992625 ms (FindLiveObjects: 0.200541 ms CreateObjectMapping: 0.155500 ms MarkObjects: 6.469000 ms  DeleteObjects: 1.167417 ms)

Prepare: number of updated asset objects reloaded= 0
========================================================================
Received Prepare
Refreshing native plugins compatible for Editor in 1.05 ms, found 2 plugins.
Preloading 1 native plugins for Editor in 1.18 ms.
Unloading 43 Unused Serialized files (Serialized files now loaded: 0)
Unloading 5148 unused Assets / (11.4 MB). Loaded Objects now: 6151.
Memory consumption went from 132.6 MB to 121.2 MB.
Total: 7.603625 ms (FindLiveObjects: 0.199709 ms CreateObjectMapping: 0.084791 ms MarkObjects: 6.433542 ms  DeleteObjects: 0.885125 ms)

Prepare: number of updated asset objects reloaded= 0
========================================================================
Received Prepare
Refreshing native plugins compatible for Editor in 1.64 ms, found 2 plugins.
Preloading 1 native plugins for Editor in 1.21 ms.
Unloading 43 Unused Serialized files (Serialized files now loaded: 0)
Unloading 5148 unused Assets / (13.5 MB). Loaded Objects now: 6151.
Memory consumption went from 132.6 MB to 119.1 MB.
Total: 7.522667 ms (FindLiveObjects: 0.196583 ms CreateObjectMapping: 0.072625 ms MarkObjects: 6.160959 ms  DeleteObjects: 1.092125 ms)

Prepare: number of updated asset objects reloaded= 0
========================================================================
Received Prepare
Refreshing native plugins compatible for Editor in 1.49 ms, found 2 plugins.
Preloading 1 native plugins for Editor in 1.20 ms.
Unloading 43 Unused Serialized files (Serialized files now loaded: 0)
Unloading 5148 unused Assets / (13.7 MB). Loaded Objects now: 6151.
Memory consumption went from 132.6 MB to 118.9 MB.
Total: 7.560458 ms (FindLiveObjects: 0.196208 ms CreateObjectMapping: 0.088250 ms MarkObjects: 6.073208 ms  DeleteObjects: 1.202416 ms)

Prepare: number of updated asset objects reloaded= 0
========================================================================
Received Prepare
Refreshing native plugins compatible for Editor in 1.51 ms, found 2 plugins.
Preloading 1 native plugins for Editor in 1.21 ms.
Unloading 43 Unused Serialized files (Serialized files now loaded: 0)
Unloading 5148 unused Assets / (14.0 MB). Loaded Objects now: 6151.
Memory consumption went from 132.6 MB to 118.6 MB.
Total: 7.562333 ms (FindLiveObjects: 0.197167 ms CreateObjectMapping: 0.082667 ms MarkObjects: 5.991958 ms  DeleteObjects: 1.290291 ms)

Prepare: number of updated asset objects reloaded= 0
========================================================================
Received Prepare
Begin MonoManager ReloadAssembly
Thread 0x16b88f000 may have been prematurely finalized
Symbol file LoadedFromMemory is not a mono symbol file
Symbol file LoadedFromMemory is not a mono symbol file
- Loaded All Assemblies, in  0.340 seconds
Refreshing native plugins compatible for Editor in 1.32 ms, found 2 plugins.
Native extension for OSXStandalone target not found
Native extension for WebGL target not found
Refreshing native plugins compatible for Editor in 1.45 ms, found 2 plugins.
[Package Manager] Failed to launch server process. Reason: Unity was launched with the -noUpm command-line argument
[Package Manager] Unable to send message (not connected to server process).
[Package Manager] Cannot connect to Unity Package Manager local server
ScheduleIndexationOnStartup MainProcess:False IndexOnStartup:True
Mono: successfully reloaded assembly
- Finished resetting the current domain, in  0.426 seconds
Domain Reload Profiling: 767ms
	BeginReloadAssembly (70ms)
		ExecutionOrderSort (0ms)
		DisableScriptedObjects (3ms)
		BackupInstance (0ms)
		ReleaseScriptingObjects (0ms)
		CreateAndSetChildDomain (21ms)
	RebuildCommonClasses (16ms)
	RebuildNativeTypeToScriptingClass (6ms)
	initialDomainReloadingComplete (11ms)
	LoadAllAssembliesAndSetupDomain (238ms)
		LoadAssemblies (188ms)
		RebuildTransferFunctionScriptingTraits (0ms)
		AnalyzeDomain (71ms)
			TypeCache.Refresh (7ms)
				TypeCache.ScanAssembly (0ms)
			BuildScriptInfoCaches (61ms)
			ResolveRequiredComponents (1ms)
	FinalizeReload (426ms)
		ReleaseScriptCaches (0ms)
		RebuildScriptCaches (0ms)
		SetupLoadedEditorAssemblies (371ms)
			LogAssemblyErrors (0ms)
			InitializePlatformSupportModulesInManaged (1ms)
			SetLoadedEditorAssemblies (2ms)
			BeforeProcessingInitializeOnLoad (91ms)
			ProcessInitializeOnLoadAttributes (174ms)
			ProcessInitializeOnLoadMethodAttributes (103ms)
			AfterProcessingInitializeOnLoad (0ms)
			EditorAssembliesLoaded (0ms)
		ExecutionOrderSort2 (0ms)
		AwakeInstancesAfterBackupRestoration (1ms)
Refreshing native plugins compatible for Editor in 1.51 ms, found 2 plugins.
Preloading 1 native plugins for Editor in 1.22 ms.
Unloading 43 Unused Serialized files (Serialized files now loaded: 0)
Unloading 5193 unused Assets / (13.7 MB). Loaded Objects now: 6155.
Memory consumption went from 146.2 MB to 132.5 MB.
Total: 7.694291 ms (FindLiveObjects: 0.215583 ms CreateObjectMapping: 0.081334 ms MarkObjects: 6.163458 ms  DeleteObjects: 1.233750 ms)

Prepare: number of updated asset objects reloaded= 0
========================================================================
Received Prepare
Begin MonoManager ReloadAssembly
Thread 0x16b88f000 may have been prematurely finalized
Symbol file LoadedFromMemory is not a mono symbol file
Symbol file LoadedFromMemory is not a mono symbol file
- Loaded All Assemblies, in  0.300 seconds
Refreshing native plugins compatible for Editor in 1.18 ms, found 2 plugins.
Native extension for OSXStandalone target not found
Native extension for WebGL target not found
Refreshing native plugins compatible for Editor in 1.09 ms, found 2 plugins.
[Package Manager] Failed to launch server process. Reason: Unity was launched with the -noUpm command-line argument
[Package Manager] Unable to send message (not connected to server process).
[Package Manager] Cannot connect to Unity Package Manager local server
ScheduleIndexationOnStartup MainProcess:False IndexOnStartup:True
Mono: successfully reloaded assembly
- Finished resetting the current domain, in  0.454 seconds
Domain Reload Profiling: 755ms
	BeginReloadAssembly (72ms)
		ExecutionOrderSort (0ms)
		DisableScriptedObjects (3ms)
		BackupInstance (0ms)
		ReleaseScriptingObjects (0ms)
		CreateAndSetChildDomain (22ms)
	RebuildCommonClasses (15ms)
	RebuildNativeTypeToScriptingClass (6ms)
	initialDomainReloadingComplete (11ms)
	LoadAllAssembliesAndSetupDomain (196ms)
		LoadAssemblies (154ms)
		RebuildTransferFunctionScriptingTraits (0ms)
		AnalyzeDomain (64ms)
			TypeCache.Refresh (4ms)
				TypeCache.ScanAssembly (0ms)
			BuildScriptInfoCaches (58ms)
			ResolveRequiredComponents (1ms)
	FinalizeReload (454ms)
		ReleaseScriptCaches (0ms)
		RebuildScriptCaches (0ms)
		SetupLoadedEditorAssemblies (400ms)
			LogAssemblyErrors (0ms)
			InitializePlatformSupportModulesInManaged (1ms)
			SetLoadedEditorAssemblies (2ms)
			BeforeProcessingInitializeOnLoad (101ms)
			ProcessInitializeOnLoadAttributes (184ms)
			ProcessInitializeOnLoadMethodAttributes (112ms)
			AfterProcessingInitializeOnLoad (0ms)
			EditorAssembliesLoaded (0ms)
		ExecutionOrderSort2 (0ms)
		AwakeInstancesAfterBackupRestoration (2ms)
Refreshing native plugins compatible for Editor in 1.63 ms, found 2 plugins.
Preloading 1 native plugins for Editor in 1.24 ms.
Unloading 43 Unused Serialized files (Serialized files now loaded: 0)
Unloading 5193 unused Assets / (13.4 MB). Loaded Objects now: 6159.
Memory consumption went from 146.2 MB to 132.8 MB.
Total: 8.506292 ms (FindLiveObjects: 0.207792 ms CreateObjectMapping: 0.082250 ms MarkObjects: 7.059042 ms  DeleteObjects: 1.156917 ms)

Prepare: number of updated asset objects reloaded= 0
========================================================================
Received Prepare
Begin MonoManager ReloadAssembly
[Licensing::Client] Successfully resolved entitlement details
[Licensing::Module] License group:
  Id: F4-85AS-8ZW6-XMRF-425Z-XXXX
  Product: Unity Personal
  Type: ULF
  Expiration: Unlimited
[Licensing::Module] License group:
  Id: 6872810951280-UnityPersXXXX
  Product: Unity Personal
  Type: Assigned
  Expiration: Unlimited
Thread 0x16b88f000 may have been prematurely finalized
Symbol file LoadedFromMemory is not a mono symbol file
Symbol file LoadedFromMemory is not a mono symbol file
- Loaded All Assemblies, in  0.313 seconds
Refreshing native plugins compatible for Editor in 1.56 ms, found 2 plugins.
Native extension for OSXStandalone target not found
Native extension for WebGL target not found
Refreshing native plugins compatible for Editor in 1.18 ms, found 2 plugins.
[Package Manager] Failed to launch server process. Reason: Unity was launched with the -noUpm command-line argument
[Package Manager] Unable to send message (not connected to server process).
[Package Manager] Cannot connect to Unity Package Manager local server
ScheduleIndexationOnStartup MainProcess:False IndexOnStartup:True
Mono: successfully reloaded assembly
- Finished resetting the current domain, in  0.457 seconds
Domain Reload Profiling: 771ms
	BeginReloadAssembly (74ms)
		ExecutionOrderSort (0ms)
		DisableScriptedObjects (3ms)
		BackupInstance (0ms)
		ReleaseScriptingObjects (0ms)
		CreateAndSetChildDomain (22ms)
	RebuildCommonClasses (16ms)
	RebuildNativeTypeToScriptingClass (6ms)
	initialDomainReloadingComplete (11ms)
	LoadAllAssembliesAndSetupDomain (207ms)
		LoadAssemblies (161ms)
		RebuildTransferFunctionScriptingTraits (0ms)
		AnalyzeDomain (68ms)
			TypeCache.Refresh (5ms)
				TypeCache.ScanAssembly (0ms)
			BuildScriptInfoCaches (59ms)
			ResolveRequiredComponents (1ms)
	FinalizeReload (457ms)
		ReleaseScriptCaches (0ms)
		RebuildScriptCaches (0ms)
		SetupLoadedEditorAssemblies (403ms)
			LogAssemblyErrors (0ms)
			InitializePlatformSupportModulesInManaged (1ms)
			SetLoadedEditorAssemblies (2ms)
			BeforeProcessingInitializeOnLoad (100ms)
			ProcessInitializeOnLoadAttributes (187ms)
			ProcessInitializeOnLoadMethodAttributes (112ms)
			AfterProcessingInitializeOnLoad (1ms)
			EditorAssembliesLoaded (0ms)
		ExecutionOrderSort2 (0ms)
		AwakeInstancesAfterBackupRestoration (2ms)
Refreshing native plugins compatible for Editor in 1.87 ms, found 2 plugins.
Preloading 1 native plugins for Editor in 1.25 ms.
Unloading 43 Unused Serialized files (Serialized files now loaded: 0)
Unloading 5193 unused Assets / (13.4 MB). Loaded Objects now: 6163.
Memory consumption went from 146.2 MB to 132.8 MB.
Total: 8.773416 ms (FindLiveObjects: 0.245583 ms CreateObjectMapping: 0.134834 ms MarkObjects: 7.139041 ms  DeleteObjects: 1.253709 ms)

Prepare: number of updated asset objects reloaded= 0
========================================================================
Received Prepare
Refreshing native plugins compatible for Editor in 1.60 ms, found 2 plugins.
Preloading 1 native plugins for Editor in 1.17 ms.
Unloading 43 Unused Serialized files (Serialized files now loaded: 0)
Unloading 5148 unused Assets / (13.6 MB). Loaded Objects now: 6163.
Memory consumption went from 132.6 MB to 118.9 MB.
Total: 7.882125 ms (FindLiveObjects: 0.198875 ms CreateObjectMapping: 0.078209 ms MarkObjects: 6.370250 ms  DeleteObjects: 1.234417 ms)

Prepare: number of updated asset objects reloaded= 0
========================================================================
Received Prepare
Refreshing native plugins compatible for Editor in 1.39 ms, found 2 plugins.
Preloading 1 native plugins for Editor in 1.18 ms.
Unloading 43 Unused Serialized files (Serialized files now loaded: 0)
Unloading 5148 unused Assets / (13.9 MB). Loaded Objects now: 6163.
Memory consumption went from 132.6 MB to 118.7 MB.
Total: 7.452125 ms (FindLiveObjects: 0.195167 ms CreateObjectMapping: 0.076500 ms MarkObjects: 5.925666 ms  DeleteObjects: 1.254750 ms)

Prepare: number of updated asset objects reloaded= 0
========================================================================
Received Prepare
Refreshing native plugins compatible for Editor in 1.26 ms, found 2 plugins.
Preloading 1 native plugins for Editor in 1.20 ms.
Unloading 43 Unused Serialized files (Serialized files now loaded: 0)
Unloading 5148 unused Assets / (13.6 MB). Loaded Objects now: 6163.
Memory consumption went from 132.6 MB to 119.0 MB.
Total: 7.667250 ms (FindLiveObjects: 0.198417 ms CreateObjectMapping: 0.076292 ms MarkObjects: 6.238708 ms  DeleteObjects: 1.153750 ms)

Prepare: number of updated asset objects reloaded= 0
========================================================================
Received Prepare
Refreshing native plugins compatible for Editor in 1.45 ms, found 2 plugins.
Preloading 1 native plugins for Editor in 1.16 ms.
Unloading 43 Unused Serialized files (Serialized files now loaded: 0)
Unloading 5148 unused Assets / (13.7 MB). Loaded Objects now: 6163.
Memory consumption went from 132.6 MB to 118.9 MB.
Total: 7.555542 ms (FindLiveObjects: 0.198292 ms CreateObjectMapping: 0.084541 ms MarkObjects: 6.063417 ms  DeleteObjects: 1.208958 ms)

Prepare: number of updated asset objects reloaded= 0
========================================================================
Received Prepare
Refreshing native plugins compatible for Editor in 1.53 ms, found 2 plugins.
Preloading 1 native plugins for Editor in 1.18 ms.
Unloading 43 Unused Serialized files (Serialized files now loaded: 0)
Unloading 5148 unused Assets / (13.7 MB). Loaded Objects now: 6163.
Memory consumption went from 132.6 MB to 118.9 MB.
Total: 7.727083 ms (FindLiveObjects: 0.198792 ms CreateObjectMapping: 0.079667 ms MarkObjects: 6.247541 ms  DeleteObjects: 1.200500 ms)

Prepare: number of updated asset objects reloaded= 0
========================================================================
Received Prepare
Begin MonoManager ReloadAssembly
[Licensing::Client] Successfully resolved entitlement details
[Licensing::Module] License group:
  Id: F4-85AS-8ZW6-XMRF-425Z-XXXX
  Product: Unity Personal
  Type: ULF
  Expiration: Unlimited
[Licensing::Module] License group:
  Id: 6872810951280-UnityPersXXXX
  Product: Unity Personal
  Type: Assigned
  Expiration: Unlimited
Thread 0x16b88f000 may have been prematurely finalized
Symbol file LoadedFromMemory is not a mono symbol file
Symbol file LoadedFromMemory is not a mono symbol file
- Loaded All Assemblies, in  0.373 seconds
Refreshing native plugins compatible for Editor in 1.08 ms, found 2 plugins.
Native extension for OSXStandalone target not found
Native extension for WebGL target not found
Refreshing native plugins compatible for Editor in 1.28 ms, found 2 plugins.
[Package Manager] Failed to launch server process. Reason: Unity was launched with the -noUpm command-line argument
[Package Manager] Unable to send message (not connected to server process).
[Package Manager] Cannot connect to Unity Package Manager local server
ScheduleIndexationOnStartup MainProcess:False IndexOnStartup:True
Mono: successfully reloaded assembly
- Finished resetting the current domain, in  0.421 seconds
Domain Reload Profiling: 795ms
	BeginReloadAssembly (77ms)
		ExecutionOrderSort (0ms)
		DisableScriptedObjects (3ms)
		BackupInstance (0ms)
		ReleaseScriptingObjects (0ms)
		CreateAndSetChildDomain (26ms)
	RebuildCommonClasses (15ms)
	RebuildNativeTypeToScriptingClass (6ms)
	initialDomainReloadingComplete (11ms)
	LoadAllAssembliesAndSetupDomain (264ms)
		LoadAssemblies (209ms)
		RebuildTransferFunctionScriptingTraits (0ms)
		AnalyzeDomain (77ms)
			TypeCache.Refresh (9ms)
				TypeCache.ScanAssembly (0ms)
			BuildScriptInfoCaches (65ms)
			ResolveRequiredComponents (1ms)
	FinalizeReload (421ms)
		ReleaseScriptCaches (0ms)
		RebuildScriptCaches (0ms)
		SetupLoadedEditorAssemblies (367ms)
			LogAssemblyErrors (0ms)
			InitializePlatformSupportModulesInManaged (1ms)
			SetLoadedEditorAssemblies (2ms)
			BeforeProcessingInitializeOnLoad (91ms)
			ProcessInitializeOnLoadAttributes (173ms)
			ProcessInitializeOnLoadMethodAttributes (100ms)
			AfterProcessingInitializeOnLoad (1ms)
			EditorAssembliesLoaded (0ms)
		ExecutionOrderSort2 (0ms)
		AwakeInstancesAfterBackupRestoration (1ms)
Refreshing native plugins compatible for Editor in 1.56 ms, found 2 plugins.
Preloading 1 native plugins for Editor in 1.18 ms.
Unloading 43 Unused Serialized files (Serialized files now loaded: 0)
Unloading 5193 unused Assets / (13.7 MB). Loaded Objects now: 6167.
Memory consumption went from 146.2 MB to 132.5 MB.
Total: 7.537667 ms (FindLiveObjects: 0.190667 ms CreateObjectMapping: 0.075083 ms MarkObjects: 6.077125 ms  DeleteObjects: 1.194459 ms)

Prepare: number of updated asset objects reloaded= 0
========================================================================
Received Prepare
Refreshing native plugins compatible for Editor in 1.48 ms, found 2 plugins.
Preloading 1 native plugins for Editor in 1.21 ms.
Unloading 43 Unused Serialized files (Serialized files now loaded: 0)
Unloading 5148 unused Assets / (13.6 MB). Loaded Objects now: 6167.
Memory consumption went from 132.6 MB to 119.0 MB.
Total: 7.537542 ms (FindLiveObjects: 0.201375 ms CreateObjectMapping: 0.079000 ms MarkObjects: 6.028500 ms  DeleteObjects: 1.228375 ms)

Prepare: number of updated asset objects reloaded= 0
========================================================================
Received Prepare
Begin MonoManager ReloadAssembly
Thread 0x16b88f000 may have been prematurely finalized
Symbol file LoadedFromMemory is not a mono symbol file
Symbol file LoadedFromMemory is not a mono symbol file
- Loaded All Assemblies, in  0.350 seconds
Refreshing native plugins compatible for Editor in 1.80 ms, found 2 plugins.
Native extension for OSXStandalone target not found
Native extension for WebGL target not found
Refreshing native plugins compatible for Editor in 1.26 ms, found 2 plugins.
[Package Manager] Failed to launch server process. Reason: Unity was launched with the -noUpm command-line argument
[Package Manager] Unable to send message (not connected to server process).
[Package Manager] Cannot connect to Unity Package Manager local server
ScheduleIndexationOnStartup MainProcess:False IndexOnStartup:True
Mono: successfully reloaded assembly
- Finished resetting the current domain, in  0.419 seconds
Domain Reload Profiling: 771ms
	BeginReloadAssembly (78ms)
		ExecutionOrderSort (0ms)
		DisableScriptedObjects (3ms)
		BackupInstance (0ms)
		ReleaseScriptingObjects (0ms)
		CreateAndSetChildDomain (23ms)
	RebuildCommonClasses (16ms)
	RebuildNativeTypeToScriptingClass (6ms)
	initialDomainReloadingComplete (12ms)
	LoadAllAssembliesAndSetupDomain (239ms)
		LoadAssemblies (196ms)
		RebuildTransferFunctionScriptingTraits (0ms)
		AnalyzeDomain (69ms)
			TypeCache.Refresh (7ms)
				TypeCache.ScanAssembly (0ms)
			BuildScriptInfoCaches (58ms)
			ResolveRequiredComponents (1ms)
	FinalizeReload (419ms)
		ReleaseScriptCaches (0ms)
		RebuildScriptCaches (0ms)
		SetupLoadedEditorAssemblies (367ms)
			LogAssemblyErrors (0ms)
			InitializePlatformSupportModulesInManaged (1ms)
			SetLoadedEditorAssemblies (2ms)
			BeforeProcessingInitializeOnLoad (91ms)
			ProcessInitializeOnLoadAttributes (171ms)
			ProcessInitializeOnLoadMethodAttributes (101ms)
			AfterProcessingInitializeOnLoad (0ms)
			EditorAssembliesLoaded (0ms)
		ExecutionOrderSort2 (0ms)
		AwakeInstancesAfterBackupRestoration (1ms)
Refreshing native plugins compatible for Editor in 1.22 ms, found 2 plugins.
Preloading 1 native plugins for Editor in 1.22 ms.
Unloading 43 Unused Serialized files (Serialized files now loaded: 0)
Unloading 5193 unused Assets / (13.7 MB). Loaded Objects now: 6171.
Memory consumption went from 146.2 MB to 132.5 MB.
Total: 7.494083 ms (FindLiveObjects: 0.205000 ms CreateObjectMapping: 0.088708 ms MarkObjects: 6.008834 ms  DeleteObjects: 1.191209 ms)

Prepare: number of updated asset objects reloaded= 0
========================================================================
Received Prepare
Refreshing native plugins compatible for Editor in 1.52 ms, found 2 plugins.
Preloading 1 native plugins for Editor in 1.19 ms.
Unloading 43 Unused Serialized files (Serialized files now loaded: 0)
Unloading 5148 unused Assets / (13.8 MB). Loaded Objects now: 6171.
Memory consumption went from 132.6 MB to 118.8 MB.
Total: 7.755042 ms (FindLiveObjects: 0.195084 ms CreateObjectMapping: 0.074208 ms MarkObjects: 6.195375 ms  DeleteObjects: 1.290208 ms)

Prepare: number of updated asset objects reloaded= 0
========================================================================
Received Prepare
Begin MonoManager ReloadAssembly
Thread 0x16b88f000 may have been prematurely finalized
Symbol file LoadedFromMemory is not a mono symbol file
Symbol file LoadedFromMemory is not a mono symbol file
- Loaded All Assemblies, in  0.323 seconds
Refreshing native plugins compatible for Editor in 1.07 ms, found 2 plugins.
Native extension for OSXStandalone target not found
Native extension for WebGL target not found
Refreshing native plugins compatible for Editor in 1.15 ms, found 2 plugins.
[Package Manager] Failed to launch server process. Reason: Unity was launched with the -noUpm command-line argument
[Package Manager] Unable to send message (not connected to server process).
[Package Manager] Cannot connect to Unity Package Manager local server
ScheduleIndexationOnStartup MainProcess:False IndexOnStartup:True
Mono: successfully reloaded assembly
- Finished resetting the current domain, in  0.422 seconds
Domain Reload Profiling: 747ms
	BeginReloadAssembly (73ms)
		ExecutionOrderSort (0ms)
		DisableScriptedObjects (3ms)
		BackupInstance (0ms)
		ReleaseScriptingObjects (0ms)
		CreateAndSetChildDomain (22ms)
	RebuildCommonClasses (15ms)
	RebuildNativeTypeToScriptingClass (6ms)
	initialDomainReloadingComplete (11ms)
	LoadAllAssembliesAndSetupDomain (219ms)
		LoadAssemblies (174ms)
		RebuildTransferFunctionScriptingTraits (0ms)
		AnalyzeDomain (67ms)
			TypeCache.Refresh (7ms)
				TypeCache.ScanAssembly (0ms)
			BuildScriptInfoCaches (57ms)
			ResolveRequiredComponents (1ms)
	FinalizeReload (423ms)
		ReleaseScriptCaches (0ms)
		RebuildScriptCaches (0ms)
		SetupLoadedEditorAssemblies (367ms)
			LogAssemblyErrors (0ms)
			InitializePlatformSupportModulesInManaged (1ms)
			SetLoadedEditorAssemblies (2ms)
			BeforeProcessingInitializeOnLoad (89ms)
			ProcessInitializeOnLoadAttributes (172ms)
			ProcessInitializeOnLoadMethodAttributes (102ms)
			AfterProcessingInitializeOnLoad (1ms)
			EditorAssembliesLoaded (0ms)
		ExecutionOrderSort2 (0ms)
		AwakeInstancesAfterBackupRestoration (1ms)
Refreshing native plugins compatible for Editor in 1.32 ms, found 2 plugins.
Preloading 1 native plugins for Editor in 1.22 ms.
Unloading 43 Unused Serialized files (Serialized files now loaded: 0)
Unloading 5193 unused Assets / (13.8 MB). Loaded Objects now: 6175.
Memory consumption went from 146.2 MB to 132.4 MB.
Total: 7.957667 ms (FindLiveObjects: 0.209250 ms CreateObjectMapping: 0.080625 ms MarkObjects: 6.379208 ms  DeleteObjects: 1.288417 ms)

Prepare: number of updated asset objects reloaded= 0
========================================================================
Received Prepare
Refreshing native plugins compatible for Editor in 1.16 ms, found 2 plugins.
Preloading 1 native plugins for Editor in 1.17 ms.
Unloading 43 Unused Serialized files (Serialized files now loaded: 0)
Unloading 5148 unused Assets / (13.9 MB). Loaded Objects now: 6175.
Memory consumption went from 132.6 MB to 118.7 MB.
Total: 7.532625 ms (FindLiveObjects: 0.200917 ms CreateObjectMapping: 0.078083 ms MarkObjects: 6.009083 ms  DeleteObjects: 1.244459 ms)

Prepare: number of updated asset objects reloaded= 0
========================================================================
Received Prepare
Refreshing native plugins compatible for Editor in 1.41 ms, found 2 plugins.
Preloading 1 native plugins for Editor in 1.19 ms.
Unloading 43 Unused Serialized files (Serialized files now loaded: 0)
Unloading 5148 unused Assets / (13.7 MB). Loaded Objects now: 6175.
Memory consumption went from 132.6 MB to 118.9 MB.
Total: 7.783917 ms (FindLiveObjects: 0.201625 ms CreateObjectMapping: 0.076625 ms MarkObjects: 6.223750 ms  DeleteObjects: 1.281625 ms)

Prepare: number of updated asset objects reloaded= 0
========================================================================
Received Prepare
Begin MonoManager ReloadAssembly
Thread 0x16b88f000 may have been prematurely finalized
Symbol file LoadedFromMemory is not a mono symbol file
Symbol file LoadedFromMemory is not a mono symbol file
- Loaded All Assemblies, in  0.339 seconds
Refreshing native plugins compatible for Editor in 1.50 ms, found 2 plugins.
Native extension for OSXStandalone target not found
Native extension for WebGL target not found
Refreshing native plugins compatible for Editor in 1.19 ms, found 2 plugins.
[Package Manager] Failed to launch server process. Reason: Unity was launched with the -noUpm command-line argument
[Package Manager] Unable to send message (not connected to server process).
[Package Manager] Cannot connect to Unity Package Manager local server
ScheduleIndexationOnStartup MainProcess:False IndexOnStartup:True
Mono: successfully reloaded assembly
- Finished resetting the current domain, in  0.432 seconds
Domain Reload Profiling: 772ms
	BeginReloadAssembly (75ms)
		ExecutionOrderSort (0ms)
		DisableScriptedObjects (3ms)
		BackupInstance (0ms)
		ReleaseScriptingObjects (0ms)
		CreateAndSetChildDomain (23ms)
	RebuildCommonClasses (16ms)
	RebuildNativeTypeToScriptingClass (6ms)
	initialDomainReloadingComplete (11ms)
	LoadAllAssembliesAndSetupDomain (232ms)
		LoadAssemblies (187ms)
		RebuildTransferFunctionScriptingTraits (0ms)
		AnalyzeDomain (67ms)
			TypeCache.Refresh (7ms)
				TypeCache.ScanAssembly (0ms)
			BuildScriptInfoCaches (57ms)
			ResolveRequiredComponents (1ms)
	FinalizeReload (432ms)
		ReleaseScriptCaches (0ms)
		RebuildScriptCaches (0ms)
		SetupLoadedEditorAssemblies (377ms)
			LogAssemblyErrors (0ms)
			InitializePlatformSupportModulesInManaged (1ms)
			SetLoadedEditorAssemblies (2ms)
			BeforeProcessingInitializeOnLoad (92ms)
			ProcessInitializeOnLoadAttributes (181ms)
			ProcessInitializeOnLoadMethodAttributes (101ms)
			AfterProcessingInitializeOnLoad (0ms)
			EditorAssembliesLoaded (0ms)
		ExecutionOrderSort2 (0ms)
		AwakeInstancesAfterBackupRestoration (1ms)
Refreshing native plugins compatible for Editor in 1.58 ms, found 2 plugins.
Preloading 1 native plugins for Editor in 1.22 ms.
Unloading 43 Unused Serialized files (Serialized files now loaded: 0)
Unloading 5193 unused Assets / (13.7 MB). Loaded Objects now: 6179.
Memory consumption went from 146.2 MB to 132.6 MB.
Total: 7.675292 ms (FindLiveObjects: 0.199667 ms CreateObjectMapping: 0.072125 ms MarkObjects: 6.200625 ms  DeleteObjects: 1.202667 ms)

Prepare: number of updated asset objects reloaded= 0
========================================================================
Received Prepare
Refreshing native plugins compatible for Editor in 1.45 ms, found 2 plugins.
Preloading 1 native plugins for Editor in 1.16 ms.
Unloading 43 Unused Serialized files (Serialized files now loaded: 0)
Unloading 5148 unused Assets / (13.7 MB). Loaded Objects now: 6179.
Memory consumption went from 132.6 MB to 118.9 MB.
Total: 7.576083 ms (FindLiveObjects: 0.199458 ms CreateObjectMapping: 0.077292 ms MarkObjects: 6.099458 ms  DeleteObjects: 1.199667 ms)

Prepare: number of updated asset objects reloaded= 0
========================================================================
Received Prepare
Begin MonoManager ReloadAssembly
[Licensing::Client] Successfully resolved entitlement details
[Licensing::Module] License group:
  Id: F4-85AS-8ZW6-XMRF-425Z-XXXX
  Product: Unity Personal
  Type: ULF
  Expiration: Unlimited
[Licensing::Module] License group:
  Id: 6872810951280-UnityPersXXXX
  Product: Unity Personal
  Type: Assigned
  Expiration: Unlimited
Thread 0x16b88f000 may have been prematurely finalized
Symbol file LoadedFromMemory is not a mono symbol file
Symbol file LoadedFromMemory is not a mono symbol file
- Loaded All Assemblies, in  0.354 seconds
Refreshing native plugins compatible for Editor in 1.11 ms, found 2 plugins.
Native extension for OSXStandalone target not found
Native extension for WebGL target not found
Refreshing native plugins compatible for Editor in 1.37 ms, found 2 plugins.
[Package Manager] Failed to launch server process. Reason: Unity was launched with the -noUpm command-line argument
[Package Manager] Unable to send message (not connected to server process).
[Package Manager] Cannot connect to Unity Package Manager local server
ScheduleIndexationOnStartup MainProcess:False IndexOnStartup:True
Mono: successfully reloaded assembly
- Finished resetting the current domain, in  0.428 seconds
Domain Reload Profiling: 784ms
	BeginReloadAssembly (79ms)
		ExecutionOrderSort (0ms)
		DisableScriptedObjects (3ms)
		BackupInstance (0ms)
		ReleaseScriptingObjects (0ms)
		CreateAndSetChildDomain (25ms)
	RebuildCommonClasses (16ms)
	RebuildNativeTypeToScriptingClass (6ms)
	initialDomainReloadingComplete (12ms)
	LoadAllAssembliesAndSetupDomain (243ms)
		LoadAssemblies (197ms)
		RebuildTransferFunctionScriptingTraits (0ms)
		AnalyzeDomain (68ms)
			TypeCache.Refresh (7ms)
				TypeCache.ScanAssembly (0ms)
			BuildScriptInfoCaches (58ms)
			ResolveRequiredComponents (1ms)
	FinalizeReload (429ms)
		ReleaseScriptCaches (0ms)
		RebuildScriptCaches (0ms)
		SetupLoadedEditorAssemblies (374ms)
			LogAssemblyErrors (0ms)
			InitializePlatformSupportModulesInManaged (1ms)
			SetLoadedEditorAssemblies (2ms)
			BeforeProcessingInitializeOnLoad (92ms)
			ProcessInitializeOnLoadAttributes (176ms)
			ProcessInitializeOnLoadMethodAttributes (103ms)
			AfterProcessingInitializeOnLoad (0ms)
			EditorAssembliesLoaded (0ms)
		ExecutionOrderSort2 (0ms)
		AwakeInstancesAfterBackupRestoration (1ms)
Refreshing native plugins compatible for Editor in 1.33 ms, found 2 plugins.
Preloading 1 native plugins for Editor in 1.24 ms.
Unloading 43 Unused Serialized files (Serialized files now loaded: 0)
Unloading 5193 unused Assets / (11.7 MB). Loaded Objects now: 6183.
Memory consumption went from 146.3 MB to 134.5 MB.
Total: 8.254917 ms (FindLiveObjects: 0.212333 ms CreateObjectMapping: 0.082417 ms MarkObjects: 6.832958 ms  DeleteObjects: 1.126792 ms)

Prepare: number of updated asset objects reloaded= 0
========================================================================
Received Prepare
Refreshing native plugins compatible for Editor in 1.40 ms, found 2 plugins.
Preloading 1 native plugins for Editor in 1.17 ms.
Unloading 43 Unused Serialized files (Serialized files now loaded: 0)
Unloading 5148 unused Assets / (12.6 MB). Loaded Objects now: 6183.
Memory consumption went from 132.6 MB to 120.0 MB.
Total: 7.870500 ms (FindLiveObjects: 0.202333 ms CreateObjectMapping: 0.069125 ms MarkObjects: 6.475583 ms  DeleteObjects: 1.123000 ms)

Prepare: number of updated asset objects reloaded= 0
========================================================================
Received Prepare
Refreshing native plugins compatible for Editor in 1.36 ms, found 2 plugins.
Preloading 1 native plugins for Editor in 1.17 ms.
Unloading 43 Unused Serialized files (Serialized files now loaded: 0)
Unloading 5148 unused Assets / (14.2 MB). Loaded Objects now: 6183.
Memory consumption went from 132.6 MB to 118.4 MB.
Total: 7.718417 ms (FindLiveObjects: 0.196458 ms CreateObjectMapping: 0.078750 ms MarkObjects: 6.142042 ms  DeleteObjects: 1.300833 ms)

Prepare: number of updated asset objects reloaded= 0
========================================================================
Received Prepare
Refreshing native plugins compatible for Editor in 1.52 ms, found 2 plugins.
Preloading 1 native plugins for Editor in 1.23 ms.
Unloading 43 Unused Serialized files (Serialized files now loaded: 0)
Unloading 5148 unused Assets / (13.5 MB). Loaded Objects now: 6183.
Memory consumption went from 132.6 MB to 119.2 MB.
Total: 7.697166 ms (FindLiveObjects: 0.205375 ms CreateObjectMapping: 0.082167 ms MarkObjects: 6.256250 ms  DeleteObjects: 1.153084 ms)

Prepare: number of updated asset objects reloaded= 0
========================================================================
Received Prepare
Refreshing native plugins compatible for Editor in 1.49 ms, found 2 plugins.
Preloading 1 native plugins for Editor in 1.20 ms.
Unloading 43 Unused Serialized files (Serialized files now loaded: 0)
Unloading 5148 unused Assets / (13.8 MB). Loaded Objects now: 6183.
Memory consumption went from 132.6 MB to 118.8 MB.
Total: 7.612875 ms (FindLiveObjects: 0.199667 ms CreateObjectMapping: 0.080667 ms MarkObjects: 6.090958 ms  DeleteObjects: 1.241375 ms)

Prepare: number of updated asset objects reloaded= 0
========================================================================
Received Prepare
Refreshing native plugins compatible for Editor in 1.50 ms, found 2 plugins.
Preloading 1 native plugins for Editor in 1.22 ms.
Unloading 43 Unused Serialized files (Serialized files now loaded: 0)
Unloading 5148 unused Assets / (13.7 MB). Loaded Objects now: 6183.
Memory consumption went from 132.6 MB to 118.9 MB.
Total: 7.574500 ms (FindLiveObjects: 0.198250 ms CreateObjectMapping: 0.081875 ms MarkObjects: 6.104875 ms  DeleteObjects: 1.189208 ms)

Prepare: number of updated asset objects reloaded= 0
========================================================================
Received Prepare
Refreshing native plugins compatible for Editor in 1.56 ms, found 2 plugins.
Preloading 1 native plugins for Editor in 1.22 ms.
Unloading 43 Unused Serialized files (Serialized files now loaded: 0)
Unloading 5148 unused Assets / (13.5 MB). Loaded Objects now: 6183.
Memory consumption went from 132.6 MB to 119.1 MB.
Total: 7.577000 ms (FindLiveObjects: 0.200042 ms CreateObjectMapping: 0.078541 ms MarkObjects: 6.149375 ms  DeleteObjects: 1.148959 ms)

Prepare: number of updated asset objects reloaded= 0
========================================================================
Received Prepare
Refreshing native plugins compatible for Editor in 1.86 ms, found 2 plugins.
Preloading 1 native plugins for Editor in 1.24 ms.
Unloading 43 Unused Serialized files (Serialized files now loaded: 0)
Unloading 5148 unused Assets / (13.5 MB). Loaded Objects now: 6183.
Memory consumption went from 132.6 MB to 119.1 MB.
Total: 17.434667 ms (FindLiveObjects: 0.290417 ms CreateObjectMapping: 0.083250 ms MarkObjects: 15.660791 ms  DeleteObjects: 1.399959 ms)

Prepare: number of updated asset objects reloaded= 0
========================================================================
Received Prepare
Refreshing native plugins compatible for Editor in 1.53 ms, found 2 plugins.
Preloading 1 native plugins for Editor in 1.19 ms.
Unloading 43 Unused Serialized files (Serialized files now loaded: 0)
Unloading 5148 unused Assets / (13.8 MB). Loaded Objects now: 6183.
Memory consumption went from 132.6 MB to 118.8 MB.
Total: 7.937292 ms (FindLiveObjects: 0.203334 ms CreateObjectMapping: 0.080833 ms MarkObjects: 6.370000 ms  DeleteObjects: 1.282750 ms)

Prepare: number of updated asset objects reloaded= 0
========================================================================
Received Prepare
Begin MonoManager ReloadAssembly
Thread 0x16b88f000 may have been prematurely finalized
Symbol file LoadedFromMemory is not a mono symbol file
Symbol file LoadedFromMemory is not a mono symbol file
- Loaded All Assemblies, in  0.370 seconds
Refreshing native plugins compatible for Editor in 1.29 ms, found 2 plugins.
Native extension for OSXStandalone target not found
Native extension for WebGL target not found
Refreshing native plugins compatible for Editor in 1.55 ms, found 2 plugins.
[Package Manager] Failed to launch server process. Reason: Unity was launched with the -noUpm command-line argument
[Package Manager] Unable to send message (not connected to server process).
[Package Manager] Cannot connect to Unity Package Manager local server
ScheduleIndexationOnStartup MainProcess:False IndexOnStartup:True
Mono: successfully reloaded assembly
- Finished resetting the current domain, in  0.443 seconds
Domain Reload Profiling: 815ms
	BeginReloadAssembly (96ms)
		ExecutionOrderSort (0ms)
		DisableScriptedObjects (4ms)
		BackupInstance (0ms)
		ReleaseScriptingObjects (0ms)
		CreateAndSetChildDomain (32ms)
	RebuildCommonClasses (16ms)
	RebuildNativeTypeToScriptingClass (6ms)
	initialDomainReloadingComplete (13ms)
	LoadAllAssembliesAndSetupDomain (241ms)
		LoadAssemblies (201ms)
		RebuildTransferFunctionScriptingTraits (0ms)
		AnalyzeDomain (72ms)
			TypeCache.Refresh (7ms)
				TypeCache.ScanAssembly (0ms)
			BuildScriptInfoCaches (62ms)
			ResolveRequiredComponents (1ms)
	FinalizeReload (443ms)
		ReleaseScriptCaches (0ms)
		RebuildScriptCaches (0ms)
		SetupLoadedEditorAssemblies (390ms)
			LogAssemblyErrors (0ms)
			InitializePlatformSupportModulesInManaged (1ms)
			SetLoadedEditorAssemblies (2ms)
			BeforeProcessingInitializeOnLoad (90ms)
			ProcessInitializeOnLoadAttributes (191ms)
			ProcessInitializeOnLoadMethodAttributes (106ms)
			AfterProcessingInitializeOnLoad (1ms)
			EditorAssembliesLoaded (0ms)
		ExecutionOrderSort2 (0ms)
		AwakeInstancesAfterBackupRestoration (1ms)
Refreshing native plugins compatible for Editor in 1.18 ms, found 2 plugins.
Preloading 1 native plugins for Editor in 1.24 ms.
Unloading 43 Unused Serialized files (Serialized files now loaded: 0)
Unloading 5193 unused Assets / (13.8 MB). Loaded Objects now: 6187.
Memory consumption went from 146.3 MB to 132.5 MB.
Total: 7.894167 ms (FindLiveObjects: 0.195459 ms CreateObjectMapping: 0.107959 ms MarkObjects: 6.411625 ms  DeleteObjects: 1.178750 ms)

Prepare: number of updated asset objects reloaded= 0
========================================================================
Received Prepare
Refreshing native plugins compatible for Editor in 1.10 ms, found 2 plugins.
Preloading 1 native plugins for Editor in 1.23 ms.
Unloading 43 Unused Serialized files (Serialized files now loaded: 0)
Unloading 5148 unused Assets / (13.6 MB). Loaded Objects now: 6187.
Memory consumption went from 132.7 MB to 119.1 MB.
Total: 7.739750 ms (FindLiveObjects: 0.181708 ms CreateObjectMapping: 0.129917 ms MarkObjects: 6.306750 ms  DeleteObjects: 1.121042 ms)

Prepare: number of updated asset objects reloaded= 0
========================================================================
Received Prepare
Refreshing native plugins compatible for Editor in 1.16 ms, found 2 plugins.
Preloading 1 native plugins for Editor in 1.21 ms.
Unloading 43 Unused Serialized files (Serialized files now loaded: 0)
Unloading 5148 unused Assets / (13.7 MB). Loaded Objects now: 6187.
Memory consumption went from 132.7 MB to 118.9 MB.
Total: 7.721125 ms (FindLiveObjects: 0.206458 ms CreateObjectMapping: 0.087583 ms MarkObjects: 6.199667 ms  DeleteObjects: 1.227167 ms)

Prepare: number of updated asset objects reloaded= 0
========================================================================
Received Prepare
Refreshing native plugins compatible for Editor in 1.55 ms, found 2 plugins.
Preloading 1 native plugins for Editor in 1.23 ms.
Unloading 43 Unused Serialized files (Serialized files now loaded: 0)
Unloading 5148 unused Assets / (13.7 MB). Loaded Objects now: 6187.
Memory consumption went from 132.7 MB to 119.0 MB.
Total: 8.129084 ms (FindLiveObjects: 0.199541 ms CreateObjectMapping: 0.082459 ms MarkObjects: 6.529125 ms  DeleteObjects: 1.317834 ms)

Prepare: number of updated asset objects reloaded= 0
========================================================================
Received Prepare
Refreshing native plugins compatible for Editor in 1.49 ms, found 2 plugins.
Preloading 1 native plugins for Editor in 1.21 ms.
Unloading 43 Unused Serialized files (Serialized files now loaded: 0)
Unloading 5148 unused Assets / (13.7 MB). Loaded Objects now: 6187.
Memory consumption went from 132.7 MB to 119.0 MB.
Total: 7.772500 ms (FindLiveObjects: 0.202083 ms CreateObjectMapping: 0.069625 ms MarkObjects: 6.313750 ms  DeleteObjects: 1.186709 ms)

Prepare: number of updated asset objects reloaded= 0
========================================================================
Received Prepare
Refreshing native plugins compatible for Editor in 1.53 ms, found 2 plugins.
Preloading 1 native plugins for Editor in 1.21 ms.
Unloading 43 Unused Serialized files (Serialized files now loaded: 0)
Unloading 5148 unused Assets / (13.7 MB). Loaded Objects now: 6187.
Memory consumption went from 132.7 MB to 119.0 MB.
Total: 7.342750 ms (FindLiveObjects: 0.199375 ms CreateObjectMapping: 0.078500 ms MarkObjects: 5.881459 ms  DeleteObjects: 1.182917 ms)

Prepare: number of updated asset objects reloaded= 0
========================================================================
Received Prepare
Begin MonoManager ReloadAssembly
Thread 0x16b88f000 may have been prematurely finalized
Symbol file LoadedFromMemory is not a mono symbol file
Symbol file LoadedFromMemory is not a mono symbol file
- Loaded All Assemblies, in  0.307 seconds
Refreshing native plugins compatible for Editor in 1.21 ms, found 2 plugins.
Native extension for OSXStandalone target not found
Native extension for WebGL target not found
Refreshing native plugins compatible for Editor in 1.17 ms, found 2 plugins.
[Package Manager] Failed to launch server process. Reason: Unity was launched with the -noUpm command-line argument
[Package Manager] Unable to send message (not connected to server process).
[Package Manager] Cannot connect to Unity Package Manager local server
ScheduleIndexationOnStartup MainProcess:False IndexOnStartup:True
Mono: successfully reloaded assembly
- Finished resetting the current domain, in  0.437 seconds
Domain Reload Profiling: 746ms
	BeginReloadAssembly (73ms)
		ExecutionOrderSort (0ms)
		DisableScriptedObjects (3ms)
		BackupInstance (0ms)
		ReleaseScriptingObjects (0ms)
		CreateAndSetChildDomain (23ms)
	RebuildCommonClasses (16ms)
	RebuildNativeTypeToScriptingClass (6ms)
	initialDomainReloadingComplete (12ms)
	LoadAllAssembliesAndSetupDomain (202ms)
		LoadAssemblies (157ms)
		RebuildTransferFunctionScriptingTraits (0ms)
		AnalyzeDomain (67ms)
			TypeCache.Refresh (6ms)
				TypeCache.ScanAssembly (0ms)
			BuildScriptInfoCaches (58ms)
			ResolveRequiredComponents (1ms)
	FinalizeReload (437ms)
		ReleaseScriptCaches (0ms)
		RebuildScriptCaches (0ms)
		SetupLoadedEditorAssemblies (383ms)
			LogAssemblyErrors (0ms)
			InitializePlatformSupportModulesInManaged (1ms)
			SetLoadedEditorAssemblies (2ms)
			BeforeProcessingInitializeOnLoad (92ms)
			ProcessInitializeOnLoadAttributes (176ms)
			ProcessInitializeOnLoadMethodAttributes (111ms)
			AfterProcessingInitializeOnLoad (0ms)
			EditorAssembliesLoaded (0ms)
		ExecutionOrderSort2 (0ms)
		AwakeInstancesAfterBackupRestoration (1ms)
Refreshing native plugins compatible for Editor in 1.03 ms, found 2 plugins.
Preloading 1 native plugins for Editor in 1.18 ms.
Unloading 43 Unused Serialized files (Serialized files now loaded: 0)
Unloading 5193 unused Assets / (12.9 MB). Loaded Objects now: 6191.
Memory consumption went from 146.3 MB to 133.4 MB.
Total: 7.865708 ms (FindLiveObjects: 0.189417 ms CreateObjectMapping: 0.075167 ms MarkObjects: 6.482000 ms  DeleteObjects: 1.119041 ms)

Prepare: number of updated asset objects reloaded= 0
========================================================================
Received Prepare
Refreshing native plugins compatible for Editor in 1.10 ms, found 2 plugins.
Preloading 1 native plugins for Editor in 1.16 ms.
Unloading 43 Unused Serialized files (Serialized files now loaded: 0)
Unloading 5148 unused Assets / (14.2 MB). Loaded Objects now: 6191.
Memory consumption went from 132.7 MB to 118.5 MB.
Total: 8.105375 ms (FindLiveObjects: 0.188584 ms CreateObjectMapping: 0.078291 ms MarkObjects: 6.569292 ms  DeleteObjects: 1.269042 ms)

Prepare: number of updated asset objects reloaded= 0
========================================================================
Received Prepare
Begin MonoManager ReloadAssembly
[Licensing::Client] Successfully resolved entitlement details
[Licensing::Module] License group:
  Id: F4-85AS-8ZW6-XMRF-425Z-XXXX
  Product: Unity Personal
  Type: ULF
  Expiration: Unlimited
[Licensing::Module] License group:
  Id: 6872810951280-UnityPersXXXX
  Product: Unity Personal
  Type: Assigned
  Expiration: Unlimited
Thread 0x16b88f000 may have been prematurely finalized
Symbol file LoadedFromMemory is not a mono symbol file
Symbol file LoadedFromMemory is not a mono symbol file
- Loaded All Assemblies, in  0.342 seconds
Refreshing native plugins compatible for Editor in 1.44 ms, found 2 plugins.
Native extension for OSXStandalone target not found
Native extension for WebGL target not found
Refreshing native plugins compatible for Editor in 1.42 ms, found 2 plugins.
[Package Manager] Failed to launch server process. Reason: Unity was launched with the -noUpm command-line argument
[Package Manager] Unable to send message (not connected to server process).
[Package Manager] Cannot connect to Unity Package Manager local server
ScheduleIndexationOnStartup MainProcess:False IndexOnStartup:True
Mono: successfully reloaded assembly
- Finished resetting the current domain, in  0.433 seconds
Domain Reload Profiling: 776ms
	BeginReloadAssembly (71ms)
		ExecutionOrderSort (0ms)
		DisableScriptedObjects (3ms)
		BackupInstance (0ms)
		ReleaseScriptingObjects (0ms)
		CreateAndSetChildDomain (22ms)
	RebuildCommonClasses (16ms)
	RebuildNativeTypeToScriptingClass (6ms)
	initialDomainReloadingComplete (12ms)
	LoadAllAssembliesAndSetupDomain (238ms)
		LoadAssemblies (188ms)
		RebuildTransferFunctionScriptingTraits (0ms)
		AnalyzeDomain (71ms)
			TypeCache.Refresh (7ms)
				TypeCache.ScanAssembly (0ms)
			BuildScriptInfoCaches (61ms)
			ResolveRequiredComponents (1ms)
	FinalizeReload (433ms)
		ReleaseScriptCaches (0ms)
		RebuildScriptCaches (0ms)
		SetupLoadedEditorAssemblies (379ms)
			LogAssemblyErrors (0ms)
			InitializePlatformSupportModulesInManaged (1ms)
			SetLoadedEditorAssemblies (2ms)
			BeforeProcessingInitializeOnLoad (93ms)
			ProcessInitializeOnLoadAttributes (180ms)
			ProcessInitializeOnLoadMethodAttributes (103ms)
			AfterProcessingInitializeOnLoad (0ms)
			EditorAssembliesLoaded (0ms)
		ExecutionOrderSort2 (0ms)
		AwakeInstancesAfterBackupRestoration (1ms)
Refreshing native plugins compatible for Editor in 1.57 ms, found 2 plugins.
Preloading 1 native plugins for Editor in 1.27 ms.
Unloading 43 Unused Serialized files (Serialized files now loaded: 0)
Unloading 5193 unused Assets / (13.1 MB). Loaded Objects now: 6195.
Memory consumption went from 146.3 MB to 133.2 MB.
Total: 7.992042 ms (FindLiveObjects: 0.218292 ms CreateObjectMapping: 0.092958 ms MarkObjects: 6.478875 ms  DeleteObjects: 1.201459 ms)

Prepare: number of updated asset objects reloaded= 0
========================================================================
Received Prepare
Refreshing native plugins compatible for Editor in 1.47 ms, found 2 plugins.
Preloading 1 native plugins for Editor in 1.19 ms.
Unloading 43 Unused Serialized files (Serialized files now loaded: 0)
Unloading 5148 unused Assets / (13.7 MB). Loaded Objects now: 6195.
Memory consumption went from 132.7 MB to 119.0 MB.
Total: 7.810292 ms (FindLiveObjects: 0.202166 ms CreateObjectMapping: 0.079250 ms MarkObjects: 6.275542 ms  DeleteObjects: 1.253000 ms)

Prepare: number of updated asset objects reloaded= 0
========================================================================
Received Prepare
Begin MonoManager ReloadAssembly
Thread 0x16b88f000 may have been prematurely finalized
Symbol file LoadedFromMemory is not a mono symbol file
Symbol file LoadedFromMemory is not a mono symbol file
- Loaded All Assemblies, in  0.330 seconds
Refreshing native plugins compatible for Editor in 1.50 ms, found 2 plugins.
Native extension for OSXStandalone target not found
Native extension for WebGL target not found
Refreshing native plugins compatible for Editor in 1.00 ms, found 2 plugins.
[Package Manager] Failed to launch server process. Reason: Unity was launched with the -noUpm command-line argument
[Package Manager] Unable to send message (not connected to server process).
[Package Manager] Cannot connect to Unity Package Manager local server
ScheduleIndexationOnStartup MainProcess:False IndexOnStartup:True
Mono: successfully reloaded assembly
- Finished resetting the current domain, in  0.438 seconds
Domain Reload Profiling: 769ms
	BeginReloadAssembly (72ms)
		ExecutionOrderSort (0ms)
		DisableScriptedObjects (3ms)
		BackupInstance (0ms)
		ReleaseScriptingObjects (0ms)
		CreateAndSetChildDomain (22ms)
	RebuildCommonClasses (15ms)
	RebuildNativeTypeToScriptingClass (6ms)
	initialDomainReloadingComplete (12ms)
	LoadAllAssembliesAndSetupDomain (226ms)
		LoadAssemblies (180ms)
		RebuildTransferFunctionScriptingTraits (0ms)
		AnalyzeDomain (68ms)
			TypeCache.Refresh (7ms)
				TypeCache.ScanAssembly (0ms)
			BuildScriptInfoCaches (58ms)
			ResolveRequiredComponents (1ms)
	FinalizeReload (438ms)
		ReleaseScriptCaches (0ms)
		RebuildScriptCaches (0ms)
		SetupLoadedEditorAssemblies (382ms)
			LogAssemblyErrors (0ms)
			InitializePlatformSupportModulesInManaged (1ms)
			SetLoadedEditorAssemblies (2ms)
			BeforeProcessingInitializeOnLoad (96ms)
			ProcessInitializeOnLoadAttributes (181ms)
			ProcessInitializeOnLoadMethodAttributes (102ms)
			AfterProcessingInitializeOnLoad (0ms)
			EditorAssembliesLoaded (0ms)
		ExecutionOrderSort2 (0ms)
		AwakeInstancesAfterBackupRestoration (1ms)
Refreshing native plugins compatible for Editor in 1.02 ms, found 2 plugins.
Preloading 1 native plugins for Editor in 1.18 ms.
Unloading 43 Unused Serialized files (Serialized files now loaded: 0)
Unloading 5193 unused Assets / (13.9 MB). Loaded Objects now: 6199.
Memory consumption went from 146.3 MB to 132.5 MB.
Total: 7.780125 ms (FindLiveObjects: 0.191834 ms CreateObjectMapping: 0.109833 ms MarkObjects: 6.365208 ms  DeleteObjects: 1.113083 ms)

Prepare: number of updated asset objects reloaded= 0
========================================================================
Received Prepare
Refreshing native plugins compatible for Editor in 1.23 ms, found 2 plugins.
Preloading 1 native plugins for Editor in 1.18 ms.
Unloading 43 Unused Serialized files (Serialized files now loaded: 0)
Unloading 5148 unused Assets / (13.7 MB). Loaded Objects now: 6199.
Memory consumption went from 132.7 MB to 119.0 MB.
Total: 7.847792 ms (FindLiveObjects: 0.205791 ms CreateObjectMapping: 0.086583 ms MarkObjects: 6.347417 ms  DeleteObjects: 1.207750 ms)

Prepare: number of updated asset objects reloaded= 0
========================================================================
Received Prepare
Begin MonoManager ReloadAssembly
Thread 0x16b88f000 may have been prematurely finalized
Symbol file LoadedFromMemory is not a mono symbol file
Symbol file LoadedFromMemory is not a mono symbol file
- Loaded All Assemblies, in  0.307 seconds
Refreshing native plugins compatible for Editor in 1.23 ms, found 2 plugins.
Native extension for OSXStandalone target not found
Native extension for WebGL target not found
Refreshing native plugins compatible for Editor in 1.45 ms, found 2 plugins.
[Package Manager] Failed to launch server process. Reason: Unity was launched with the -noUpm command-line argument
[Package Manager] Unable to send message (not connected to server process).
[Package Manager] Cannot connect to Unity Package Manager local server
ScheduleIndexationOnStartup MainProcess:False IndexOnStartup:True
Mono: successfully reloaded assembly
- Finished resetting the current domain, in  0.428 seconds
Domain Reload Profiling: 736ms
	BeginReloadAssembly (73ms)
		ExecutionOrderSort (0ms)
		DisableScriptedObjects (3ms)
		BackupInstance (0ms)
		ReleaseScriptingObjects (0ms)
		CreateAndSetChildDomain (22ms)
	RebuildCommonClasses (16ms)
	RebuildNativeTypeToScriptingClass (6ms)
	initialDomainReloadingComplete (12ms)
	LoadAllAssembliesAndSetupDomain (201ms)
		LoadAssemblies (157ms)
		RebuildTransferFunctionScriptingTraits (0ms)
		AnalyzeDomain (66ms)
			TypeCache.Refresh (6ms)
				TypeCache.ScanAssembly (0ms)
			BuildScriptInfoCaches (57ms)
			ResolveRequiredComponents (1ms)
	FinalizeReload (428ms)
		ReleaseScriptCaches (0ms)
		RebuildScriptCaches (0ms)
		SetupLoadedEditorAssemblies (373ms)
			LogAssemblyErrors (0ms)
			InitializePlatformSupportModulesInManaged (1ms)
			SetLoadedEditorAssemblies (2ms)
			BeforeProcessingInitializeOnLoad (91ms)
			ProcessInitializeOnLoadAttributes (175ms)
			ProcessInitializeOnLoadMethodAttributes (103ms)
			AfterProcessingInitializeOnLoad (0ms)
			EditorAssembliesLoaded (0ms)
		ExecutionOrderSort2 (0ms)
		AwakeInstancesAfterBackupRestoration (1ms)
Refreshing native plugins compatible for Editor in 1.57 ms, found 2 plugins.
Preloading 1 native plugins for Editor in 1.25 ms.
Unloading 43 Unused Serialized files (Serialized files now loaded: 0)
Unloading 5193 unused Assets / (13.1 MB). Loaded Objects now: 6203.
Memory consumption went from 146.3 MB to 133.2 MB.
Total: 8.226333 ms (FindLiveObjects: 0.208834 ms CreateObjectMapping: 0.077292 ms MarkObjects: 6.649375 ms  DeleteObjects: 1.290333 ms)

Prepare: number of updated asset objects reloaded= 0
========================================================================
Received Prepare
Refreshing native plugins compatible for Editor in 1.53 ms, found 2 plugins.
Preloading 1 native plugins for Editor in 1.24 ms.
Unloading 43 Unused Serialized files (Serialized files now loaded: 0)
Unloading 5148 unused Assets / (13.6 MB). Loaded Objects now: 6203.
Memory consumption went from 132.7 MB to 119.1 MB.
Total: 7.531208 ms (FindLiveObjects: 0.200417 ms CreateObjectMapping: 0.085917 ms MarkObjects: 6.072000 ms  DeleteObjects: 1.172625 ms)

Prepare: number of updated asset objects reloaded= 0
========================================================================
Received Prepare
Begin MonoManager ReloadAssembly
Thread 0x16b88f000 may have been prematurely finalized
Symbol file LoadedFromMemory is not a mono symbol file
Symbol file LoadedFromMemory is not a mono symbol file
- Loaded All Assemblies, in  0.318 seconds
Refreshing native plugins compatible for Editor in 1.19 ms, found 2 plugins.
Native extension for OSXStandalone target not found
Native extension for WebGL target not found
Refreshing native plugins compatible for Editor in 1.03 ms, found 2 plugins.
[Package Manager] Failed to launch server process. Reason: Unity was launched with the -noUpm command-line argument
[Package Manager] Unable to send message (not connected to server process).
[Package Manager] Cannot connect to Unity Package Manager local server
ScheduleIndexationOnStartup MainProcess:False IndexOnStartup:True
Mono: successfully reloaded assembly
- Finished resetting the current domain, in  0.444 seconds
Domain Reload Profiling: 763ms
	BeginReloadAssembly (74ms)
		ExecutionOrderSort (0ms)
		DisableScriptedObjects (3ms)
		BackupInstance (0ms)
		ReleaseScriptingObjects (0ms)
		CreateAndSetChildDomain (22ms)
	RebuildCommonClasses (16ms)
	RebuildNativeTypeToScriptingClass (6ms)
	initialDomainReloadingComplete (12ms)
	LoadAllAssembliesAndSetupDomain (212ms)
		LoadAssemblies (169ms)
		RebuildTransferFunctionScriptingTraits (0ms)
		AnalyzeDomain (67ms)
			TypeCache.Refresh (6ms)
				TypeCache.ScanAssembly (0ms)
			BuildScriptInfoCaches (58ms)
			ResolveRequiredComponents (1ms)
	FinalizeReload (444ms)
		ReleaseScriptCaches (0ms)
		RebuildScriptCaches (0ms)
		SetupLoadedEditorAssemblies (387ms)
			LogAssemblyErrors (0ms)
			InitializePlatformSupportModulesInManaged (1ms)
			SetLoadedEditorAssemblies (2ms)
			BeforeProcessingInitializeOnLoad (94ms)
			ProcessInitializeOnLoadAttributes (191ms)
			ProcessInitializeOnLoadMethodAttributes (98ms)
			AfterProcessingInitializeOnLoad (1ms)
			EditorAssembliesLoaded (0ms)
		ExecutionOrderSort2 (0ms)
		AwakeInstancesAfterBackupRestoration (1ms)
Refreshing native plugins compatible for Editor in 1.32 ms, found 2 plugins.
Preloading 1 native plugins for Editor in 1.26 ms.
Unloading 43 Unused Serialized files (Serialized files now loaded: 0)
Unloading 5193 unused Assets / (13.1 MB). Loaded Objects now: 6207.
Memory consumption went from 146.4 MB to 133.3 MB.
Total: 7.970750 ms (FindLiveObjects: 0.208500 ms CreateObjectMapping: 0.078792 ms MarkObjects: 6.516167 ms  DeleteObjects: 1.166958 ms)

Prepare: number of updated asset objects reloaded= 0
========================================================================
Received Prepare
Refreshing native plugins compatible for Editor in 1.27 ms, found 2 plugins.
Preloading 1 native plugins for Editor in 1.22 ms.
Unloading 43 Unused Serialized files (Serialized files now loaded: 0)
Unloading 5148 unused Assets / (13.3 MB). Loaded Objects now: 6207.
Memory consumption went from 132.7 MB to 119.4 MB.
Total: 7.939375 ms (FindLiveObjects: 0.180333 ms CreateObjectMapping: 0.086375 ms MarkObjects: 6.449333 ms  DeleteObjects: 1.223042 ms)

Prepare: number of updated asset objects reloaded= 0
========================================================================
Received Prepare
Refreshing native plugins compatible for Editor in 1.55 ms, found 2 plugins.
Preloading 1 native plugins for Editor in 1.17 ms.
Unloading 43 Unused Serialized files (Serialized files now loaded: 0)
Unloading 5148 unused Assets / (13.8 MB). Loaded Objects now: 6207.
Memory consumption went from 132.7 MB to 119.0 MB.
Total: 7.649000 ms (FindLiveObjects: 0.198208 ms CreateObjectMapping: 0.078500 ms MarkObjects: 6.120167 ms  DeleteObjects: 1.251959 ms)

Prepare: number of updated asset objects reloaded= 0
========================================================================
Received Prepare
Refreshing native plugins compatible for Editor in 1.37 ms, found 2 plugins.
Preloading 1 native plugins for Editor in 1.17 ms.
Unloading 43 Unused Serialized files (Serialized files now loaded: 0)
Unloading 5148 unused Assets / (14.3 MB). Loaded Objects now: 6207.
Memory consumption went from 132.7 MB to 118.4 MB.
Total: 7.584500 ms (FindLiveObjects: 0.202250 ms CreateObjectMapping: 0.080292 ms MarkObjects: 6.062500 ms  DeleteObjects: 1.239208 ms)

Prepare: number of updated asset objects reloaded= 0
========================================================================
Received Prepare
Refreshing native plugins compatible for Editor in 1.53 ms, found 2 plugins.
Preloading 1 native plugins for Editor in 1.23 ms.
Unloading 43 Unused Serialized files (Serialized files now loaded: 0)
Unloading 5148 unused Assets / (13.3 MB). Loaded Objects now: 6207.
Memory consumption went from 132.7 MB to 119.5 MB.
Total: 8.382125 ms (FindLiveObjects: 0.222667 ms CreateObjectMapping: 0.082000 ms MarkObjects: 6.745291 ms  DeleteObjects: 1.331959 ms)

Prepare: number of updated asset objects reloaded= 0
========================================================================
Received Prepare
Refreshing native plugins compatible for Editor in 1.42 ms, found 2 plugins.
Preloading 1 native plugins for Editor in 1.13 ms.
Unloading 43 Unused Serialized files (Serialized files now loaded: 0)
Unloading 5148 unused Assets / (13.9 MB). Loaded Objects now: 6207.
Memory consumption went from 132.7 MB to 118.8 MB.
Total: 7.678667 ms (FindLiveObjects: 0.230417 ms CreateObjectMapping: 0.080000 ms MarkObjects: 6.066166 ms  DeleteObjects: 1.301917 ms)

Prepare: number of updated asset objects reloaded= 0
========================================================================
Received Prepare
Refreshing native plugins compatible for Editor in 1.49 ms, found 2 plugins.
Preloading 1 native plugins for Editor in 1.18 ms.
Unloading 43 Unused Serialized files (Serialized files now loaded: 0)
Unloading 5148 unused Assets / (13.7 MB). Loaded Objects now: 6207.
Memory consumption went from 132.7 MB to 119.0 MB.
Total: 7.718125 ms (FindLiveObjects: 0.203250 ms CreateObjectMapping: 0.080042 ms MarkObjects: 6.268000 ms  DeleteObjects: 1.166583 ms)

Prepare: number of updated asset objects reloaded= 0
========================================================================
Received Prepare
Refreshing native plugins compatible for Editor in 1.51 ms, found 2 plugins.
Preloading 1 native plugins for Editor in 1.20 ms.
Unloading 43 Unused Serialized files (Serialized files now loaded: 0)
Unloading 5148 unused Assets / (13.7 MB). Loaded Objects now: 6207.
Memory consumption went from 132.7 MB to 119.0 MB.
Total: 7.612917 ms (FindLiveObjects: 0.208417 ms CreateObjectMapping: 0.096125 ms MarkObjects: 6.104375 ms  DeleteObjects: 1.203625 ms)

Prepare: number of updated asset objects reloaded= 0
========================================================================
Received Prepare
Refreshing native plugins compatible for Editor in 1.39 ms, found 2 plugins.
Preloading 1 native plugins for Editor in 1.14 ms.
Unloading 43 Unused Serialized files (Serialized files now loaded: 0)
Unloading 5148 unused Assets / (14.2 MB). Loaded Objects now: 6207.
Memory consumption went from 132.7 MB to 118.6 MB.
Total: 7.584042 ms (FindLiveObjects: 0.200041 ms CreateObjectMapping: 0.080084 ms MarkObjects: 5.985333 ms  DeleteObjects: 1.318250 ms)

Prepare: number of updated asset objects reloaded= 0
========================================================================
Received Prepare
Refreshing native plugins compatible for Editor in 1.53 ms, found 2 plugins.
Preloading 1 native plugins for Editor in 1.17 ms.
Unloading 43 Unused Serialized files (Serialized files now loaded: 0)
Unloading 5148 unused Assets / (13.7 MB). Loaded Objects now: 6207.
Memory consumption went from 132.7 MB to 119.0 MB.
Total: 7.519875 ms (FindLiveObjects: 0.198916 ms CreateObjectMapping: 0.081584 ms MarkObjects: 6.047833 ms  DeleteObjects: 1.191458 ms)

Prepare: number of updated asset objects reloaded= 0
========================================================================
Received Prepare
Refreshing native plugins compatible for Editor in 1.18 ms, found 2 plugins.
Preloading 1 native plugins for Editor in 1.15 ms.
Unloading 43 Unused Serialized files (Serialized files now loaded: 0)
Unloading 5148 unused Assets / (13.8 MB). Loaded Objects now: 6207.
Memory consumption went from 132.7 MB to 118.9 MB.
Total: 7.523959 ms (FindLiveObjects: 0.199500 ms CreateObjectMapping: 0.081833 ms MarkObjects: 6.005250 ms  DeleteObjects: 1.237167 ms)

Prepare: number of updated asset objects reloaded= 0
========================================================================
Received Prepare
Refreshing native plugins compatible for Editor in 1.48 ms, found 2 plugins.
Preloading 1 native plugins for Editor in 1.20 ms.
Unloading 43 Unused Serialized files (Serialized files now loaded: 0)
Unloading 5148 unused Assets / (13.7 MB). Loaded Objects now: 6207.
Memory consumption went from 132.7 MB to 119.1 MB.
Total: 7.473666 ms (FindLiveObjects: 0.196375 ms CreateObjectMapping: 0.081917 ms MarkObjects: 6.006458 ms  DeleteObjects: 1.188750 ms)

Prepare: number of updated asset objects reloaded= 0
========================================================================
Received Prepare
Refreshing native plugins compatible for Editor in 1.29 ms, found 2 plugins.
Preloading 1 native plugins for Editor in 1.18 ms.
Unloading 43 Unused Serialized files (Serialized files now loaded: 0)
Unloading 5148 unused Assets / (13.8 MB). Loaded Objects now: 6207.
Memory consumption went from 132.7 MB to 119.0 MB.
Total: 7.507459 ms (FindLiveObjects: 0.197041 ms CreateObjectMapping: 0.078625 ms MarkObjects: 6.038875 ms  DeleteObjects: 1.192500 ms)

Prepare: number of updated asset objects reloaded= 0
========================================================================
Received Prepare
Begin MonoManager ReloadAssembly
[Licensing::Client] Successfully resolved entitlement details
[Licensing::Module] License group:
  Id: F4-85AS-8ZW6-XMRF-425Z-XXXX
  Product: Unity Personal
  Type: ULF
  Expiration: Unlimited
[Licensing::Module] License group:
  Id: 6872810951280-UnityPersXXXX
  Product: Unity Personal
  Type: Assigned
  Expiration: Unlimited
Thread 0x16b88f000 may have been prematurely finalized
Symbol file LoadedFromMemory is not a mono symbol file
Symbol file LoadedFromMemory is not a mono symbol file
- Loaded All Assemblies, in  0.331 seconds
Refreshing native plugins compatible for Editor in 1.47 ms, found 2 plugins.
Native extension for OSXStandalone target not found
Native extension for WebGL target not found
Refreshing native plugins compatible for Editor in 1.18 ms, found 2 plugins.
[Package Manager] Failed to launch server process. Reason: Unity was launched with the -noUpm command-line argument
[Package Manager] Unable to send message (not connected to server process).
[Package Manager] Cannot connect to Unity Package Manager local server
ScheduleIndexationOnStartup MainProcess:False IndexOnStartup:True
Mono: successfully reloaded assembly
- Finished resetting the current domain, in  0.427 seconds
Domain Reload Profiling: 760ms
	BeginReloadAssembly (73ms)
		ExecutionOrderSort (0ms)
		DisableScriptedObjects (3ms)
		BackupInstance (0ms)
		ReleaseScriptingObjects (0ms)
		CreateAndSetChildDomain (23ms)
	RebuildCommonClasses (16ms)
	RebuildNativeTypeToScriptingClass (6ms)
	initialDomainReloadingComplete (11ms)
	LoadAllAssembliesAndSetupDomain (226ms)
		LoadAssemblies (177ms)
		RebuildTransferFunctionScriptingTraits (0ms)
		AnalyzeDomain (70ms)
			TypeCache.Refresh (7ms)
				TypeCache.ScanAssembly (0ms)
			BuildScriptInfoCaches (60ms)
			ResolveRequiredComponents (1ms)
	FinalizeReload (428ms)
		ReleaseScriptCaches (0ms)
		RebuildScriptCaches (0ms)
		SetupLoadedEditorAssemblies (373ms)
			LogAssemblyErrors (0ms)
			InitializePlatformSupportModulesInManaged (1ms)
			SetLoadedEditorAssemblies (2ms)
			BeforeProcessingInitializeOnLoad (93ms)
			ProcessInitializeOnLoadAttributes (174ms)
			ProcessInitializeOnLoadMethodAttributes (103ms)
			AfterProcessingInitializeOnLoad (0ms)
			EditorAssembliesLoaded (0ms)
		ExecutionOrderSort2 (0ms)
		AwakeInstancesAfterBackupRestoration (1ms)
Refreshing native plugins compatible for Editor in 1.31 ms, found 2 plugins.
Preloading 1 native plugins for Editor in 1.23 ms.
Unloading 43 Unused Serialized files (Serialized files now loaded: 0)
Unloading 5193 unused Assets / (13.8 MB). Loaded Objects now: 6211.
Memory consumption went from 146.4 MB to 132.6 MB.
Total: 7.592750 ms (FindLiveObjects: 0.205708 ms CreateObjectMapping: 0.077167 ms MarkObjects: 6.080084 ms  DeleteObjects: 1.229584 ms)

Prepare: number of updated asset objects reloaded= 0
========================================================================
Received Prepare
Refreshing native plugins compatible for Editor in 1.52 ms, found 2 plugins.
Preloading 1 native plugins for Editor in 1.21 ms.
Unloading 43 Unused Serialized files (Serialized files now loaded: 0)
Unloading 5148 unused Assets / (13.8 MB). Loaded Objects now: 6211.
Memory consumption went from 132.7 MB to 119.0 MB.
Total: 7.524542 ms (FindLiveObjects: 0.198208 ms CreateObjectMapping: 0.081416 ms MarkObjects: 6.013459 ms  DeleteObjects: 1.231125 ms)

Prepare: number of updated asset objects reloaded= 0
========================================================================
Received Prepare
Begin MonoManager ReloadAssembly
Thread 0x16b88f000 may have been prematurely finalized
Symbol file LoadedFromMemory is not a mono symbol file
Symbol file LoadedFromMemory is not a mono symbol file
- Loaded All Assemblies, in  0.342 seconds
Refreshing native plugins compatible for Editor in 1.09 ms, found 2 plugins.
Native extension for OSXStandalone target not found
Native extension for WebGL target not found
Refreshing native plugins compatible for Editor in 1.22 ms, found 2 plugins.
[Package Manager] Failed to launch server process. Reason: Unity was launched with the -noUpm command-line argument
[Package Manager] Unable to send message (not connected to server process).
[Package Manager] Cannot connect to Unity Package Manager local server
ScheduleIndexationOnStartup MainProcess:False IndexOnStartup:True
Mono: successfully reloaded assembly
- Finished resetting the current domain, in  0.441 seconds
Domain Reload Profiling: 784ms
	BeginReloadAssembly (82ms)
		ExecutionOrderSort (0ms)
		DisableScriptedObjects (3ms)
		BackupInstance (0ms)
		ReleaseScriptingObjects (0ms)
		CreateAndSetChildDomain (32ms)
	RebuildCommonClasses (16ms)
	RebuildNativeTypeToScriptingClass (6ms)
	initialDomainReloadingComplete (12ms)
	LoadAllAssembliesAndSetupDomain (227ms)
		LoadAssemblies (169ms)
		RebuildTransferFunctionScriptingTraits (0ms)
		AnalyzeDomain (81ms)
			TypeCache.Refresh (7ms)
				TypeCache.ScanAssembly (0ms)
			BuildScriptInfoCaches (70ms)
			ResolveRequiredComponents (1ms)
	FinalizeReload (441ms)
		ReleaseScriptCaches (0ms)
		RebuildScriptCaches (0ms)
		SetupLoadedEditorAssemblies (384ms)
			LogAssemblyErrors (0ms)
			InitializePlatformSupportModulesInManaged (1ms)
			SetLoadedEditorAssemblies (2ms)
			BeforeProcessingInitializeOnLoad (97ms)
			ProcessInitializeOnLoadAttributes (187ms)
			ProcessInitializeOnLoadMethodAttributes (97ms)
			AfterProcessingInitializeOnLoad (1ms)
			EditorAssembliesLoaded (0ms)
		ExecutionOrderSort2 (0ms)
		AwakeInstancesAfterBackupRestoration (1ms)
Refreshing native plugins compatible for Editor in 1.39 ms, found 2 plugins.
Preloading 1 native plugins for Editor in 1.19 ms.
Unloading 43 Unused Serialized files (Serialized files now loaded: 0)
Unloading 5193 unused Assets / (13.5 MB). Loaded Objects now: 6215.
Memory consumption went from 146.4 MB to 132.9 MB.
Total: 7.805416 ms (FindLiveObjects: 0.200750 ms CreateObjectMapping: 0.077750 ms MarkObjects: 6.348709 ms  DeleteObjects: 1.178041 ms)

Prepare: number of updated asset objects reloaded= 0
========================================================================
Received Prepare
Refreshing native plugins compatible for Editor in 1.20 ms, found 2 plugins.
Preloading 1 native plugins for Editor in 1.21 ms.
Unloading 43 Unused Serialized files (Serialized files now loaded: 0)
Unloading 5148 unused Assets / (13.9 MB). Loaded Objects now: 6215.
Memory consumption went from 132.7 MB to 118.8 MB.
Total: 7.502958 ms (FindLiveObjects: 0.181125 ms CreateObjectMapping: 0.075583 ms MarkObjects: 6.025250 ms  DeleteObjects: 1.220792 ms)

Prepare: number of updated asset objects reloaded= 0
========================================================================
Received Prepare
Refreshing native plugins compatible for Editor in 1.54 ms, found 2 plugins.
Preloading 1 native plugins for Editor in 1.20 ms.
Unloading 43 Unused Serialized files (Serialized files now loaded: 0)
Unloading 5148 unused Assets / (13.7 MB). Loaded Objects now: 6215.
Memory consumption went from 132.7 MB to 119.1 MB.
Total: 7.536500 ms (FindLiveObjects: 0.200458 ms CreateObjectMapping: 0.084958 ms MarkObjects: 6.090792 ms  DeleteObjects: 1.160125 ms)

Prepare: number of updated asset objects reloaded= 0
========================================================================
Received Prepare
Refreshing native plugins compatible for Editor in 1.46 ms, found 2 plugins.
Preloading 1 native plugins for Editor in 1.19 ms.
Unloading 43 Unused Serialized files (Serialized files now loaded: 0)
Unloading 5148 unused Assets / (13.7 MB). Loaded Objects now: 6215.
Memory consumption went from 132.7 MB to 119.1 MB.
Total: 7.548584 ms (FindLiveObjects: 0.193500 ms CreateObjectMapping: 0.076917 ms MarkObjects: 5.997042 ms  DeleteObjects: 1.280709 ms)

Prepare: number of updated asset objects reloaded= 0
========================================================================
Received Prepare
Refreshing native plugins compatible for Editor in 1.53 ms, found 2 plugins.
Preloading 1 native plugins for Editor in 1.19 ms.
Unloading 43 Unused Serialized files (Serialized files now loaded: 0)
Unloading 5148 unused Assets / (13.8 MB). Loaded Objects now: 6215.
Memory consumption went from 132.7 MB to 118.9 MB.
Total: 7.605792 ms (FindLiveObjects: 0.197834 ms CreateObjectMapping: 0.082666 ms MarkObjects: 6.046792 ms  DeleteObjects: 1.278250 ms)

Prepare: number of updated asset objects reloaded= 0
========================================================================
Received Prepare
Refreshing native plugins compatible for Editor in 1.48 ms, found 2 plugins.
Preloading 1 native plugins for Editor in 1.19 ms.
Unloading 43 Unused Serialized files (Serialized files now loaded: 0)
Unloading 5148 unused Assets / (13.7 MB). Loaded Objects now: 6215.
Memory consumption went from 132.7 MB to 119.1 MB.
Total: 7.505000 ms (FindLiveObjects: 0.201667 ms CreateObjectMapping: 0.078416 ms MarkObjects: 6.035167 ms  DeleteObjects: 1.189459 ms)

Prepare: number of updated asset objects reloaded= 0
========================================================================
Received Prepare
Refreshing native plugins compatible for Editor in 1.58 ms, found 2 plugins.
Preloading 1 native plugins for Editor in 1.19 ms.
Unloading 43 Unused Serialized files (Serialized files now loaded: 0)
Unloading 5148 unused Assets / (13.7 MB). Loaded Objects now: 6215.
Memory consumption went from 132.7 MB to 119.1 MB.
Total: 7.493958 ms (FindLiveObjects: 0.195666 ms CreateObjectMapping: 0.074459 ms MarkObjects: 6.017583 ms  DeleteObjects: 1.205875 ms)

Prepare: number of updated asset objects reloaded= 0
========================================================================
Received Prepare
Begin MonoManager ReloadAssembly
Thread 0x16b88f000 may have been prematurely finalized
Symbol file LoadedFromMemory is not a mono symbol file
Symbol file LoadedFromMemory is not a mono symbol file
- Loaded All Assemblies, in  0.321 seconds
Refreshing native plugins compatible for Editor in 1.06 ms, found 2 plugins.
Native extension for OSXStandalone target not found
Native extension for WebGL target not found
Refreshing native plugins compatible for Editor in 1.61 ms, found 2 plugins.
[Package Manager] Failed to launch server process. Reason: Unity was launched with the -noUpm command-line argument
[Package Manager] Unable to send message (not connected to server process).
[Package Manager] Cannot connect to Unity Package Manager local server
ScheduleIndexationOnStartup MainProcess:False IndexOnStartup:True
Mono: successfully reloaded assembly
- Finished resetting the current domain, in  0.442 seconds
Domain Reload Profiling: 764ms
	BeginReloadAssembly (72ms)
		ExecutionOrderSort (0ms)
		DisableScriptedObjects (3ms)
		BackupInstance (0ms)
		ReleaseScriptingObjects (0ms)
		CreateAndSetChildDomain (22ms)
	RebuildCommonClasses (16ms)
	RebuildNativeTypeToScriptingClass (6ms)
	initialDomainReloadingComplete (12ms)
	LoadAllAssembliesAndSetupDomain (215ms)
		LoadAssemblies (164ms)
		RebuildTransferFunctionScriptingTraits (0ms)
		AnalyzeDomain (73ms)
			TypeCache.Refresh (10ms)
				TypeCache.ScanAssembly (0ms)
			BuildScriptInfoCaches (60ms)
			ResolveRequiredComponents (1ms)
	FinalizeReload (442ms)
		ReleaseScriptCaches (0ms)
		RebuildScriptCaches (0ms)
		SetupLoadedEditorAssemblies (387ms)
			LogAssemblyErrors (0ms)
			InitializePlatformSupportModulesInManaged (1ms)
			SetLoadedEditorAssemblies (2ms)
			BeforeProcessingInitializeOnLoad (96ms)
			ProcessInitializeOnLoadAttributes (179ms)
			ProcessInitializeOnLoadMethodAttributes (109ms)
			AfterProcessingInitializeOnLoad (1ms)
			EditorAssembliesLoaded (0ms)
		ExecutionOrderSort2 (0ms)
		AwakeInstancesAfterBackupRestoration (1ms)
Refreshing native plugins compatible for Editor in 1.26 ms, found 2 plugins.
Preloading 1 native plugins for Editor in 1.20 ms.
Unloading 43 Unused Serialized files (Serialized files now loaded: 0)
Unloading 5193 unused Assets / (13.7 MB). Loaded Objects now: 6219.
Memory consumption went from 146.4 MB to 132.7 MB.
Total: 8.058834 ms (FindLiveObjects: 0.210208 ms CreateObjectMapping: 0.078625 ms MarkObjects: 6.556958 ms  DeleteObjects: 1.212792 ms)

Prepare: number of updated asset objects reloaded= 0
========================================================================
Received Prepare
Refreshing native plugins compatible for Editor in 1.25 ms, found 2 plugins.
Preloading 1 native plugins for Editor in 1.27 ms.
Unloading 43 Unused Serialized files (Serialized files now loaded: 0)
Unloading 5148 unused Assets / (14.0 MB). Loaded Objects now: 6219.
Memory consumption went from 132.8 MB to 118.8 MB.
Total: 7.053958 ms (FindLiveObjects: 0.177958 ms CreateObjectMapping: 0.076625 ms MarkObjects: 5.626334 ms  DeleteObjects: 1.172833 ms)

Prepare: number of updated asset objects reloaded= 0
========================================================================
Received Prepare
Refreshing native plugins compatible for Editor in 1.59 ms, found 2 plugins.
Preloading 1 native plugins for Editor in 1.22 ms.
Unloading 43 Unused Serialized files (Serialized files now loaded: 0)
Unloading 5148 unused Assets / (13.0 MB). Loaded Objects now: 6219.
Memory consumption went from 132.8 MB to 119.8 MB.
Total: 7.722542 ms (FindLiveObjects: 0.202042 ms CreateObjectMapping: 0.079208 ms MarkObjects: 6.232708 ms  DeleteObjects: 1.208417 ms)

Prepare: number of updated asset objects reloaded= 0
========================================================================
Received Prepare
Refreshing native plugins compatible for Editor in 1.70 ms, found 2 plugins.
Preloading 1 native plugins for Editor in 1.21 ms.
Unloading 43 Unused Serialized files (Serialized files now loaded: 0)
Unloading 5148 unused Assets / (13.0 MB). Loaded Objects now: 6219.
Memory consumption went from 132.8 MB to 119.7 MB.
Total: 7.949209 ms (FindLiveObjects: 0.200375 ms CreateObjectMapping: 0.082584 ms MarkObjects: 6.451916 ms  DeleteObjects: 1.213958 ms)

Prepare: number of updated asset objects reloaded= 0
========================================================================
Received Prepare
Refreshing native plugins compatible for Editor in 1.44 ms, found 2 plugins.
Preloading 1 native plugins for Editor in 1.19 ms.
Unloading 43 Unused Serialized files (Serialized files now loaded: 0)
Unloading 5148 unused Assets / (13.6 MB). Loaded Objects now: 6219.
Memory consumption went from 132.8 MB to 119.1 MB.
Total: 7.607250 ms (FindLiveObjects: 0.201584 ms CreateObjectMapping: 0.082000 ms MarkObjects: 6.152500 ms  DeleteObjects: 1.171000 ms)

Prepare: number of updated asset objects reloaded= 0
========================================================================
Received Prepare
Refreshing native plugins compatible for Editor in 1.53 ms, found 2 plugins.
Preloading 1 native plugins for Editor in 1.23 ms.
Unloading 43 Unused Serialized files (Serialized files now loaded: 0)
Unloading 5148 unused Assets / (14.0 MB). Loaded Objects now: 6219.
Memory consumption went from 132.8 MB to 118.7 MB.
Total: 7.696709 ms (FindLiveObjects: 0.198833 ms CreateObjectMapping: 0.077917 ms MarkObjects: 6.127500 ms  DeleteObjects: 1.292125 ms)

Prepare: number of updated asset objects reloaded= 0
========================================================================
Received Prepare
Refreshing native plugins compatible for Editor in 1.38 ms, found 2 plugins.
Preloading 1 native plugins for Editor in 1.23 ms.
Unloading 43 Unused Serialized files (Serialized files now loaded: 0)
Unloading 5148 unused Assets / (11.8 MB). Loaded Objects now: 6219.
Memory consumption went from 132.8 MB to 121.0 MB.
Total: 7.510334 ms (FindLiveObjects: 0.205125 ms CreateObjectMapping: 0.078542 ms MarkObjects: 6.209583 ms  DeleteObjects: 1.017000 ms)

Prepare: number of updated asset objects reloaded= 0
========================================================================
Received Prepare
Begin MonoManager ReloadAssembly
Thread 0x16b88f000 may have been prematurely finalized
Symbol file LoadedFromMemory is not a mono symbol file
Symbol file LoadedFromMemory is not a mono symbol file
- Loaded All Assemblies, in  0.333 seconds
Refreshing native plugins compatible for Editor in 1.18 ms, found 2 plugins.
Native extension for OSXStandalone target not found
Native extension for WebGL target not found
Refreshing native plugins compatible for Editor in 1.40 ms, found 2 plugins.
[Package Manager] Failed to launch server process. Reason: Unity was launched with the -noUpm command-line argument
[Package Manager] Unable to send message (not connected to server process).
[Package Manager] Cannot connect to Unity Package Manager local server
ScheduleIndexationOnStartup MainProcess:False IndexOnStartup:True
Mono: successfully reloaded assembly
- Finished resetting the current domain, in  0.445 seconds
Domain Reload Profiling: 782ms
	BeginReloadAssembly (73ms)
		ExecutionOrderSort (0ms)
		DisableScriptedObjects (3ms)
		BackupInstance (0ms)
		ReleaseScriptingObjects (0ms)
		CreateAndSetChildDomain (22ms)
	RebuildCommonClasses (16ms)
	RebuildNativeTypeToScriptingClass (6ms)
	initialDomainReloadingComplete (12ms)
	LoadAllAssembliesAndSetupDomain (228ms)
		LoadAssemblies (179ms)
		RebuildTransferFunctionScriptingTraits (0ms)
		AnalyzeDomain (72ms)
			TypeCache.Refresh (9ms)
				TypeCache.ScanAssembly (1ms)
			BuildScriptInfoCaches (59ms)
			ResolveRequiredComponents (1ms)
	FinalizeReload (448ms)
		ReleaseScriptCaches (0ms)
		RebuildScriptCaches (0ms)
		SetupLoadedEditorAssemblies (388ms)
			LogAssemblyErrors (0ms)
			InitializePlatformSupportModulesInManaged (1ms)
			SetLoadedEditorAssemblies (2ms)
			BeforeProcessingInitializeOnLoad (99ms)
			ProcessInitializeOnLoadAttributes (183ms)
			ProcessInitializeOnLoadMethodAttributes (102ms)
			AfterProcessingInitializeOnLoad (1ms)
			EditorAssembliesLoaded (0ms)
		ExecutionOrderSort2 (0ms)
		AwakeInstancesAfterBackupRestoration (1ms)
Refreshing native plugins compatible for Editor in 1.15 ms, found 2 plugins.
Preloading 1 native plugins for Editor in 1.16 ms.
Unloading 43 Unused Serialized files (Serialized files now loaded: 0)
Unloading 5193 unused Assets / (11.3 MB). Loaded Objects now: 6223.
Memory consumption went from 146.4 MB to 135.1 MB.
Total: 7.523917 ms (FindLiveObjects: 0.193959 ms CreateObjectMapping: 0.080750 ms MarkObjects: 6.303333 ms  DeleteObjects: 0.945792 ms)

Prepare: number of updated asset objects reloaded= 0
========================================================================
Received Prepare
Refreshing native plugins compatible for Editor in 1.40 ms, found 2 plugins.
Preloading 1 native plugins for Editor in 1.22 ms.
Unloading 43 Unused Serialized files (Serialized files now loaded: 0)
Unloading 5148 unused Assets / (13.8 MB). Loaded Objects now: 6223.
Memory consumption went from 132.8 MB to 118.9 MB.
Total: 7.889750 ms (FindLiveObjects: 0.201958 ms CreateObjectMapping: 0.149916 ms MarkObjects: 6.289709 ms  DeleteObjects: 1.247875 ms)

Prepare: number of updated asset objects reloaded= 0
========================================================================
Received Prepare
Begin MonoManager ReloadAssembly
Thread 0x16b88f000 may have been prematurely finalized
Symbol file LoadedFromMemory is not a mono symbol file
Symbol file LoadedFromMemory is not a mono symbol file
- Loaded All Assemblies, in  0.333 seconds
Refreshing native plugins compatible for Editor in 1.21 ms, found 2 plugins.
Native extension for OSXStandalone target not found
Native extension for WebGL target not found
Refreshing native plugins compatible for Editor in 1.17 ms, found 2 plugins.
[Package Manager] Failed to launch server process. Reason: Unity was launched with the -noUpm command-line argument
[Package Manager] Unable to send message (not connected to server process).
[Package Manager] Cannot connect to Unity Package Manager local server
ScheduleIndexationOnStartup MainProcess:False IndexOnStartup:True
Mono: successfully reloaded assembly
- Finished resetting the current domain, in  0.438 seconds
Domain Reload Profiling: 772ms
	BeginReloadAssembly (73ms)
		ExecutionOrderSort (0ms)
		DisableScriptedObjects (3ms)
		BackupInstance (0ms)
		ReleaseScriptingObjects (0ms)
		CreateAndSetChildDomain (22ms)
	RebuildCommonClasses (16ms)
	RebuildNativeTypeToScriptingClass (6ms)
	initialDomainReloadingComplete (12ms)
	LoadAllAssembliesAndSetupDomain (227ms)
		LoadAssemblies (182ms)
		RebuildTransferFunctionScriptingTraits (0ms)
		AnalyzeDomain (67ms)
			TypeCache.Refresh (7ms)
				TypeCache.ScanAssembly (0ms)
			BuildScriptInfoCaches (57ms)
			ResolveRequiredComponents (1ms)
	FinalizeReload (438ms)
		ReleaseScriptCaches (0ms)
		RebuildScriptCaches (0ms)
		SetupLoadedEditorAssemblies (381ms)
			LogAssemblyErrors (0ms)
			InitializePlatformSupportModulesInManaged (1ms)
			SetLoadedEditorAssemblies (2ms)
			BeforeProcessingInitializeOnLoad (95ms)
			ProcessInitializeOnLoadAttributes (186ms)
			ProcessInitializeOnLoadMethodAttributes (97ms)
			AfterProcessingInitializeOnLoad (1ms)
			EditorAssembliesLoaded (0ms)
		ExecutionOrderSort2 (0ms)
		AwakeInstancesAfterBackupRestoration (1ms)
Refreshing native plugins compatible for Editor in 1.24 ms, found 2 plugins.
Preloading 1 native plugins for Editor in 1.27 ms.
Unloading 43 Unused Serialized files (Serialized files now loaded: 0)
Unloading 5193 unused Assets / (13.9 MB). Loaded Objects now: 6227.
Memory consumption went from 146.4 MB to 132.5 MB.
Total: 7.878875 ms (FindLiveObjects: 0.186625 ms CreateObjectMapping: 0.090625 ms MarkObjects: 6.443792 ms  DeleteObjects: 1.157542 ms)

Prepare: number of updated asset objects reloaded= 0
========================================================================
Received Prepare
Refreshing native plugins compatible for Editor in 1.58 ms, found 2 plugins.
Preloading 1 native plugins for Editor in 1.21 ms.
Unloading 43 Unused Serialized files (Serialized files now loaded: 0)
Unloading 5148 unused Assets / (12.7 MB). Loaded Objects now: 6227.
Memory consumption went from 132.8 MB to 120.1 MB.
Total: 7.746375 ms (FindLiveObjects: 0.198750 ms CreateObjectMapping: 0.078333 ms MarkObjects: 6.194750 ms  DeleteObjects: 1.274291 ms)

Prepare: number of updated asset objects reloaded= 0
========================================================================
Received Prepare
Refreshing native plugins compatible for Editor in 1.55 ms, found 2 plugins.
Preloading 1 native plugins for Editor in 1.16 ms.
Unloading 43 Unused Serialized files (Serialized files now loaded: 0)
Unloading 5148 unused Assets / (13.6 MB). Loaded Objects now: 6227.
Memory consumption went from 132.8 MB to 119.2 MB.
Total: 7.445041 ms (FindLiveObjects: 0.199625 ms CreateObjectMapping: 0.079375 ms MarkObjects: 6.015375 ms  DeleteObjects: 1.150334 ms)

Prepare: number of updated asset objects reloaded= 0
========================================================================
Received Prepare
Refreshing native plugins compatible for Editor in 1.41 ms, found 2 plugins.
Preloading 1 native plugins for Editor in 1.16 ms.
Unloading 43 Unused Serialized files (Serialized files now loaded: 0)
Unloading 5148 unused Assets / (13.6 MB). Loaded Objects now: 6227.
Memory consumption went from 132.8 MB to 119.2 MB.
Total: 7.460166 ms (FindLiveObjects: 0.201209 ms CreateObjectMapping: 0.077041 ms MarkObjects: 6.025709 ms  DeleteObjects: 1.156041 ms)

Prepare: number of updated asset objects reloaded= 0
========================================================================
Received Prepare
Refreshing native plugins compatible for Editor in 1.48 ms, found 2 plugins.
Preloading 1 native plugins for Editor in 1.18 ms.
Unloading 43 Unused Serialized files (Serialized files now loaded: 0)
Unloading 5148 unused Assets / (14.0 MB). Loaded Objects now: 6227.
Memory consumption went from 132.8 MB to 118.8 MB.
Total: 7.569042 ms (FindLiveObjects: 0.199500 ms CreateObjectMapping: 0.074666 ms MarkObjects: 6.005250 ms  DeleteObjects: 1.289584 ms)

Prepare: number of updated asset objects reloaded= 0
========================================================================
Received Prepare
Refreshing native plugins compatible for Editor in 1.46 ms, found 2 plugins.
Preloading 1 native plugins for Editor in 1.19 ms.
Unloading 43 Unused Serialized files (Serialized files now loaded: 0)
Unloading 5148 unused Assets / (13.3 MB). Loaded Objects now: 6227.
Memory consumption went from 132.8 MB to 119.5 MB.
Total: 7.803458 ms (FindLiveObjects: 0.198708 ms CreateObjectMapping: 0.081417 ms MarkObjects: 6.413208 ms  DeleteObjects: 1.109875 ms)

Prepare: number of updated asset objects reloaded= 0
========================================================================
Received Prepare
Refreshing native plugins compatible for Editor in 1.60 ms, found 2 plugins.
Preloading 1 native plugins for Editor in 1.20 ms.
Unloading 43 Unused Serialized files (Serialized files now loaded: 0)
Unloading 5148 unused Assets / (13.9 MB). Loaded Objects now: 6227.
Memory consumption went from 132.8 MB to 118.9 MB.
Total: 7.656625 ms (FindLiveObjects: 0.203042 ms CreateObjectMapping: 0.075292 ms MarkObjects: 6.078042 ms  DeleteObjects: 1.299834 ms)

Prepare: number of updated asset objects reloaded= 0
========================================================================
Received Prepare
Refreshing native plugins compatible for Editor in 1.48 ms, found 2 plugins.
Preloading 1 native plugins for Editor in 1.20 ms.
Unloading 43 Unused Serialized files (Serialized files now loaded: 0)
Unloading 5148 unused Assets / (13.9 MB). Loaded Objects now: 6227.
Memory consumption went from 132.8 MB to 118.9 MB.
Total: 7.722750 ms (FindLiveObjects: 0.202916 ms CreateObjectMapping: 0.081625 ms MarkObjects: 6.158750 ms  DeleteObjects: 1.279083 ms)

Prepare: number of updated asset objects reloaded= 0
========================================================================
Received Prepare
Refreshing native plugins compatible for Editor in 1.53 ms, found 2 plugins.
Preloading 1 native plugins for Editor in 1.18 ms.
Unloading 43 Unused Serialized files (Serialized files now loaded: 0)
Unloading 5148 unused Assets / (13.9 MB). Loaded Objects now: 6227.
Memory consumption went from 132.8 MB to 118.9 MB.
Total: 7.569250 ms (FindLiveObjects: 0.201000 ms CreateObjectMapping: 0.074792 ms MarkObjects: 6.047666 ms  DeleteObjects: 1.245208 ms)

Prepare: number of updated asset objects reloaded= 0
========================================================================
Received Prepare
Refreshing native plugins compatible for Editor in 1.43 ms, found 2 plugins.
Preloading 1 native plugins for Editor in 1.14 ms.
Unloading 43 Unused Serialized files (Serialized files now loaded: 0)
Unloading 5148 unused Assets / (13.7 MB). Loaded Objects now: 6227.
Memory consumption went from 132.8 MB to 119.1 MB.
Total: 7.580917 ms (FindLiveObjects: 0.203417 ms CreateObjectMapping: 0.077958 ms MarkObjects: 6.116083 ms  DeleteObjects: 1.183208 ms)

Prepare: number of updated asset objects reloaded= 0
========================================================================
Received Prepare
Begin MonoManager ReloadAssembly
[Licensing::Client] Successfully resolved entitlement details
[Licensing::Module] License group:
  Id: F4-85AS-8ZW6-XMRF-425Z-XXXX
  Product: Unity Personal
  Type: ULF
  Expiration: Unlimited
[Licensing::Module] License group:
  Id: 6872810951280-UnityPersXXXX
  Product: Unity Personal
  Type: Assigned
  Expiration: Unlimited
Thread 0x16b88f000 may have been prematurely finalized
Symbol file LoadedFromMemory is not a mono symbol file
Symbol file LoadedFromMemory is not a mono symbol file
- Loaded All Assemblies, in  0.351 seconds
Refreshing native plugins compatible for Editor in 1.31 ms, found 2 plugins.
Native extension for OSXStandalone target not found
Native extension for WebGL target not found
Refreshing native plugins compatible for Editor in 1.60 ms, found 2 plugins.
[Package Manager] Failed to launch server process. Reason: Unity was launched with the -noUpm command-line argument
[Package Manager] Unable to send message (not connected to server process).
[Package Manager] Cannot connect to Unity Package Manager local server
ScheduleIndexationOnStartup MainProcess:False IndexOnStartup:True
Mono: successfully reloaded assembly
- Finished resetting the current domain, in  0.435 seconds
Domain Reload Profiling: 787ms
	BeginReloadAssembly (78ms)
		ExecutionOrderSort (0ms)
		DisableScriptedObjects (3ms)
		BackupInstance (0ms)
		ReleaseScriptingObjects (0ms)
		CreateAndSetChildDomain (24ms)
	RebuildCommonClasses (16ms)
	RebuildNativeTypeToScriptingClass (6ms)
	initialDomainReloadingComplete (13ms)
	LoadAllAssembliesAndSetupDomain (239ms)
		LoadAssemblies (193ms)
		RebuildTransferFunctionScriptingTraits (0ms)
		AnalyzeDomain (68ms)
			TypeCache.Refresh (7ms)
				TypeCache.ScanAssembly (0ms)
			BuildScriptInfoCaches (58ms)
			ResolveRequiredComponents (1ms)
	FinalizeReload (435ms)
		ReleaseScriptCaches (0ms)
		RebuildScriptCaches (0ms)
		SetupLoadedEditorAssemblies (379ms)
			LogAssemblyErrors (0ms)
			InitializePlatformSupportModulesInManaged (1ms)
			SetLoadedEditorAssemblies (2ms)
			BeforeProcessingInitializeOnLoad (94ms)
			ProcessInitializeOnLoadAttributes (179ms)
			ProcessInitializeOnLoadMethodAttributes (102ms)
			AfterProcessingInitializeOnLoad (1ms)
			EditorAssembliesLoaded (0ms)
		ExecutionOrderSort2 (0ms)
		AwakeInstancesAfterBackupRestoration (1ms)
Refreshing native plugins compatible for Editor in 1.57 ms, found 2 plugins.
Preloading 1 native plugins for Editor in 1.24 ms.
Unloading 43 Unused Serialized files (Serialized files now loaded: 0)
Unloading 5193 unused Assets / (12.2 MB). Loaded Objects now: 6231.
Memory consumption went from 146.4 MB to 134.2 MB.
Total: 8.011625 ms (FindLiveObjects: 0.204375 ms CreateObjectMapping: 0.076666 ms MarkObjects: 6.573584 ms  DeleteObjects: 1.156792 ms)

Prepare: number of updated asset objects reloaded= 0
========================================================================
Received Prepare
Refreshing native plugins compatible for Editor in 1.58 ms, found 2 plugins.
Preloading 1 native plugins for Editor in 1.22 ms.
Unloading 43 Unused Serialized files (Serialized files now loaded: 0)
Unloading 5148 unused Assets / (13.6 MB). Loaded Objects now: 6231.
Memory consumption went from 132.8 MB to 119.2 MB.
Total: 7.537792 ms (FindLiveObjects: 0.201750 ms CreateObjectMapping: 0.075209 ms MarkObjects: 6.128916 ms  DeleteObjects: 1.131583 ms)

Prepare: number of updated asset objects reloaded= 0
========================================================================
Received Prepare
Refreshing native plugins compatible for Editor in 1.55 ms, found 2 plugins.
Preloading 1 native plugins for Editor in 1.23 ms.
Unloading 43 Unused Serialized files (Serialized files now loaded: 0)
Unloading 5148 unused Assets / (13.5 MB). Loaded Objects now: 6231.
Memory consumption went from 132.8 MB to 119.3 MB.
Total: 7.919292 ms (FindLiveObjects: 0.202833 ms CreateObjectMapping: 0.080458 ms MarkObjects: 6.428792 ms  DeleteObjects: 1.206875 ms)

Prepare: number of updated asset objects reloaded= 0
========================================================================
Received Prepare
Refreshing native plugins compatible for Editor in 1.37 ms, found 2 plugins.
Preloading 1 native plugins for Editor in 1.21 ms.
Unloading 43 Unused Serialized files (Serialized files now loaded: 0)
Unloading 5148 unused Assets / (13.9 MB). Loaded Objects now: 6231.
Memory consumption went from 132.8 MB to 118.9 MB.
Total: 7.775875 ms (FindLiveObjects: 0.198583 ms CreateObjectMapping: 0.075250 ms MarkObjects: 6.244250 ms  DeleteObjects: 1.257584 ms)

Prepare: number of updated asset objects reloaded= 0
========================================================================
Received Prepare
Begin MonoManager ReloadAssembly
Thread 0x16b88f000 may have been prematurely finalized
Symbol file LoadedFromMemory is not a mono symbol file
Symbol file LoadedFromMemory is not a mono symbol file
- Loaded All Assemblies, in  0.321 seconds
Refreshing native plugins compatible for Editor in 1.17 ms, found 2 plugins.
Native extension for OSXStandalone target not found
Native extension for WebGL target not found
Refreshing native plugins compatible for Editor in 1.69 ms, found 2 plugins.
[Package Manager] Failed to launch server process. Reason: Unity was launched with the -noUpm command-line argument
[Package Manager] Unable to send message (not connected to server process).
[Package Manager] Cannot connect to Unity Package Manager local server
ScheduleIndexationOnStartup MainProcess:False IndexOnStartup:True
Mono: successfully reloaded assembly
- Finished resetting the current domain, in  0.447 seconds
Domain Reload Profiling: 769ms
	BeginReloadAssembly (73ms)
		ExecutionOrderSort (0ms)
		DisableScriptedObjects (3ms)
		BackupInstance (0ms)
		ReleaseScriptingObjects (0ms)
		CreateAndSetChildDomain (22ms)
	RebuildCommonClasses (16ms)
	RebuildNativeTypeToScriptingClass (6ms)
	initialDomainReloadingComplete (12ms)
	LoadAllAssembliesAndSetupDomain (216ms)
		LoadAssemblies (169ms)
		RebuildTransferFunctionScriptingTraits (0ms)
		AnalyzeDomain (69ms)
			TypeCache.Refresh (7ms)
				TypeCache.ScanAssembly (0ms)
			BuildScriptInfoCaches (59ms)
			ResolveRequiredComponents (1ms)
	FinalizeReload (447ms)
		ReleaseScriptCaches (0ms)
		RebuildScriptCaches (0ms)
		SetupLoadedEditorAssemblies (390ms)
			LogAssemblyErrors (0ms)
			InitializePlatformSupportModulesInManaged (1ms)
			SetLoadedEditorAssemblies (2ms)
			BeforeProcessingInitializeOnLoad (98ms)
			ProcessInitializeOnLoadAttributes (186ms)
			ProcessInitializeOnLoadMethodAttributes (103ms)
			AfterProcessingInitializeOnLoad (1ms)
			EditorAssembliesLoaded (0ms)
		ExecutionOrderSort2 (0ms)
		AwakeInstancesAfterBackupRestoration (1ms)
Refreshing native plugins compatible for Editor in 1.40 ms, found 2 plugins.
Preloading 1 native plugins for Editor in 1.23 ms.
Unloading 43 Unused Serialized files (Serialized files now loaded: 0)
Unloading 5193 unused Assets / (14.0 MB). Loaded Objects now: 6235.
Memory consumption went from 146.4 MB to 132.5 MB.
Total: 7.815584 ms (FindLiveObjects: 0.199583 ms CreateObjectMapping: 0.076292 ms MarkObjects: 6.204125 ms  DeleteObjects: 1.335375 ms)

Prepare: number of updated asset objects reloaded= 0
========================================================================
Received Prepare
Refreshing native plugins compatible for Editor in 1.15 ms, found 2 plugins.
Preloading 1 native plugins for Editor in 1.17 ms.
Unloading 43 Unused Serialized files (Serialized files now loaded: 0)
Unloading 5148 unused Assets / (13.9 MB). Loaded Objects now: 6235.
Memory consumption went from 132.8 MB to 118.9 MB.
Total: 7.704584 ms (FindLiveObjects: 0.204542 ms CreateObjectMapping: 0.086041 ms MarkObjects: 6.136417 ms  DeleteObjects: 1.277542 ms)

Prepare: number of updated asset objects reloaded= 0
========================================================================
Received Prepare
Begin MonoManager ReloadAssembly
Thread 0x16b88f000 may have been prematurely finalized
Symbol file LoadedFromMemory is not a mono symbol file
Symbol file LoadedFromMemory is not a mono symbol file
- Loaded All Assemblies, in  0.312 seconds
Refreshing native plugins compatible for Editor in 1.25 ms, found 2 plugins.
Native extension for OSXStandalone target not found
Native extension for WebGL target not found
Refreshing native plugins compatible for Editor in 1.19 ms, found 2 plugins.
[Package Manager] Failed to launch server process. Reason: Unity was launched with the -noUpm command-line argument
[Package Manager] Unable to send message (not connected to server process).
[Package Manager] Cannot connect to Unity Package Manager local server
ScheduleIndexationOnStartup MainProcess:False IndexOnStartup:True
Mono: successfully reloaded assembly
- Finished resetting the current domain, in  0.444 seconds
Domain Reload Profiling: 757ms
	BeginReloadAssembly (73ms)
		ExecutionOrderSort (0ms)
		DisableScriptedObjects (3ms)
		BackupInstance (0ms)
		ReleaseScriptingObjects (0ms)
		CreateAndSetChildDomain (22ms)
	RebuildCommonClasses (16ms)
	RebuildNativeTypeToScriptingClass (6ms)
	initialDomainReloadingComplete (12ms)
	LoadAllAssembliesAndSetupDomain (205ms)
		LoadAssemblies (161ms)
		RebuildTransferFunctionScriptingTraits (0ms)
		AnalyzeDomain (67ms)
			TypeCache.Refresh (7ms)
				TypeCache.ScanAssembly (0ms)
			BuildScriptInfoCaches (57ms)
			ResolveRequiredComponents (1ms)
	FinalizeReload (444ms)
		ReleaseScriptCaches (0ms)
		RebuildScriptCaches (0ms)
		SetupLoadedEditorAssemblies (388ms)
			LogAssemblyErrors (0ms)
			InitializePlatformSupportModulesInManaged (1ms)
			SetLoadedEditorAssemblies (2ms)
			BeforeProcessingInitializeOnLoad (100ms)
			ProcessInitializeOnLoadAttributes (181ms)
			ProcessInitializeOnLoadMethodAttributes (103ms)
			AfterProcessingInitializeOnLoad (1ms)
			EditorAssembliesLoaded (0ms)
		ExecutionOrderSort2 (0ms)
		AwakeInstancesAfterBackupRestoration (1ms)
Refreshing native plugins compatible for Editor in 1.47 ms, found 2 plugins.
Preloading 1 native plugins for Editor in 1.23 ms.
Unloading 43 Unused Serialized files (Serialized files now loaded: 0)
Unloading 5193 unused Assets / (14.3 MB). Loaded Objects now: 6239.
Memory consumption went from 146.4 MB to 132.1 MB.
Total: 7.839666 ms (FindLiveObjects: 0.200667 ms CreateObjectMapping: 0.081375 ms MarkObjects: 6.247083 ms  DeleteObjects: 1.310375 ms)

Prepare: number of updated asset objects reloaded= 0
========================================================================
Received Prepare
Refreshing native plugins compatible for Editor in 1.59 ms, found 2 plugins.
Preloading 1 native plugins for Editor in 1.21 ms.
Unloading 43 Unused Serialized files (Serialized files now loaded: 0)
Unloading 5148 unused Assets / (14.0 MB). Loaded Objects now: 6239.
Memory consumption went from 132.8 MB to 118.8 MB.
Total: 7.886709 ms (FindLiveObjects: 0.206334 ms CreateObjectMapping: 0.081250 ms MarkObjects: 6.309417 ms  DeleteObjects: 1.289334 ms)

Prepare: number of updated asset objects reloaded= 0
========================================================================
Received Prepare
Begin MonoManager ReloadAssembly
Thread 0x16b88f000 may have been prematurely finalized
Symbol file LoadedFromMemory is not a mono symbol file
Symbol file LoadedFromMemory is not a mono symbol file
- Loaded All Assemblies, in  0.316 seconds
Refreshing native plugins compatible for Editor in 1.39 ms, found 2 plugins.
Native extension for OSXStandalone target not found
Native extension for WebGL target not found
Refreshing native plugins compatible for Editor in 1.07 ms, found 2 plugins.
[Package Manager] Failed to launch server process. Reason: Unity was launched with the -noUpm command-line argument
[Package Manager] Unable to send message (not connected to server process).
[Package Manager] Cannot connect to Unity Package Manager local server
ScheduleIndexationOnStartup MainProcess:False IndexOnStartup:True
Mono: successfully reloaded assembly
- Finished resetting the current domain, in  0.456 seconds
Domain Reload Profiling: 774ms
	BeginReloadAssembly (76ms)
		ExecutionOrderSort (0ms)
		DisableScriptedObjects (3ms)
		BackupInstance (0ms)
		ReleaseScriptingObjects (0ms)
		CreateAndSetChildDomain (24ms)
	RebuildCommonClasses (16ms)
	RebuildNativeTypeToScriptingClass (6ms)
	initialDomainReloadingComplete (12ms)
	LoadAllAssembliesAndSetupDomain (207ms)
		LoadAssemblies (167ms)
		RebuildTransferFunctionScriptingTraits (0ms)
		AnalyzeDomain (64ms)
			TypeCache.Refresh (5ms)
				TypeCache.ScanAssembly (0ms)
			BuildScriptInfoCaches (57ms)
			ResolveRequiredComponents (1ms)
	FinalizeReload (457ms)
		ReleaseScriptCaches (0ms)
		RebuildScriptCaches (0ms)
		SetupLoadedEditorAssemblies (400ms)
			LogAssemblyErrors (0ms)
			InitializePlatformSupportModulesInManaged (1ms)
			SetLoadedEditorAssemblies (2ms)
			BeforeProcessingInitializeOnLoad (96ms)
			ProcessInitializeOnLoadAttributes (189ms)
			ProcessInitializeOnLoadMethodAttributes (112ms)
			AfterProcessingInitializeOnLoad (1ms)
			EditorAssembliesLoaded (0ms)
		ExecutionOrderSort2 (0ms)
		AwakeInstancesAfterBackupRestoration (1ms)
Refreshing native plugins compatible for Editor in 1.43 ms, found 2 plugins.
Preloading 1 native plugins for Editor in 1.21 ms.
Unloading 43 Unused Serialized files (Serialized files now loaded: 0)
Unloading 5193 unused Assets / (13.7 MB). Loaded Objects now: 6243.
Memory consumption went from 146.4 MB to 132.7 MB.
Total: 7.792625 ms (FindLiveObjects: 0.214583 ms CreateObjectMapping: 0.082375 ms MarkObjects: 6.307459 ms  DeleteObjects: 1.188000 ms)

Prepare: number of updated asset objects reloaded= 0
========================================================================
Received Prepare
Refreshing native plugins compatible for Editor in 1.25 ms, found 2 plugins.
Preloading 1 native plugins for Editor in 1.22 ms.
Unloading 43 Unused Serialized files (Serialized files now loaded: 0)
Unloading 5148 unused Assets / (14.2 MB). Loaded Objects now: 6243.
Memory consumption went from 132.8 MB to 118.6 MB.
Total: 7.828583 ms (FindLiveObjects: 0.191792 ms CreateObjectMapping: 0.078500 ms MarkObjects: 6.275875 ms  DeleteObjects: 1.282333 ms)

Prepare: number of updated asset objects reloaded= 0
========================================================================
Received Prepare
Refreshing native plugins compatible for Editor in 1.55 ms, found 2 plugins.
Preloading 1 native plugins for Editor in 1.22 ms.
Unloading 43 Unused Serialized files (Serialized files now loaded: 0)
Unloading 5148 unused Assets / (13.8 MB). Loaded Objects now: 6243.
Memory consumption went from 132.8 MB to 119.0 MB.
Total: 7.688125 ms (FindLiveObjects: 0.203959 ms CreateObjectMapping: 0.083416 ms MarkObjects: 6.177584 ms  DeleteObjects: 1.223000 ms)

Prepare: number of updated asset objects reloaded= 0
========================================================================
Received Prepare
Begin MonoManager ReloadAssembly
Thread 0x16b88f000 may have been prematurely finalized
Symbol file LoadedFromMemory is not a mono symbol file
Symbol file LoadedFromMemory is not a mono symbol file
- Loaded All Assemblies, in  0.293 seconds
Refreshing native plugins compatible for Editor in 1.23 ms, found 2 plugins.
Native extension for OSXStandalone target not found
Native extension for WebGL target not found
Refreshing native plugins compatible for Editor in 1.13 ms, found 2 plugins.
[Package Manager] Failed to launch server process. Reason: Unity was launched with the -noUpm command-line argument
[Package Manager] Unable to send message (not connected to server process).
[Package Manager] Cannot connect to Unity Package Manager local server
ScheduleIndexationOnStartup MainProcess:False IndexOnStartup:True
Mono: successfully reloaded assembly
- Finished resetting the current domain, in  0.439 seconds
Domain Reload Profiling: 734ms
	BeginReloadAssembly (72ms)
		ExecutionOrderSort (0ms)
		DisableScriptedObjects (3ms)
		BackupInstance (0ms)
		ReleaseScriptingObjects (0ms)
		CreateAndSetChildDomain (23ms)
	RebuildCommonClasses (16ms)
	RebuildNativeTypeToScriptingClass (6ms)
	initialDomainReloadingComplete (12ms)
	LoadAllAssembliesAndSetupDomain (188ms)
		LoadAssemblies (145ms)
		RebuildTransferFunctionScriptingTraits (0ms)
		AnalyzeDomain (65ms)
			TypeCache.Refresh (6ms)
				TypeCache.ScanAssembly (0ms)
			BuildScriptInfoCaches (56ms)
			ResolveRequiredComponents (1ms)
	FinalizeReload (440ms)
		ReleaseScriptCaches (0ms)
		RebuildScriptCaches (0ms)
		SetupLoadedEditorAssemblies (383ms)
			LogAssemblyErrors (0ms)
			InitializePlatformSupportModulesInManaged (1ms)
			SetLoadedEditorAssemblies (2ms)
			BeforeProcessingInitializeOnLoad (98ms)
			ProcessInitializeOnLoadAttributes (181ms)
			ProcessInitializeOnLoadMethodAttributes (101ms)
			AfterProcessingInitializeOnLoad (1ms)
			EditorAssembliesLoaded (0ms)
		ExecutionOrderSort2 (0ms)
		AwakeInstancesAfterBackupRestoration (1ms)
Refreshing native plugins compatible for Editor in 1.18 ms, found 2 plugins.
Preloading 1 native plugins for Editor in 1.25 ms.
Unloading 43 Unused Serialized files (Serialized files now loaded: 0)
Unloading 5193 unused Assets / (14.0 MB). Loaded Objects now: 6247.
Memory consumption went from 146.4 MB to 132.5 MB.
Total: 7.947958 ms (FindLiveObjects: 0.206125 ms CreateObjectMapping: 0.084709 ms MarkObjects: 6.343208 ms  DeleteObjects: 1.313833 ms)

Prepare: number of updated asset objects reloaded= 0
========================================================================
Received Prepare
Refreshing native plugins compatible for Editor in 1.30 ms, found 2 plugins.
Preloading 1 native plugins for Editor in 1.19 ms.
Unloading 43 Unused Serialized files (Serialized files now loaded: 0)
Unloading 5148 unused Assets / (14.3 MB). Loaded Objects now: 6247.
Memory consumption went from 132.8 MB to 118.6 MB.
Total: 7.709083 ms (FindLiveObjects: 0.207583 ms CreateObjectMapping: 0.077125 ms MarkObjects: 6.128375 ms  DeleteObjects: 1.295833 ms)

Prepare: number of updated asset objects reloaded= 0
========================================================================
Received Prepare
Begin MonoManager ReloadAssembly
[Licensing::Client] Successfully resolved entitlement details
[Licensing::Module] License group:
  Id: F4-85AS-8ZW6-XMRF-425Z-XXXX
  Product: Unity Personal
  Type: ULF
  Expiration: Unlimited
[Licensing::Module] License group:
  Id: 6872810951280-UnityPersXXXX
  Product: Unity Personal
  Type: Assigned
  Expiration: Unlimited
Thread 0x16b88f000 may have been prematurely finalized
Symbol file LoadedFromMemory is not a mono symbol file
Symbol file LoadedFromMemory is not a mono symbol file
- Loaded All Assemblies, in  0.325 seconds
Refreshing native plugins compatible for Editor in 0.96 ms, found 2 plugins.
Native extension for OSXStandalone target not found
Native extension for WebGL target not found
Refreshing native plugins compatible for Editor in 1.16 ms, found 2 plugins.
[Package Manager] Failed to launch server process. Reason: Unity was launched with the -noUpm command-line argument
[Package Manager] Unable to send message (not connected to server process).
[Package Manager] Cannot connect to Unity Package Manager local server
ScheduleIndexationOnStartup MainProcess:False IndexOnStartup:True
Mono: successfully reloaded assembly
- Finished resetting the current domain, in  0.453 seconds
Domain Reload Profiling: 780ms
	BeginReloadAssembly (77ms)
		ExecutionOrderSort (0ms)
		DisableScriptedObjects (3ms)
		BackupInstance (0ms)
		ReleaseScriptingObjects (0ms)
		CreateAndSetChildDomain (27ms)
	RebuildCommonClasses (16ms)
	RebuildNativeTypeToScriptingClass (6ms)
	initialDomainReloadingComplete (13ms)
	LoadAllAssembliesAndSetupDomain (214ms)
		LoadAssemblies (157ms)
		RebuildTransferFunctionScriptingTraits (0ms)
		AnalyzeDomain (78ms)
			TypeCache.Refresh (7ms)
				TypeCache.ScanAssembly (0ms)
			BuildScriptInfoCaches (69ms)
			ResolveRequiredComponents (1ms)
	FinalizeReload (453ms)
		ReleaseScriptCaches (0ms)
		RebuildScriptCaches (0ms)
		SetupLoadedEditorAssemblies (396ms)
			LogAssemblyErrors (0ms)
			InitializePlatformSupportModulesInManaged (1ms)
			SetLoadedEditorAssemblies (2ms)
			BeforeProcessingInitializeOnLoad (101ms)
			ProcessInitializeOnLoadAttributes (187ms)
			ProcessInitializeOnLoadMethodAttributes (104ms)
			AfterProcessingInitializeOnLoad (1ms)
			EditorAssembliesLoaded (0ms)
		ExecutionOrderSort2 (0ms)
		AwakeInstancesAfterBackupRestoration (1ms)
Refreshing native plugins compatible for Editor in 1.45 ms, found 2 plugins.
Preloading 1 native plugins for Editor in 1.20 ms.
Unloading 43 Unused Serialized files (Serialized files now loaded: 0)
Unloading 5193 unused Assets / (13.7 MB). Loaded Objects now: 6251.
Memory consumption went from 146.4 MB to 132.7 MB.
Total: 7.912417 ms (FindLiveObjects: 0.210584 ms CreateObjectMapping: 0.082083 ms MarkObjects: 6.379750 ms  DeleteObjects: 1.239875 ms)

Prepare: number of updated asset objects reloaded= 0
========================================================================
Received Prepare
Refreshing native plugins compatible for Editor in 1.24 ms, found 2 plugins.
Preloading 1 native plugins for Editor in 1.21 ms.
Unloading 43 Unused Serialized files (Serialized files now loaded: 0)
Unloading 5148 unused Assets / (13.8 MB). Loaded Objects now: 6251.
Memory consumption went from 132.8 MB to 119.1 MB.
Total: 7.685625 ms (FindLiveObjects: 0.202125 ms CreateObjectMapping: 0.081375 ms MarkObjects: 6.190500 ms  DeleteObjects: 1.211375 ms)

Prepare: number of updated asset objects reloaded= 0
========================================================================
Received Prepare
Begin MonoManager ReloadAssembly
Thread 0x16b88f000 may have been prematurely finalized
Symbol file LoadedFromMemory is not a mono symbol file
Symbol file LoadedFromMemory is not a mono symbol file
- Loaded All Assemblies, in  0.311 seconds
Refreshing native plugins compatible for Editor in 1.23 ms, found 2 plugins.
Native extension for OSXStandalone target not found
Native extension for WebGL target not found
Refreshing native plugins compatible for Editor in 1.21 ms, found 2 plugins.
[Package Manager] Failed to launch server process. Reason: Unity was launched with the -noUpm command-line argument
[Package Manager] Unable to send message (not connected to server process).
[Package Manager] Cannot connect to Unity Package Manager local server
ScheduleIndexationOnStartup MainProcess:False IndexOnStartup:True
Mono: successfully reloaded assembly
- Finished resetting the current domain, in  0.451 seconds
Domain Reload Profiling: 763ms
	BeginReloadAssembly (71ms)
		ExecutionOrderSort (0ms)
		DisableScriptedObjects (3ms)
		BackupInstance (0ms)
		ReleaseScriptingObjects (0ms)
		CreateAndSetChildDomain (22ms)
	RebuildCommonClasses (16ms)
	RebuildNativeTypeToScriptingClass (6ms)
	initialDomainReloadingComplete (12ms)
	LoadAllAssembliesAndSetupDomain (206ms)
		LoadAssemblies (159ms)
		RebuildTransferFunctionScriptingTraits (0ms)
		AnalyzeDomain (69ms)
			TypeCache.Refresh (6ms)
				TypeCache.ScanAssembly (0ms)
			BuildScriptInfoCaches (60ms)
			ResolveRequiredComponents (1ms)
	FinalizeReload (452ms)
		ReleaseScriptCaches (0ms)
		RebuildScriptCaches (0ms)
		SetupLoadedEditorAssemblies (394ms)
			LogAssemblyErrors (0ms)
			InitializePlatformSupportModulesInManaged (1ms)
			SetLoadedEditorAssemblies (2ms)
			BeforeProcessingInitializeOnLoad (104ms)
			ProcessInitializeOnLoadAttributes (183ms)
			ProcessInitializeOnLoadMethodAttributes (103ms)
			AfterProcessingInitializeOnLoad (1ms)
			EditorAssembliesLoaded (0ms)
		ExecutionOrderSort2 (0ms)
		AwakeInstancesAfterBackupRestoration (1ms)
Refreshing native plugins compatible for Editor in 1.22 ms, found 2 plugins.
Preloading 1 native plugins for Editor in 1.22 ms.
Unloading 43 Unused Serialized files (Serialized files now loaded: 0)
Unloading 5193 unused Assets / (13.9 MB). Loaded Objects now: 6255.
Memory consumption went from 146.5 MB to 132.6 MB.
Total: 7.883667 ms (FindLiveObjects: 0.203708 ms CreateObjectMapping: 0.081333 ms MarkObjects: 6.310417 ms  DeleteObjects: 1.287917 ms)

Prepare: number of updated asset objects reloaded= 0
========================================================================
Received Prepare
Refreshing native plugins compatible for Editor in 1.55 ms, found 2 plugins.
Preloading 1 native plugins for Editor in 1.19 ms.
Unloading 43 Unused Serialized files (Serialized files now loaded: 0)
Unloading 5148 unused Assets / (13.8 MB). Loaded Objects now: 6255.
Memory consumption went from 132.8 MB to 119.1 MB.
Total: 7.641333 ms (FindLiveObjects: 0.202916 ms CreateObjectMapping: 0.082750 ms MarkObjects: 6.132209 ms  DeleteObjects: 1.223208 ms)

Prepare: number of updated asset objects reloaded= 0
========================================================================
Received Prepare
Begin MonoManager ReloadAssembly
Thread 0x16b88f000 may have been prematurely finalized
Symbol file LoadedFromMemory is not a mono symbol file
Symbol file LoadedFromMemory is not a mono symbol file
- Loaded All Assemblies, in  0.310 seconds
Refreshing native plugins compatible for Editor in 1.59 ms, found 2 plugins.
Native extension for OSXStandalone target not found
Native extension for WebGL target not found
Refreshing native plugins compatible for Editor in 1.17 ms, found 2 plugins.
[Package Manager] Failed to launch server process. Reason: Unity was launched with the -noUpm command-line argument
[Package Manager] Unable to send message (not connected to server process).
[Package Manager] Cannot connect to Unity Package Manager local server
ScheduleIndexationOnStartup MainProcess:False IndexOnStartup:True
Mono: successfully reloaded assembly
- Finished resetting the current domain, in  0.462 seconds
Domain Reload Profiling: 774ms
	BeginReloadAssembly (73ms)
		ExecutionOrderSort (0ms)
		DisableScriptedObjects (3ms)
		BackupInstance (0ms)
		ReleaseScriptingObjects (0ms)
		CreateAndSetChildDomain (22ms)
	RebuildCommonClasses (15ms)
	RebuildNativeTypeToScriptingClass (6ms)
	initialDomainReloadingComplete (12ms)
	LoadAllAssembliesAndSetupDomain (204ms)
		LoadAssemblies (160ms)
		RebuildTransferFunctionScriptingTraits (0ms)
		AnalyzeDomain (67ms)
			TypeCache.Refresh (6ms)
				TypeCache.ScanAssembly (0ms)
			BuildScriptInfoCaches (57ms)
			ResolveRequiredComponents (1ms)
	FinalizeReload (462ms)
		ReleaseScriptCaches (0ms)
		RebuildScriptCaches (0ms)
		SetupLoadedEditorAssemblies (406ms)
			LogAssemblyErrors (0ms)
			InitializePlatformSupportModulesInManaged (1ms)
			SetLoadedEditorAssemblies (2ms)
			BeforeProcessingInitializeOnLoad (106ms)
			ProcessInitializeOnLoadAttributes (193ms)
			ProcessInitializeOnLoadMethodAttributes (103ms)
			AfterProcessingInitializeOnLoad (0ms)
			EditorAssembliesLoaded (0ms)
		ExecutionOrderSort2 (0ms)
		AwakeInstancesAfterBackupRestoration (1ms)
Refreshing native plugins compatible for Editor in 1.52 ms, found 2 plugins.
Preloading 1 native plugins for Editor in 1.22 ms.
Unloading 43 Unused Serialized files (Serialized files now loaded: 0)
Unloading 5193 unused Assets / (13.6 MB). Loaded Objects now: 6259.
Memory consumption went from 146.5 MB to 132.9 MB.
Total: 7.827958 ms (FindLiveObjects: 0.210209 ms CreateObjectMapping: 0.084916 ms MarkObjects: 6.336542 ms  DeleteObjects: 1.196083 ms)

Prepare: number of updated asset objects reloaded= 0
========================================================================
Received Prepare
Refreshing native plugins compatible for Editor in 1.30 ms, found 2 plugins.
Preloading 1 native plugins for Editor in 1.23 ms.
Unloading 43 Unused Serialized files (Serialized files now loaded: 0)
Unloading 5148 unused Assets / (14.0 MB). Loaded Objects now: 6259.
Memory consumption went from 132.8 MB to 118.8 MB.
Total: 7.584708 ms (FindLiveObjects: 0.200125 ms CreateObjectMapping: 0.077875 ms MarkObjects: 6.047958 ms  DeleteObjects: 1.258541 ms)

Prepare: number of updated asset objects reloaded= 0
========================================================================
Received Prepare
Begin MonoManager ReloadAssembly
Thread 0x16b88f000 may have been prematurely finalized
Symbol file LoadedFromMemory is not a mono symbol file
Symbol file LoadedFromMemory is not a mono symbol file
- Loaded All Assemblies, in  0.351 seconds
Refreshing native plugins compatible for Editor in 1.03 ms, found 2 plugins.
Native extension for OSXStandalone target not found
Native extension for WebGL target not found
Refreshing native plugins compatible for Editor in 1.05 ms, found 2 plugins.
[Package Manager] Failed to launch server process. Reason: Unity was launched with the -noUpm command-line argument
[Package Manager] Unable to send message (not connected to server process).
[Package Manager] Cannot connect to Unity Package Manager local server
ScheduleIndexationOnStartup MainProcess:False IndexOnStartup:True
Mono: successfully reloaded assembly
- Finished resetting the current domain, in  0.453 seconds
Domain Reload Profiling: 806ms
	BeginReloadAssembly (78ms)
		ExecutionOrderSort (0ms)
		DisableScriptedObjects (3ms)
		BackupInstance (0ms)
		ReleaseScriptingObjects (0ms)
		CreateAndSetChildDomain (26ms)
	RebuildCommonClasses (22ms)
	RebuildNativeTypeToScriptingClass (6ms)
	initialDomainReloadingComplete (16ms)
	LoadAllAssembliesAndSetupDomain (231ms)
		LoadAssemblies (187ms)
		RebuildTransferFunctionScriptingTraits (0ms)
		AnalyzeDomain (68ms)
			TypeCache.Refresh (7ms)
				TypeCache.ScanAssembly (0ms)
			BuildScriptInfoCaches (58ms)
			ResolveRequiredComponents (1ms)
	FinalizeReload (453ms)
		ReleaseScriptCaches (0ms)
		RebuildScriptCaches (0ms)
		SetupLoadedEditorAssemblies (395ms)
			LogAssemblyErrors (0ms)
			InitializePlatformSupportModulesInManaged (1ms)
			SetLoadedEditorAssemblies (2ms)
			BeforeProcessingInitializeOnLoad (101ms)
			ProcessInitializeOnLoadAttributes (187ms)
			ProcessInitializeOnLoadMethodAttributes (104ms)
			AfterProcessingInitializeOnLoad (1ms)
			EditorAssembliesLoaded (0ms)
		ExecutionOrderSort2 (0ms)
		AwakeInstancesAfterBackupRestoration (1ms)
Refreshing native plugins compatible for Editor in 1.63 ms, found 2 plugins.
Preloading 1 native plugins for Editor in 1.24 ms.
Unloading 43 Unused Serialized files (Serialized files now loaded: 0)
Unloading 5193 unused Assets / (13.9 MB). Loaded Objects now: 6263.
Memory consumption went from 146.5 MB to 132.6 MB.
Total: 7.830041 ms (FindLiveObjects: 0.210291 ms CreateObjectMapping: 0.127667 ms MarkObjects: 6.222791 ms  DeleteObjects: 1.268875 ms)

Prepare: number of updated asset objects reloaded= 0
========================================================================
Received Prepare
Refreshing native plugins compatible for Editor in 1.24 ms, found 2 plugins.
Preloading 1 native plugins for Editor in 1.21 ms.
Unloading 43 Unused Serialized files (Serialized files now loaded: 0)
Unloading 5148 unused Assets / (14.0 MB). Loaded Objects now: 6263.
Memory consumption went from 132.9 MB to 118.9 MB.
Total: 7.842458 ms (FindLiveObjects: 0.196708 ms CreateObjectMapping: 0.082917 ms MarkObjects: 6.277291 ms  DeleteObjects: 1.285375 ms)

Prepare: number of updated asset objects reloaded= 0
========================================================================
Received Prepare
Begin MonoManager ReloadAssembly
Thread 0x16b88f000 may have been prematurely finalized
Symbol file LoadedFromMemory is not a mono symbol file
Symbol file LoadedFromMemory is not a mono symbol file
- Loaded All Assemblies, in  0.308 seconds
Refreshing native plugins compatible for Editor in 1.25 ms, found 2 plugins.
Native extension for OSXStandalone target not found
Native extension for WebGL target not found
Refreshing native plugins compatible for Editor in 1.61 ms, found 2 plugins.
[Package Manager] Failed to launch server process. Reason: Unity was launched with the -noUpm command-line argument
[Package Manager] Unable to send message (not connected to server process).
[Package Manager] Cannot connect to Unity Package Manager local server
ScheduleIndexationOnStartup MainProcess:False IndexOnStartup:True
Mono: successfully reloaded assembly
- Finished resetting the current domain, in  0.448 seconds
Domain Reload Profiling: 758ms
	BeginReloadAssembly (72ms)
		ExecutionOrderSort (0ms)
		DisableScriptedObjects (3ms)
		BackupInstance (0ms)
		ReleaseScriptingObjects (0ms)
		CreateAndSetChildDomain (22ms)
	RebuildCommonClasses (16ms)
	RebuildNativeTypeToScriptingClass (6ms)
	initialDomainReloadingComplete (12ms)
	LoadAllAssembliesAndSetupDomain (203ms)
		LoadAssemblies (157ms)
		RebuildTransferFunctionScriptingTraits (0ms)
		AnalyzeDomain (68ms)
			TypeCache.Refresh (6ms)
				TypeCache.ScanAssembly (0ms)
			BuildScriptInfoCaches (59ms)
			ResolveRequiredComponents (1ms)
	FinalizeReload (448ms)
		ReleaseScriptCaches (0ms)
		RebuildScriptCaches (0ms)
		SetupLoadedEditorAssemblies (392ms)
			LogAssemblyErrors (0ms)
			InitializePlatformSupportModulesInManaged (1ms)
			SetLoadedEditorAssemblies (2ms)
			BeforeProcessingInitializeOnLoad (100ms)
			ProcessInitializeOnLoadAttributes (186ms)
			ProcessInitializeOnLoadMethodAttributes (103ms)
			AfterProcessingInitializeOnLoad (1ms)
			EditorAssembliesLoaded (0ms)
		ExecutionOrderSort2 (0ms)
		AwakeInstancesAfterBackupRestoration (1ms)
Refreshing native plugins compatible for Editor in 1.49 ms, found 2 plugins.
Preloading 1 native plugins for Editor in 1.21 ms.
Unloading 43 Unused Serialized files (Serialized files now loaded: 0)
Unloading 5193 unused Assets / (13.8 MB). Loaded Objects now: 6267.
Memory consumption went from 146.5 MB to 132.7 MB.
Total: 7.956459 ms (FindLiveObjects: 0.209959 ms CreateObjectMapping: 0.075125 ms MarkObjects: 6.403459 ms  DeleteObjects: 1.267709 ms)

Prepare: number of updated asset objects reloaded= 0
========================================================================
Received Prepare
Refreshing native plugins compatible for Editor in 1.04 ms, found 2 plugins.
Preloading 1 native plugins for Editor in 1.19 ms.
Unloading 43 Unused Serialized files (Serialized files now loaded: 0)
Unloading 5148 unused Assets / (13.5 MB). Loaded Objects now: 6267.
Memory consumption went from 132.9 MB to 119.4 MB.
Total: 7.635333 ms (FindLiveObjects: 0.192167 ms CreateObjectMapping: 0.077167 ms MarkObjects: 6.203458 ms  DeleteObjects: 1.162375 ms)

Prepare: number of updated asset objects reloaded= 0
========================================================================
Received Prepare
Refreshing native plugins compatible for Editor in 1.57 ms, found 2 plugins.
Preloading 1 native plugins for Editor in 1.24 ms.
Unloading 43 Unused Serialized files (Serialized files now loaded: 0)
Unloading 5148 unused Assets / (13.5 MB). Loaded Objects now: 6267.
Memory consumption went from 132.9 MB to 119.3 MB.
Total: 8.203834 ms (FindLiveObjects: 0.206083 ms CreateObjectMapping: 0.082042 ms MarkObjects: 6.623541 ms  DeleteObjects: 1.292084 ms)

Prepare: number of updated asset objects reloaded= 0
========================================================================
Received Prepare
Refreshing native plugins compatible for Editor in 1.52 ms, found 2 plugins.
Preloading 1 native plugins for Editor in 1.22 ms.
Unloading 43 Unused Serialized files (Serialized files now loaded: 0)
Unloading 5148 unused Assets / (13.8 MB). Loaded Objects now: 6267.
Memory consumption went from 132.9 MB to 119.0 MB.
Total: 7.648375 ms (FindLiveObjects: 0.207541 ms CreateObjectMapping: 0.087584 ms MarkObjects: 6.108833 ms  DeleteObjects: 1.244250 ms)

Prepare: number of updated asset objects reloaded= 0
========================================================================
Received Prepare
Refreshing native plugins compatible for Editor in 1.38 ms, found 2 plugins.
Preloading 1 native plugins for Editor in 1.21 ms.
Unloading 43 Unused Serialized files (Serialized files now loaded: 0)
Unloading 5148 unused Assets / (13.5 MB). Loaded Objects now: 6267.
Memory consumption went from 132.9 MB to 119.4 MB.
Total: 7.768042 ms (FindLiveObjects: 0.201917 ms CreateObjectMapping: 0.079041 ms MarkObjects: 6.320584 ms  DeleteObjects: 1.166334 ms)

Prepare: number of updated asset objects reloaded= 0
========================================================================
Received Prepare
Refreshing native plugins compatible for Editor in 1.43 ms, found 2 plugins.
Preloading 1 native plugins for Editor in 1.20 ms.
Unloading 43 Unused Serialized files (Serialized files now loaded: 0)
Unloading 5148 unused Assets / (13.9 MB). Loaded Objects now: 6267.
Memory consumption went from 132.9 MB to 118.9 MB.
Total: 7.683000 ms (FindLiveObjects: 0.196333 ms CreateObjectMapping: 0.073834 ms MarkObjects: 6.128625 ms  DeleteObjects: 1.283958 ms)

Prepare: number of updated asset objects reloaded= 0
========================================================================
Received Prepare
Refreshing native plugins compatible for Editor in 1.56 ms, found 2 plugins.
Preloading 1 native plugins for Editor in 1.24 ms.
Unloading 43 Unused Serialized files (Serialized files now loaded: 0)
Unloading 5148 unused Assets / (13.6 MB). Loaded Objects now: 6267.
Memory consumption went from 132.9 MB to 119.2 MB.
Total: 7.647333 ms (FindLiveObjects: 0.203500 ms CreateObjectMapping: 0.084916 ms MarkObjects: 6.210459 ms  DeleteObjects: 1.147917 ms)

Prepare: number of updated asset objects reloaded= 0
========================================================================
Received Prepare
Refreshing native plugins compatible for Editor in 1.57 ms, found 2 plugins.
Preloading 1 native plugins for Editor in 1.24 ms.
Unloading 43 Unused Serialized files (Serialized files now loaded: 0)
Unloading 5148 unused Assets / (13.4 MB). Loaded Objects now: 6267.
Memory consumption went from 132.9 MB to 119.4 MB.
Total: 7.892458 ms (FindLiveObjects: 0.205708 ms CreateObjectMapping: 0.092625 ms MarkObjects: 6.429416 ms  DeleteObjects: 1.164208 ms)

Prepare: number of updated asset objects reloaded= 0
========================================================================
Received Prepare
Refreshing native plugins compatible for Editor in 1.38 ms, found 2 plugins.
Preloading 1 native plugins for Editor in 1.21 ms.
Unloading 43 Unused Serialized files (Serialized files now loaded: 0)
Unloading 5148 unused Assets / (13.7 MB). Loaded Objects now: 6267.
Memory consumption went from 132.9 MB to 119.1 MB.
Total: 7.700542 ms (FindLiveObjects: 0.199667 ms CreateObjectMapping: 0.077000 ms MarkObjects: 6.191167 ms  DeleteObjects: 1.232500 ms)

Prepare: number of updated asset objects reloaded= 0
========================================================================
Received Prepare
Begin MonoManager ReloadAssembly
[Licensing::Client] Successfully resolved entitlement details
[Licensing::Module] License group:
  Id: F4-85AS-8ZW6-XMRF-425Z-XXXX
  Product: Unity Personal
  Type: ULF
  Expiration: Unlimited
[Licensing::Module] License group:
  Id: 6872810951280-UnityPersXXXX
  Product: Unity Personal
  Type: Assigned
  Expiration: Unlimited
Thread 0x16b88f000 may have been prematurely finalized
Symbol file LoadedFromMemory is not a mono symbol file
Symbol file LoadedFromMemory is not a mono symbol file
- Loaded All Assemblies, in  0.317 seconds
Refreshing native plugins compatible for Editor in 1.12 ms, found 2 plugins.
Native extension for OSXStandalone target not found
Native extension for WebGL target not found
Refreshing native plugins compatible for Editor in 1.11 ms, found 2 plugins.
[Package Manager] Failed to launch server process. Reason: Unity was launched with the -noUpm command-line argument
[Package Manager] Unable to send message (not connected to server process).
[Package Manager] Cannot connect to Unity Package Manager local server
ScheduleIndexationOnStartup MainProcess:False IndexOnStartup:True
Mono: successfully reloaded assembly
- Finished resetting the current domain, in  0.441 seconds
Domain Reload Profiling: 760ms
	BeginReloadAssembly (77ms)
		ExecutionOrderSort (0ms)
		DisableScriptedObjects (3ms)
		BackupInstance (0ms)
		ReleaseScriptingObjects (0ms)
		CreateAndSetChildDomain (24ms)
	RebuildCommonClasses (17ms)
	RebuildNativeTypeToScriptingClass (7ms)
	initialDomainReloadingComplete (13ms)
	LoadAllAssembliesAndSetupDomain (205ms)
		LoadAssemblies (163ms)
		RebuildTransferFunctionScriptingTraits (0ms)
		AnalyzeDomain (66ms)
			TypeCache.Refresh (6ms)
				TypeCache.ScanAssembly (0ms)
			BuildScriptInfoCaches (57ms)
			ResolveRequiredComponents (1ms)
	FinalizeReload (441ms)
		ReleaseScriptCaches (0ms)
		RebuildScriptCaches (0ms)
		SetupLoadedEditorAssemblies (385ms)
			LogAssemblyErrors (0ms)
			InitializePlatformSupportModulesInManaged (1ms)
			SetLoadedEditorAssemblies (2ms)
			BeforeProcessingInitializeOnLoad (99ms)
			ProcessInitializeOnLoadAttributes (180ms)
			ProcessInitializeOnLoadMethodAttributes (102ms)
			AfterProcessingInitializeOnLoad (1ms)
			EditorAssembliesLoaded (0ms)
		ExecutionOrderSort2 (0ms)
		AwakeInstancesAfterBackupRestoration (1ms)
Refreshing native plugins compatible for Editor in 1.22 ms, found 2 plugins.
Preloading 1 native plugins for Editor in 1.23 ms.
Unloading 43 Unused Serialized files (Serialized files now loaded: 0)
Unloading 5193 unused Assets / (13.1 MB). Loaded Objects now: 6271.
Memory consumption went from 146.5 MB to 133.4 MB.
Total: 7.961834 ms (FindLiveObjects: 0.214250 ms CreateObjectMapping: 0.092292 ms MarkObjects: 6.477916 ms  DeleteObjects: 1.177292 ms)

Prepare: number of updated asset objects reloaded= 0
========================================================================
Received Prepare
Refreshing native plugins compatible for Editor in 0.99 ms, found 2 plugins.
Preloading 1 native plugins for Editor in 1.17 ms.
Unloading 43 Unused Serialized files (Serialized files now loaded: 0)
Unloading 5148 unused Assets / (13.9 MB). Loaded Objects now: 6271.
Memory consumption went from 132.9 MB to 119.0 MB.
Total: 7.784125 ms (FindLiveObjects: 0.190542 ms CreateObjectMapping: 0.091708 ms MarkObjects: 6.344709 ms  DeleteObjects: 1.156792 ms)

Prepare: number of updated asset objects reloaded= 0
========================================================================
Received Prepare
Refreshing native plugins compatible for Editor in 1.57 ms, found 2 plugins.
Preloading 1 native plugins for Editor in 1.22 ms.
Unloading 43 Unused Serialized files (Serialized files now loaded: 0)
Unloading 5148 unused Assets / (14.2 MB). Loaded Objects now: 6271.
Memory consumption went from 132.9 MB to 118.6 MB.
Total: 7.758875 ms (FindLiveObjects: 0.202375 ms CreateObjectMapping: 0.078291 ms MarkObjects: 6.178417 ms  DeleteObjects: 1.299542 ms)

Prepare: number of updated asset objects reloaded= 0
========================================================================
Received Prepare
Refreshing native plugins compatible for Editor in 1.56 ms, found 2 plugins.
Preloading 1 native plugins for Editor in 1.19 ms.
Unloading 43 Unused Serialized files (Serialized files now loaded: 0)
Unloading 5148 unused Assets / (13.7 MB). Loaded Objects now: 6271.
Memory consumption went from 132.9 MB to 119.2 MB.
Total: 7.651000 ms (FindLiveObjects: 0.207042 ms CreateObjectMapping: 0.076458 ms MarkObjects: 6.186833 ms  DeleteObjects: 1.180458 ms)

Prepare: number of updated asset objects reloaded= 0
========================================================================
Received Prepare
Begin MonoManager ReloadAssembly
Thread 0x16b88f000 may have been prematurely finalized
Symbol file LoadedFromMemory is not a mono symbol file
Symbol file LoadedFromMemory is not a mono symbol file
- Loaded All Assemblies, in  0.318 seconds
Refreshing native plugins compatible for Editor in 1.41 ms, found 2 plugins.
Native extension for OSXStandalone target not found
Native extension for WebGL target not found
Refreshing native plugins compatible for Editor in 1.13 ms, found 2 plugins.
[Package Manager] Failed to launch server process. Reason: Unity was launched with the -noUpm command-line argument
[Package Manager] Unable to send message (not connected to server process).
[Package Manager] Cannot connect to Unity Package Manager local server
ScheduleIndexationOnStartup MainProcess:False IndexOnStartup:True
Mono: successfully reloaded assembly
- Finished resetting the current domain, in  0.458 seconds
Domain Reload Profiling: 778ms
	BeginReloadAssembly (74ms)
		ExecutionOrderSort (0ms)
		DisableScriptedObjects (3ms)
		BackupInstance (0ms)
		ReleaseScriptingObjects (0ms)
		CreateAndSetChildDomain (23ms)
	RebuildCommonClasses (16ms)
	RebuildNativeTypeToScriptingClass (7ms)
	initialDomainReloadingComplete (14ms)
	LoadAllAssembliesAndSetupDomain (209ms)
		LoadAssemblies (162ms)
		RebuildTransferFunctionScriptingTraits (0ms)
		AnalyzeDomain (69ms)
			TypeCache.Refresh (7ms)
				TypeCache.ScanAssembly (0ms)
			BuildScriptInfoCaches (60ms)
			ResolveRequiredComponents (1ms)
	FinalizeReload (458ms)
		ReleaseScriptCaches (0ms)
		RebuildScriptCaches (0ms)
		SetupLoadedEditorAssemblies (398ms)
			LogAssemblyErrors (0ms)
			InitializePlatformSupportModulesInManaged (1ms)
			SetLoadedEditorAssemblies (2ms)
			BeforeProcessingInitializeOnLoad (102ms)
			ProcessInitializeOnLoadAttributes (189ms)
			ProcessInitializeOnLoadMethodAttributes (104ms)
			AfterProcessingInitializeOnLoad (1ms)
			EditorAssembliesLoaded (0ms)
		ExecutionOrderSort2 (0ms)
		AwakeInstancesAfterBackupRestoration (1ms)
Refreshing native plugins compatible for Editor in 1.45 ms, found 2 plugins.
Preloading 1 native plugins for Editor in 1.26 ms.
Unloading 43 Unused Serialized files (Serialized files now loaded: 0)
Unloading 5193 unused Assets / (14.0 MB). Loaded Objects now: 6275.
Memory consumption went from 146.5 MB to 132.5 MB.
Total: 7.932125 ms (FindLiveObjects: 0.209958 ms CreateObjectMapping: 0.082583 ms MarkObjects: 6.328542 ms  DeleteObjects: 1.310792 ms)

Prepare: number of updated asset objects reloaded= 0
========================================================================
Received Prepare
Refreshing native plugins compatible for Editor in 1.29 ms, found 2 plugins.
Preloading 1 native plugins for Editor in 1.23 ms.
Unloading 43 Unused Serialized files (Serialized files now loaded: 0)
Unloading 5148 unused Assets / (13.6 MB). Loaded Objects now: 6275.
Memory consumption went from 132.9 MB to 119.3 MB.
Total: 7.839833 ms (FindLiveObjects: 0.201167 ms CreateObjectMapping: 0.076583 ms MarkObjects: 6.413416 ms  DeleteObjects: 1.148250 ms)

Prepare: number of updated asset objects reloaded= 0
========================================================================
Received Prepare
Refreshing native plugins compatible for Editor in 1.60 ms, found 2 plugins.
Preloading 1 native plugins for Editor in 1.24 ms.
Unloading 43 Unused Serialized files (Serialized files now loaded: 0)
Unloading 5148 unused Assets / (13.6 MB). Loaded Objects now: 6275.
Memory consumption went from 132.9 MB to 119.2 MB.
Total: 7.768209 ms (FindLiveObjects: 0.211375 ms CreateObjectMapping: 0.084708 ms MarkObjects: 6.298042 ms  DeleteObjects: 1.173750 ms)

Prepare: number of updated asset objects reloaded= 0
========================================================================
Received Prepare
Refreshing native plugins compatible for Editor in 1.55 ms, found 2 plugins.
Preloading 1 native plugins for Editor in 1.23 ms.
Unloading 43 Unused Serialized files (Serialized files now loaded: 0)
Unloading 5148 unused Assets / (13.7 MB). Loaded Objects now: 6275.
Memory consumption went from 132.9 MB to 119.2 MB.
Total: 7.729125 ms (FindLiveObjects: 0.203250 ms CreateObjectMapping: 0.083833 ms MarkObjects: 6.235458 ms  DeleteObjects: 1.206500 ms)

Prepare: number of updated asset objects reloaded= 0
========================================================================
Received Prepare
Refreshing native plugins compatible for Editor in 1.43 ms, found 2 plugins.
Preloading 1 native plugins for Editor in 1.21 ms.
Unloading 43 Unused Serialized files (Serialized files now loaded: 0)
Unloading 5148 unused Assets / (13.6 MB). Loaded Objects now: 6275.
Memory consumption went from 132.9 MB to 119.3 MB.
Total: 7.779417 ms (FindLiveObjects: 0.201333 ms CreateObjectMapping: 0.081167 ms MarkObjects: 6.150542 ms  DeleteObjects: 1.346375 ms)

Prepare: number of updated asset objects reloaded= 0
========================================================================
Received Prepare
Refreshing native plugins compatible for Editor in 1.37 ms, found 2 plugins.
Preloading 1 native plugins for Editor in 1.19 ms.
Unloading 43 Unused Serialized files (Serialized files now loaded: 0)
Unloading 5148 unused Assets / (13.6 MB). Loaded Objects now: 6275.
Memory consumption went from 132.9 MB to 119.3 MB.
Total: 7.549708 ms (FindLiveObjects: 0.202541 ms CreateObjectMapping: 0.086709 ms MarkObjects: 6.125541 ms  DeleteObjects: 1.134542 ms)

Prepare: number of updated asset objects reloaded= 0
========================================================================
Received Prepare
Begin MonoManager ReloadAssembly
Thread 0x16b88f000 may have been prematurely finalized
Symbol file LoadedFromMemory is not a mono symbol file
Symbol file LoadedFromMemory is not a mono symbol file
- Loaded All Assemblies, in  0.313 seconds
Refreshing native plugins compatible for Editor in 1.57 ms, found 2 plugins.
Native extension for OSXStandalone target not found
Native extension for WebGL target not found
Refreshing native plugins compatible for Editor in 1.03 ms, found 2 plugins.
[Package Manager] Failed to launch server process. Reason: Unity was launched with the -noUpm command-line argument
[Package Manager] Unable to send message (not connected to server process).
[Package Manager] Cannot connect to Unity Package Manager local server
ScheduleIndexationOnStartup MainProcess:False IndexOnStartup:True
Mono: successfully reloaded assembly
- Finished resetting the current domain, in  0.465 seconds
Domain Reload Profiling: 780ms
	BeginReloadAssembly (73ms)
		ExecutionOrderSort (0ms)
		DisableScriptedObjects (3ms)
		BackupInstance (0ms)
		ReleaseScriptingObjects (0ms)
		CreateAndSetChildDomain (23ms)
	RebuildCommonClasses (16ms)
	RebuildNativeTypeToScriptingClass (6ms)
	initialDomainReloadingComplete (13ms)
	LoadAllAssembliesAndSetupDomain (207ms)
		LoadAssemblies (162ms)
		RebuildTransferFunctionScriptingTraits (0ms)
		AnalyzeDomain (67ms)
			TypeCache.Refresh (6ms)
				TypeCache.ScanAssembly (0ms)
			BuildScriptInfoCaches (58ms)
			ResolveRequiredComponents (1ms)
	FinalizeReload (465ms)
		ReleaseScriptCaches (0ms)
		RebuildScriptCaches (0ms)
		SetupLoadedEditorAssemblies (407ms)
			LogAssemblyErrors (0ms)
			InitializePlatformSupportModulesInManaged (1ms)
			SetLoadedEditorAssemblies (2ms)
			BeforeProcessingInitializeOnLoad (104ms)
			ProcessInitializeOnLoadAttributes (189ms)
			ProcessInitializeOnLoadMethodAttributes (111ms)
			AfterProcessingInitializeOnLoad (1ms)
			EditorAssembliesLoaded (0ms)
		ExecutionOrderSort2 (0ms)
		AwakeInstancesAfterBackupRestoration (1ms)
Refreshing native plugins compatible for Editor in 1.21 ms, found 2 plugins.
Preloading 1 native plugins for Editor in 1.31 ms.
Unloading 43 Unused Serialized files (Serialized files now loaded: 0)
Unloading 5193 unused Assets / (13.4 MB). Loaded Objects now: 6279.
Memory consumption went from 146.5 MB to 133.1 MB.
Total: 7.807667 ms (FindLiveObjects: 0.204083 ms CreateObjectMapping: 0.078833 ms MarkObjects: 6.514250 ms  DeleteObjects: 1.010167 ms)

Prepare: number of updated asset objects reloaded= 0
========================================================================
Received Prepare
Refreshing native plugins compatible for Editor in 1.09 ms, found 2 plugins.
Preloading 1 native plugins for Editor in 1.25 ms.
Unloading 43 Unused Serialized files (Serialized files now loaded: 0)
Unloading 5148 unused Assets / (13.9 MB). Loaded Objects now: 6279.
Memory consumption went from 132.9 MB to 119.0 MB.
Total: 7.666958 ms (FindLiveObjects: 0.196375 ms CreateObjectMapping: 0.077333 ms MarkObjects: 6.236292 ms  DeleteObjects: 1.156333 ms)

Prepare: number of updated asset objects reloaded= 0
========================================================================
Received Prepare
Refreshing native plugins compatible for Editor in 1.54 ms, found 2 plugins.
Preloading 1 native plugins for Editor in 1.23 ms.
Unloading 43 Unused Serialized files (Serialized files now loaded: 0)
Unloading 5148 unused Assets / (13.8 MB). Loaded Objects now: 6279.
Memory consumption went from 132.9 MB to 119.1 MB.
Total: 7.906584 ms (FindLiveObjects: 0.203042 ms CreateObjectMapping: 0.084375 ms MarkObjects: 6.327583 ms  DeleteObjects: 1.291375 ms)

Prepare: number of updated asset objects reloaded= 0
========================================================================
Received Prepare
Begin MonoManager ReloadAssembly
Thread 0x16b88f000 may have been prematurely finalized
Symbol file LoadedFromMemory is not a mono symbol file
Symbol file LoadedFromMemory is not a mono symbol file
- Loaded All Assemblies, in  0.312 seconds
Refreshing native plugins compatible for Editor in 1.31 ms, found 2 plugins.
Native extension for OSXStandalone target not found
Native extension for WebGL target not found
Refreshing native plugins compatible for Editor in 1.47 ms, found 2 plugins.
[Package Manager] Failed to launch server process. Reason: Unity was launched with the -noUpm command-line argument
[Package Manager] Unable to send message (not connected to server process).
[Package Manager] Cannot connect to Unity Package Manager local server
ScheduleIndexationOnStartup MainProcess:False IndexOnStartup:True
Mono: successfully reloaded assembly
- Finished resetting the current domain, in  0.459 seconds
Domain Reload Profiling: 771ms
	BeginReloadAssembly (72ms)
		ExecutionOrderSort (0ms)
		DisableScriptedObjects (3ms)
		BackupInstance (0ms)
		ReleaseScriptingObjects (0ms)
		CreateAndSetChildDomain (21ms)
	RebuildCommonClasses (16ms)
	RebuildNativeTypeToScriptingClass (6ms)
	initialDomainReloadingComplete (13ms)
	LoadAllAssembliesAndSetupDomain (205ms)
		LoadAssemblies (160ms)
		RebuildTransferFunctionScriptingTraits (0ms)
		AnalyzeDomain (68ms)
			TypeCache.Refresh (6ms)
				TypeCache.ScanAssembly (0ms)
			BuildScriptInfoCaches (59ms)
			ResolveRequiredComponents (1ms)
	FinalizeReload (459ms)
		ReleaseScriptCaches (0ms)
		RebuildScriptCaches (0ms)
		SetupLoadedEditorAssemblies (401ms)
			LogAssemblyErrors (0ms)
			InitializePlatformSupportModulesInManaged (1ms)
			SetLoadedEditorAssemblies (2ms)
			BeforeProcessingInitializeOnLoad (106ms)
			ProcessInitializeOnLoadAttributes (188ms)
			ProcessInitializeOnLoadMethodAttributes (104ms)
			AfterProcessingInitializeOnLoad (1ms)
			EditorAssembliesLoaded (0ms)
		ExecutionOrderSort2 (0ms)
		AwakeInstancesAfterBackupRestoration (1ms)
Refreshing native plugins compatible for Editor in 1.60 ms, found 2 plugins.
Preloading 1 native plugins for Editor in 1.24 ms.
Unloading 43 Unused Serialized files (Serialized files now loaded: 0)
Unloading 5193 unused Assets / (14.0 MB). Loaded Objects now: 6283.
Memory consumption went from 146.5 MB to 132.5 MB.
Total: 7.824667 ms (FindLiveObjects: 0.215584 ms CreateObjectMapping: 0.081250 ms MarkObjects: 6.221000 ms  DeleteObjects: 1.306584 ms)

Prepare: number of updated asset objects reloaded= 0
========================================================================
Received Prepare
Refreshing native plugins compatible for Editor in 1.56 ms, found 2 plugins.
Preloading 1 native plugins for Editor in 1.24 ms.
Unloading 43 Unused Serialized files (Serialized files now loaded: 0)
Unloading 5148 unused Assets / (13.4 MB). Loaded Objects now: 6283.
Memory consumption went from 132.9 MB to 119.5 MB.
Total: 8.063792 ms (FindLiveObjects: 0.202542 ms CreateObjectMapping: 0.076750 ms MarkObjects: 6.545333 ms  DeleteObjects: 1.238917 ms)

Prepare: number of updated asset objects reloaded= 0
========================================================================
Received Prepare
Begin MonoManager ReloadAssembly
Thread 0x16b88f000 may have been prematurely finalized
Symbol file LoadedFromMemory is not a mono symbol file
Symbol file LoadedFromMemory is not a mono symbol file
- Loaded All Assemblies, in  0.322 seconds
Refreshing native plugins compatible for Editor in 1.95 ms, found 2 plugins.
Native extension for OSXStandalone target not found
Native extension for WebGL target not found
Refreshing native plugins compatible for Editor in 1.24 ms, found 2 plugins.
[Package Manager] Failed to launch server process. Reason: Unity was launched with the -noUpm command-line argument
[Package Manager] Unable to send message (not connected to server process).
[Package Manager] Cannot connect to Unity Package Manager local server
ScheduleIndexationOnStartup MainProcess:False IndexOnStartup:True
Mono: successfully reloaded assembly
- Finished resetting the current domain, in  0.461 seconds
Domain Reload Profiling: 785ms
	BeginReloadAssembly (78ms)
		ExecutionOrderSort (0ms)
		DisableScriptedObjects (3ms)
		BackupInstance (0ms)
		ReleaseScriptingObjects (0ms)
		CreateAndSetChildDomain (26ms)
	RebuildCommonClasses (16ms)
	RebuildNativeTypeToScriptingClass (6ms)
	initialDomainReloadingComplete (14ms)
	LoadAllAssembliesAndSetupDomain (210ms)
		LoadAssemblies (165ms)
		RebuildTransferFunctionScriptingTraits (0ms)
		AnalyzeDomain (69ms)
			TypeCache.Refresh (7ms)
				TypeCache.ScanAssembly (0ms)
			BuildScriptInfoCaches (59ms)
			ResolveRequiredComponents (1ms)
	FinalizeReload (462ms)
		ReleaseScriptCaches (0ms)
		RebuildScriptCaches (0ms)
		SetupLoadedEditorAssemblies (402ms)
			LogAssemblyErrors (0ms)
			InitializePlatformSupportModulesInManaged (1ms)
			SetLoadedEditorAssemblies (2ms)
			BeforeProcessingInitializeOnLoad (108ms)
			ProcessInitializeOnLoadAttributes (189ms)
			ProcessInitializeOnLoadMethodAttributes (102ms)
			AfterProcessingInitializeOnLoad (0ms)
			EditorAssembliesLoaded (0ms)
		ExecutionOrderSort2 (0ms)
		AwakeInstancesAfterBackupRestoration (1ms)
Refreshing native plugins compatible for Editor in 1.20 ms, found 2 plugins.
Preloading 1 native plugins for Editor in 1.23 ms.
Unloading 43 Unused Serialized files (Serialized files now loaded: 0)
Unloading 5193 unused Assets / (14.2 MB). Loaded Objects now: 6287.
Memory consumption went from 146.5 MB to 132.4 MB.
Total: 7.787209 ms (FindLiveObjects: 0.198667 ms CreateObjectMapping: 0.075000 ms MarkObjects: 6.233792 ms  DeleteObjects: 1.279542 ms)

Prepare: number of updated asset objects reloaded= 0
========================================================================
Received Prepare
Refreshing native plugins compatible for Editor in 1.54 ms, found 2 plugins.
Preloading 1 native plugins for Editor in 1.18 ms.
Unloading 43 Unused Serialized files (Serialized files now loaded: 0)
Unloading 5148 unused Assets / (13.9 MB). Loaded Objects now: 6287.
Memory consumption went from 132.9 MB to 119.0 MB.
Total: 7.781084 ms (FindLiveObjects: 0.204959 ms CreateObjectMapping: 0.079084 ms MarkObjects: 6.205125 ms  DeleteObjects: 1.291584 ms)

Prepare: number of updated asset objects reloaded= 0
========================================================================
Received Prepare
Refreshing native plugins compatible for Editor in 1.46 ms, found 2 plugins.
Preloading 1 native plugins for Editor in 1.18 ms.
Unloading 43 Unused Serialized files (Serialized files now loaded: 0)
Unloading 5148 unused Assets / (13.8 MB). Loaded Objects now: 6287.
Memory consumption went from 132.9 MB to 119.1 MB.
Total: 7.943000 ms (FindLiveObjects: 0.205000 ms CreateObjectMapping: 0.075875 ms MarkObjects: 6.402958 ms  DeleteObjects: 1.258834 ms)

Prepare: number of updated asset objects reloaded= 0
========================================================================
Received Prepare
Refreshing native plugins compatible for Editor in 1.54 ms, found 2 plugins.
Preloading 1 native plugins for Editor in 1.17 ms.
Unloading 43 Unused Serialized files (Serialized files now loaded: 0)
Unloading 5148 unused Assets / (13.7 MB). Loaded Objects now: 6287.
Memory consumption went from 132.9 MB to 119.2 MB.
Total: 7.414250 ms (FindLiveObjects: 0.205583 ms CreateObjectMapping: 0.082583 ms MarkObjects: 5.921375 ms  DeleteObjects: 1.204459 ms)

Prepare: number of updated asset objects reloaded= 0
========================================================================
Received Prepare
Refreshing native plugins compatible for Editor in 1.53 ms, found 2 plugins.
Preloading 1 native plugins for Editor in 1.19 ms.
Unloading 43 Unused Serialized files (Serialized files now loaded: 0)
Unloading 5148 unused Assets / (13.6 MB). Loaded Objects now: 6287.
Memory consumption went from 132.9 MB to 119.3 MB.
Total: 7.370708 ms (FindLiveObjects: 0.201042 ms CreateObjectMapping: 0.077500 ms MarkObjects: 5.928875 ms  DeleteObjects: 1.162958 ms)

Prepare: number of updated asset objects reloaded= 0
========================================================================
Received Prepare
Refreshing native plugins compatible for Editor in 1.46 ms, found 2 plugins.
Preloading 1 native plugins for Editor in 1.18 ms.
Unloading 43 Unused Serialized files (Serialized files now loaded: 0)
Unloading 5148 unused Assets / (13.7 MB). Loaded Objects now: 6287.
Memory consumption went from 132.9 MB to 119.2 MB.
Total: 7.610167 ms (FindLiveObjects: 0.204500 ms CreateObjectMapping: 0.083750 ms MarkObjects: 6.144833 ms  DeleteObjects: 1.176875 ms)

Prepare: number of updated asset objects reloaded= 0
========================================================================
Received Prepare
Refreshing native plugins compatible for Editor in 1.52 ms, found 2 plugins.
Preloading 1 native plugins for Editor in 1.22 ms.
Unloading 43 Unused Serialized files (Serialized files now loaded: 0)
Unloading 5148 unused Assets / (13.6 MB). Loaded Objects now: 6287.
Memory consumption went from 132.9 MB to 119.3 MB.
Total: 8.036958 ms (FindLiveObjects: 0.207875 ms CreateObjectMapping: 0.085083 ms MarkObjects: 6.486042 ms  DeleteObjects: 1.257708 ms)

Prepare: number of updated asset objects reloaded= 0
========================================================================
Received Prepare
Begin MonoManager ReloadAssembly
[Licensing::Client] Successfully resolved entitlement details
[Licensing::Module] License group:
  Id: F4-85AS-8ZW6-XMRF-425Z-XXXX
  Product: Unity Personal
  Type: ULF
  Expiration: Unlimited
[Licensing::Module] License group:
  Id: 6872810951280-UnityPersXXXX
  Product: Unity Personal
  Type: Assigned
  Expiration: Unlimited
Thread 0x16b88f000 may have been prematurely finalized
Symbol file LoadedFromMemory is not a mono symbol file
Symbol file LoadedFromMemory is not a mono symbol file
- Loaded All Assemblies, in  0.374 seconds
Refreshing native plugins compatible for Editor in 1.42 ms, found 2 plugins.
Native extension for OSXStandalone target not found
Native extension for WebGL target not found
Refreshing native plugins compatible for Editor in 1.12 ms, found 2 plugins.
[Package Manager] Failed to launch server process. Reason: Unity was launched with the -noUpm command-line argument
[Package Manager] Unable to send message (not connected to server process).
[Package Manager] Cannot connect to Unity Package Manager local server
ScheduleIndexationOnStartup MainProcess:False IndexOnStartup:True
Mono: successfully reloaded assembly
- Finished resetting the current domain, in  0.437 seconds
Domain Reload Profiling: 812ms
	BeginReloadAssembly (85ms)
		ExecutionOrderSort (0ms)
		DisableScriptedObjects (4ms)
		BackupInstance (0ms)
		ReleaseScriptingObjects (0ms)
		CreateAndSetChildDomain (26ms)
	RebuildCommonClasses (16ms)
	RebuildNativeTypeToScriptingClass (6ms)
	initialDomainReloadingComplete (14ms)
	LoadAllAssembliesAndSetupDomain (254ms)
		LoadAssemblies (208ms)
		RebuildTransferFunctionScriptingTraits (0ms)
		AnalyzeDomain (72ms)
			TypeCache.Refresh (7ms)
				TypeCache.ScanAssembly (0ms)
			BuildScriptInfoCaches (59ms)
			ResolveRequiredComponents (1ms)
	FinalizeReload (437ms)
		ReleaseScriptCaches (0ms)
		RebuildScriptCaches (0ms)
		SetupLoadedEditorAssemblies (378ms)
			LogAssemblyErrors (0ms)
			InitializePlatformSupportModulesInManaged (1ms)
			SetLoadedEditorAssemblies (2ms)
			BeforeProcessingInitializeOnLoad (99ms)
			ProcessInitializeOnLoadAttributes (179ms)
			ProcessInitializeOnLoadMethodAttributes (97ms)
			AfterProcessingInitializeOnLoad (0ms)
			EditorAssembliesLoaded (0ms)
		ExecutionOrderSort2 (0ms)
		AwakeInstancesAfterBackupRestoration (1ms)
Refreshing native plugins compatible for Editor in 1.55 ms, found 2 plugins.
Preloading 1 native plugins for Editor in 1.22 ms.
Unloading 43 Unused Serialized files (Serialized files now loaded: 0)
Unloading 5193 unused Assets / (13.7 MB). Loaded Objects now: 6291.
Memory consumption went from 146.5 MB to 132.9 MB.
Total: 7.711292 ms (FindLiveObjects: 0.199959 ms CreateObjectMapping: 0.083334 ms MarkObjects: 6.204916 ms  DeleteObjects: 1.222750 ms)

Prepare: number of updated asset objects reloaded= 0
========================================================================
Received Prepare
Refreshing native plugins compatible for Editor in 1.53 ms, found 2 plugins.
Preloading 1 native plugins for Editor in 1.14 ms.
Unloading 43 Unused Serialized files (Serialized files now loaded: 0)
Unloading 5148 unused Assets / (13.7 MB). Loaded Objects now: 6291.
Memory consumption went from 132.9 MB to 119.3 MB.
Total: 7.646083 ms (FindLiveObjects: 0.201541 ms CreateObjectMapping: 0.080417 ms MarkObjects: 6.147500 ms  DeleteObjects: 1.216375 ms)

Prepare: number of updated asset objects reloaded= 0
========================================================================
Received Prepare
Begin MonoManager ReloadAssembly
Thread 0x16b88f000 may have been prematurely finalized
Symbol file LoadedFromMemory is not a mono symbol file
Symbol file LoadedFromMemory is not a mono symbol file
- Loaded All Assemblies, in  0.305 seconds
Refreshing native plugins compatible for Editor in 1.28 ms, found 2 plugins.
Native extension for OSXStandalone target not found
Native extension for WebGL target not found
Refreshing native plugins compatible for Editor in 1.42 ms, found 2 plugins.
[Package Manager] Failed to launch server process. Reason: Unity was launched with the -noUpm command-line argument
[Package Manager] Unable to send message (not connected to server process).
[Package Manager] Cannot connect to Unity Package Manager local server
ScheduleIndexationOnStartup MainProcess:False IndexOnStartup:True
Mono: successfully reloaded assembly
- Finished resetting the current domain, in  0.473 seconds
Domain Reload Profiling: 779ms
	BeginReloadAssembly (73ms)
		ExecutionOrderSort (0ms)
		DisableScriptedObjects (3ms)
		BackupInstance (0ms)
		ReleaseScriptingObjects (0ms)
		CreateAndSetChildDomain (23ms)
	RebuildCommonClasses (16ms)
	RebuildNativeTypeToScriptingClass (6ms)
	initialDomainReloadingComplete (13ms)
	LoadAllAssembliesAndSetupDomain (198ms)
		LoadAssemblies (153ms)
		RebuildTransferFunctionScriptingTraits (0ms)
		AnalyzeDomain (66ms)
			TypeCache.Refresh (5ms)
				TypeCache.ScanAssembly (0ms)
			BuildScriptInfoCaches (58ms)
			ResolveRequiredComponents (1ms)
	FinalizeReload (473ms)
		ReleaseScriptCaches (0ms)
		RebuildScriptCaches (0ms)
		SetupLoadedEditorAssemblies (412ms)
			LogAssemblyErrors (0ms)
			InitializePlatformSupportModulesInManaged (1ms)
			SetLoadedEditorAssemblies (2ms)
			BeforeProcessingInitializeOnLoad (105ms)
			ProcessInitializeOnLoadAttributes (185ms)
			ProcessInitializeOnLoadMethodAttributes (119ms)
			AfterProcessingInitializeOnLoad (0ms)
			EditorAssembliesLoaded (0ms)
		ExecutionOrderSort2 (0ms)
		AwakeInstancesAfterBackupRestoration (1ms)
Refreshing native plugins compatible for Editor in 1.20 ms, found 2 plugins.
Preloading 1 native plugins for Editor in 1.25 ms.
Unloading 43 Unused Serialized files (Serialized files now loaded: 0)
Unloading 5193 unused Assets / (14.3 MB). Loaded Objects now: 6295.
Memory consumption went from 146.5 MB to 132.3 MB.
Total: 8.011667 ms (FindLiveObjects: 0.209167 ms CreateObjectMapping: 0.099792 ms MarkObjects: 6.488833 ms  DeleteObjects: 1.213750 ms)

Prepare: number of updated asset objects reloaded= 0
========================================================================
Received Prepare
Refreshing native plugins compatible for Editor in 1.27 ms, found 2 plugins.
Preloading 1 native plugins for Editor in 1.23 ms.
Unloading 43 Unused Serialized files (Serialized files now loaded: 0)
Unloading 5148 unused Assets / (13.8 MB). Loaded Objects now: 6295.
Memory consumption went from 132.9 MB to 119.1 MB.
Total: 7.700625 ms (FindLiveObjects: 0.201875 ms CreateObjectMapping: 0.084166 ms MarkObjects: 6.195834 ms  DeleteObjects: 1.218375 ms)

Prepare: number of updated asset objects reloaded= 0
========================================================================
Received Prepare
Begin MonoManager ReloadAssembly
Thread 0x16b88f000 may have been prematurely finalized
Symbol file LoadedFromMemory is not a mono symbol file
Symbol file LoadedFromMemory is not a mono symbol file
- Loaded All Assemblies, in  0.322 seconds
Refreshing native plugins compatible for Editor in 1.13 ms, found 2 plugins.
Native extension for OSXStandalone target not found
Native extension for WebGL target not found
Refreshing native plugins compatible for Editor in 1.15 ms, found 2 plugins.
[Package Manager] Failed to launch server process. Reason: Unity was launched with the -noUpm command-line argument
[Package Manager] Unable to send message (not connected to server process).
[Package Manager] Cannot connect to Unity Package Manager local server
ScheduleIndexationOnStartup MainProcess:False IndexOnStartup:True
Mono: successfully reloaded assembly
- Finished resetting the current domain, in  0.451 seconds
Domain Reload Profiling: 775ms
	BeginReloadAssembly (73ms)
		ExecutionOrderSort (0ms)
		DisableScriptedObjects (3ms)
		BackupInstance (0ms)
		ReleaseScriptingObjects (0ms)
		CreateAndSetChildDomain (22ms)
	RebuildCommonClasses (16ms)
	RebuildNativeTypeToScriptingClass (6ms)
	initialDomainReloadingComplete (13ms)
	LoadAllAssembliesAndSetupDomain (216ms)
		LoadAssemblies (169ms)
		RebuildTransferFunctionScriptingTraits (0ms)
		AnalyzeDomain (69ms)
			TypeCache.Refresh (7ms)
				TypeCache.ScanAssembly (0ms)
			BuildScriptInfoCaches (59ms)
			ResolveRequiredComponents (1ms)
	FinalizeReload (451ms)
		ReleaseScriptCaches (0ms)
		RebuildScriptCaches (0ms)
		SetupLoadedEditorAssemblies (393ms)
			LogAssemblyErrors (0ms)
			InitializePlatformSupportModulesInManaged (1ms)
			SetLoadedEditorAssemblies (2ms)
			BeforeProcessingInitializeOnLoad (103ms)
			ProcessInitializeOnLoadAttributes (186ms)
			ProcessInitializeOnLoadMethodAttributes (101ms)
			AfterProcessingInitializeOnLoad (1ms)
			EditorAssembliesLoaded (0ms)
		ExecutionOrderSort2 (0ms)
		AwakeInstancesAfterBackupRestoration (1ms)
Refreshing native plugins compatible for Editor in 1.52 ms, found 2 plugins.
Preloading 1 native plugins for Editor in 1.22 ms.
Unloading 43 Unused Serialized files (Serialized files now loaded: 0)
Unloading 5193 unused Assets / (13.8 MB). Loaded Objects now: 6299.
Memory consumption went from 146.6 MB to 132.8 MB.
Total: 7.731542 ms (FindLiveObjects: 0.213791 ms CreateObjectMapping: 0.071583 ms MarkObjects: 6.194625 ms  DeleteObjects: 1.251375 ms)

Prepare: number of updated asset objects reloaded= 0
========================================================================
Received Prepare
Refreshing native plugins compatible for Editor in 1.33 ms, found 2 plugins.
Preloading 1 native plugins for Editor in 1.17 ms.
Unloading 43 Unused Serialized files (Serialized files now loaded: 0)
Unloading 5148 unused Assets / (13.5 MB). Loaded Objects now: 6299.
Memory consumption went from 132.9 MB to 119.4 MB.
Total: 7.692333 ms (FindLiveObjects: 0.207791 ms CreateObjectMapping: 0.082792 ms MarkObjects: 6.240250 ms  DeleteObjects: 1.161167 ms)

Prepare: number of updated asset objects reloaded= 0
========================================================================
Received Prepare
Refreshing native plugins compatible for Editor in 1.26 ms, found 2 plugins.
Preloading 1 native plugins for Editor in 1.17 ms.
Unloading 43 Unused Serialized files (Serialized files now loaded: 0)
Unloading 5148 unused Assets / (14.0 MB). Loaded Objects now: 6299.
Memory consumption went from 132.9 MB to 118.9 MB.
Total: 7.597000 ms (FindLiveObjects: 0.203417 ms CreateObjectMapping: 0.079042 ms MarkObjects: 6.014125 ms  DeleteObjects: 1.300084 ms)

Prepare: number of updated asset objects reloaded= 0
========================================================================
Received Prepare
Refreshing native plugins compatible for Editor in 1.56 ms, found 2 plugins.
Preloading 1 native plugins for Editor in 1.22 ms.
Unloading 43 Unused Serialized files (Serialized files now loaded: 0)
Unloading 5148 unused Assets / (13.7 MB). Loaded Objects now: 6299.
Memory consumption went from 132.9 MB to 119.3 MB.
Total: 7.518625 ms (FindLiveObjects: 0.205375 ms CreateObjectMapping: 0.081709 ms MarkObjects: 6.047125 ms  DeleteObjects: 1.184125 ms)

Prepare: number of updated asset objects reloaded= 0
========================================================================
Received Prepare
Refreshing native plugins compatible for Editor in 1.47 ms, found 2 plugins.
Preloading 1 native plugins for Editor in 1.20 ms.
Unloading 43 Unused Serialized files (Serialized files now loaded: 0)
Unloading 5148 unused Assets / (13.9 MB). Loaded Objects now: 6299.
Memory consumption went from 132.9 MB to 119.0 MB.
Total: 7.574667 ms (FindLiveObjects: 0.214916 ms CreateObjectMapping: 0.076875 ms MarkObjects: 5.978250 ms  DeleteObjects: 1.304334 ms)

Prepare: number of updated asset objects reloaded= 0
========================================================================
Received Prepare
Refreshing native plugins compatible for Editor in 1.35 ms, found 2 plugins.
Preloading 1 native plugins for Editor in 1.19 ms.
Unloading 43 Unused Serialized files (Serialized files now loaded: 0)
Unloading 5148 unused Assets / (13.7 MB). Loaded Objects now: 6299.
Memory consumption went from 132.9 MB to 119.3 MB.
Total: 7.534959 ms (FindLiveObjects: 0.212084 ms CreateObjectMapping: 0.080541 ms MarkObjects: 6.040417 ms  DeleteObjects: 1.201792 ms)

Prepare: number of updated asset objects reloaded= 0
========================================================================
Received Prepare
Refreshing native plugins compatible for Editor in 1.55 ms, found 2 plugins.
Preloading 1 native plugins for Editor in 1.20 ms.
Unloading 43 Unused Serialized files (Serialized files now loaded: 0)
Unloading 5148 unused Assets / (13.7 MB). Loaded Objects now: 6299.
Memory consumption went from 132.9 MB to 119.2 MB.
Total: 7.561333 ms (FindLiveObjects: 0.205958 ms CreateObjectMapping: 0.085667 ms MarkObjects: 6.042000 ms  DeleteObjects: 1.227333 ms)

Prepare: number of updated asset objects reloaded= 0
========================================================================
Received Prepare
Refreshing native plugins compatible for Editor in 1.56 ms, found 2 plugins.
Preloading 1 native plugins for Editor in 1.21 ms.
Unloading 43 Unused Serialized files (Serialized files now loaded: 0)
Unloading 5148 unused Assets / (13.8 MB). Loaded Objects now: 6299.
Memory consumption went from 132.9 MB to 119.1 MB.
Total: 7.707333 ms (FindLiveObjects: 0.209334 ms CreateObjectMapping: 0.080416 ms MarkObjects: 6.122750 ms  DeleteObjects: 1.294666 ms)

Prepare: number of updated asset objects reloaded= 0
========================================================================
Received Prepare
Begin MonoManager ReloadAssembly
[Licensing::Client] Successfully resolved entitlement details
[Licensing::Module] License group:
  Id: F4-85AS-8ZW6-XMRF-425Z-XXXX
  Product: Unity Personal
  Type: ULF
  Expiration: Unlimited
[Licensing::Module] License group:
  Id: 6872810951280-UnityPersXXXX
  Product: Unity Personal
  Type: Assigned
  Expiration: Unlimited
Thread 0x16b88f000 may have been prematurely finalized
Symbol file LoadedFromMemory is not a mono symbol file
Symbol file LoadedFromMemory is not a mono symbol file
- Loaded All Assemblies, in  0.363 seconds
Refreshing native plugins compatible for Editor in 1.25 ms, found 2 plugins.
Native extension for OSXStandalone target not found
Native extension for WebGL target not found
Refreshing native plugins compatible for Editor in 1.50 ms, found 2 plugins.
[Package Manager] Failed to launch server process. Reason: Unity was launched with the -noUpm command-line argument
[Package Manager] Unable to send message (not connected to server process).
[Package Manager] Cannot connect to Unity Package Manager local server
ScheduleIndexationOnStartup MainProcess:False IndexOnStartup:True
Mono: successfully reloaded assembly
- Finished resetting the current domain, in  0.464 seconds
Domain Reload Profiling: 828ms
	BeginReloadAssembly (76ms)
		ExecutionOrderSort (0ms)
		DisableScriptedObjects (3ms)
		BackupInstance (0ms)
		ReleaseScriptingObjects (0ms)
		CreateAndSetChildDomain (23ms)
	RebuildCommonClasses (16ms)
	RebuildNativeTypeToScriptingClass (6ms)
	initialDomainReloadingComplete (14ms)
	LoadAllAssembliesAndSetupDomain (252ms)
		LoadAssemblies (204ms)
		RebuildTransferFunctionScriptingTraits (0ms)
		AnalyzeDomain (71ms)
			TypeCache.Refresh (8ms)
				TypeCache.ScanAssembly (0ms)
			BuildScriptInfoCaches (60ms)
			ResolveRequiredComponents (2ms)
	FinalizeReload (464ms)
		ReleaseScriptCaches (0ms)
		RebuildScriptCaches (0ms)
		SetupLoadedEditorAssemblies (404ms)
			LogAssemblyErrors (0ms)
			InitializePlatformSupportModulesInManaged (1ms)
			SetLoadedEditorAssemblies (2ms)
			BeforeProcessingInitializeOnLoad (108ms)
			ProcessInitializeOnLoadAttributes (187ms)
			ProcessInitializeOnLoadMethodAttributes (105ms)
			AfterProcessingInitializeOnLoad (1ms)
			EditorAssembliesLoaded (0ms)
		ExecutionOrderSort2 (0ms)
		AwakeInstancesAfterBackupRestoration (1ms)
Refreshing native plugins compatible for Editor in 1.34 ms, found 2 plugins.
Preloading 1 native plugins for Editor in 1.26 ms.
Unloading 43 Unused Serialized files (Serialized files now loaded: 0)
Unloading 5193 unused Assets / (13.7 MB). Loaded Objects now: 6303.
Memory consumption went from 146.6 MB to 132.9 MB.
Total: 7.753000 ms (FindLiveObjects: 0.234792 ms CreateObjectMapping: 0.105041 ms MarkObjects: 6.214209 ms  DeleteObjects: 1.198666 ms)

Prepare: number of updated asset objects reloaded= 0
========================================================================
Received Prepare
Refreshing native plugins compatible for Editor in 1.28 ms, found 2 plugins.
Preloading 1 native plugins for Editor in 1.19 ms.
Unloading 43 Unused Serialized files (Serialized files now loaded: 0)
Unloading 5148 unused Assets / (13.7 MB). Loaded Objects now: 6303.
Memory consumption went from 132.9 MB to 119.2 MB.
Total: 7.520208 ms (FindLiveObjects: 0.206042 ms CreateObjectMapping: 0.080916 ms MarkObjects: 6.034875 ms  DeleteObjects: 1.198000 ms)

Prepare: number of updated asset objects reloaded= 0
========================================================================
Received Prepare
Begin MonoManager ReloadAssembly
Thread 0x16b88f000 may have been prematurely finalized
Symbol file LoadedFromMemory is not a mono symbol file
Symbol file LoadedFromMemory is not a mono symbol file
- Loaded All Assemblies, in  0.327 seconds
Refreshing native plugins compatible for Editor in 1.57 ms, found 2 plugins.
Native extension for OSXStandalone target not found
Native extension for WebGL target not found
Refreshing native plugins compatible for Editor in 1.04 ms, found 2 plugins.
[Package Manager] Failed to launch server process. Reason: Unity was launched with the -noUpm command-line argument
[Package Manager] Unable to send message (not connected to server process).
[Package Manager] Cannot connect to Unity Package Manager local server
ScheduleIndexationOnStartup MainProcess:False IndexOnStartup:True
Mono: successfully reloaded assembly
- Finished resetting the current domain, in  0.464 seconds
Domain Reload Profiling: 792ms
	BeginReloadAssembly (72ms)
		ExecutionOrderSort (0ms)
		DisableScriptedObjects (3ms)
		BackupInstance (0ms)
		ReleaseScriptingObjects (0ms)
		CreateAndSetChildDomain (22ms)
	RebuildCommonClasses (16ms)
	RebuildNativeTypeToScriptingClass (6ms)
	initialDomainReloadingComplete (13ms)
	LoadAllAssembliesAndSetupDomain (220ms)
		LoadAssemblies (174ms)
		RebuildTransferFunctionScriptingTraits (0ms)
		AnalyzeDomain (69ms)
			TypeCache.Refresh (7ms)
				TypeCache.ScanAssembly (0ms)
			BuildScriptInfoCaches (58ms)
			ResolveRequiredComponents (1ms)
	FinalizeReload (464ms)
		ReleaseScriptCaches (0ms)
		RebuildScriptCaches (0ms)
		SetupLoadedEditorAssemblies (404ms)
			LogAssemblyErrors (0ms)
			InitializePlatformSupportModulesInManaged (1ms)
			SetLoadedEditorAssemblies (2ms)
			BeforeProcessingInitializeOnLoad (108ms)
			ProcessInitializeOnLoadAttributes (189ms)
			ProcessInitializeOnLoadMethodAttributes (104ms)
			AfterProcessingInitializeOnLoad (1ms)
			EditorAssembliesLoaded (0ms)
		ExecutionOrderSort2 (0ms)
		AwakeInstancesAfterBackupRestoration (1ms)
Refreshing native plugins compatible for Editor in 1.42 ms, found 2 plugins.
Preloading 1 native plugins for Editor in 1.20 ms.
Unloading 43 Unused Serialized files (Serialized files now loaded: 0)
Unloading 5193 unused Assets / (14.1 MB). Loaded Objects now: 6307.
Memory consumption went from 146.6 MB to 132.5 MB.
Total: 7.979166 ms (FindLiveObjects: 0.210958 ms CreateObjectMapping: 0.076709 ms MarkObjects: 6.372166 ms  DeleteObjects: 1.319250 ms)

Prepare: number of updated asset objects reloaded= 0
========================================================================
Received Prepare
Refreshing native plugins compatible for Editor in 1.10 ms, found 2 plugins.
Preloading 1 native plugins for Editor in 1.14 ms.
Unloading 43 Unused Serialized files (Serialized files now loaded: 0)
Unloading 5148 unused Assets / (14.0 MB). Loaded Objects now: 6307.
Memory consumption went from 132.9 MB to 118.9 MB.
Total: 7.650708 ms (FindLiveObjects: 0.204833 ms CreateObjectMapping: 0.084292 ms MarkObjects: 6.064458 ms  DeleteObjects: 1.296958 ms)

Prepare: number of updated asset objects reloaded= 0
========================================================================
Received Prepare
Begin MonoManager ReloadAssembly
Thread 0x16b88f000 may have been prematurely finalized
Symbol file LoadedFromMemory is not a mono symbol file
Symbol file LoadedFromMemory is not a mono symbol file
- Loaded All Assemblies, in  0.314 seconds
Refreshing native plugins compatible for Editor in 1.40 ms, found 2 plugins.
Native extension for OSXStandalone target not found
Native extension for WebGL target not found
Refreshing native plugins compatible for Editor in 1.11 ms, found 2 plugins.
[Package Manager] Failed to launch server process. Reason: Unity was launched with the -noUpm command-line argument
[Package Manager] Unable to send message (not connected to server process).
[Package Manager] Cannot connect to Unity Package Manager local server
ScheduleIndexationOnStartup MainProcess:False IndexOnStartup:True
Mono: successfully reloaded assembly
- Finished resetting the current domain, in  0.464 seconds
Domain Reload Profiling: 780ms
	BeginReloadAssembly (75ms)
		ExecutionOrderSort (0ms)
		DisableScriptedObjects (3ms)
		BackupInstance (0ms)
		ReleaseScriptingObjects (0ms)
		CreateAndSetChildDomain (22ms)
	RebuildCommonClasses (16ms)
	RebuildNativeTypeToScriptingClass (6ms)
	initialDomainReloadingComplete (14ms)
	LoadAllAssembliesAndSetupDomain (204ms)
		LoadAssemblies (160ms)
		RebuildTransferFunctionScriptingTraits (0ms)
		AnalyzeDomain (66ms)
			TypeCache.Refresh (6ms)
				TypeCache.ScanAssembly (0ms)
			BuildScriptInfoCaches (58ms)
			ResolveRequiredComponents (1ms)
	FinalizeReload (465ms)
		ReleaseScriptCaches (0ms)
		RebuildScriptCaches (0ms)
		SetupLoadedEditorAssemblies (406ms)
			LogAssemblyErrors (0ms)
			InitializePlatformSupportModulesInManaged (1ms)
			SetLoadedEditorAssemblies (2ms)
			BeforeProcessingInitializeOnLoad (109ms)
			ProcessInitializeOnLoadAttributes (189ms)
			ProcessInitializeOnLoadMethodAttributes (104ms)
			AfterProcessingInitializeOnLoad (0ms)
			EditorAssembliesLoaded (0ms)
		ExecutionOrderSort2 (0ms)
		AwakeInstancesAfterBackupRestoration (1ms)
Refreshing native plugins compatible for Editor in 1.54 ms, found 2 plugins.
Preloading 1 native plugins for Editor in 1.18 ms.
Unloading 43 Unused Serialized files (Serialized files now loaded: 0)
Unloading 5193 unused Assets / (13.7 MB). Loaded Objects now: 6311.
Memory consumption went from 146.6 MB to 132.8 MB.
Total: 7.810708 ms (FindLiveObjects: 0.211416 ms CreateObjectMapping: 0.080792 ms MarkObjects: 6.211250 ms  DeleteObjects: 1.306875 ms)

Prepare: number of updated asset objects reloaded= 0
========================================================================
Received Prepare
Refreshing native plugins compatible for Editor in 1.29 ms, found 2 plugins.
Preloading 1 native plugins for Editor in 1.23 ms.
Unloading 43 Unused Serialized files (Serialized files now loaded: 0)
Unloading 5148 unused Assets / (13.4 MB). Loaded Objects now: 6311.
Memory consumption went from 133.0 MB to 119.5 MB.
Total: 8.048667 ms (FindLiveObjects: 0.211250 ms CreateObjectMapping: 0.087208 ms MarkObjects: 6.549125 ms  DeleteObjects: 1.200708 ms)

Prepare: number of updated asset objects reloaded= 0
========================================================================
Received Prepare
Begin MonoManager ReloadAssembly
[Licensing::Client] Successfully resolved entitlement details
[Licensing::Module] License group:
  Id: F4-85AS-8ZW6-XMRF-425Z-XXXX
  Product: Unity Personal
  Type: ULF
  Expiration: Unlimited
[Licensing::Module] License group:
  Id: 6872810951280-UnityPersXXXX
  Product: Unity Personal
  Type: Assigned
  Expiration: Unlimited
Thread 0x16b88f000 may have been prematurely finalized
Symbol file LoadedFromMemory is not a mono symbol file
Symbol file LoadedFromMemory is not a mono symbol file
- Loaded All Assemblies, in  0.315 seconds
Refreshing native plugins compatible for Editor in 1.46 ms, found 2 plugins.
Native extension for OSXStandalone target not found
Native extension for WebGL target not found
Refreshing native plugins compatible for Editor in 1.29 ms, found 2 plugins.
[Package Manager] Failed to launch server process. Reason: Unity was launched with the -noUpm command-line argument
[Package Manager] Unable to send message (not connected to server process).
[Package Manager] Cannot connect to Unity Package Manager local server
ScheduleIndexationOnStartup MainProcess:False IndexOnStartup:True
Mono: successfully reloaded assembly
- Finished resetting the current domain, in  0.458 seconds
Domain Reload Profiling: 774ms
	BeginReloadAssembly (71ms)
		ExecutionOrderSort (0ms)
		DisableScriptedObjects (3ms)
		BackupInstance (0ms)
		ReleaseScriptingObjects (0ms)
		CreateAndSetChildDomain (22ms)
	RebuildCommonClasses (16ms)
	RebuildNativeTypeToScriptingClass (6ms)
	initialDomainReloadingComplete (14ms)
	LoadAllAssembliesAndSetupDomain (209ms)
		LoadAssemblies (161ms)
		RebuildTransferFunctionScriptingTraits (0ms)
		AnalyzeDomain (69ms)
			TypeCache.Refresh (6ms)
				TypeCache.ScanAssembly (0ms)
			BuildScriptInfoCaches (59ms)
			ResolveRequiredComponents (1ms)
	FinalizeReload (458ms)
		ReleaseScriptCaches (0ms)
		RebuildScriptCaches (0ms)
		SetupLoadedEditorAssemblies (398ms)
			LogAssemblyErrors (0ms)
			InitializePlatformSupportModulesInManaged (1ms)
			SetLoadedEditorAssemblies (2ms)
			BeforeProcessingInitializeOnLoad (104ms)
			ProcessInitializeOnLoadAttributes (186ms)
			ProcessInitializeOnLoadMethodAttributes (104ms)
			AfterProcessingInitializeOnLoad (1ms)
			EditorAssembliesLoaded (0ms)
		ExecutionOrderSort2 (0ms)
		AwakeInstancesAfterBackupRestoration (1ms)
Refreshing native plugins compatible for Editor in 1.52 ms, found 2 plugins.
Preloading 1 native plugins for Editor in 1.21 ms.
Unloading 43 Unused Serialized files (Serialized files now loaded: 0)
Unloading 5193 unused Assets / (14.3 MB). Loaded Objects now: 6315.
Memory consumption went from 146.6 MB to 132.3 MB.
Total: 7.792334 ms (FindLiveObjects: 0.201875 ms CreateObjectMapping: 0.080958 ms MarkObjects: 6.154500 ms  DeleteObjects: 1.354917 ms)

Prepare: number of updated asset objects reloaded= 0
========================================================================
Received Prepare
Refreshing native plugins compatible for Editor in 1.55 ms, found 2 plugins.
Preloading 1 native plugins for Editor in 1.18 ms.
Unloading 43 Unused Serialized files (Serialized files now loaded: 0)
Unloading 5148 unused Assets / (13.7 MB). Loaded Objects now: 6315.
Memory consumption went from 133.0 MB to 119.3 MB.
Total: 7.574750 ms (FindLiveObjects: 0.199834 ms CreateObjectMapping: 0.072208 ms MarkObjects: 6.136958 ms  DeleteObjects: 1.165375 ms)

Prepare: number of updated asset objects reloaded= 0
========================================================================
Received Prepare
Begin MonoManager ReloadAssembly
Thread 0x16b88f000 may have been prematurely finalized
Symbol file LoadedFromMemory is not a mono symbol file
Symbol file LoadedFromMemory is not a mono symbol file
- Loaded All Assemblies, in  0.307 seconds
Refreshing native plugins compatible for Editor in 1.59 ms, found 2 plugins.
Native extension for OSXStandalone target not found
Native extension for WebGL target not found
Refreshing native plugins compatible for Editor in 1.24 ms, found 2 plugins.
[Package Manager] Failed to launch server process. Reason: Unity was launched with the -noUpm command-line argument
[Package Manager] Unable to send message (not connected to server process).
[Package Manager] Cannot connect to Unity Package Manager local server
ScheduleIndexationOnStartup MainProcess:False IndexOnStartup:True
Mono: successfully reloaded assembly
- Finished resetting the current domain, in  0.471 seconds
Domain Reload Profiling: 779ms
	BeginReloadAssembly (72ms)
		ExecutionOrderSort (0ms)
		DisableScriptedObjects (3ms)
		BackupInstance (0ms)
		ReleaseScriptingObjects (0ms)
		CreateAndSetChildDomain (22ms)
	RebuildCommonClasses (16ms)
	RebuildNativeTypeToScriptingClass (6ms)
	initialDomainReloadingComplete (14ms)
	LoadAllAssembliesAndSetupDomain (201ms)
		LoadAssemblies (157ms)
		RebuildTransferFunctionScriptingTraits (0ms)
		AnalyzeDomain (66ms)
			TypeCache.Refresh (6ms)
				TypeCache.ScanAssembly (0ms)
			BuildScriptInfoCaches (57ms)
			ResolveRequiredComponents (1ms)
	FinalizeReload (471ms)
		ReleaseScriptCaches (0ms)
		RebuildScriptCaches (0ms)
		SetupLoadedEditorAssemblies (411ms)
			LogAssemblyErrors (0ms)
			InitializePlatformSupportModulesInManaged (1ms)
			SetLoadedEditorAssemblies (2ms)
			BeforeProcessingInitializeOnLoad (106ms)
			ProcessInitializeOnLoadAttributes (199ms)
			ProcessInitializeOnLoadMethodAttributes (103ms)
			AfterProcessingInitializeOnLoad (1ms)
			EditorAssembliesLoaded (0ms)
		ExecutionOrderSort2 (0ms)
		AwakeInstancesAfterBackupRestoration (1ms)
Refreshing native plugins compatible for Editor in 1.23 ms, found 2 plugins.
Preloading 1 native plugins for Editor in 1.25 ms.
Unloading 43 Unused Serialized files (Serialized files now loaded: 0)
Unloading 5193 unused Assets / (12.7 MB). Loaded Objects now: 6319.
Memory consumption went from 146.6 MB to 133.9 MB.
Total: 7.935584 ms (FindLiveObjects: 0.205875 ms CreateObjectMapping: 0.081875 ms MarkObjects: 6.524458 ms  DeleteObjects: 1.123125 ms)

Prepare: number of updated asset objects reloaded= 0
========================================================================
Received Prepare
Refreshing native plugins compatible for Editor in 1.51 ms, found 2 plugins.
Preloading 1 native plugins for Editor in 1.15 ms.
Unloading 43 Unused Serialized files (Serialized files now loaded: 0)
Unloading 5148 unused Assets / (13.3 MB). Loaded Objects now: 6319.
Memory consumption went from 133.0 MB to 119.6 MB.
Total: 7.718500 ms (FindLiveObjects: 0.205417 ms CreateObjectMapping: 0.080791 ms MarkObjects: 6.221750 ms  DeleteObjects: 1.210125 ms)

Prepare: number of updated asset objects reloaded= 0
========================================================================
Received Prepare
Begin MonoManager ReloadAssembly
Thread 0x16b88f000 may have been prematurely finalized
Symbol file LoadedFromMemory is not a mono symbol file
Symbol file LoadedFromMemory is not a mono symbol file
- Loaded All Assemblies, in  0.308 seconds
Refreshing native plugins compatible for Editor in 1.13 ms, found 2 plugins.
Native extension for OSXStandalone target not found
Native extension for WebGL target not found
Refreshing native plugins compatible for Editor in 1.02 ms, found 2 plugins.
[Package Manager] Failed to launch server process. Reason: Unity was launched with the -noUpm command-line argument
[Package Manager] Unable to send message (not connected to server process).
[Package Manager] Cannot connect to Unity Package Manager local server
ScheduleIndexationOnStartup MainProcess:False IndexOnStartup:True
Mono: successfully reloaded assembly
- Finished resetting the current domain, in  0.460 seconds
Domain Reload Profiling: 770ms
	BeginReloadAssembly (71ms)
		ExecutionOrderSort (0ms)
		DisableScriptedObjects (3ms)
		BackupInstance (0ms)
		ReleaseScriptingObjects (0ms)
		CreateAndSetChildDomain (22ms)
	RebuildCommonClasses (16ms)
	RebuildNativeTypeToScriptingClass (6ms)
	initialDomainReloadingComplete (14ms)
	LoadAllAssembliesAndSetupDomain (202ms)
		LoadAssemblies (157ms)
		RebuildTransferFunctionScriptingTraits (0ms)
		AnalyzeDomain (66ms)
			TypeCache.Refresh (6ms)
				TypeCache.ScanAssembly (0ms)
			BuildScriptInfoCaches (57ms)
			ResolveRequiredComponents (1ms)
	FinalizeReload (460ms)
		ReleaseScriptCaches (0ms)
		RebuildScriptCaches (0ms)
		SetupLoadedEditorAssemblies (400ms)
			LogAssemblyErrors (0ms)
			InitializePlatformSupportModulesInManaged (1ms)
			SetLoadedEditorAssemblies (2ms)
			BeforeProcessingInitializeOnLoad (110ms)
			ProcessInitializeOnLoadAttributes (185ms)
			ProcessInitializeOnLoadMethodAttributes (102ms)
			AfterProcessingInitializeOnLoad (1ms)
			EditorAssembliesLoaded (0ms)
		ExecutionOrderSort2 (0ms)
		AwakeInstancesAfterBackupRestoration (1ms)
Refreshing native plugins compatible for Editor in 1.46 ms, found 2 plugins.
Preloading 1 native plugins for Editor in 1.25 ms.
Unloading 43 Unused Serialized files (Serialized files now loaded: 0)
Unloading 5193 unused Assets / (14.1 MB). Loaded Objects now: 6323.
Memory consumption went from 146.6 MB to 132.5 MB.
Total: 7.886250 ms (FindLiveObjects: 0.194584 ms CreateObjectMapping: 0.082416 ms MarkObjects: 6.314542 ms  DeleteObjects: 1.294542 ms)

Prepare: number of updated asset objects reloaded= 0
========================================================================
Received Prepare
Refreshing native plugins compatible for Editor in 1.49 ms, found 2 plugins.
Preloading 1 native plugins for Editor in 1.19 ms.
Unloading 43 Unused Serialized files (Serialized files now loaded: 0)
Unloading 5148 unused Assets / (13.7 MB). Loaded Objects now: 6323.
Memory consumption went from 133.0 MB to 119.3 MB.
Total: 7.455000 ms (FindLiveObjects: 0.209208 ms CreateObjectMapping: 0.085667 ms MarkObjects: 5.982000 ms  DeleteObjects: 1.177750 ms)

Prepare: number of updated asset objects reloaded= 0
========================================================================
Received Prepare
Begin MonoManager ReloadAssembly
Thread 0x16b88f000 may have been prematurely finalized
Symbol file LoadedFromMemory is not a mono symbol file
Symbol file LoadedFromMemory is not a mono symbol file
- Loaded All Assemblies, in  0.336 seconds
Refreshing native plugins compatible for Editor in 1.11 ms, found 2 plugins.
Native extension for OSXStandalone target not found
Native extension for WebGL target not found
Refreshing native plugins compatible for Editor in 1.03 ms, found 2 plugins.
[Package Manager] Failed to launch server process. Reason: Unity was launched with the -noUpm command-line argument
[Package Manager] Unable to send message (not connected to server process).
[Package Manager] Cannot connect to Unity Package Manager local server
ScheduleIndexationOnStartup MainProcess:False IndexOnStartup:True
Mono: successfully reloaded assembly
- Finished resetting the current domain, in  0.472 seconds
Domain Reload Profiling: 809ms
	BeginReloadAssembly (72ms)
		ExecutionOrderSort (0ms)
		DisableScriptedObjects (3ms)
		BackupInstance (0ms)
		ReleaseScriptingObjects (0ms)
		CreateAndSetChildDomain (22ms)
	RebuildCommonClasses (16ms)
	RebuildNativeTypeToScriptingClass (6ms)
	initialDomainReloadingComplete (14ms)
	LoadAllAssembliesAndSetupDomain (230ms)
		LoadAssemblies (184ms)
		RebuildTransferFunctionScriptingTraits (0ms)
		AnalyzeDomain (68ms)
			TypeCache.Refresh (6ms)
				TypeCache.ScanAssembly (0ms)
			BuildScriptInfoCaches (58ms)
			ResolveRequiredComponents (1ms)
	FinalizeReload (472ms)
		ReleaseScriptCaches (0ms)
		RebuildScriptCaches (0ms)
		SetupLoadedEditorAssemblies (410ms)
			LogAssemblyErrors (0ms)
			InitializePlatformSupportModulesInManaged (1ms)
			SetLoadedEditorAssemblies (2ms)
			BeforeProcessingInitializeOnLoad (113ms)
			ProcessInitializeOnLoadAttributes (194ms)
			ProcessInitializeOnLoadMethodAttributes (100ms)
			AfterProcessingInitializeOnLoad (1ms)
			EditorAssembliesLoaded (0ms)
		ExecutionOrderSort2 (0ms)
		AwakeInstancesAfterBackupRestoration (1ms)
Refreshing native plugins compatible for Editor in 1.23 ms, found 2 plugins.
Preloading 1 native plugins for Editor in 1.22 ms.
Unloading 43 Unused Serialized files (Serialized files now loaded: 0)
Unloading 5193 unused Assets / (14.2 MB). Loaded Objects now: 6327.
Memory consumption went from 146.6 MB to 132.5 MB.
Total: 7.737459 ms (FindLiveObjects: 0.194000 ms CreateObjectMapping: 0.079375 ms MarkObjects: 6.193458 ms  DeleteObjects: 1.270292 ms)

Prepare: number of updated asset objects reloaded= 0
========================================================================
Received Prepare
Refreshing native plugins compatible for Editor in 1.47 ms, found 2 plugins.
Preloading 1 native plugins for Editor in 1.22 ms.
Unloading 43 Unused Serialized files (Serialized files now loaded: 0)
Unloading 5148 unused Assets / (13.4 MB). Loaded Objects now: 6327.
Memory consumption went from 133.0 MB to 119.6 MB.
Total: 7.706709 ms (FindLiveObjects: 0.214792 ms CreateObjectMapping: 0.089583 ms MarkObjects: 6.263166 ms  DeleteObjects: 1.138708 ms)

Prepare: number of updated asset objects reloaded= 0
========================================================================
Received Prepare
Begin MonoManager ReloadAssembly
Thread 0x16b88f000 may have been prematurely finalized
Symbol file LoadedFromMemory is not a mono symbol file
Symbol file LoadedFromMemory is not a mono symbol file
- Loaded All Assemblies, in  0.314 seconds
Refreshing native plugins compatible for Editor in 1.37 ms, found 2 plugins.
Native extension for OSXStandalone target not found
Native extension for WebGL target not found
Refreshing native plugins compatible for Editor in 1.08 ms, found 2 plugins.
[Package Manager] Failed to launch server process. Reason: Unity was launched with the -noUpm command-line argument
[Package Manager] Unable to send message (not connected to server process).
[Package Manager] Cannot connect to Unity Package Manager local server
ScheduleIndexationOnStartup MainProcess:False IndexOnStartup:True
Mono: successfully reloaded assembly
- Finished resetting the current domain, in  0.471 seconds
Domain Reload Profiling: 786ms
	BeginReloadAssembly (73ms)
		ExecutionOrderSort (0ms)
		DisableScriptedObjects (3ms)
		BackupInstance (0ms)
		ReleaseScriptingObjects (0ms)
		CreateAndSetChildDomain (22ms)
	RebuildCommonClasses (16ms)
	RebuildNativeTypeToScriptingClass (6ms)
	initialDomainReloadingComplete (14ms)
	LoadAllAssembliesAndSetupDomain (205ms)
		LoadAssemblies (160ms)
		RebuildTransferFunctionScriptingTraits (0ms)
		AnalyzeDomain (67ms)
			TypeCache.Refresh (6ms)
				TypeCache.ScanAssembly (0ms)
			BuildScriptInfoCaches (58ms)
			ResolveRequiredComponents (1ms)
	FinalizeReload (471ms)
		ReleaseScriptCaches (0ms)
		RebuildScriptCaches (0ms)
		SetupLoadedEditorAssemblies (410ms)
			LogAssemblyErrors (0ms)
			InitializePlatformSupportModulesInManaged (1ms)
			SetLoadedEditorAssemblies (2ms)
			BeforeProcessingInitializeOnLoad (110ms)
			ProcessInitializeOnLoadAttributes (193ms)
			ProcessInitializeOnLoadMethodAttributes (104ms)
			AfterProcessingInitializeOnLoad (1ms)
			EditorAssembliesLoaded (0ms)
		ExecutionOrderSort2 (0ms)
		AwakeInstancesAfterBackupRestoration (1ms)
Refreshing native plugins compatible for Editor in 1.27 ms, found 2 plugins.
Preloading 1 native plugins for Editor in 1.24 ms.
Unloading 43 Unused Serialized files (Serialized files now loaded: 0)
Unloading 5193 unused Assets / (13.5 MB). Loaded Objects now: 6331.
Memory consumption went from 146.6 MB to 133.1 MB.
Total: 8.163375 ms (FindLiveObjects: 0.211542 ms CreateObjectMapping: 0.074208 ms MarkObjects: 6.644875 ms  DeleteObjects: 1.232500 ms)

Prepare: number of updated asset objects reloaded= 0
========================================================================
Received Prepare
Refreshing native plugins compatible for Editor in 1.59 ms, found 2 plugins.
Preloading 1 native plugins for Editor in 1.16 ms.
Unloading 43 Unused Serialized files (Serialized files now loaded: 0)
Unloading 5148 unused Assets / (13.8 MB). Loaded Objects now: 6331.
Memory consumption went from 133.0 MB to 119.2 MB.
Total: 7.593166 ms (FindLiveObjects: 0.207084 ms CreateObjectMapping: 0.077916 ms MarkObjects: 6.061500 ms  DeleteObjects: 1.246334 ms)

Prepare: number of updated asset objects reloaded= 0
========================================================================
Received Prepare
Begin MonoManager ReloadAssembly
[Licensing::Client] Successfully resolved entitlement details
[Licensing::Module] License group:
  Id: F4-85AS-8ZW6-XMRF-425Z-XXXX
  Product: Unity Personal
  Type: ULF
  Expiration: Unlimited
[Licensing::Module] License group:
  Id: 6872810951280-UnityPersXXXX
  Product: Unity Personal
  Type: Assigned
  Expiration: Unlimited
Thread 0x16b88f000 may have been prematurely finalized
Symbol file LoadedFromMemory is not a mono symbol file
Symbol file LoadedFromMemory is not a mono symbol file
- Loaded All Assemblies, in  0.313 seconds
Refreshing native plugins compatible for Editor in 0.96 ms, found 2 plugins.
Native extension for OSXStandalone target not found
Native extension for WebGL target not found
Refreshing native plugins compatible for Editor in 0.99 ms, found 2 plugins.
[Package Manager] Failed to launch server process. Reason: Unity was launched with the -noUpm command-line argument
[Package Manager] Unable to send message (not connected to server process).
[Package Manager] Cannot connect to Unity Package Manager local server
ScheduleIndexationOnStartup MainProcess:False IndexOnStartup:True
Mono: successfully reloaded assembly
- Finished resetting the current domain, in  0.458 seconds
Domain Reload Profiling: 773ms
	BeginReloadAssembly (72ms)
		ExecutionOrderSort (0ms)
		DisableScriptedObjects (3ms)
		BackupInstance (0ms)
		ReleaseScriptingObjects (0ms)
		CreateAndSetChildDomain (23ms)
	RebuildCommonClasses (16ms)
	RebuildNativeTypeToScriptingClass (6ms)
	initialDomainReloadingComplete (14ms)
	LoadAllAssembliesAndSetupDomain (206ms)
		LoadAssemblies (160ms)
		RebuildTransferFunctionScriptingTraits (0ms)
		AnalyzeDomain (67ms)
			TypeCache.Refresh (7ms)
				TypeCache.ScanAssembly (0ms)
			BuildScriptInfoCaches (57ms)
			ResolveRequiredComponents (1ms)
	FinalizeReload (458ms)
		ReleaseScriptCaches (0ms)
		RebuildScriptCaches (0ms)
		SetupLoadedEditorAssemblies (397ms)
			LogAssemblyErrors (0ms)
			InitializePlatformSupportModulesInManaged (1ms)
			SetLoadedEditorAssemblies (2ms)
			BeforeProcessingInitializeOnLoad (109ms)
			ProcessInitializeOnLoadAttributes (183ms)
			ProcessInitializeOnLoadMethodAttributes (101ms)
			AfterProcessingInitializeOnLoad (1ms)
			EditorAssembliesLoaded (0ms)
		ExecutionOrderSort2 (0ms)
		AwakeInstancesAfterBackupRestoration (1ms)
Refreshing native plugins compatible for Editor in 1.58 ms, found 2 plugins.
Preloading 1 native plugins for Editor in 1.20 ms.
Unloading 43 Unused Serialized files (Serialized files now loaded: 0)
Unloading 5193 unused Assets / (13.7 MB). Loaded Objects now: 6335.
Memory consumption went from 146.6 MB to 132.9 MB.
Total: 7.755750 ms (FindLiveObjects: 0.207833 ms CreateObjectMapping: 0.077083 ms MarkObjects: 6.262959 ms  DeleteObjects: 1.207750 ms)

Prepare: number of updated asset objects reloaded= 0
========================================================================
Received Prepare
Refreshing native plugins compatible for Editor in 1.69 ms, found 2 plugins.
Preloading 1 native plugins for Editor in 1.31 ms.
Unloading 43 Unused Serialized files (Serialized files now loaded: 0)
Unloading 5148 unused Assets / (13.0 MB). Loaded Objects now: 6335.
Memory consumption went from 133.0 MB to 120.0 MB.
Total: 9.285541 ms (FindLiveObjects: 0.223833 ms CreateObjectMapping: 0.146792 ms MarkObjects: 7.410417 ms  DeleteObjects: 1.504000 ms)

Prepare: number of updated asset objects reloaded= 0
========================================================================
Received Prepare
Begin MonoManager ReloadAssembly
[Licensing::Client] Successfully resolved entitlement details
[Licensing::Module] License group:
  Id: F4-85AS-8ZW6-XMRF-425Z-XXXX
  Product: Unity Personal
  Type: ULF
  Expiration: Unlimited
[Licensing::Module] License group:
  Id: 6872810951280-UnityPersXXXX
  Product: Unity Personal
  Type: Assigned
  Expiration: Unlimited
Thread 0x16b88f000 may have been prematurely finalized
Symbol file LoadedFromMemory is not a mono symbol file
Symbol file LoadedFromMemory is not a mono symbol file
- Loaded All Assemblies, in  0.356 seconds
Refreshing native plugins compatible for Editor in 1.16 ms, found 2 plugins.
Native extension for OSXStandalone target not found
Native extension for WebGL target not found
Refreshing native plugins compatible for Editor in 1.28 ms, found 2 plugins.
[Package Manager] Failed to launch server process. Reason: Unity was launched with the -noUpm command-line argument
[Package Manager] Unable to send message (not connected to server process).
[Package Manager] Cannot connect to Unity Package Manager local server
ScheduleIndexationOnStartup MainProcess:False IndexOnStartup:True
Mono: successfully reloaded assembly
- Finished resetting the current domain, in  0.450 seconds
Domain Reload Profiling: 808ms
	BeginReloadAssembly (78ms)
		ExecutionOrderSort (0ms)
		DisableScriptedObjects (3ms)
		BackupInstance (0ms)
		ReleaseScriptingObjects (0ms)
		CreateAndSetChildDomain (23ms)
	RebuildCommonClasses (16ms)
	RebuildNativeTypeToScriptingClass (6ms)
	initialDomainReloadingComplete (15ms)
	LoadAllAssembliesAndSetupDomain (242ms)
		LoadAssemblies (198ms)
		RebuildTransferFunctionScriptingTraits (0ms)
		AnalyzeDomain (70ms)
			TypeCache.Refresh (7ms)
				TypeCache.ScanAssembly (0ms)
			BuildScriptInfoCaches (60ms)
			ResolveRequiredComponents (1ms)
	FinalizeReload (451ms)
		ReleaseScriptCaches (0ms)
		RebuildScriptCaches (0ms)
		SetupLoadedEditorAssemblies (392ms)
			LogAssemblyErrors (0ms)
			InitializePlatformSupportModulesInManaged (1ms)
			SetLoadedEditorAssemblies (2ms)
			BeforeProcessingInitializeOnLoad (105ms)
			ProcessInitializeOnLoadAttributes (183ms)
			ProcessInitializeOnLoadMethodAttributes (100ms)
			AfterProcessingInitializeOnLoad (1ms)
			EditorAssembliesLoaded (0ms)
		ExecutionOrderSort2 (0ms)
		AwakeInstancesAfterBackupRestoration (1ms)
Refreshing native plugins compatible for Editor in 1.18 ms, found 2 plugins.
Preloading 1 native plugins for Editor in 1.18 ms.
Unloading 43 Unused Serialized files (Serialized files now loaded: 0)
Unloading 5193 unused Assets / (14.0 MB). Loaded Objects now: 6339.
Memory consumption went from 146.6 MB to 132.6 MB.
Total: 7.771000 ms (FindLiveObjects: 0.187292 ms CreateObjectMapping: 0.076875 ms MarkObjects: 6.288375 ms  DeleteObjects: 1.218291 ms)

Prepare: number of updated asset objects reloaded= 0
========================================================================
Received Prepare
Refreshing native plugins compatible for Editor in 1.48 ms, found 2 plugins.
Preloading 1 native plugins for Editor in 1.17 ms.
Unloading 43 Unused Serialized files (Serialized files now loaded: 0)
Unloading 5148 unused Assets / (13.3 MB). Loaded Objects now: 6339.
Memory consumption went from 133.0 MB to 119.7 MB.
Total: 19.961791 ms (FindLiveObjects: 0.276375 ms CreateObjectMapping: 0.088250 ms MarkObjects: 18.397792 ms  DeleteObjects: 1.199291 ms)

Prepare: number of updated asset objects reloaded= 0
========================================================================
Received Prepare
Refreshing native plugins compatible for Editor in 2.12 ms, found 2 plugins.
Preloading 1 native plugins for Editor in 1.81 ms.
Unloading 43 Unused Serialized files (Serialized files now loaded: 0)
Unloading 5148 unused Assets / (12.9 MB). Loaded Objects now: 6339.
Memory consumption went from 133.0 MB to 120.2 MB.
Total: 8.004250 ms (FindLiveObjects: 0.216208 ms CreateObjectMapping: 0.083500 ms MarkObjects: 6.591709 ms  DeleteObjects: 1.112750 ms)

Prepare: number of updated asset objects reloaded= 0
========================================================================
Received Prepare
Begin MonoManager ReloadAssembly
[Licensing::Client] Successfully resolved entitlement details
[Licensing::Module] License group:
  Id: F4-85AS-8ZW6-XMRF-425Z-XXXX
  Product: Unity Personal
  Type: ULF
  Expiration: Unlimited
[Licensing::Module] License group:
  Id: 6872810951280-UnityPersXXXX
  Product: Unity Personal
  Type: Assigned
  Expiration: Unlimited
Thread 0x16b88f000 may have been prematurely finalized
Symbol file LoadedFromMemory is not a mono symbol file
Symbol file LoadedFromMemory is not a mono symbol file
- Loaded All Assemblies, in  0.452 seconds
Refreshing native plugins compatible for Editor in 1.22 ms, found 2 plugins.
Native extension for OSXStandalone target not found
Native extension for WebGL target not found
Refreshing native plugins compatible for Editor in 1.10 ms, found 2 plugins.
[Package Manager] Failed to launch server process. Reason: Unity was launched with the -noUpm command-line argument
[Package Manager] Unable to send message (not connected to server process).
[Package Manager] Cannot connect to Unity Package Manager local server
ScheduleIndexationOnStartup MainProcess:False IndexOnStartup:True
Mono: successfully reloaded assembly
- Finished resetting the current domain, in  0.456 seconds
Domain Reload Profiling: 910ms
	BeginReloadAssembly (114ms)
		ExecutionOrderSort (0ms)
		DisableScriptedObjects (4ms)
		BackupInstance (0ms)
		ReleaseScriptingObjects (0ms)
		CreateAndSetChildDomain (44ms)
	RebuildCommonClasses (18ms)
	RebuildNativeTypeToScriptingClass (6ms)
	initialDomainReloadingComplete (18ms)
	LoadAllAssembliesAndSetupDomain (297ms)
		LoadAssemblies (253ms)
		RebuildTransferFunctionScriptingTraits (0ms)
		AnalyzeDomain (79ms)
			TypeCache.Refresh (9ms)
				TypeCache.ScanAssembly (0ms)
			BuildScriptInfoCaches (66ms)
			ResolveRequiredComponents (1ms)
	FinalizeReload (457ms)
		ReleaseScriptCaches (0ms)
		RebuildScriptCaches (0ms)
		SetupLoadedEditorAssemblies (395ms)
			LogAssemblyErrors (0ms)
			InitializePlatformSupportModulesInManaged (1ms)
			SetLoadedEditorAssemblies (2ms)
			BeforeProcessingInitializeOnLoad (101ms)
			ProcessInitializeOnLoadAttributes (189ms)
			ProcessInitializeOnLoadMethodAttributes (102ms)
			AfterProcessingInitializeOnLoad (0ms)
			EditorAssembliesLoaded (0ms)
		ExecutionOrderSort2 (0ms)
		AwakeInstancesAfterBackupRestoration (1ms)
Refreshing native plugins compatible for Editor in 1.52 ms, found 2 plugins.
Preloading 1 native plugins for Editor in 1.20 ms.
Unloading 43 Unused Serialized files (Serialized files now loaded: 0)
Unloading 5193 unused Assets / (14.0 MB). Loaded Objects now: 6343.
Memory consumption went from 146.6 MB to 132.6 MB.
Total: 7.762500 ms (FindLiveObjects: 0.208500 ms CreateObjectMapping: 0.076750 ms MarkObjects: 6.148083 ms  DeleteObjects: 1.329000 ms)

Prepare: number of updated asset objects reloaded= 0
========================================================================
Received Prepare
Refreshing native plugins compatible for Editor in 1.40 ms, found 2 plugins.
Preloading 1 native plugins for Editor in 1.18 ms.
Unloading 43 Unused Serialized files (Serialized files now loaded: 0)
Unloading 5148 unused Assets / (13.8 MB). Loaded Objects now: 6343.
Memory consumption went from 133.0 MB to 119.2 MB.
Total: 7.598458 ms (FindLiveObjects: 0.206583 ms CreateObjectMapping: 0.076500 ms MarkObjects: 6.079334 ms  DeleteObjects: 1.235667 ms)

Prepare: number of updated asset objects reloaded= 0
========================================================================
Received Prepare
Refreshing native plugins compatible for Editor in 1.53 ms, found 2 plugins.
Preloading 1 native plugins for Editor in 1.18 ms.
Unloading 43 Unused Serialized files (Serialized files now loaded: 0)
Unloading 5148 unused Assets / (13.8 MB). Loaded Objects now: 6343.
Memory consumption went from 133.0 MB to 119.3 MB.
Total: 7.701542 ms (FindLiveObjects: 0.210458 ms CreateObjectMapping: 0.083500 ms MarkObjects: 6.097125 ms  DeleteObjects: 1.310000 ms)

Prepare: number of updated asset objects reloaded= 0
========================================================================
Received Prepare
Refreshing native plugins compatible for Editor in 1.50 ms, found 2 plugins.
Preloading 1 native plugins for Editor in 1.18 ms.
Unloading 43 Unused Serialized files (Serialized files now loaded: 0)
Unloading 5148 unused Assets / (13.9 MB). Loaded Objects now: 6343.
Memory consumption went from 133.0 MB to 119.1 MB.
Total: 7.546459 ms (FindLiveObjects: 0.206000 ms CreateObjectMapping: 0.078875 ms MarkObjects: 5.987083 ms  DeleteObjects: 1.274375 ms)

Prepare: number of updated asset objects reloaded= 0
========================================================================
Received Prepare
Refreshing native plugins compatible for Editor in 1.53 ms, found 2 plugins.
Preloading 1 native plugins for Editor in 1.18 ms.
Unloading 43 Unused Serialized files (Serialized files now loaded: 0)
Unloading 5148 unused Assets / (13.8 MB). Loaded Objects now: 6343.
Memory consumption went from 133.0 MB to 119.2 MB.
Total: 7.542250 ms (FindLiveObjects: 0.200709 ms CreateObjectMapping: 0.080291 ms MarkObjects: 5.989625 ms  DeleteObjects: 1.271542 ms)

Prepare: number of updated asset objects reloaded= 0
========================================================================
Received Prepare
Refreshing native plugins compatible for Editor in 1.50 ms, found 2 plugins.
Preloading 1 native plugins for Editor in 1.17 ms.
Unloading 43 Unused Serialized files (Serialized files now loaded: 0)
Unloading 5148 unused Assets / (13.6 MB). Loaded Objects now: 6343.
Memory consumption went from 133.0 MB to 119.4 MB.
Total: 7.450291 ms (FindLiveObjects: 0.205833 ms CreateObjectMapping: 0.080458 ms MarkObjects: 5.963292 ms  DeleteObjects: 1.200625 ms)

Prepare: number of updated asset objects reloaded= 0
========================================================================
Received Prepare
Begin MonoManager ReloadAssembly
Thread 0x16b88f000 may have been prematurely finalized
Symbol file LoadedFromMemory is not a mono symbol file
Symbol file LoadedFromMemory is not a mono symbol file
- Loaded All Assemblies, in  0.350 seconds
Refreshing native plugins compatible for Editor in 1.16 ms, found 2 plugins.
Native extension for OSXStandalone target not found
Native extension for WebGL target not found
Refreshing native plugins compatible for Editor in 1.06 ms, found 2 plugins.
[Package Manager] Failed to launch server process. Reason: Unity was launched with the -noUpm command-line argument
[Package Manager] Unable to send message (not connected to server process).
[Package Manager] Cannot connect to Unity Package Manager local server
ScheduleIndexationOnStartup MainProcess:False IndexOnStartup:True
Mono: successfully reloaded assembly
- Finished resetting the current domain, in  0.457 seconds
Domain Reload Profiling: 808ms
	BeginReloadAssembly (72ms)
		ExecutionOrderSort (0ms)
		DisableScriptedObjects (2ms)
		BackupInstance (0ms)
		ReleaseScriptingObjects (0ms)
		CreateAndSetChildDomain (23ms)
	RebuildCommonClasses (16ms)
	RebuildNativeTypeToScriptingClass (6ms)
	initialDomainReloadingComplete (14ms)
	LoadAllAssembliesAndSetupDomain (243ms)
		LoadAssemblies (194ms)
		RebuildTransferFunctionScriptingTraits (0ms)
		AnalyzeDomain (69ms)
			TypeCache.Refresh (7ms)
				TypeCache.ScanAssembly (0ms)
			BuildScriptInfoCaches (59ms)
			ResolveRequiredComponents (1ms)
	FinalizeReload (457ms)
		ReleaseScriptCaches (0ms)
		RebuildScriptCaches (0ms)
		SetupLoadedEditorAssemblies (397ms)
			LogAssemblyErrors (0ms)
			InitializePlatformSupportModulesInManaged (1ms)
			SetLoadedEditorAssemblies (2ms)
			BeforeProcessingInitializeOnLoad (110ms)
			ProcessInitializeOnLoadAttributes (183ms)
			ProcessInitializeOnLoadMethodAttributes (101ms)
			AfterProcessingInitializeOnLoad (0ms)
			EditorAssembliesLoaded (0ms)
		ExecutionOrderSort2 (0ms)
		AwakeInstancesAfterBackupRestoration (1ms)
Refreshing native plugins compatible for Editor in 1.50 ms, found 2 plugins.
Preloading 1 native plugins for Editor in 1.20 ms.
Unloading 43 Unused Serialized files (Serialized files now loaded: 0)
Unloading 5193 unused Assets / (13.8 MB). Loaded Objects now: 6347.
Memory consumption went from 146.7 MB to 132.8 MB.
Total: 7.613334 ms (FindLiveObjects: 0.203958 ms CreateObjectMapping: 0.081500 ms MarkObjects: 6.083167 ms  DeleteObjects: 1.244500 ms)

Prepare: number of updated asset objects reloaded= 0
========================================================================
Received Prepare
Refreshing native plugins compatible for Editor in 1.46 ms, found 2 plugins.
Preloading 1 native plugins for Editor in 1.18 ms.
Unloading 43 Unused Serialized files (Serialized files now loaded: 0)
Unloading 5148 unused Assets / (14.3 MB). Loaded Objects now: 6347.
Memory consumption went from 133.0 MB to 118.7 MB.
Total: 7.742583 ms (FindLiveObjects: 0.208625 ms CreateObjectMapping: 0.075708 ms MarkObjects: 6.075459 ms  DeleteObjects: 1.382458 ms)

Prepare: number of updated asset objects reloaded= 0
========================================================================
Received Prepare
Begin MonoManager ReloadAssembly
Thread 0x16b88f000 may have been prematurely finalized
Symbol file LoadedFromMemory is not a mono symbol file
Symbol file LoadedFromMemory is not a mono symbol file
- Loaded All Assemblies, in  0.330 seconds
Refreshing native plugins compatible for Editor in 1.36 ms, found 2 plugins.
Native extension for OSXStandalone target not found
Native extension for WebGL target not found
Refreshing native plugins compatible for Editor in 0.96 ms, found 2 plugins.
[Package Manager] Failed to launch server process. Reason: Unity was launched with the -noUpm command-line argument
[Package Manager] Unable to send message (not connected to server process).
[Package Manager] Cannot connect to Unity Package Manager local server
ScheduleIndexationOnStartup MainProcess:False IndexOnStartup:True
Mono: successfully reloaded assembly
- Finished resetting the current domain, in  0.453 seconds
Domain Reload Profiling: 784ms
	BeginReloadAssembly (81ms)
		ExecutionOrderSort (0ms)
		DisableScriptedObjects (3ms)
		BackupInstance (0ms)
		ReleaseScriptingObjects (0ms)
		CreateAndSetChildDomain (30ms)
	RebuildCommonClasses (16ms)
	RebuildNativeTypeToScriptingClass (6ms)
	initialDomainReloadingComplete (15ms)
	LoadAllAssembliesAndSetupDomain (213ms)
		LoadAssemblies (167ms)
		RebuildTransferFunctionScriptingTraits (0ms)
		AnalyzeDomain (68ms)
			TypeCache.Refresh (7ms)
				TypeCache.ScanAssembly (0ms)
			BuildScriptInfoCaches (58ms)
			ResolveRequiredComponents (1ms)
	FinalizeReload (453ms)
		ReleaseScriptCaches (0ms)
		RebuildScriptCaches (0ms)
		SetupLoadedEditorAssemblies (392ms)
			LogAssemblyErrors (0ms)
			InitializePlatformSupportModulesInManaged (1ms)
			SetLoadedEditorAssemblies (2ms)
			BeforeProcessingInitializeOnLoad (107ms)
			ProcessInitializeOnLoadAttributes (181ms)
			ProcessInitializeOnLoadMethodAttributes (102ms)
			AfterProcessingInitializeOnLoad (1ms)
			EditorAssembliesLoaded (0ms)
		ExecutionOrderSort2 (0ms)
		AwakeInstancesAfterBackupRestoration (1ms)
Refreshing native plugins compatible for Editor in 1.21 ms, found 2 plugins.
Preloading 1 native plugins for Editor in 1.21 ms.
Unloading 43 Unused Serialized files (Serialized files now loaded: 0)
Unloading 5193 unused Assets / (13.7 MB). Loaded Objects now: 6351.
Memory consumption went from 146.7 MB to 133.0 MB.
Total: 7.616209 ms (FindLiveObjects: 0.185125 ms CreateObjectMapping: 0.080125 ms MarkObjects: 6.164750 ms  DeleteObjects: 1.185959 ms)

Prepare: number of updated asset objects reloaded= 0
========================================================================
Received Prepare
Refreshing native plugins compatible for Editor in 1.41 ms, found 2 plugins.
Preloading 1 native plugins for Editor in 1.19 ms.
Unloading 43 Unused Serialized files (Serialized files now loaded: 0)
Unloading 5148 unused Assets / (14.3 MB). Loaded Objects now: 6351.
Memory consumption went from 133.0 MB to 118.8 MB.
Total: 7.632167 ms (FindLiveObjects: 0.207959 ms CreateObjectMapping: 0.080458 ms MarkObjects: 6.054042 ms  DeleteObjects: 1.289458 ms)

Prepare: number of updated asset objects reloaded= 0
========================================================================
Received Prepare
Begin MonoManager ReloadAssembly
[Licensing::Client] Successfully resolved entitlement details
[Licensing::Module] License group:
  Id: F4-85AS-8ZW6-XMRF-425Z-XXXX
  Product: Unity Personal
  Type: ULF
  Expiration: Unlimited
[Licensing::Module] License group:
  Id: 6872810951280-UnityPersXXXX
  Product: Unity Personal
  Type: Assigned
  Expiration: Unlimited
Thread 0x16b88f000 may have been prematurely finalized
Symbol file LoadedFromMemory is not a mono symbol file
Symbol file LoadedFromMemory is not a mono symbol file
- Loaded All Assemblies, in  0.325 seconds
Refreshing native plugins compatible for Editor in 1.33 ms, found 2 plugins.
Native extension for OSXStandalone target not found
Native extension for WebGL target not found
Refreshing native plugins compatible for Editor in 1.23 ms, found 2 plugins.
[Package Manager] Failed to launch server process. Reason: Unity was launched with the -noUpm command-line argument
[Package Manager] Unable to send message (not connected to server process).
[Package Manager] Cannot connect to Unity Package Manager local server
ScheduleIndexationOnStartup MainProcess:False IndexOnStartup:True
Mono: successfully reloaded assembly
- Finished resetting the current domain, in  0.462 seconds
Domain Reload Profiling: 789ms
	BeginReloadAssembly (72ms)
		ExecutionOrderSort (0ms)
		DisableScriptedObjects (3ms)
		BackupInstance (0ms)
		ReleaseScriptingObjects (0ms)
		CreateAndSetChildDomain (23ms)
	RebuildCommonClasses (17ms)
	RebuildNativeTypeToScriptingClass (6ms)
	initialDomainReloadingComplete (15ms)
	LoadAllAssembliesAndSetupDomain (216ms)
		LoadAssemblies (167ms)
		RebuildTransferFunctionScriptingTraits (0ms)
		AnalyzeDomain (69ms)
			TypeCache.Refresh (7ms)
				TypeCache.ScanAssembly (0ms)
			BuildScriptInfoCaches (58ms)
			ResolveRequiredComponents (1ms)
	FinalizeReload (462ms)
		ReleaseScriptCaches (0ms)
		RebuildScriptCaches (0ms)
		SetupLoadedEditorAssemblies (401ms)
			LogAssemblyErrors (0ms)
			InitializePlatformSupportModulesInManaged (1ms)
			SetLoadedEditorAssemblies (2ms)
			BeforeProcessingInitializeOnLoad (110ms)
			ProcessInitializeOnLoadAttributes (185ms)
			ProcessInitializeOnLoadMethodAttributes (103ms)
			AfterProcessingInitializeOnLoad (1ms)
			EditorAssembliesLoaded (0ms)
		ExecutionOrderSort2 (0ms)
		AwakeInstancesAfterBackupRestoration (1ms)
Refreshing native plugins compatible for Editor in 1.31 ms, found 2 plugins.
Preloading 1 native plugins for Editor in 1.18 ms.
Unloading 43 Unused Serialized files (Serialized files now loaded: 0)
Unloading 5193 unused Assets / (14.0 MB). Loaded Objects now: 6355.
Memory consumption went from 146.7 MB to 132.7 MB.
Total: 7.758125 ms (FindLiveObjects: 0.204125 ms CreateObjectMapping: 0.072042 ms MarkObjects: 6.115375 ms  DeleteObjects: 1.366334 ms)

Prepare: number of updated asset objects reloaded= 0
========================================================================
Received Prepare
Refreshing native plugins compatible for Editor in 1.39 ms, found 2 plugins.
Preloading 1 native plugins for Editor in 1.20 ms.
Unloading 43 Unused Serialized files (Serialized files now loaded: 0)
Unloading 5148 unused Assets / (13.6 MB). Loaded Objects now: 6355.
Memory consumption went from 133.0 MB to 119.5 MB.
Total: 7.568125 ms (FindLiveObjects: 0.204292 ms CreateObjectMapping: 0.080667 ms MarkObjects: 6.148333 ms  DeleteObjects: 1.134625 ms)

Prepare: number of updated asset objects reloaded= 0
========================================================================
Received Prepare
Begin MonoManager ReloadAssembly
Thread 0x16b88f000 may have been prematurely finalized
Symbol file LoadedFromMemory is not a mono symbol file
Symbol file LoadedFromMemory is not a mono symbol file
- Loaded All Assemblies, in  0.315 seconds
Refreshing native plugins compatible for Editor in 1.16 ms, found 2 plugins.
Native extension for OSXStandalone target not found
Native extension for WebGL target not found
Refreshing native plugins compatible for Editor in 1.00 ms, found 2 plugins.
[Package Manager] Failed to launch server process. Reason: Unity was launched with the -noUpm command-line argument
[Package Manager] Unable to send message (not connected to server process).
[Package Manager] Cannot connect to Unity Package Manager local server
ScheduleIndexationOnStartup MainProcess:False IndexOnStartup:True
Mono: successfully reloaded assembly
- Finished resetting the current domain, in  0.453 seconds
Domain Reload Profiling: 769ms
	BeginReloadAssembly (72ms)
		ExecutionOrderSort (0ms)
		DisableScriptedObjects (3ms)
		BackupInstance (0ms)
		ReleaseScriptingObjects (0ms)
		CreateAndSetChildDomain (23ms)
	RebuildCommonClasses (16ms)
	RebuildNativeTypeToScriptingClass (6ms)
	initialDomainReloadingComplete (15ms)
	LoadAllAssembliesAndSetupDomain (208ms)
		LoadAssemblies (161ms)
		RebuildTransferFunctionScriptingTraits (0ms)
		AnalyzeDomain (68ms)
			TypeCache.Refresh (7ms)
				TypeCache.ScanAssembly (0ms)
			BuildScriptInfoCaches (57ms)
			ResolveRequiredComponents (1ms)
	FinalizeReload (453ms)
		ReleaseScriptCaches (0ms)
		RebuildScriptCaches (0ms)
		SetupLoadedEditorAssemblies (393ms)
			LogAssemblyErrors (0ms)
			InitializePlatformSupportModulesInManaged (1ms)
			SetLoadedEditorAssemblies (2ms)
			BeforeProcessingInitializeOnLoad (109ms)
			ProcessInitializeOnLoadAttributes (182ms)
			ProcessInitializeOnLoadMethodAttributes (98ms)
			AfterProcessingInitializeOnLoad (1ms)
			EditorAssembliesLoaded (0ms)
		ExecutionOrderSort2 (0ms)
		AwakeInstancesAfterBackupRestoration (1ms)
Refreshing native plugins compatible for Editor in 1.24 ms, found 2 plugins.
Preloading 1 native plugins for Editor in 1.25 ms.
Unloading 43 Unused Serialized files (Serialized files now loaded: 0)
Unloading 5193 unused Assets / (12.7 MB). Loaded Objects now: 6359.
Memory consumption went from 146.7 MB to 134.0 MB.
Total: 7.878458 ms (FindLiveObjects: 0.197125 ms CreateObjectMapping: 0.078666 ms MarkObjects: 6.455292 ms  DeleteObjects: 1.147333 ms)

Prepare: number of updated asset objects reloaded= 0
========================================================================
Received Prepare
Refreshing native plugins compatible for Editor in 1.49 ms, found 2 plugins.
Preloading 1 native plugins for Editor in 1.19 ms.
Unloading 43 Unused Serialized files (Serialized files now loaded: 0)
Unloading 5148 unused Assets / (13.7 MB). Loaded Objects now: 6359.
Memory consumption went from 133.1 MB to 119.3 MB.
Total: 7.524209 ms (FindLiveObjects: 0.204375 ms CreateObjectMapping: 0.080708 ms MarkObjects: 6.040792 ms  DeleteObjects: 1.198292 ms)

Prepare: number of updated asset objects reloaded= 0
========================================================================
Received Prepare
Begin MonoManager ReloadAssembly
Thread 0x16b88f000 may have been prematurely finalized
Symbol file LoadedFromMemory is not a mono symbol file
Symbol file LoadedFromMemory is not a mono symbol file
- Loaded All Assemblies, in  0.319 seconds
Refreshing native plugins compatible for Editor in 1.50 ms, found 2 plugins.
Native extension for OSXStandalone target not found
Native extension for WebGL target not found
Refreshing native plugins compatible for Editor in 1.01 ms, found 2 plugins.
[Package Manager] Failed to launch server process. Reason: Unity was launched with the -noUpm command-line argument
[Package Manager] Unable to send message (not connected to server process).
[Package Manager] Cannot connect to Unity Package Manager local server
ScheduleIndexationOnStartup MainProcess:False IndexOnStartup:True
Mono: successfully reloaded assembly
- Finished resetting the current domain, in  0.459 seconds
Domain Reload Profiling: 780ms
	BeginReloadAssembly (74ms)
		ExecutionOrderSort (0ms)
		DisableScriptedObjects (3ms)
		BackupInstance (0ms)
		ReleaseScriptingObjects (0ms)
		CreateAndSetChildDomain (24ms)
	RebuildCommonClasses (16ms)
	RebuildNativeTypeToScriptingClass (6ms)
	initialDomainReloadingComplete (15ms)
	LoadAllAssembliesAndSetupDomain (209ms)
		LoadAssemblies (163ms)
		RebuildTransferFunctionScriptingTraits (0ms)
		AnalyzeDomain (68ms)
			TypeCache.Refresh (7ms)
				TypeCache.ScanAssembly (0ms)
			BuildScriptInfoCaches (58ms)
			ResolveRequiredComponents (1ms)
	FinalizeReload (460ms)
		ReleaseScriptCaches (0ms)
		RebuildScriptCaches (0ms)
		SetupLoadedEditorAssemblies (399ms)
			LogAssemblyErrors (0ms)
			InitializePlatformSupportModulesInManaged (1ms)
			SetLoadedEditorAssemblies (2ms)
			BeforeProcessingInitializeOnLoad (110ms)
			ProcessInitializeOnLoadAttributes (187ms)
			ProcessInitializeOnLoadMethodAttributes (98ms)
			AfterProcessingInitializeOnLoad (1ms)
			EditorAssembliesLoaded (0ms)
		ExecutionOrderSort2 (0ms)
		AwakeInstancesAfterBackupRestoration (1ms)
Refreshing native plugins compatible for Editor in 1.11 ms, found 2 plugins.
Preloading 1 native plugins for Editor in 1.20 ms.
Unloading 43 Unused Serialized files (Serialized files now loaded: 0)
Unloading 5193 unused Assets / (13.7 MB). Loaded Objects now: 6363.
Memory consumption went from 146.7 MB to 133.0 MB.
Total: 7.189417 ms (FindLiveObjects: 0.186833 ms CreateObjectMapping: 0.079292 ms MarkObjects: 5.836625 ms  DeleteObjects: 1.086500 ms)

Prepare: number of updated asset objects reloaded= 0
========================================================================
Received Prepare
Refreshing native plugins compatible for Editor in 1.29 ms, found 2 plugins.
Preloading 1 native plugins for Editor in 1.18 ms.
Unloading 43 Unused Serialized files (Serialized files now loaded: 0)
Unloading 5148 unused Assets / (13.8 MB). Loaded Objects now: 6363.
Memory consumption went from 133.1 MB to 119.2 MB.
Total: 7.772625 ms (FindLiveObjects: 0.206917 ms CreateObjectMapping: 0.082375 ms MarkObjects: 6.251959 ms  DeleteObjects: 1.231084 ms)

Prepare: number of updated asset objects reloaded= 0
========================================================================
Received Prepare
Begin MonoManager ReloadAssembly
Thread 0x16b88f000 may have been prematurely finalized
Symbol file LoadedFromMemory is not a mono symbol file
Symbol file LoadedFromMemory is not a mono symbol file
- Loaded All Assemblies, in  0.324 seconds
Refreshing native plugins compatible for Editor in 1.70 ms, found 2 plugins.
Native extension for OSXStandalone target not found
Native extension for WebGL target not found
Refreshing native plugins compatible for Editor in 1.13 ms, found 2 plugins.
[Package Manager] Failed to launch server process. Reason: Unity was launched with the -noUpm command-line argument
[Package Manager] Unable to send message (not connected to server process).
[Package Manager] Cannot connect to Unity Package Manager local server
ScheduleIndexationOnStartup MainProcess:False IndexOnStartup:True
Mono: successfully reloaded assembly
- Finished resetting the current domain, in  0.459 seconds
Domain Reload Profiling: 785ms
	BeginReloadAssembly (77ms)
		ExecutionOrderSort (0ms)
		DisableScriptedObjects (3ms)
		BackupInstance (0ms)
		ReleaseScriptingObjects (0ms)
		CreateAndSetChildDomain (24ms)
	RebuildCommonClasses (16ms)
	RebuildNativeTypeToScriptingClass (6ms)
	initialDomainReloadingComplete (15ms)
	LoadAllAssembliesAndSetupDomain (211ms)
		LoadAssemblies (166ms)
		RebuildTransferFunctionScriptingTraits (0ms)
		AnalyzeDomain (70ms)
			TypeCache.Refresh (6ms)
				TypeCache.ScanAssembly (0ms)
			BuildScriptInfoCaches (59ms)
			ResolveRequiredComponents (1ms)
	FinalizeReload (459ms)
		ReleaseScriptCaches (0ms)
		RebuildScriptCaches (0ms)
		SetupLoadedEditorAssemblies (398ms)
			LogAssemblyErrors (0ms)
			InitializePlatformSupportModulesInManaged (1ms)
			SetLoadedEditorAssemblies (2ms)
			BeforeProcessingInitializeOnLoad (109ms)
			ProcessInitializeOnLoadAttributes (184ms)
			ProcessInitializeOnLoadMethodAttributes (102ms)
			AfterProcessingInitializeOnLoad (1ms)
			EditorAssembliesLoaded (0ms)
		ExecutionOrderSort2 (0ms)
		AwakeInstancesAfterBackupRestoration (1ms)
Refreshing native plugins compatible for Editor in 1.20 ms, found 2 plugins.
Preloading 1 native plugins for Editor in 1.25 ms.
Unloading 43 Unused Serialized files (Serialized files now loaded: 0)
Unloading 5193 unused Assets / (14.0 MB). Loaded Objects now: 6367.
Memory consumption went from 146.7 MB to 132.7 MB.
Total: 7.667625 ms (FindLiveObjects: 0.192667 ms CreateObjectMapping: 0.077000 ms MarkObjects: 6.200667 ms  DeleteObjects: 1.197166 ms)

Prepare: number of updated asset objects reloaded= 0
========================================================================
Received Prepare
Refreshing native plugins compatible for Editor in 1.51 ms, found 2 plugins.
Preloading 1 native plugins for Editor in 1.18 ms.
Unloading 43 Unused Serialized files (Serialized files now loaded: 0)
Unloading 5148 unused Assets / (13.4 MB). Loaded Objects now: 6367.
Memory consumption went from 133.1 MB to 119.7 MB.
Total: 8.424750 ms (FindLiveObjects: 0.232167 ms CreateObjectMapping: 0.082708 ms MarkObjects: 6.912792 ms  DeleteObjects: 1.196709 ms)

Prepare: number of updated asset objects reloaded= 0
========================================================================
Received Prepare
Begin MonoManager ReloadAssembly
Thread 0x16b88f000 may have been prematurely finalized
Symbol file LoadedFromMemory is not a mono symbol file
Symbol file LoadedFromMemory is not a mono symbol file
- Loaded All Assemblies, in  0.322 seconds
Refreshing native plugins compatible for Editor in 1.31 ms, found 2 plugins.
Native extension for OSXStandalone target not found
Native extension for WebGL target not found
Refreshing native plugins compatible for Editor in 1.00 ms, found 2 plugins.
[Package Manager] Failed to launch server process. Reason: Unity was launched with the -noUpm command-line argument
[Package Manager] Unable to send message (not connected to server process).
[Package Manager] Cannot connect to Unity Package Manager local server
ScheduleIndexationOnStartup MainProcess:False IndexOnStartup:True
Mono: successfully reloaded assembly
- Finished resetting the current domain, in  0.491 seconds
Domain Reload Profiling: 814ms
	BeginReloadAssembly (73ms)
		ExecutionOrderSort (0ms)
		DisableScriptedObjects (3ms)
		BackupInstance (0ms)
		ReleaseScriptingObjects (0ms)
		CreateAndSetChildDomain (22ms)
	RebuildCommonClasses (17ms)
	RebuildNativeTypeToScriptingClass (9ms)
	initialDomainReloadingComplete (15ms)
	LoadAllAssembliesAndSetupDomain (208ms)
		LoadAssemblies (165ms)
		RebuildTransferFunctionScriptingTraits (0ms)
		AnalyzeDomain (65ms)
			TypeCache.Refresh (6ms)
				TypeCache.ScanAssembly (0ms)
			BuildScriptInfoCaches (56ms)
			ResolveRequiredComponents (1ms)
	FinalizeReload (491ms)
		ReleaseScriptCaches (0ms)
		RebuildScriptCaches (0ms)
		SetupLoadedEditorAssemblies (421ms)
			LogAssemblyErrors (0ms)
			InitializePlatformSupportModulesInManaged (1ms)
			SetLoadedEditorAssemblies (2ms)
			BeforeProcessingInitializeOnLoad (119ms)
			ProcessInitializeOnLoadAttributes (199ms)
			ProcessInitializeOnLoadMethodAttributes (100ms)
			AfterProcessingInitializeOnLoad (1ms)
			EditorAssembliesLoaded (0ms)
		ExecutionOrderSort2 (0ms)
		AwakeInstancesAfterBackupRestoration (1ms)
Refreshing native plugins compatible for Editor in 1.28 ms, found 2 plugins.
Preloading 1 native plugins for Editor in 1.19 ms.
Unloading 43 Unused Serialized files (Serialized files now loaded: 0)
Unloading 5193 unused Assets / (13.5 MB). Loaded Objects now: 6371.
Memory consumption went from 146.7 MB to 133.2 MB.
Total: 7.602208 ms (FindLiveObjects: 0.207583 ms CreateObjectMapping: 0.080833 ms MarkObjects: 6.091750 ms  DeleteObjects: 1.221791 ms)

Prepare: number of updated asset objects reloaded= 0
========================================================================
Received Prepare
Refreshing native plugins compatible for Editor in 1.55 ms, found 2 plugins.
Preloading 1 native plugins for Editor in 1.19 ms.
Unloading 43 Unused Serialized files (Serialized files now loaded: 0)
Unloading 5148 unused Assets / (14.2 MB). Loaded Objects now: 6371.
Memory consumption went from 133.1 MB to 118.9 MB.
Total: 7.601291 ms (FindLiveObjects: 0.207667 ms CreateObjectMapping: 0.074041 ms MarkObjects: 6.016209 ms  DeleteObjects: 1.303000 ms)

Prepare: number of updated asset objects reloaded= 0
========================================================================
Received Prepare
Refreshing native plugins compatible for Editor in 1.35 ms, found 2 plugins.
Preloading 1 native plugins for Editor in 1.22 ms.
Unloading 43 Unused Serialized files (Serialized files now loaded: 0)
Unloading 5148 unused Assets / (13.6 MB). Loaded Objects now: 6371.
Memory consumption went from 133.1 MB to 119.5 MB.
Total: 7.891583 ms (FindLiveObjects: 0.211958 ms CreateObjectMapping: 0.084334 ms MarkObjects: 6.449833 ms  DeleteObjects: 1.145125 ms)

Prepare: number of updated asset objects reloaded= 0
========================================================================
Received Prepare
Refreshing native plugins compatible for Editor in 1.51 ms, found 2 plugins.
Preloading 1 native plugins for Editor in 1.16 ms.
Unloading 43 Unused Serialized files (Serialized files now loaded: 0)
Unloading 5148 unused Assets / (13.9 MB). Loaded Objects now: 6371.
Memory consumption went from 133.1 MB to 119.2 MB.
Total: 7.544708 ms (FindLiveObjects: 0.208333 ms CreateObjectMapping: 0.077500 ms MarkObjects: 6.012042 ms  DeleteObjects: 1.246458 ms)

Prepare: number of updated asset objects reloaded= 0
========================================================================
Received Prepare
Refreshing native plugins compatible for Editor in 1.43 ms, found 2 plugins.
Preloading 1 native plugins for Editor in 1.18 ms.
Unloading 43 Unused Serialized files (Serialized files now loaded: 0)
Unloading 5148 unused Assets / (13.7 MB). Loaded Objects now: 6371.
Memory consumption went from 133.1 MB to 119.3 MB.
Total: 7.484792 ms (FindLiveObjects: 0.209375 ms CreateObjectMapping: 0.082000 ms MarkObjects: 5.997167 ms  DeleteObjects: 1.195875 ms)

Prepare: number of updated asset objects reloaded= 0
========================================================================
Received Prepare
Refreshing native plugins compatible for Editor in 1.44 ms, found 2 plugins.
Preloading 1 native plugins for Editor in 1.19 ms.
Unloading 43 Unused Serialized files (Serialized files now loaded: 0)
Unloading 5148 unused Assets / (13.8 MB). Loaded Objects now: 6371.
Memory consumption went from 133.1 MB to 119.3 MB.
Total: 7.578583 ms (FindLiveObjects: 0.208584 ms CreateObjectMapping: 0.082000 ms MarkObjects: 6.055583 ms  DeleteObjects: 1.232291 ms)

Prepare: number of updated asset objects reloaded= 0
========================================================================
Received Prepare
Refreshing native plugins compatible for Editor in 1.41 ms, found 2 plugins.
Preloading 1 native plugins for Editor in 1.21 ms.
Unloading 43 Unused Serialized files (Serialized files now loaded: 0)
Unloading 5148 unused Assets / (12.8 MB). Loaded Objects now: 6371.
Memory consumption went from 133.1 MB to 120.2 MB.
Total: 7.856250 ms (FindLiveObjects: 0.208458 ms CreateObjectMapping: 0.082833 ms MarkObjects: 6.444625 ms  DeleteObjects: 1.119917 ms)

Prepare: number of updated asset objects reloaded= 0
========================================================================
Received Prepare
Refreshing native plugins compatible for Editor in 1.50 ms, found 2 plugins.
Preloading 1 native plugins for Editor in 1.17 ms.
Unloading 43 Unused Serialized files (Serialized files now loaded: 0)
Unloading 5148 unused Assets / (13.7 MB). Loaded Objects now: 6371.
Memory consumption went from 133.1 MB to 119.4 MB.
Total: 7.537083 ms (FindLiveObjects: 0.209209 ms CreateObjectMapping: 0.084958 ms MarkObjects: 6.051875 ms  DeleteObjects: 1.190875 ms)

Prepare: number of updated asset objects reloaded= 0
========================================================================
Received Prepare
Refreshing native plugins compatible for Editor in 1.53 ms, found 2 plugins.
Preloading 1 native plugins for Editor in 1.17 ms.
Unloading 43 Unused Serialized files (Serialized files now loaded: 0)
Unloading 5148 unused Assets / (13.9 MB). Loaded Objects now: 6371.
Memory consumption went from 133.1 MB to 119.2 MB.
Total: 7.452791 ms (FindLiveObjects: 0.205709 ms CreateObjectMapping: 0.083208 ms MarkObjects: 5.929958 ms  DeleteObjects: 1.233583 ms)

Prepare: number of updated asset objects reloaded= 0
========================================================================
Received Prepare
Refreshing native plugins compatible for Editor in 1.46 ms, found 2 plugins.
Preloading 1 native plugins for Editor in 1.17 ms.
Unloading 43 Unused Serialized files (Serialized files now loaded: 0)
Unloading 5148 unused Assets / (13.7 MB). Loaded Objects now: 6371.
Memory consumption went from 133.1 MB to 119.4 MB.
Total: 8.030625 ms (FindLiveObjects: 0.210416 ms CreateObjectMapping: 0.084334 ms MarkObjects: 6.446750 ms  DeleteObjects: 1.288917 ms)

Prepare: number of updated asset objects reloaded= 0
========================================================================
Received Prepare
Refreshing native plugins compatible for Editor in 1.49 ms, found 2 plugins.
Preloading 1 native plugins for Editor in 1.16 ms.
Unloading 43 Unused Serialized files (Serialized files now loaded: 0)
Unloading 5148 unused Assets / (13.6 MB). Loaded Objects now: 6371.
Memory consumption went from 133.1 MB to 119.5 MB.
Total: 7.396250 ms (FindLiveObjects: 0.205458 ms CreateObjectMapping: 0.077375 ms MarkObjects: 5.940208 ms  DeleteObjects: 1.172959 ms)

Prepare: number of updated asset objects reloaded= 0
========================================================================
Received Prepare
Begin MonoManager ReloadAssembly
[Licensing::Client] Successfully resolved entitlement details
[Licensing::Module] License group:
  Id: F4-85AS-8ZW6-XMRF-425Z-XXXX
  Product: Unity Personal
  Type: ULF
  Expiration: Unlimited
[Licensing::Module] License group:
  Id: 6872810951280-UnityPersXXXX
  Product: Unity Personal
  Type: Assigned
  Expiration: Unlimited
Thread 0x16b88f000 may have been prematurely finalized
Symbol file LoadedFromMemory is not a mono symbol file
Symbol file LoadedFromMemory is not a mono symbol file
- Loaded All Assemblies, in  0.357 seconds
Refreshing native plugins compatible for Editor in 1.31 ms, found 2 plugins.
Native extension for OSXStandalone target not found
Native extension for WebGL target not found
Refreshing native plugins compatible for Editor in 1.09 ms, found 2 plugins.
[Package Manager] Failed to launch server process. Reason: Unity was launched with the -noUpm command-line argument
[Package Manager] Unable to send message (not connected to server process).
[Package Manager] Cannot connect to Unity Package Manager local server
ScheduleIndexationOnStartup MainProcess:False IndexOnStartup:True
Mono: successfully reloaded assembly
- Finished resetting the current domain, in  0.463 seconds
Domain Reload Profiling: 822ms
	BeginReloadAssembly (80ms)
		ExecutionOrderSort (0ms)
		DisableScriptedObjects (3ms)
		BackupInstance (0ms)
		ReleaseScriptingObjects (0ms)
		CreateAndSetChildDomain (24ms)
	RebuildCommonClasses (16ms)
	RebuildNativeTypeToScriptingClass (6ms)
	initialDomainReloadingComplete (16ms)
	LoadAllAssembliesAndSetupDomain (241ms)
		LoadAssemblies (195ms)
		RebuildTransferFunctionScriptingTraits (0ms)
		AnalyzeDomain (70ms)
			TypeCache.Refresh (7ms)
				TypeCache.ScanAssembly (0ms)
			BuildScriptInfoCaches (60ms)
			ResolveRequiredComponents (1ms)
	FinalizeReload (463ms)
		ReleaseScriptCaches (0ms)
		RebuildScriptCaches (0ms)
		SetupLoadedEditorAssemblies (401ms)
			LogAssemblyErrors (0ms)
			InitializePlatformSupportModulesInManaged (1ms)
			SetLoadedEditorAssemblies (2ms)
			BeforeProcessingInitializeOnLoad (110ms)
			ProcessInitializeOnLoadAttributes (184ms)
			ProcessInitializeOnLoadMethodAttributes (104ms)
			AfterProcessingInitializeOnLoad (1ms)
			EditorAssembliesLoaded (0ms)
		ExecutionOrderSort2 (0ms)
		AwakeInstancesAfterBackupRestoration (1ms)
Refreshing native plugins compatible for Editor in 1.24 ms, found 2 plugins.
Preloading 1 native plugins for Editor in 1.22 ms.
Unloading 43 Unused Serialized files (Serialized files now loaded: 0)
Unloading 5193 unused Assets / (14.3 MB). Loaded Objects now: 6375.
Memory consumption went from 146.7 MB to 132.4 MB.
Total: 7.994167 ms (FindLiveObjects: 0.196250 ms CreateObjectMapping: 0.084083 ms MarkObjects: 6.297667 ms  DeleteObjects: 1.415625 ms)

Prepare: number of updated asset objects reloaded= 0
========================================================================
Received Prepare
Refreshing native plugins compatible for Editor in 0.97 ms, found 2 plugins.
Preloading 1 native plugins for Editor in 1.16 ms.
Unloading 43 Unused Serialized files (Serialized files now loaded: 0)
Unloading 5148 unused Assets / (13.7 MB). Loaded Objects now: 6375.
Memory consumption went from 133.1 MB to 119.4 MB.
Total: 7.553209 ms (FindLiveObjects: 0.188167 ms CreateObjectMapping: 0.096875 ms MarkObjects: 6.226666 ms  DeleteObjects: 1.041167 ms)

Prepare: number of updated asset objects reloaded= 0
========================================================================
Received Prepare
Begin MonoManager ReloadAssembly
Thread 0x16b88f000 may have been prematurely finalized
Symbol file LoadedFromMemory is not a mono symbol file
Symbol file LoadedFromMemory is not a mono symbol file
- Loaded All Assemblies, in  0.319 seconds
Refreshing native plugins compatible for Editor in 1.40 ms, found 2 plugins.
Native extension for OSXStandalone target not found
Native extension for WebGL target not found
Refreshing native plugins compatible for Editor in 3.00 ms, found 2 plugins.
[Package Manager] Failed to launch server process. Reason: Unity was launched with the -noUpm command-line argument
[Package Manager] Unable to send message (not connected to server process).
[Package Manager] Cannot connect to Unity Package Manager local server
ScheduleIndexationOnStartup MainProcess:False IndexOnStartup:True
Mono: successfully reloaded assembly
- Finished resetting the current domain, in  0.481 seconds
Domain Reload Profiling: 801ms
	BeginReloadAssembly (74ms)
		ExecutionOrderSort (0ms)
		DisableScriptedObjects (3ms)
		BackupInstance (0ms)
		ReleaseScriptingObjects (0ms)
		CreateAndSetChildDomain (23ms)
	RebuildCommonClasses (16ms)
	RebuildNativeTypeToScriptingClass (6ms)
	initialDomainReloadingComplete (15ms)
	LoadAllAssembliesAndSetupDomain (209ms)
		LoadAssemblies (163ms)
		RebuildTransferFunctionScriptingTraits (0ms)
		AnalyzeDomain (68ms)
			TypeCache.Refresh (7ms)
				TypeCache.ScanAssembly (0ms)
			BuildScriptInfoCaches (58ms)
			ResolveRequiredComponents (1ms)
	FinalizeReload (481ms)
		ReleaseScriptCaches (0ms)
		RebuildScriptCaches (0ms)
		SetupLoadedEditorAssemblies (417ms)
			LogAssemblyErrors (0ms)
			InitializePlatformSupportModulesInManaged (1ms)
			SetLoadedEditorAssemblies (2ms)
			BeforeProcessingInitializeOnLoad (113ms)
			ProcessInitializeOnLoadAttributes (199ms)
			ProcessInitializeOnLoadMethodAttributes (100ms)
			AfterProcessingInitializeOnLoad (1ms)
			EditorAssembliesLoaded (0ms)
		ExecutionOrderSort2 (0ms)
		AwakeInstancesAfterBackupRestoration (1ms)
Refreshing native plugins compatible for Editor in 1.46 ms, found 2 plugins.
Preloading 1 native plugins for Editor in 1.21 ms.
Unloading 43 Unused Serialized files (Serialized files now loaded: 0)
Unloading 5193 unused Assets / (13.9 MB). Loaded Objects now: 6379.
Memory consumption went from 146.7 MB to 132.8 MB.
Total: 7.597458 ms (FindLiveObjects: 0.202958 ms CreateObjectMapping: 0.079000 ms MarkObjects: 6.054500 ms  DeleteObjects: 1.260792 ms)

Prepare: number of updated asset objects reloaded= 0
========================================================================
Received Prepare
Refreshing native plugins compatible for Editor in 1.44 ms, found 2 plugins.
Preloading 1 native plugins for Editor in 1.22 ms.
Unloading 43 Unused Serialized files (Serialized files now loaded: 0)
Unloading 5148 unused Assets / (14.1 MB). Loaded Objects now: 6379.
Memory consumption went from 133.1 MB to 119.0 MB.
Total: 7.641084 ms (FindLiveObjects: 0.210375 ms CreateObjectMapping: 0.079042 ms MarkObjects: 6.093916 ms  DeleteObjects: 1.257459 ms)

Prepare: number of updated asset objects reloaded= 0
========================================================================
Received Prepare
Refreshing native plugins compatible for Editor in 1.48 ms, found 2 plugins.
Preloading 1 native plugins for Editor in 1.20 ms.
Unloading 43 Unused Serialized files (Serialized files now loaded: 0)
Unloading 5148 unused Assets / (13.7 MB). Loaded Objects now: 6379.
Memory consumption went from 133.1 MB to 119.4 MB.
Total: 7.560584 ms (FindLiveObjects: 0.209791 ms CreateObjectMapping: 0.077500 ms MarkObjects: 6.054959 ms  DeleteObjects: 1.217875 ms)

Prepare: number of updated asset objects reloaded= 0
========================================================================
Received Prepare
Begin MonoManager ReloadAssembly
Thread 0x16b88f000 may have been prematurely finalized
Symbol file LoadedFromMemory is not a mono symbol file
Symbol file LoadedFromMemory is not a mono symbol file
- Loaded All Assemblies, in  0.329 seconds
Refreshing native plugins compatible for Editor in 1.55 ms, found 2 plugins.
Native extension for OSXStandalone target not found
Native extension for WebGL target not found
Refreshing native plugins compatible for Editor in 1.25 ms, found 2 plugins.
[Package Manager] Failed to launch server process. Reason: Unity was launched with the -noUpm command-line argument
[Package Manager] Unable to send message (not connected to server process).
[Package Manager] Cannot connect to Unity Package Manager local server
ScheduleIndexationOnStartup MainProcess:False IndexOnStartup:True
Mono: successfully reloaded assembly
- Finished resetting the current domain, in  0.479 seconds
Domain Reload Profiling: 810ms
	BeginReloadAssembly (71ms)
		ExecutionOrderSort (0ms)
		DisableScriptedObjects (3ms)
		BackupInstance (0ms)
		ReleaseScriptingObjects (0ms)
		CreateAndSetChildDomain (22ms)
	RebuildCommonClasses (16ms)
	RebuildNativeTypeToScriptingClass (6ms)
	initialDomainReloadingComplete (15ms)
	LoadAllAssembliesAndSetupDomain (222ms)
		LoadAssemblies (174ms)
		RebuildTransferFunctionScriptingTraits (0ms)
		AnalyzeDomain (69ms)
			TypeCache.Refresh (7ms)
				TypeCache.ScanAssembly (0ms)
			BuildScriptInfoCaches (58ms)
			ResolveRequiredComponents (1ms)
	FinalizeReload (479ms)
		ReleaseScriptCaches (0ms)
		RebuildScriptCaches (0ms)
		SetupLoadedEditorAssemblies (417ms)
			LogAssemblyErrors (0ms)
			InitializePlatformSupportModulesInManaged (1ms)
			SetLoadedEditorAssemblies (2ms)
			BeforeProcessingInitializeOnLoad (112ms)
			ProcessInitializeOnLoadAttributes (194ms)
			ProcessInitializeOnLoadMethodAttributes (108ms)
			AfterProcessingInitializeOnLoad (0ms)
			EditorAssembliesLoaded (0ms)
		ExecutionOrderSort2 (0ms)
		AwakeInstancesAfterBackupRestoration (1ms)
Refreshing native plugins compatible for Editor in 1.54 ms, found 2 plugins.
Preloading 1 native plugins for Editor in 1.20 ms.
Unloading 43 Unused Serialized files (Serialized files now loaded: 0)
Unloading 5193 unused Assets / (13.7 MB). Loaded Objects now: 6383.
Memory consumption went from 146.7 MB to 133.0 MB.
Total: 7.375334 ms (FindLiveObjects: 0.205791 ms CreateObjectMapping: 0.078000 ms MarkObjects: 5.931583 ms  DeleteObjects: 1.159667 ms)

Prepare: number of updated asset objects reloaded= 0
========================================================================
Received Prepare
Refreshing native plugins compatible for Editor in 1.30 ms, found 2 plugins.
Preloading 1 native plugins for Editor in 1.19 ms.
Unloading 43 Unused Serialized files (Serialized files now loaded: 0)
Unloading 5148 unused Assets / (14.2 MB). Loaded Objects now: 6383.
Memory consumption went from 133.1 MB to 118.9 MB.
Total: 7.634208 ms (FindLiveObjects: 0.210208 ms CreateObjectMapping: 0.076917 ms MarkObjects: 6.077875 ms  DeleteObjects: 1.268916 ms)

Prepare: number of updated asset objects reloaded= 0
========================================================================
Received Prepare
Begin MonoManager ReloadAssembly
Thread 0x16b88f000 may have been prematurely finalized
Symbol file LoadedFromMemory is not a mono symbol file
Symbol file LoadedFromMemory is not a mono symbol file
- Loaded All Assemblies, in  0.332 seconds
Refreshing native plugins compatible for Editor in 1.61 ms, found 2 plugins.
Native extension for OSXStandalone target not found
Native extension for WebGL target not found
Refreshing native plugins compatible for Editor in 1.00 ms, found 2 plugins.
[Package Manager] Failed to launch server process. Reason: Unity was launched with the -noUpm command-line argument
[Package Manager] Unable to send message (not connected to server process).
[Package Manager] Cannot connect to Unity Package Manager local server
ScheduleIndexationOnStartup MainProcess:False IndexOnStartup:True
Mono: successfully reloaded assembly
- Finished resetting the current domain, in  0.472 seconds
Domain Reload Profiling: 806ms
	BeginReloadAssembly (76ms)
		ExecutionOrderSort (0ms)
		DisableScriptedObjects (3ms)
		BackupInstance (0ms)
		ReleaseScriptingObjects (0ms)
		CreateAndSetChildDomain (23ms)
	RebuildCommonClasses (16ms)
	RebuildNativeTypeToScriptingClass (6ms)
	initialDomainReloadingComplete (16ms)
	LoadAllAssembliesAndSetupDomain (221ms)
		LoadAssemblies (168ms)
		RebuildTransferFunctionScriptingTraits (0ms)
		AnalyzeDomain (75ms)
			TypeCache.Refresh (7ms)
				TypeCache.ScanAssembly (0ms)
			BuildScriptInfoCaches (65ms)
			ResolveRequiredComponents (1ms)
	FinalizeReload (472ms)
		ReleaseScriptCaches (0ms)
		RebuildScriptCaches (0ms)
		SetupLoadedEditorAssemblies (410ms)
			LogAssemblyErrors (0ms)
			InitializePlatformSupportModulesInManaged (1ms)
			SetLoadedEditorAssemblies (2ms)
			BeforeProcessingInitializeOnLoad (112ms)
			ProcessInitializeOnLoadAttributes (189ms)
			ProcessInitializeOnLoadMethodAttributes (106ms)
			AfterProcessingInitializeOnLoad (0ms)
			EditorAssembliesLoaded (0ms)
		ExecutionOrderSort2 (0ms)
		AwakeInstancesAfterBackupRestoration (1ms)
Refreshing native plugins compatible for Editor in 1.55 ms, found 2 plugins.
Preloading 1 native plugins for Editor in 1.22 ms.
Unloading 43 Unused Serialized files (Serialized files now loaded: 0)
Unloading 5193 unused Assets / (13.8 MB). Loaded Objects now: 6387.
Memory consumption went from 146.7 MB to 133.0 MB.
Total: 7.695833 ms (FindLiveObjects: 0.205667 ms CreateObjectMapping: 0.083167 ms MarkObjects: 6.185209 ms  DeleteObjects: 1.221625 ms)

Prepare: number of updated asset objects reloaded= 0
========================================================================
Received Prepare
Refreshing native plugins compatible for Editor in 1.55 ms, found 2 plugins.
Preloading 1 native plugins for Editor in 1.17 ms.
Unloading 43 Unused Serialized files (Serialized files now loaded: 0)
Unloading 5148 unused Assets / (13.6 MB). Loaded Objects now: 6387.
Memory consumption went from 133.1 MB to 119.5 MB.
Total: 7.579334 ms (FindLiveObjects: 0.208667 ms CreateObjectMapping: 0.078833 ms MarkObjects: 6.102542 ms  DeleteObjects: 1.189250 ms)

Prepare: number of updated asset objects reloaded= 0
========================================================================
Received Prepare
Begin MonoManager ReloadAssembly
Thread 0x16b88f000 may have been prematurely finalized
Symbol file LoadedFromMemory is not a mono symbol file
Symbol file LoadedFromMemory is not a mono symbol file
- Loaded All Assemblies, in  0.348 seconds
Refreshing native plugins compatible for Editor in 1.16 ms, found 2 plugins.
Native extension for OSXStandalone target not found
Native extension for WebGL target not found
Refreshing native plugins compatible for Editor in 1.04 ms, found 2 plugins.
[Package Manager] Failed to launch server process. Reason: Unity was launched with the -noUpm command-line argument
[Package Manager] Unable to send message (not connected to server process).
[Package Manager] Cannot connect to Unity Package Manager local server
ScheduleIndexationOnStartup MainProcess:False IndexOnStartup:True
Mono: successfully reloaded assembly
- Finished resetting the current domain, in  0.491 seconds
Domain Reload Profiling: 840ms
	BeginReloadAssembly (74ms)
		ExecutionOrderSort (0ms)
		DisableScriptedObjects (3ms)
		BackupInstance (0ms)
		ReleaseScriptingObjects (0ms)
		CreateAndSetChildDomain (23ms)
	RebuildCommonClasses (16ms)
	RebuildNativeTypeToScriptingClass (6ms)
	initialDomainReloadingComplete (15ms)
	LoadAllAssembliesAndSetupDomain (238ms)
		LoadAssemblies (188ms)
		RebuildTransferFunctionScriptingTraits (0ms)
		AnalyzeDomain (71ms)
			TypeCache.Refresh (8ms)
				TypeCache.ScanAssembly (0ms)
			BuildScriptInfoCaches (60ms)
			ResolveRequiredComponents (1ms)
	FinalizeReload (491ms)
		ReleaseScriptCaches (0ms)
		RebuildScriptCaches (0ms)
		SetupLoadedEditorAssemblies (426ms)
			LogAssemblyErrors (0ms)
			InitializePlatformSupportModulesInManaged (1ms)
			SetLoadedEditorAssemblies (2ms)
			BeforeProcessingInitializeOnLoad (116ms)
			ProcessInitializeOnLoadAttributes (202ms)
			ProcessInitializeOnLoadMethodAttributes (104ms)
			AfterProcessingInitializeOnLoad (1ms)
			EditorAssembliesLoaded (0ms)
		ExecutionOrderSort2 (0ms)
		AwakeInstancesAfterBackupRestoration (1ms)
Refreshing native plugins compatible for Editor in 1.40 ms, found 2 plugins.
Preloading 1 native plugins for Editor in 1.20 ms.
Unloading 43 Unused Serialized files (Serialized files now loaded: 0)
Unloading 5193 unused Assets / (13.8 MB). Loaded Objects now: 6391.
Memory consumption went from 146.7 MB to 132.9 MB.
Total: 7.825291 ms (FindLiveObjects: 0.205750 ms CreateObjectMapping: 0.078291 ms MarkObjects: 6.294125 ms  DeleteObjects: 1.247000 ms)

Prepare: number of updated asset objects reloaded= 0
========================================================================
Received Prepare
Refreshing native plugins compatible for Editor in 1.56 ms, found 2 plugins.
Preloading 1 native plugins for Editor in 1.22 ms.
Unloading 43 Unused Serialized files (Serialized files now loaded: 0)
Unloading 5148 unused Assets / (13.3 MB). Loaded Objects now: 6391.
Memory consumption went from 133.1 MB to 119.8 MB.
Total: 7.632083 ms (FindLiveObjects: 0.207875 ms CreateObjectMapping: 0.080375 ms MarkObjects: 6.147084 ms  DeleteObjects: 1.196375 ms)

Prepare: number of updated asset objects reloaded= 0
========================================================================
Received Prepare
Begin MonoManager ReloadAssembly
[Licensing::Client] Successfully resolved entitlement details
[Licensing::Module] License group:
  Id: F4-85AS-8ZW6-XMRF-425Z-XXXX
  Product: Unity Personal
  Type: ULF
  Expiration: Unlimited
[Licensing::Module] License group:
  Id: 6872810951280-UnityPersXXXX
  Product: Unity Personal
  Type: Assigned
  Expiration: Unlimited
Thread 0x16b88f000 may have been prematurely finalized
Symbol file LoadedFromMemory is not a mono symbol file
Symbol file LoadedFromMemory is not a mono symbol file
- Loaded All Assemblies, in  0.332 seconds
Refreshing native plugins compatible for Editor in 1.51 ms, found 2 plugins.
Native extension for OSXStandalone target not found
Native extension for WebGL target not found
Refreshing native plugins compatible for Editor in 0.99 ms, found 2 plugins.
[Package Manager] Failed to launch server process. Reason: Unity was launched with the -noUpm command-line argument
[Package Manager] Unable to send message (not connected to server process).
[Package Manager] Cannot connect to Unity Package Manager local server
ScheduleIndexationOnStartup MainProcess:False IndexOnStartup:True
Mono: successfully reloaded assembly
- Finished resetting the current domain, in  0.474 seconds
Domain Reload Profiling: 807ms
	BeginReloadAssembly (77ms)
		ExecutionOrderSort (0ms)
		DisableScriptedObjects (3ms)
		BackupInstance (0ms)
		ReleaseScriptingObjects (0ms)
		CreateAndSetChildDomain (23ms)
	RebuildCommonClasses (16ms)
	RebuildNativeTypeToScriptingClass (6ms)
	initialDomainReloadingComplete (16ms)
	LoadAllAssembliesAndSetupDomain (219ms)
		LoadAssemblies (171ms)
		RebuildTransferFunctionScriptingTraits (0ms)
		AnalyzeDomain (70ms)
			TypeCache.Refresh (8ms)
				TypeCache.ScanAssembly (0ms)
			BuildScriptInfoCaches (59ms)
			ResolveRequiredComponents (1ms)
	FinalizeReload (474ms)
		ReleaseScriptCaches (0ms)
		RebuildScriptCaches (0ms)
		SetupLoadedEditorAssemblies (412ms)
			LogAssemblyErrors (0ms)
			InitializePlatformSupportModulesInManaged (1ms)
			SetLoadedEditorAssemblies (2ms)
			BeforeProcessingInitializeOnLoad (110ms)
			ProcessInitializeOnLoadAttributes (193ms)
			ProcessInitializeOnLoadMethodAttributes (105ms)
			AfterProcessingInitializeOnLoad (1ms)
			EditorAssembliesLoaded (0ms)
		ExecutionOrderSort2 (0ms)
		AwakeInstancesAfterBackupRestoration (1ms)
Refreshing native plugins compatible for Editor in 1.61 ms, found 2 plugins.
Preloading 1 native plugins for Editor in 1.21 ms.
Unloading 43 Unused Serialized files (Serialized files now loaded: 0)
Unloading 5193 unused Assets / (13.8 MB). Loaded Objects now: 6395.
Memory consumption went from 146.8 MB to 132.9 MB.
Total: 7.782250 ms (FindLiveObjects: 0.210625 ms CreateObjectMapping: 0.086292 ms MarkObjects: 6.232792 ms  DeleteObjects: 1.252416 ms)

Prepare: number of updated asset objects reloaded= 0
========================================================================
Received Prepare
Refreshing native plugins compatible for Editor in 1.04 ms, found 2 plugins.
Preloading 1 native plugins for Editor in 1.14 ms.
Unloading 43 Unused Serialized files (Serialized files now loaded: 0)
Unloading 5148 unused Assets / (13.7 MB). Loaded Objects now: 6395.
Memory consumption went from 133.1 MB to 119.4 MB.
Total: 7.579083 ms (FindLiveObjects: 0.210042 ms CreateObjectMapping: 0.082375 ms MarkObjects: 6.047458 ms  DeleteObjects: 1.239167 ms)

Prepare: number of updated asset objects reloaded= 0
========================================================================
Received Prepare
Refreshing native plugins compatible for Editor in 1.51 ms, found 2 plugins.
Preloading 1 native plugins for Editor in 1.22 ms.
Unloading 43 Unused Serialized files (Serialized files now loaded: 0)
Unloading 5148 unused Assets / (13.9 MB). Loaded Objects now: 6395.
Memory consumption went from 133.1 MB to 119.2 MB.
Total: 7.649750 ms (FindLiveObjects: 0.208083 ms CreateObjectMapping: 0.085917 ms MarkObjects: 6.098083 ms  DeleteObjects: 1.257500 ms)

Prepare: number of updated asset objects reloaded= 0
========================================================================
Received Prepare
Refreshing native plugins compatible for Editor in 1.53 ms, found 2 plugins.
Preloading 1 native plugins for Editor in 1.25 ms.
Unloading 43 Unused Serialized files (Serialized files now loaded: 0)
Unloading 5148 unused Assets / (13.2 MB). Loaded Objects now: 6395.
Memory consumption went from 133.1 MB to 119.9 MB.
Total: 8.221125 ms (FindLiveObjects: 0.215000 ms CreateObjectMapping: 0.076125 ms MarkObjects: 6.620833 ms  DeleteObjects: 1.308917 ms)

Prepare: number of updated asset objects reloaded= 0
========================================================================
Received Prepare
Begin MonoManager ReloadAssembly
Thread 0x16b88f000 may have been prematurely finalized
Symbol file LoadedFromMemory is not a mono symbol file
Symbol file LoadedFromMemory is not a mono symbol file
- Loaded All Assemblies, in  0.338 seconds
Refreshing native plugins compatible for Editor in 1.28 ms, found 2 plugins.
Native extension for OSXStandalone target not found
Native extension for WebGL target not found
Refreshing native plugins compatible for Editor in 1.14 ms, found 2 plugins.
[Package Manager] Failed to launch server process. Reason: Unity was launched with the -noUpm command-line argument
[Package Manager] Unable to send message (not connected to server process).
[Package Manager] Cannot connect to Unity Package Manager local server
ScheduleIndexationOnStartup MainProcess:False IndexOnStartup:True
Mono: successfully reloaded assembly
- Finished resetting the current domain, in  0.473 seconds
Domain Reload Profiling: 812ms
	BeginReloadAssembly (73ms)
		ExecutionOrderSort (0ms)
		DisableScriptedObjects (3ms)
		BackupInstance (0ms)
		ReleaseScriptingObjects (0ms)
		CreateAndSetChildDomain (22ms)
	RebuildCommonClasses (16ms)
	RebuildNativeTypeToScriptingClass (6ms)
	initialDomainReloadingComplete (15ms)
	LoadAllAssembliesAndSetupDomain (229ms)
		LoadAssemblies (183ms)
		RebuildTransferFunctionScriptingTraits (0ms)
		AnalyzeDomain (68ms)
			TypeCache.Refresh (6ms)
				TypeCache.ScanAssembly (0ms)
			BuildScriptInfoCaches (59ms)
			ResolveRequiredComponents (1ms)
	FinalizeReload (473ms)
		ReleaseScriptCaches (0ms)
		RebuildScriptCaches (0ms)
		SetupLoadedEditorAssemblies (410ms)
			LogAssemblyErrors (0ms)
			InitializePlatformSupportModulesInManaged (1ms)
			SetLoadedEditorAssemblies (2ms)
			BeforeProcessingInitializeOnLoad (111ms)
			ProcessInitializeOnLoadAttributes (196ms)
			ProcessInitializeOnLoadMethodAttributes (99ms)
			AfterProcessingInitializeOnLoad (0ms)
			EditorAssembliesLoaded (0ms)
		ExecutionOrderSort2 (0ms)
		AwakeInstancesAfterBackupRestoration (1ms)
Refreshing native plugins compatible for Editor in 1.54 ms, found 2 plugins.
Preloading 1 native plugins for Editor in 1.18 ms.
Unloading 43 Unused Serialized files (Serialized files now loaded: 0)
Unloading 5193 unused Assets / (13.7 MB). Loaded Objects now: 6399.
Memory consumption went from 146.8 MB to 133.0 MB.
Total: 7.676083 ms (FindLiveObjects: 0.200333 ms CreateObjectMapping: 0.078625 ms MarkObjects: 6.197708 ms  DeleteObjects: 1.199041 ms)

Prepare: number of updated asset objects reloaded= 0
========================================================================
Received Prepare
Refreshing native plugins compatible for Editor in 1.50 ms, found 2 plugins.
Preloading 1 native plugins for Editor in 1.23 ms.
Unloading 43 Unused Serialized files (Serialized files now loaded: 0)
Unloading 5148 unused Assets / (13.7 MB). Loaded Objects now: 6399.
Memory consumption went from 133.1 MB to 119.5 MB.
Total: 8.274500 ms (FindLiveObjects: 0.209125 ms CreateObjectMapping: 0.077875 ms MarkObjects: 6.804167 ms  DeleteObjects: 1.183167 ms)

Prepare: number of updated asset objects reloaded= 0
========================================================================
Received Prepare
Refreshing native plugins compatible for Editor in 1.42 ms, found 2 plugins.
Preloading 1 native plugins for Editor in 1.22 ms.
Unloading 43 Unused Serialized files (Serialized files now loaded: 0)
Unloading 5148 unused Assets / (13.3 MB). Loaded Objects now: 6399.
Memory consumption went from 133.1 MB to 119.8 MB.
Total: 8.492333 ms (FindLiveObjects: 0.207958 ms CreateObjectMapping: 0.146458 ms MarkObjects: 6.802417 ms  DeleteObjects: 1.335208 ms)

Prepare: number of updated asset objects reloaded= 0
========================================================================
Received Prepare
Refreshing native plugins compatible for Editor in 1.57 ms, found 2 plugins.
Preloading 1 native plugins for Editor in 1.22 ms.
Unloading 43 Unused Serialized files (Serialized files now loaded: 0)
Unloading 5148 unused Assets / (13.9 MB). Loaded Objects now: 6399.
Memory consumption went from 133.1 MB to 119.2 MB.
Total: 7.532709 ms (FindLiveObjects: 0.212209 ms CreateObjectMapping: 0.084083 ms MarkObjects: 6.011292 ms  DeleteObjects: 1.225000 ms)

Prepare: number of updated asset objects reloaded= 0
========================================================================
Received Prepare
Refreshing native plugins compatible for Editor in 1.57 ms, found 2 plugins.
Preloading 1 native plugins for Editor in 1.21 ms.
Unloading 43 Unused Serialized files (Serialized files now loaded: 0)
Unloading 5148 unused Assets / (14.3 MB). Loaded Objects now: 6399.
Memory consumption went from 133.1 MB to 118.9 MB.
Total: 7.765792 ms (FindLiveObjects: 0.208750 ms CreateObjectMapping: 0.084833 ms MarkObjects: 6.169584 ms  DeleteObjects: 1.302500 ms)

Prepare: number of updated asset objects reloaded= 0
========================================================================
Received Prepare
Begin MonoManager ReloadAssembly
Thread 0x16b88f000 may have been prematurely finalized
Symbol file LoadedFromMemory is not a mono symbol file
Symbol file LoadedFromMemory is not a mono symbol file
- Loaded All Assemblies, in  0.370 seconds
Refreshing native plugins compatible for Editor in 1.23 ms, found 2 plugins.
Native extension for OSXStandalone target not found
Native extension for WebGL target not found
Refreshing native plugins compatible for Editor in 1.38 ms, found 2 plugins.
[Package Manager] Failed to launch server process. Reason: Unity was launched with the -noUpm command-line argument
[Package Manager] Unable to send message (not connected to server process).
[Package Manager] Cannot connect to Unity Package Manager local server
ScheduleIndexationOnStartup MainProcess:False IndexOnStartup:True
Mono: successfully reloaded assembly
- Finished resetting the current domain, in  0.487 seconds
Domain Reload Profiling: 859ms
	BeginReloadAssembly (85ms)
		ExecutionOrderSort (0ms)
		DisableScriptedObjects (3ms)
		BackupInstance (0ms)
		ReleaseScriptingObjects (0ms)
		CreateAndSetChildDomain (31ms)
	RebuildCommonClasses (16ms)
	RebuildNativeTypeToScriptingClass (6ms)
	initialDomainReloadingComplete (16ms)
	LoadAllAssembliesAndSetupDomain (247ms)
		LoadAssemblies (204ms)
		RebuildTransferFunctionScriptingTraits (0ms)
		AnalyzeDomain (70ms)
			TypeCache.Refresh (7ms)
				TypeCache.ScanAssembly (0ms)
			BuildScriptInfoCaches (60ms)
			ResolveRequiredComponents (1ms)
	FinalizeReload (487ms)
		ReleaseScriptCaches (0ms)
		RebuildScriptCaches (0ms)
		SetupLoadedEditorAssemblies (423ms)
			LogAssemblyErrors (0ms)
			InitializePlatformSupportModulesInManaged (1ms)
			SetLoadedEditorAssemblies (2ms)
			BeforeProcessingInitializeOnLoad (117ms)
			ProcessInitializeOnLoadAttributes (197ms)
			ProcessInitializeOnLoadMethodAttributes (105ms)
			AfterProcessingInitializeOnLoad (1ms)
			EditorAssembliesLoaded (0ms)
		ExecutionOrderSort2 (0ms)
		AwakeInstancesAfterBackupRestoration (1ms)
Refreshing native plugins compatible for Editor in 1.29 ms, found 2 plugins.
Preloading 1 native plugins for Editor in 1.20 ms.
Unloading 43 Unused Serialized files (Serialized files now loaded: 0)
Unloading 5193 unused Assets / (13.8 MB). Loaded Objects now: 6403.
Memory consumption went from 146.8 MB to 133.0 MB.
Total: 7.856083 ms (FindLiveObjects: 0.214125 ms CreateObjectMapping: 0.076167 ms MarkObjects: 6.274458 ms  DeleteObjects: 1.291000 ms)

Prepare: number of updated asset objects reloaded= 0
========================================================================
Received Prepare
Refreshing native plugins compatible for Editor in 1.45 ms, found 2 plugins.
Preloading 1 native plugins for Editor in 1.17 ms.
Unloading 43 Unused Serialized files (Serialized files now loaded: 0)
Unloading 5148 unused Assets / (13.7 MB). Loaded Objects now: 6403.
Memory consumption went from 133.1 MB to 119.4 MB.
Total: 7.626666 ms (FindLiveObjects: 0.208875 ms CreateObjectMapping: 0.080167 ms MarkObjects: 6.148708 ms  DeleteObjects: 1.188750 ms)

Prepare: number of updated asset objects reloaded= 0
========================================================================
Received Prepare
Begin MonoManager ReloadAssembly
Thread 0x16b88f000 may have been prematurely finalized
Symbol file LoadedFromMemory is not a mono symbol file
Symbol file LoadedFromMemory is not a mono symbol file
- Loaded All Assemblies, in  0.322 seconds
Refreshing native plugins compatible for Editor in 1.47 ms, found 2 plugins.
Native extension for OSXStandalone target not found
Native extension for WebGL target not found
Refreshing native plugins compatible for Editor in 1.53 ms, found 2 plugins.
[Package Manager] Failed to launch server process. Reason: Unity was launched with the -noUpm command-line argument
[Package Manager] Unable to send message (not connected to server process).
[Package Manager] Cannot connect to Unity Package Manager local server
ScheduleIndexationOnStartup MainProcess:False IndexOnStartup:True
Mono: successfully reloaded assembly
- Finished resetting the current domain, in  0.483 seconds
Domain Reload Profiling: 806ms
	BeginReloadAssembly (75ms)
		ExecutionOrderSort (0ms)
		DisableScriptedObjects (3ms)
		BackupInstance (0ms)
		ReleaseScriptingObjects (0ms)
		CreateAndSetChildDomain (22ms)
	RebuildCommonClasses (15ms)
	RebuildNativeTypeToScriptingClass (6ms)
	initialDomainReloadingComplete (16ms)
	LoadAllAssembliesAndSetupDomain (211ms)
		LoadAssemblies (167ms)
		RebuildTransferFunctionScriptingTraits (0ms)
		AnalyzeDomain (66ms)
			TypeCache.Refresh (6ms)
				TypeCache.ScanAssembly (0ms)
			BuildScriptInfoCaches (57ms)
			ResolveRequiredComponents (1ms)
	FinalizeReload (483ms)
		ReleaseScriptCaches (0ms)
		RebuildScriptCaches (0ms)
		SetupLoadedEditorAssemblies (420ms)
			LogAssemblyErrors (0ms)
			InitializePlatformSupportModulesInManaged (1ms)
			SetLoadedEditorAssemblies (2ms)
			BeforeProcessingInitializeOnLoad (110ms)
			ProcessInitializeOnLoadAttributes (197ms)
			ProcessInitializeOnLoadMethodAttributes (109ms)
			AfterProcessingInitializeOnLoad (1ms)
			EditorAssembliesLoaded (0ms)
		ExecutionOrderSort2 (0ms)
		AwakeInstancesAfterBackupRestoration (1ms)
Refreshing native plugins compatible for Editor in 1.55 ms, found 2 plugins.
Preloading 1 native plugins for Editor in 1.25 ms.
Unloading 43 Unused Serialized files (Serialized files now loaded: 0)
Unloading 5193 unused Assets / (13.0 MB). Loaded Objects now: 6407.
Memory consumption went from 146.8 MB to 133.8 MB.
Total: 8.160916 ms (FindLiveObjects: 0.218084 ms CreateObjectMapping: 0.087333 ms MarkObjects: 6.665208 ms  DeleteObjects: 1.190125 ms)

Prepare: number of updated asset objects reloaded= 0
========================================================================
Received Prepare
Refreshing native plugins compatible for Editor in 1.56 ms, found 2 plugins.
Preloading 1 native plugins for Editor in 1.22 ms.
Unloading 43 Unused Serialized files (Serialized files now loaded: 0)
Unloading 5148 unused Assets / (13.8 MB). Loaded Objects now: 6407.
Memory consumption went from 133.1 MB to 119.3 MB.
Total: 7.840792 ms (FindLiveObjects: 0.217834 ms CreateObjectMapping: 0.077959 ms MarkObjects: 6.314083 ms  DeleteObjects: 1.230666 ms)

Prepare: number of updated asset objects reloaded= 0
========================================================================
Received Prepare
Begin MonoManager ReloadAssembly
Thread 0x16b88f000 may have been prematurely finalized
Symbol file LoadedFromMemory is not a mono symbol file
Symbol file LoadedFromMemory is not a mono symbol file
- Loaded All Assemblies, in  0.343 seconds
Refreshing native plugins compatible for Editor in 1.15 ms, found 2 plugins.
Native extension for OSXStandalone target not found
Native extension for WebGL target not found
Refreshing native plugins compatible for Editor in 1.41 ms, found 2 plugins.
[Package Manager] Failed to launch server process. Reason: Unity was launched with the -noUpm command-line argument
[Package Manager] Unable to send message (not connected to server process).
[Package Manager] Cannot connect to Unity Package Manager local server
ScheduleIndexationOnStartup MainProcess:False IndexOnStartup:True
Mono: successfully reloaded assembly
- Finished resetting the current domain, in  0.488 seconds
Domain Reload Profiling: 833ms
	BeginReloadAssembly (74ms)
		ExecutionOrderSort (0ms)
		DisableScriptedObjects (3ms)
		BackupInstance (0ms)
		ReleaseScriptingObjects (0ms)
		CreateAndSetChildDomain (23ms)
	RebuildCommonClasses (16ms)
	RebuildNativeTypeToScriptingClass (6ms)
	initialDomainReloadingComplete (16ms)
	LoadAllAssembliesAndSetupDomain (231ms)
		LoadAssemblies (181ms)
		RebuildTransferFunctionScriptingTraits (0ms)
		AnalyzeDomain (73ms)
			TypeCache.Refresh (7ms)
				TypeCache.ScanAssembly (0ms)
			BuildScriptInfoCaches (63ms)
			ResolveRequiredComponents (1ms)
	FinalizeReload (489ms)
		ReleaseScriptCaches (0ms)
		RebuildScriptCaches (0ms)
		SetupLoadedEditorAssemblies (424ms)
			LogAssemblyErrors (0ms)
			InitializePlatformSupportModulesInManaged (1ms)
			SetLoadedEditorAssemblies (2ms)
			BeforeProcessingInitializeOnLoad (118ms)
			ProcessInitializeOnLoadAttributes (197ms)
			ProcessInitializeOnLoadMethodAttributes (106ms)
			AfterProcessingInitializeOnLoad (1ms)
			EditorAssembliesLoaded (0ms)
		ExecutionOrderSort2 (0ms)
		AwakeInstancesAfterBackupRestoration (1ms)
Refreshing native plugins compatible for Editor in 1.32 ms, found 2 plugins.
Preloading 1 native plugins for Editor in 1.24 ms.
Unloading 43 Unused Serialized files (Serialized files now loaded: 0)
Unloading 5193 unused Assets / (14.3 MB). Loaded Objects now: 6411.
Memory consumption went from 146.8 MB to 132.4 MB.
Total: 7.864292 ms (FindLiveObjects: 0.199916 ms CreateObjectMapping: 0.108125 ms MarkObjects: 6.345667 ms  DeleteObjects: 1.210375 ms)

Prepare: number of updated asset objects reloaded= 0
========================================================================
Received Prepare
Refreshing native plugins compatible for Editor in 1.61 ms, found 2 plugins.
Preloading 1 native plugins for Editor in 1.24 ms.
Unloading 43 Unused Serialized files (Serialized files now loaded: 0)
Unloading 5148 unused Assets / (13.9 MB). Loaded Objects now: 6411.
Memory consumption went from 133.2 MB to 119.2 MB.
Total: 7.776833 ms (FindLiveObjects: 0.208125 ms CreateObjectMapping: 0.081166 ms MarkObjects: 6.208084 ms  DeleteObjects: 1.279083 ms)

Prepare: number of updated asset objects reloaded= 0
========================================================================
Received Prepare
Begin MonoManager ReloadAssembly
Thread 0x16b88f000 may have been prematurely finalized
Symbol file LoadedFromMemory is not a mono symbol file
Symbol file LoadedFromMemory is not a mono symbol file
- Loaded All Assemblies, in  0.310 seconds
Refreshing native plugins compatible for Editor in 1.50 ms, found 2 plugins.
Native extension for OSXStandalone target not found
Native extension for WebGL target not found
Refreshing native plugins compatible for Editor in 1.09 ms, found 2 plugins.
[Package Manager] Failed to launch server process. Reason: Unity was launched with the -noUpm command-line argument
[Package Manager] Unable to send message (not connected to server process).
[Package Manager] Cannot connect to Unity Package Manager local server
ScheduleIndexationOnStartup MainProcess:False IndexOnStartup:True
Mono: successfully reloaded assembly
- Finished resetting the current domain, in  0.489 seconds
Domain Reload Profiling: 800ms
	BeginReloadAssembly (72ms)
		ExecutionOrderSort (0ms)
		DisableScriptedObjects (3ms)
		BackupInstance (0ms)
		ReleaseScriptingObjects (0ms)
		CreateAndSetChildDomain (22ms)
	RebuildCommonClasses (15ms)
	RebuildNativeTypeToScriptingClass (6ms)
	initialDomainReloadingComplete (16ms)
	LoadAllAssembliesAndSetupDomain (202ms)
		LoadAssemblies (158ms)
		RebuildTransferFunctionScriptingTraits (0ms)
		AnalyzeDomain (65ms)
			TypeCache.Refresh (7ms)
				TypeCache.ScanAssembly (0ms)
			BuildScriptInfoCaches (56ms)
			ResolveRequiredComponents (1ms)
	FinalizeReload (489ms)
		ReleaseScriptCaches (0ms)
		RebuildScriptCaches (0ms)
		SetupLoadedEditorAssemblies (426ms)
			LogAssemblyErrors (0ms)
			InitializePlatformSupportModulesInManaged (1ms)
			SetLoadedEditorAssemblies (2ms)
			BeforeProcessingInitializeOnLoad (114ms)
			ProcessInitializeOnLoadAttributes (206ms)
			ProcessInitializeOnLoadMethodAttributes (104ms)
			AfterProcessingInitializeOnLoad (1ms)
			EditorAssembliesLoaded (0ms)
		ExecutionOrderSort2 (0ms)
		AwakeInstancesAfterBackupRestoration (1ms)
Refreshing native plugins compatible for Editor in 1.28 ms, found 2 plugins.
Preloading 1 native plugins for Editor in 1.27 ms.
Unloading 43 Unused Serialized files (Serialized files now loaded: 0)
Unloading 5193 unused Assets / (13.1 MB). Loaded Objects now: 6415.
Memory consumption went from 146.8 MB to 133.7 MB.
Total: 8.005917 ms (FindLiveObjects: 0.194125 ms CreateObjectMapping: 0.078334 ms MarkObjects: 6.522125 ms  DeleteObjects: 1.211083 ms)

Prepare: number of updated asset objects reloaded= 0
========================================================================
Received Prepare
Refreshing native plugins compatible for Editor in 1.53 ms, found 2 plugins.
Preloading 1 native plugins for Editor in 1.21 ms.
Unloading 43 Unused Serialized files (Serialized files now loaded: 0)
Unloading 5148 unused Assets / (14.3 MB). Loaded Objects now: 6415.
Memory consumption went from 133.2 MB to 118.9 MB.
Total: 7.918541 ms (FindLiveObjects: 0.206500 ms CreateObjectMapping: 0.080125 ms MarkObjects: 6.283500 ms  DeleteObjects: 1.348250 ms)

Prepare: number of updated asset objects reloaded= 0
========================================================================
Received Prepare
Begin MonoManager ReloadAssembly
Thread 0x16b88f000 may have been prematurely finalized
Symbol file LoadedFromMemory is not a mono symbol file
Symbol file LoadedFromMemory is not a mono symbol file
- Loaded All Assemblies, in  0.339 seconds
Refreshing native plugins compatible for Editor in 1.31 ms, found 2 plugins.
Native extension for OSXStandalone target not found
Native extension for WebGL target not found
Refreshing native plugins compatible for Editor in 1.20 ms, found 2 plugins.
[Package Manager] Failed to launch server process. Reason: Unity was launched with the -noUpm command-line argument
[Package Manager] Unable to send message (not connected to server process).
[Package Manager] Cannot connect to Unity Package Manager local server
ScheduleIndexationOnStartup MainProcess:False IndexOnStartup:True
Mono: successfully reloaded assembly
- Finished resetting the current domain, in  0.495 seconds
Domain Reload Profiling: 835ms
	BeginReloadAssembly (76ms)
		ExecutionOrderSort (0ms)
		DisableScriptedObjects (3ms)
		BackupInstance (0ms)
		ReleaseScriptingObjects (0ms)
		CreateAndSetChildDomain (23ms)
	RebuildCommonClasses (16ms)
	RebuildNativeTypeToScriptingClass (6ms)
	initialDomainReloadingComplete (16ms)
	LoadAllAssembliesAndSetupDomain (226ms)
		LoadAssemblies (182ms)
		RebuildTransferFunctionScriptingTraits (0ms)
		AnalyzeDomain (67ms)
			TypeCache.Refresh (7ms)
				TypeCache.ScanAssembly (0ms)
			BuildScriptInfoCaches (57ms)
			ResolveRequiredComponents (1ms)
	FinalizeReload (495ms)
		ReleaseScriptCaches (0ms)
		RebuildScriptCaches (0ms)
		SetupLoadedEditorAssemblies (429ms)
			LogAssemblyErrors (0ms)
			InitializePlatformSupportModulesInManaged (1ms)
			SetLoadedEditorAssemblies (2ms)
			BeforeProcessingInitializeOnLoad (114ms)
			ProcessInitializeOnLoadAttributes (205ms)
			ProcessInitializeOnLoadMethodAttributes (106ms)
			AfterProcessingInitializeOnLoad (1ms)
			EditorAssembliesLoaded (0ms)
		ExecutionOrderSort2 (0ms)
		AwakeInstancesAfterBackupRestoration (1ms)
Refreshing native plugins compatible for Editor in 1.51 ms, found 2 plugins.
Preloading 1 native plugins for Editor in 1.25 ms.
Unloading 43 Unused Serialized files (Serialized files now loaded: 0)
Unloading 5193 unused Assets / (13.8 MB). Loaded Objects now: 6419.
Memory consumption went from 146.8 MB to 133.0 MB.
Total: 7.783333 ms (FindLiveObjects: 0.221042 ms CreateObjectMapping: 0.082542 ms MarkObjects: 6.240250 ms  DeleteObjects: 1.238959 ms)

Prepare: number of updated asset objects reloaded= 0
========================================================================
Received Prepare
Refreshing native plugins compatible for Editor in 1.68 ms, found 2 plugins.
Preloading 1 native plugins for Editor in 1.28 ms.
Unloading 43 Unused Serialized files (Serialized files now loaded: 0)
Unloading 5148 unused Assets / (13.4 MB). Loaded Objects now: 6419.
Memory consumption went from 133.2 MB to 119.7 MB.
Total: 9.159208 ms (FindLiveObjects: 0.214417 ms CreateObjectMapping: 0.079333 ms MarkObjects: 7.631208 ms  DeleteObjects: 1.234167 ms)

Prepare: number of updated asset objects reloaded= 0
========================================================================
Received Prepare
Begin MonoManager ReloadAssembly
[Licensing::Client] Successfully resolved entitlement details
[Licensing::Module] License group:
  Id: F4-85AS-8ZW6-XMRF-425Z-XXXX
  Product: Unity Personal
  Type: ULF
  Expiration: Unlimited
[Licensing::Module] License group:
  Id: 6872810951280-UnityPersXXXX
  Product: Unity Personal
  Type: Assigned
  Expiration: Unlimited
Thread 0x16b88f000 may have been prematurely finalized
Symbol file LoadedFromMemory is not a mono symbol file
Symbol file LoadedFromMemory is not a mono symbol file
- Loaded All Assemblies, in  0.370 seconds
Refreshing native plugins compatible for Editor in 1.55 ms, found 2 plugins.
Native extension for OSXStandalone target not found
Native extension for WebGL target not found
Refreshing native plugins compatible for Editor in 1.09 ms, found 2 plugins.
[Package Manager] Failed to launch server process. Reason: Unity was launched with the -noUpm command-line argument
[Package Manager] Unable to send message (not connected to server process).
[Package Manager] Cannot connect to Unity Package Manager local server
ScheduleIndexationOnStartup MainProcess:False IndexOnStartup:True
Mono: successfully reloaded assembly
- Finished resetting the current domain, in  0.524 seconds
Domain Reload Profiling: 895ms
	BeginReloadAssembly (77ms)
		ExecutionOrderSort (0ms)
		DisableScriptedObjects (3ms)
		BackupInstance (0ms)
		ReleaseScriptingObjects (0ms)
		CreateAndSetChildDomain (24ms)
	RebuildCommonClasses (16ms)
	RebuildNativeTypeToScriptingClass (6ms)
	initialDomainReloadingComplete (17ms)
	LoadAllAssembliesAndSetupDomain (255ms)
		LoadAssemblies (210ms)
		RebuildTransferFunctionScriptingTraits (0ms)
		AnalyzeDomain (68ms)
			TypeCache.Refresh (7ms)
				TypeCache.ScanAssembly (0ms)
			BuildScriptInfoCaches (58ms)
			ResolveRequiredComponents (1ms)
	FinalizeReload (524ms)
		ReleaseScriptCaches (0ms)
		RebuildScriptCaches (0ms)
		SetupLoadedEditorAssemblies (458ms)
			LogAssemblyErrors (0ms)
			InitializePlatformSupportModulesInManaged (1ms)
			SetLoadedEditorAssemblies (2ms)
			BeforeProcessingInitializeOnLoad (115ms)
			ProcessInitializeOnLoadAttributes (198ms)
			ProcessInitializeOnLoadMethodAttributes (142ms)
			AfterProcessingInitializeOnLoad (1ms)
			EditorAssembliesLoaded (0ms)
		ExecutionOrderSort2 (0ms)
		AwakeInstancesAfterBackupRestoration (2ms)
Refreshing native plugins compatible for Editor in 1.48 ms, found 2 plugins.
Preloading 1 native plugins for Editor in 1.12 ms.
Unloading 43 Unused Serialized files (Serialized files now loaded: 0)
Unloading 5193 unused Assets / (13.6 MB). Loaded Objects now: 6423.
Memory consumption went from 146.8 MB to 133.2 MB.
Total: 7.891708 ms (FindLiveObjects: 0.211125 ms CreateObjectMapping: 0.079958 ms MarkObjects: 6.430000 ms  DeleteObjects: 1.170500 ms)

Prepare: number of updated asset objects reloaded= 0
========================================================================
Received Prepare
Refreshing native plugins compatible for Editor in 1.17 ms, found 2 plugins.
Preloading 1 native plugins for Editor in 1.17 ms.
Unloading 43 Unused Serialized files (Serialized files now loaded: 0)
Unloading 5148 unused Assets / (13.3 MB). Loaded Objects now: 6423.
Memory consumption went from 133.2 MB to 119.8 MB.
Total: 8.044875 ms (FindLiveObjects: 0.212625 ms CreateObjectMapping: 0.080583 ms MarkObjects: 6.445917 ms  DeleteObjects: 1.305667 ms)

Prepare: number of updated asset objects reloaded= 0
========================================================================
Received Prepare
Begin MonoManager ReloadAssembly
Thread 0x16b88f000 may have been prematurely finalized
Symbol file LoadedFromMemory is not a mono symbol file
Symbol file LoadedFromMemory is not a mono symbol file
- Loaded All Assemblies, in  0.324 seconds
Refreshing native plugins compatible for Editor in 1.92 ms, found 2 plugins.
Native extension for OSXStandalone target not found
Native extension for WebGL target not found
Refreshing native plugins compatible for Editor in 1.15 ms, found 2 plugins.
[Package Manager] Failed to launch server process. Reason: Unity was launched with the -noUpm command-line argument
[Package Manager] Unable to send message (not connected to server process).
[Package Manager] Cannot connect to Unity Package Manager local server
ScheduleIndexationOnStartup MainProcess:False IndexOnStartup:True
Mono: successfully reloaded assembly
- Finished resetting the current domain, in  0.510 seconds
Domain Reload Profiling: 836ms
	BeginReloadAssembly (74ms)
		ExecutionOrderSort (0ms)
		DisableScriptedObjects (3ms)
		BackupInstance (0ms)
		ReleaseScriptingObjects (0ms)
		CreateAndSetChildDomain (23ms)
	RebuildCommonClasses (16ms)
	RebuildNativeTypeToScriptingClass (6ms)
	initialDomainReloadingComplete (17ms)
	LoadAllAssembliesAndSetupDomain (212ms)
		LoadAssemblies (168ms)
		RebuildTransferFunctionScriptingTraits (0ms)
		AnalyzeDomain (67ms)
			TypeCache.Refresh (6ms)
				TypeCache.ScanAssembly (0ms)
			BuildScriptInfoCaches (58ms)
			ResolveRequiredComponents (1ms)
	FinalizeReload (510ms)
		ReleaseScriptCaches (0ms)
		RebuildScriptCaches (0ms)
		SetupLoadedEditorAssemblies (442ms)
			LogAssemblyErrors (0ms)
			InitializePlatformSupportModulesInManaged (1ms)
			SetLoadedEditorAssemblies (2ms)
			BeforeProcessingInitializeOnLoad (120ms)
			ProcessInitializeOnLoadAttributes (210ms)
			ProcessInitializeOnLoadMethodAttributes (108ms)
			AfterProcessingInitializeOnLoad (1ms)
			EditorAssembliesLoaded (0ms)
		ExecutionOrderSort2 (0ms)
		AwakeInstancesAfterBackupRestoration (1ms)
Refreshing native plugins compatible for Editor in 1.01 ms, found 2 plugins.
Preloading 1 native plugins for Editor in 1.20 ms.
Unloading 43 Unused Serialized files (Serialized files now loaded: 0)
Unloading 5193 unused Assets / (14.0 MB). Loaded Objects now: 6427.
Memory consumption went from 146.8 MB to 132.9 MB.
Total: 7.614292 ms (FindLiveObjects: 0.191083 ms CreateObjectMapping: 0.074459 ms MarkObjects: 6.164041 ms  DeleteObjects: 1.184459 ms)

Prepare: number of updated asset objects reloaded= 0
========================================================================
Received Prepare
Refreshing native plugins compatible for Editor in 1.37 ms, found 2 plugins.
Preloading 1 native plugins for Editor in 1.19 ms.
Unloading 43 Unused Serialized files (Serialized files now loaded: 0)
Unloading 5148 unused Assets / (13.9 MB). Loaded Objects now: 6427.
Memory consumption went from 133.2 MB to 119.3 MB.
Total: 7.722916 ms (FindLiveObjects: 0.203791 ms CreateObjectMapping: 0.083167 ms MarkObjects: 6.162541 ms  DeleteObjects: 1.273125 ms)

Prepare: number of updated asset objects reloaded= 0
========================================================================
Received Prepare
Begin MonoManager ReloadAssembly
Thread 0x16b88f000 may have been prematurely finalized
Symbol file LoadedFromMemory is not a mono symbol file
Symbol file LoadedFromMemory is not a mono symbol file
- Loaded All Assemblies, in  0.358 seconds
Refreshing native plugins compatible for Editor in 1.15 ms, found 2 plugins.
Native extension for OSXStandalone target not found
Native extension for WebGL target not found
Refreshing native plugins compatible for Editor in 1.33 ms, found 2 plugins.
[Package Manager] Failed to launch server process. Reason: Unity was launched with the -noUpm command-line argument
[Package Manager] Unable to send message (not connected to server process).
[Package Manager] Cannot connect to Unity Package Manager local server
ScheduleIndexationOnStartup MainProcess:False IndexOnStartup:True
Mono: successfully reloaded assembly
- Finished resetting the current domain, in  0.492 seconds
Domain Reload Profiling: 851ms
	BeginReloadAssembly (81ms)
		ExecutionOrderSort (0ms)
		DisableScriptedObjects (3ms)
		BackupInstance (0ms)
		ReleaseScriptingObjects (0ms)
		CreateAndSetChildDomain (27ms)
	RebuildCommonClasses (16ms)
	RebuildNativeTypeToScriptingClass (6ms)
	initialDomainReloadingComplete (17ms)
	LoadAllAssembliesAndSetupDomain (238ms)
		LoadAssemblies (186ms)
		RebuildTransferFunctionScriptingTraits (0ms)
		AnalyzeDomain (77ms)
			TypeCache.Refresh (7ms)
				TypeCache.ScanAssembly (0ms)
			BuildScriptInfoCaches (67ms)
			ResolveRequiredComponents (1ms)
	FinalizeReload (492ms)
		ReleaseScriptCaches (0ms)
		RebuildScriptCaches (0ms)
		SetupLoadedEditorAssemblies (425ms)
			LogAssemblyErrors (0ms)
			InitializePlatformSupportModulesInManaged (1ms)
			SetLoadedEditorAssemblies (2ms)
			BeforeProcessingInitializeOnLoad (117ms)
			ProcessInitializeOnLoadAttributes (202ms)
			ProcessInitializeOnLoadMethodAttributes (103ms)
			AfterProcessingInitializeOnLoad (0ms)
			EditorAssembliesLoaded (0ms)
		ExecutionOrderSort2 (0ms)
		AwakeInstancesAfterBackupRestoration (1ms)
Refreshing native plugins compatible for Editor in 1.56 ms, found 2 plugins.
Preloading 1 native plugins for Editor in 1.20 ms.
Unloading 43 Unused Serialized files (Serialized files now loaded: 0)
Unloading 5193 unused Assets / (13.7 MB). Loaded Objects now: 6431.
Memory consumption went from 146.8 MB to 133.1 MB.
Total: 7.606167 ms (FindLiveObjects: 0.230459 ms CreateObjectMapping: 0.075375 ms MarkObjects: 6.083375 ms  DeleteObjects: 1.216708 ms)

Prepare: number of updated asset objects reloaded= 0
========================================================================
Received Prepare
Refreshing native plugins compatible for Editor in 1.42 ms, found 2 plugins.
Preloading 1 native plugins for Editor in 1.18 ms.
Unloading 43 Unused Serialized files (Serialized files now loaded: 0)
Unloading 5148 unused Assets / (13.6 MB). Loaded Objects now: 6431.
Memory consumption went from 133.2 MB to 119.6 MB.
Total: 7.570542 ms (FindLiveObjects: 0.212208 ms CreateObjectMapping: 0.073625 ms MarkObjects: 6.106375 ms  DeleteObjects: 1.178084 ms)

Prepare: number of updated asset objects reloaded= 0
========================================================================
Received Prepare
Begin MonoManager ReloadAssembly
Thread 0x16b88f000 may have been prematurely finalized
Symbol file LoadedFromMemory is not a mono symbol file
Symbol file LoadedFromMemory is not a mono symbol file
- Loaded All Assemblies, in  0.330 seconds
Refreshing native plugins compatible for Editor in 1.27 ms, found 2 plugins.
Native extension for OSXStandalone target not found
Native extension for WebGL target not found
Refreshing native plugins compatible for Editor in 1.43 ms, found 2 plugins.
[Package Manager] Failed to launch server process. Reason: Unity was launched with the -noUpm command-line argument
[Package Manager] Unable to send message (not connected to server process).
[Package Manager] Cannot connect to Unity Package Manager local server
ScheduleIndexationOnStartup MainProcess:False IndexOnStartup:True
Mono: successfully reloaded assembly
- Finished resetting the current domain, in  0.499 seconds
Domain Reload Profiling: 830ms
	BeginReloadAssembly (77ms)
		ExecutionOrderSort (0ms)
		DisableScriptedObjects (3ms)
		BackupInstance (0ms)
		ReleaseScriptingObjects (0ms)
		CreateAndSetChildDomain (25ms)
	RebuildCommonClasses (16ms)
	RebuildNativeTypeToScriptingClass (6ms)
	initialDomainReloadingComplete (17ms)
	LoadAllAssembliesAndSetupDomain (214ms)
		LoadAssemblies (170ms)
		RebuildTransferFunctionScriptingTraits (0ms)
		AnalyzeDomain (67ms)
			TypeCache.Refresh (6ms)
				TypeCache.ScanAssembly (0ms)
			BuildScriptInfoCaches (58ms)
			ResolveRequiredComponents (1ms)
	FinalizeReload (499ms)
		ReleaseScriptCaches (0ms)
		RebuildScriptCaches (0ms)
		SetupLoadedEditorAssemblies (433ms)
			LogAssemblyErrors (0ms)
			InitializePlatformSupportModulesInManaged (1ms)
			SetLoadedEditorAssemblies (2ms)
			BeforeProcessingInitializeOnLoad (118ms)
			ProcessInitializeOnLoadAttributes (206ms)
			ProcessInitializeOnLoadMethodAttributes (106ms)
			AfterProcessingInitializeOnLoad (0ms)
			EditorAssembliesLoaded (0ms)
		ExecutionOrderSort2 (0ms)
		AwakeInstancesAfterBackupRestoration (1ms)
Refreshing native plugins compatible for Editor in 1.58 ms, found 2 plugins.
Preloading 1 native plugins for Editor in 1.24 ms.
Unloading 43 Unused Serialized files (Serialized files now loaded: 0)
Unloading 5193 unused Assets / (13.8 MB). Loaded Objects now: 6435.
Memory consumption went from 146.8 MB to 133.1 MB.
Total: 7.684583 ms (FindLiveObjects: 0.207791 ms CreateObjectMapping: 0.094084 ms MarkObjects: 6.150375 ms  DeleteObjects: 1.232083 ms)

Prepare: number of updated asset objects reloaded= 0
========================================================================
Received Prepare
Refreshing native plugins compatible for Editor in 1.33 ms, found 2 plugins.
Preloading 1 native plugins for Editor in 1.18 ms.
Unloading 43 Unused Serialized files (Serialized files now loaded: 0)
Unloading 5148 unused Assets / (14.0 MB). Loaded Objects now: 6435.
Memory consumption went from 133.2 MB to 119.3 MB.
Total: 7.680458 ms (FindLiveObjects: 0.212875 ms CreateObjectMapping: 0.079375 ms MarkObjects: 6.072458 ms  DeleteObjects: 1.315292 ms)

Prepare: number of updated asset objects reloaded= 0
========================================================================
Received Prepare
Begin MonoManager ReloadAssembly
Thread 0x16b88f000 may have been prematurely finalized
Symbol file LoadedFromMemory is not a mono symbol file
Symbol file LoadedFromMemory is not a mono symbol file
- Loaded All Assemblies, in  0.335 seconds
Refreshing native plugins compatible for Editor in 1.16 ms, found 2 plugins.
Native extension for OSXStandalone target not found
Native extension for WebGL target not found
Refreshing native plugins compatible for Editor in 1.02 ms, found 2 plugins.
[Package Manager] Failed to launch server process. Reason: Unity was launched with the -noUpm command-line argument
[Package Manager] Unable to send message (not connected to server process).
[Package Manager] Cannot connect to Unity Package Manager local server
ScheduleIndexationOnStartup MainProcess:False IndexOnStartup:True
Mono: successfully reloaded assembly
- Finished resetting the current domain, in  0.483 seconds
Domain Reload Profiling: 820ms
	BeginReloadAssembly (73ms)
		ExecutionOrderSort (0ms)
		DisableScriptedObjects (3ms)
		BackupInstance (0ms)
		ReleaseScriptingObjects (0ms)
		CreateAndSetChildDomain (23ms)
	RebuildCommonClasses (16ms)
	RebuildNativeTypeToScriptingClass (6ms)
	initialDomainReloadingComplete (16ms)
	LoadAllAssembliesAndSetupDomain (225ms)
		LoadAssemblies (182ms)
		RebuildTransferFunctionScriptingTraits (0ms)
		AnalyzeDomain (66ms)
			TypeCache.Refresh (7ms)
				TypeCache.ScanAssembly (0ms)
			BuildScriptInfoCaches (56ms)
			ResolveRequiredComponents (1ms)
	FinalizeReload (483ms)
		ReleaseScriptCaches (0ms)
		RebuildScriptCaches (0ms)
		SetupLoadedEditorAssemblies (418ms)
			LogAssemblyErrors (0ms)
			InitializePlatformSupportModulesInManaged (1ms)
			SetLoadedEditorAssemblies (2ms)
			BeforeProcessingInitializeOnLoad (115ms)
			ProcessInitializeOnLoadAttributes (196ms)
			ProcessInitializeOnLoadMethodAttributes (104ms)
			AfterProcessingInitializeOnLoad (1ms)
			EditorAssembliesLoaded (0ms)
		ExecutionOrderSort2 (0ms)
		AwakeInstancesAfterBackupRestoration (1ms)
Refreshing native plugins compatible for Editor in 1.49 ms, found 2 plugins.
Preloading 1 native plugins for Editor in 1.13 ms.
Unloading 43 Unused Serialized files (Serialized files now loaded: 0)
Unloading 5193 unused Assets / (13.8 MB). Loaded Objects now: 6439.
Memory consumption went from 146.9 MB to 133.1 MB.
Total: 7.712208 ms (FindLiveObjects: 0.206417 ms CreateObjectMapping: 0.076250 ms MarkObjects: 6.202875 ms  DeleteObjects: 1.226459 ms)

Prepare: number of updated asset objects reloaded= 0
========================================================================
Received Prepare
Refreshing native plugins compatible for Editor in 1.17 ms, found 2 plugins.
Preloading 1 native plugins for Editor in 1.15 ms.
Unloading 43 Unused Serialized files (Serialized files now loaded: 0)
Unloading 5148 unused Assets / (13.7 MB). Loaded Objects now: 6439.
Memory consumption went from 133.2 MB to 119.6 MB.
Total: 7.742209 ms (FindLiveObjects: 0.211500 ms CreateObjectMapping: 0.077125 ms MarkObjects: 6.272791 ms  DeleteObjects: 1.180584 ms)

Prepare: number of updated asset objects reloaded= 0
========================================================================
Received Prepare
Begin MonoManager ReloadAssembly
Thread 0x16b88f000 may have been prematurely finalized
Symbol file LoadedFromMemory is not a mono symbol file
Symbol file LoadedFromMemory is not a mono symbol file
- Loaded All Assemblies, in  0.339 seconds
Refreshing native plugins compatible for Editor in 1.28 ms, found 2 plugins.
Native extension for OSXStandalone target not found
Native extension for WebGL target not found
Refreshing native plugins compatible for Editor in 1.18 ms, found 2 plugins.
[Package Manager] Failed to launch server process. Reason: Unity was launched with the -noUpm command-line argument
[Package Manager] Unable to send message (not connected to server process).
[Package Manager] Cannot connect to Unity Package Manager local server
ScheduleIndexationOnStartup MainProcess:False IndexOnStartup:True
Mono: successfully reloaded assembly
- Finished resetting the current domain, in  0.506 seconds
Domain Reload Profiling: 846ms
	BeginReloadAssembly (75ms)
		ExecutionOrderSort (0ms)
		DisableScriptedObjects (3ms)
		BackupInstance (0ms)
		ReleaseScriptingObjects (0ms)
		CreateAndSetChildDomain (24ms)
	RebuildCommonClasses (16ms)
	RebuildNativeTypeToScriptingClass (6ms)
	initialDomainReloadingComplete (17ms)
	LoadAllAssembliesAndSetupDomain (226ms)
		LoadAssemblies (178ms)
		RebuildTransferFunctionScriptingTraits (0ms)
		AnalyzeDomain (70ms)
			TypeCache.Refresh (7ms)
				TypeCache.ScanAssembly (0ms)
			BuildScriptInfoCaches (60ms)
			ResolveRequiredComponents (1ms)
	FinalizeReload (506ms)
		ReleaseScriptCaches (0ms)
		RebuildScriptCaches (0ms)
		SetupLoadedEditorAssemblies (438ms)
			LogAssemblyErrors (0ms)
			InitializePlatformSupportModulesInManaged (1ms)
			SetLoadedEditorAssemblies (2ms)
			BeforeProcessingInitializeOnLoad (122ms)
			ProcessInitializeOnLoadAttributes (203ms)
			ProcessInitializeOnLoadMethodAttributes (110ms)
			AfterProcessingInitializeOnLoad (1ms)
			EditorAssembliesLoaded (0ms)
		ExecutionOrderSort2 (0ms)
		AwakeInstancesAfterBackupRestoration (1ms)
Refreshing native plugins compatible for Editor in 1.61 ms, found 2 plugins.
Preloading 1 native plugins for Editor in 1.19 ms.
Unloading 43 Unused Serialized files (Serialized files now loaded: 0)
Unloading 5193 unused Assets / (13.6 MB). Loaded Objects now: 6443.
Memory consumption went from 146.9 MB to 133.2 MB.
Total: 8.125750 ms (FindLiveObjects: 0.218375 ms CreateObjectMapping: 0.089791 ms MarkObjects: 6.526334 ms  DeleteObjects: 1.291000 ms)

Prepare: number of updated asset objects reloaded= 0
========================================================================
Received Prepare
Refreshing native plugins compatible for Editor in 1.27 ms, found 2 plugins.
Preloading 1 native plugins for Editor in 1.20 ms.
Unloading 43 Unused Serialized files (Serialized files now loaded: 0)
Unloading 5148 unused Assets / (14.1 MB). Loaded Objects now: 6443.
Memory consumption went from 133.2 MB to 119.1 MB.
Total: 7.888000 ms (FindLiveObjects: 0.213500 ms CreateObjectMapping: 0.089667 ms MarkObjects: 6.267542 ms  DeleteObjects: 1.316875 ms)

Prepare: number of updated asset objects reloaded= 0
========================================================================
Received Prepare
Begin MonoManager ReloadAssembly
[Licensing::Client] Successfully resolved entitlement details
[Licensing::Module] License group:
  Id: F4-85AS-8ZW6-XMRF-425Z-XXXX
  Product: Unity Personal
  Type: ULF
  Expiration: Unlimited
[Licensing::Module] License group:
  Id: 6872810951280-UnityPersXXXX
  Product: Unity Personal
  Type: Assigned
  Expiration: Unlimited
Thread 0x16b247000 may have been prematurely finalized
Symbol file LoadedFromMemory is not a mono symbol file
Symbol file LoadedFromMemory is not a mono symbol file
- Loaded All Assemblies, in  0.336 seconds
Refreshing native plugins compatible for Editor in 1.51 ms, found 2 plugins.
Native extension for OSXStandalone target not found
Native extension for WebGL target not found
Refreshing native plugins compatible for Editor in 1.20 ms, found 2 plugins.
[Package Manager] Failed to launch server process. Reason: Unity was launched with the -noUpm command-line argument
[Package Manager] Unable to send message (not connected to server process).
[Package Manager] Cannot connect to Unity Package Manager local server
ScheduleIndexationOnStartup MainProcess:False IndexOnStartup:True
Mono: successfully reloaded assembly
- Finished resetting the current domain, in  0.499 seconds
Domain Reload Profiling: 836ms
	BeginReloadAssembly (75ms)
		ExecutionOrderSort (0ms)
		DisableScriptedObjects (3ms)
		BackupInstance (0ms)
		ReleaseScriptingObjects (0ms)
		CreateAndSetChildDomain (23ms)
	RebuildCommonClasses (16ms)
	RebuildNativeTypeToScriptingClass (6ms)
	initialDomainReloadingComplete (16ms)
	LoadAllAssembliesAndSetupDomain (224ms)
		LoadAssemblies (180ms)
		RebuildTransferFunctionScriptingTraits (0ms)
		AnalyzeDomain (66ms)
			TypeCache.Refresh (6ms)
				TypeCache.ScanAssembly (0ms)
			BuildScriptInfoCaches (57ms)
			ResolveRequiredComponents (1ms)
	FinalizeReload (499ms)
		ReleaseScriptCaches (0ms)
		RebuildScriptCaches (0ms)
		SetupLoadedEditorAssemblies (432ms)
			LogAssemblyErrors (0ms)
			InitializePlatformSupportModulesInManaged (1ms)
			SetLoadedEditorAssemblies (2ms)
			BeforeProcessingInitializeOnLoad (123ms)
			ProcessInitializeOnLoadAttributes (200ms)
			ProcessInitializeOnLoadMethodAttributes (106ms)
			AfterProcessingInitializeOnLoad (0ms)
			EditorAssembliesLoaded (0ms)
		ExecutionOrderSort2 (0ms)
		AwakeInstancesAfterBackupRestoration (1ms)
Refreshing native plugins compatible for Editor in 1.52 ms, found 2 plugins.
Preloading 1 native plugins for Editor in 1.23 ms.
Unloading 43 Unused Serialized files (Serialized files now loaded: 0)
Unloading 5193 unused Assets / (14.0 MB). Loaded Objects now: 6447.
Memory consumption went from 146.9 MB to 132.9 MB.
Total: 7.617500 ms (FindLiveObjects: 0.219375 ms CreateObjectMapping: 0.076458 ms MarkObjects: 6.023917 ms  DeleteObjects: 1.297458 ms)

Prepare: number of updated asset objects reloaded= 0
========================================================================
Received Prepare
Refreshing native plugins compatible for Editor in 1.55 ms, found 2 plugins.
Preloading 1 native plugins for Editor in 1.21 ms.
Unloading 43 Unused Serialized files (Serialized files now loaded: 0)
Unloading 5148 unused Assets / (13.4 MB). Loaded Objects now: 6447.
Memory consumption went from 133.3 MB to 119.9 MB.
Total: 7.818083 ms (FindLiveObjects: 0.215500 ms CreateObjectMapping: 0.078917 ms MarkObjects: 6.275625 ms  DeleteObjects: 1.247792 ms)

Prepare: number of updated asset objects reloaded= 0
========================================================================
Received Prepare
Begin MonoManager ReloadAssembly
Thread 0x16b247000 may have been prematurely finalized
Symbol file LoadedFromMemory is not a mono symbol file
Symbol file LoadedFromMemory is not a mono symbol file
- Loaded All Assemblies, in  0.317 seconds
Refreshing native plugins compatible for Editor in 1.41 ms, found 2 plugins.
Native extension for OSXStandalone target not found
Native extension for WebGL target not found
Refreshing native plugins compatible for Editor in 1.22 ms, found 2 plugins.
[Package Manager] Failed to launch server process. Reason: Unity was launched with the -noUpm command-line argument
[Package Manager] Unable to send message (not connected to server process).
[Package Manager] Cannot connect to Unity Package Manager local server
ScheduleIndexationOnStartup MainProcess:False IndexOnStartup:True
Mono: successfully reloaded assembly
- Finished resetting the current domain, in  0.496 seconds
Domain Reload Profiling: 815ms
	BeginReloadAssembly (74ms)
		ExecutionOrderSort (0ms)
		DisableScriptedObjects (3ms)
		BackupInstance (0ms)
		ReleaseScriptingObjects (0ms)
		CreateAndSetChildDomain (22ms)
	RebuildCommonClasses (15ms)
	RebuildNativeTypeToScriptingClass (6ms)
	initialDomainReloadingComplete (17ms)
	LoadAllAssembliesAndSetupDomain (207ms)
		LoadAssemblies (163ms)
		RebuildTransferFunctionScriptingTraits (0ms)
		AnalyzeDomain (66ms)
			TypeCache.Refresh (6ms)
				TypeCache.ScanAssembly (0ms)
			BuildScriptInfoCaches (57ms)
			ResolveRequiredComponents (1ms)
	FinalizeReload (496ms)
		ReleaseScriptCaches (0ms)
		RebuildScriptCaches (0ms)
		SetupLoadedEditorAssemblies (431ms)
			LogAssemblyErrors (0ms)
			InitializePlatformSupportModulesInManaged (1ms)
			SetLoadedEditorAssemblies (2ms)
			BeforeProcessingInitializeOnLoad (120ms)
			ProcessInitializeOnLoadAttributes (203ms)
			ProcessInitializeOnLoadMethodAttributes (104ms)
			AfterProcessingInitializeOnLoad (1ms)
			EditorAssembliesLoaded (0ms)
		ExecutionOrderSort2 (0ms)
		AwakeInstancesAfterBackupRestoration (1ms)
Refreshing native plugins compatible for Editor in 1.57 ms, found 2 plugins.
Preloading 1 native plugins for Editor in 1.22 ms.
Unloading 43 Unused Serialized files (Serialized files now loaded: 0)
Unloading 5193 unused Assets / (14.2 MB). Loaded Objects now: 6451.
Memory consumption went from 146.9 MB to 132.7 MB.
Total: 7.971250 ms (FindLiveObjects: 0.206709 ms CreateObjectMapping: 0.080291 ms MarkObjects: 6.335500 ms  DeleteObjects: 1.348541 ms)

Prepare: number of updated asset objects reloaded= 0
========================================================================
Received Prepare
Refreshing native plugins compatible for Editor in 1.48 ms, found 2 plugins.
Preloading 1 native plugins for Editor in 1.20 ms.
Unloading 43 Unused Serialized files (Serialized files now loaded: 0)
Unloading 5148 unused Assets / (14.0 MB). Loaded Objects now: 6451.
Memory consumption went from 133.3 MB to 119.3 MB.
Total: 7.704792 ms (FindLiveObjects: 0.209666 ms CreateObjectMapping: 0.083000 ms MarkObjects: 6.155750 ms  DeleteObjects: 1.256209 ms)

Prepare: number of updated asset objects reloaded= 0
========================================================================
Received Prepare
Begin MonoManager ReloadAssembly
Thread 0x16b247000 may have been prematurely finalized
Symbol file LoadedFromMemory is not a mono symbol file
Symbol file LoadedFromMemory is not a mono symbol file
- Loaded All Assemblies, in  0.316 seconds
Refreshing native plugins compatible for Editor in 1.13 ms, found 2 plugins.
Native extension for OSXStandalone target not found
Native extension for WebGL target not found
Refreshing native plugins compatible for Editor in 1.08 ms, found 2 plugins.
[Package Manager] Failed to launch server process. Reason: Unity was launched with the -noUpm command-line argument
[Package Manager] Unable to send message (not connected to server process).
[Package Manager] Cannot connect to Unity Package Manager local server
ScheduleIndexationOnStartup MainProcess:False IndexOnStartup:True
Mono: successfully reloaded assembly
- Finished resetting the current domain, in  0.488 seconds
Domain Reload Profiling: 806ms
	BeginReloadAssembly (74ms)
		ExecutionOrderSort (0ms)
		DisableScriptedObjects (3ms)
		BackupInstance (0ms)
		ReleaseScriptingObjects (0ms)
		CreateAndSetChildDomain (23ms)
	RebuildCommonClasses (16ms)
	RebuildNativeTypeToScriptingClass (6ms)
	initialDomainReloadingComplete (17ms)
	LoadAllAssembliesAndSetupDomain (205ms)
		LoadAssemblies (162ms)
		RebuildTransferFunctionScriptingTraits (0ms)
		AnalyzeDomain (66ms)
			TypeCache.Refresh (6ms)
				TypeCache.ScanAssembly (0ms)
			BuildScriptInfoCaches (58ms)
			ResolveRequiredComponents (1ms)
	FinalizeReload (488ms)
		ReleaseScriptCaches (0ms)
		RebuildScriptCaches (0ms)
		SetupLoadedEditorAssemblies (423ms)
			LogAssemblyErrors (0ms)
			InitializePlatformSupportModulesInManaged (1ms)
			SetLoadedEditorAssemblies (2ms)
			BeforeProcessingInitializeOnLoad (117ms)
			ProcessInitializeOnLoadAttributes (198ms)
			ProcessInitializeOnLoadMethodAttributes (105ms)
			AfterProcessingInitializeOnLoad (0ms)
			EditorAssembliesLoaded (0ms)
		ExecutionOrderSort2 (0ms)
		AwakeInstancesAfterBackupRestoration (1ms)
Refreshing native plugins compatible for Editor in 1.36 ms, found 2 plugins.
Preloading 1 native plugins for Editor in 1.26 ms.
Unloading 43 Unused Serialized files (Serialized files now loaded: 0)
Unloading 5193 unused Assets / (13.8 MB). Loaded Objects now: 6455.
Memory consumption went from 146.9 MB to 133.1 MB.
Total: 7.692459 ms (FindLiveObjects: 0.212959 ms CreateObjectMapping: 0.081875 ms MarkObjects: 6.161791 ms  DeleteObjects: 1.235709 ms)

Prepare: number of updated asset objects reloaded= 0
========================================================================
Received Prepare
Refreshing native plugins compatible for Editor in 1.48 ms, found 2 plugins.
Preloading 1 native plugins for Editor in 1.19 ms.
Unloading 43 Unused Serialized files (Serialized files now loaded: 0)
Unloading 5148 unused Assets / (13.1 MB). Loaded Objects now: 6455.
Memory consumption went from 133.3 MB to 120.2 MB.
Total: 7.979666 ms (FindLiveObjects: 0.209458 ms CreateObjectMapping: 0.076708 ms MarkObjects: 6.347625 ms  DeleteObjects: 1.345625 ms)

Prepare: number of updated asset objects reloaded= 0
========================================================================
Received Prepare
Begin MonoManager ReloadAssembly
Thread 0x16b247000 may have been prematurely finalized
Symbol file LoadedFromMemory is not a mono symbol file
Symbol file LoadedFromMemory is not a mono symbol file
- Loaded All Assemblies, in  0.321 seconds
Refreshing native plugins compatible for Editor in 1.17 ms, found 2 plugins.
Native extension for OSXStandalone target not found
Native extension for WebGL target not found
Refreshing native plugins compatible for Editor in 1.24 ms, found 2 plugins.
[Package Manager] Failed to launch server process. Reason: Unity was launched with the -noUpm command-line argument
[Package Manager] Unable to send message (not connected to server process).
[Package Manager] Cannot connect to Unity Package Manager local server
ScheduleIndexationOnStartup MainProcess:False IndexOnStartup:True
Mono: successfully reloaded assembly
- Finished resetting the current domain, in  0.519 seconds
Domain Reload Profiling: 842ms
	BeginReloadAssembly (71ms)
		ExecutionOrderSort (0ms)
		DisableScriptedObjects (3ms)
		BackupInstance (0ms)
		ReleaseScriptingObjects (0ms)
		CreateAndSetChildDomain (22ms)
	RebuildCommonClasses (15ms)
	RebuildNativeTypeToScriptingClass (6ms)
	initialDomainReloadingComplete (17ms)
	LoadAllAssembliesAndSetupDomain (213ms)
		LoadAssemblies (167ms)
		RebuildTransferFunctionScriptingTraits (0ms)
		AnalyzeDomain (67ms)
			TypeCache.Refresh (7ms)
				TypeCache.ScanAssembly (0ms)
			BuildScriptInfoCaches (57ms)
			ResolveRequiredComponents (1ms)
	FinalizeReload (519ms)
		ReleaseScriptCaches (0ms)
		RebuildScriptCaches (0ms)
		SetupLoadedEditorAssemblies (451ms)
			LogAssemblyErrors (0ms)
			InitializePlatformSupportModulesInManaged (1ms)
			SetLoadedEditorAssemblies (2ms)
			BeforeProcessingInitializeOnLoad (130ms)
			ProcessInitializeOnLoadAttributes (210ms)
			ProcessInitializeOnLoadMethodAttributes (108ms)
			AfterProcessingInitializeOnLoad (1ms)
			EditorAssembliesLoaded (0ms)
		ExecutionOrderSort2 (0ms)
		AwakeInstancesAfterBackupRestoration (1ms)
Refreshing native plugins compatible for Editor in 1.58 ms, found 2 plugins.
Preloading 1 native plugins for Editor in 1.24 ms.
Unloading 43 Unused Serialized files (Serialized files now loaded: 0)
Unloading 5193 unused Assets / (13.8 MB). Loaded Objects now: 6459.
Memory consumption went from 146.9 MB to 133.1 MB.
Total: 7.735708 ms (FindLiveObjects: 0.216125 ms CreateObjectMapping: 0.079250 ms MarkObjects: 6.162792 ms  DeleteObjects: 1.277417 ms)

Prepare: number of updated asset objects reloaded= 0
========================================================================
Received Prepare
Refreshing native plugins compatible for Editor in 1.13 ms, found 2 plugins.
Preloading 1 native plugins for Editor in 1.12 ms.
Unloading 43 Unused Serialized files (Serialized files now loaded: 0)
Unloading 5148 unused Assets / (13.8 MB). Loaded Objects now: 6459.
Memory consumption went from 133.3 MB to 119.5 MB.
Total: 7.837875 ms (FindLiveObjects: 0.208666 ms CreateObjectMapping: 0.089084 ms MarkObjects: 6.305000 ms  DeleteObjects: 1.235041 ms)

Prepare: number of updated asset objects reloaded= 0
========================================================================
Received Prepare
Begin MonoManager ReloadAssembly
Thread 0x16b247000 may have been prematurely finalized
Symbol file LoadedFromMemory is not a mono symbol file
Symbol file LoadedFromMemory is not a mono symbol file
- Loaded All Assemblies, in  0.320 seconds
Refreshing native plugins compatible for Editor in 1.15 ms, found 2 plugins.
Native extension for OSXStandalone target not found
Native extension for WebGL target not found
Refreshing native plugins compatible for Editor in 1.39 ms, found 2 plugins.
[Package Manager] Failed to launch server process. Reason: Unity was launched with the -noUpm command-line argument
[Package Manager] Unable to send message (not connected to server process).
[Package Manager] Cannot connect to Unity Package Manager local server
ScheduleIndexationOnStartup MainProcess:False IndexOnStartup:True
Mono: successfully reloaded assembly
- Finished resetting the current domain, in  0.501 seconds
Domain Reload Profiling: 822ms
	BeginReloadAssembly (75ms)
		ExecutionOrderSort (0ms)
		DisableScriptedObjects (3ms)
		BackupInstance (0ms)
		ReleaseScriptingObjects (0ms)
		CreateAndSetChildDomain (23ms)
	RebuildCommonClasses (16ms)
	RebuildNativeTypeToScriptingClass (6ms)
	initialDomainReloadingComplete (18ms)
	LoadAllAssembliesAndSetupDomain (207ms)
		LoadAssemblies (164ms)
		RebuildTransferFunctionScriptingTraits (0ms)
		AnalyzeDomain (66ms)
			TypeCache.Refresh (6ms)
				TypeCache.ScanAssembly (0ms)
			BuildScriptInfoCaches (57ms)
			ResolveRequiredComponents (1ms)
	FinalizeReload (501ms)
		ReleaseScriptCaches (0ms)
		RebuildScriptCaches (0ms)
		SetupLoadedEditorAssemblies (433ms)
			LogAssemblyErrors (0ms)
			InitializePlatformSupportModulesInManaged (1ms)
			SetLoadedEditorAssemblies (2ms)
			BeforeProcessingInitializeOnLoad (122ms)
			ProcessInitializeOnLoadAttributes (202ms)
			ProcessInitializeOnLoadMethodAttributes (106ms)
			AfterProcessingInitializeOnLoad (1ms)
			EditorAssembliesLoaded (0ms)
		ExecutionOrderSort2 (0ms)
		AwakeInstancesAfterBackupRestoration (1ms)
Refreshing native plugins compatible for Editor in 1.58 ms, found 2 plugins.
Preloading 1 native plugins for Editor in 1.24 ms.
Unloading 43 Unused Serialized files (Serialized files now loaded: 0)
Unloading 5193 unused Assets / (13.7 MB). Loaded Objects now: 6463.
Memory consumption went from 146.9 MB to 133.2 MB.
Total: 7.572791 ms (FindLiveObjects: 0.199041 ms CreateObjectMapping: 0.079458 ms MarkObjects: 6.102417 ms  DeleteObjects: 1.191500 ms)

Prepare: number of updated asset objects reloaded= 0
========================================================================
Received Prepare
Refreshing native plugins compatible for Editor in 1.52 ms, found 2 plugins.
Preloading 1 native plugins for Editor in 1.21 ms.
Unloading 43 Unused Serialized files (Serialized files now loaded: 0)
Unloading 5148 unused Assets / (14.3 MB). Loaded Objects now: 6463.
Memory consumption went from 133.3 MB to 119.0 MB.
Total: 7.921000 ms (FindLiveObjects: 0.236292 ms CreateObjectMapping: 0.085750 ms MarkObjects: 6.240791 ms  DeleteObjects: 1.358083 ms)

Prepare: number of updated asset objects reloaded= 0
========================================================================
Received Prepare
Begin MonoManager ReloadAssembly
Thread 0x16b247000 may have been prematurely finalized
Symbol file LoadedFromMemory is not a mono symbol file
Symbol file LoadedFromMemory is not a mono symbol file
- Loaded All Assemblies, in  0.322 seconds
Refreshing native plugins compatible for Editor in 1.24 ms, found 2 plugins.
Native extension for OSXStandalone target not found
Native extension for WebGL target not found
Refreshing native plugins compatible for Editor in 1.34 ms, found 2 plugins.
[Package Manager] Failed to launch server process. Reason: Unity was launched with the -noUpm command-line argument
[Package Manager] Unable to send message (not connected to server process).
[Package Manager] Cannot connect to Unity Package Manager local server
ScheduleIndexationOnStartup MainProcess:False IndexOnStartup:True
Mono: successfully reloaded assembly
- Finished resetting the current domain, in  0.511 seconds
Domain Reload Profiling: 834ms
	BeginReloadAssembly (74ms)
		ExecutionOrderSort (0ms)
		DisableScriptedObjects (3ms)
		BackupInstance (0ms)
		ReleaseScriptingObjects (0ms)
		CreateAndSetChildDomain (23ms)
	RebuildCommonClasses (15ms)
	RebuildNativeTypeToScriptingClass (6ms)
	initialDomainReloadingComplete (17ms)
	LoadAllAssembliesAndSetupDomain (211ms)
		LoadAssemblies (168ms)
		RebuildTransferFunctionScriptingTraits (0ms)
		AnalyzeDomain (66ms)
			TypeCache.Refresh (6ms)
				TypeCache.ScanAssembly (0ms)
			BuildScriptInfoCaches (57ms)
			ResolveRequiredComponents (1ms)
	FinalizeReload (512ms)
		ReleaseScriptCaches (0ms)
		RebuildScriptCaches (0ms)
		SetupLoadedEditorAssemblies (445ms)
			LogAssemblyErrors (0ms)
			InitializePlatformSupportModulesInManaged (1ms)
			SetLoadedEditorAssemblies (2ms)
			BeforeProcessingInitializeOnLoad (120ms)
			ProcessInitializeOnLoadAttributes (216ms)
			ProcessInitializeOnLoadMethodAttributes (106ms)
			AfterProcessingInitializeOnLoad (0ms)
			EditorAssembliesLoaded (0ms)
		ExecutionOrderSort2 (0ms)
		AwakeInstancesAfterBackupRestoration (1ms)
Refreshing native plugins compatible for Editor in 0.98 ms, found 2 plugins.
Preloading 1 native plugins for Editor in 1.17 ms.
Unloading 43 Unused Serialized files (Serialized files now loaded: 0)
Unloading 5193 unused Assets / (14.0 MB). Loaded Objects now: 6467.
Memory consumption went from 146.9 MB to 133.0 MB.
Total: 8.023167 ms (FindLiveObjects: 0.195083 ms CreateObjectMapping: 0.110542 ms MarkObjects: 6.505833 ms  DeleteObjects: 1.211542 ms)

Prepare: number of updated asset objects reloaded= 0
========================================================================
Received Prepare
Refreshing native plugins compatible for Editor in 1.51 ms, found 2 plugins.
Preloading 1 native plugins for Editor in 1.14 ms.
Unloading 43 Unused Serialized files (Serialized files now loaded: 0)
Unloading 5148 unused Assets / (13.7 MB). Loaded Objects now: 6467.
Memory consumption went from 133.3 MB to 119.6 MB.
Total: 7.711375 ms (FindLiveObjects: 0.210292 ms CreateObjectMapping: 0.077791 ms MarkObjects: 6.206625 ms  DeleteObjects: 1.216542 ms)

Prepare: number of updated asset objects reloaded= 0
========================================================================
Received Prepare
Begin MonoManager ReloadAssembly
Thread 0x16b247000 may have been prematurely finalized
Symbol file LoadedFromMemory is not a mono symbol file
Symbol file LoadedFromMemory is not a mono symbol file
- Loaded All Assemblies, in  0.322 seconds
Refreshing native plugins compatible for Editor in 1.55 ms, found 2 plugins.
Native extension for OSXStandalone target not found
Native extension for WebGL target not found
Refreshing native plugins compatible for Editor in 1.22 ms, found 2 plugins.
[Package Manager] Failed to launch server process. Reason: Unity was launched with the -noUpm command-line argument
[Package Manager] Unable to send message (not connected to server process).
[Package Manager] Cannot connect to Unity Package Manager local server
ScheduleIndexationOnStartup MainProcess:False IndexOnStartup:True
Mono: successfully reloaded assembly
- Finished resetting the current domain, in  0.502 seconds
Domain Reload Profiling: 825ms
	BeginReloadAssembly (74ms)
		ExecutionOrderSort (0ms)
		DisableScriptedObjects (3ms)
		BackupInstance (0ms)
		ReleaseScriptingObjects (0ms)
		CreateAndSetChildDomain (23ms)
	RebuildCommonClasses (16ms)
	RebuildNativeTypeToScriptingClass (6ms)
	initialDomainReloadingComplete (17ms)
	LoadAllAssembliesAndSetupDomain (209ms)
		LoadAssemblies (167ms)
		RebuildTransferFunctionScriptingTraits (0ms)
		AnalyzeDomain (65ms)
			TypeCache.Refresh (6ms)
				TypeCache.ScanAssembly (0ms)
			BuildScriptInfoCaches (57ms)
			ResolveRequiredComponents (1ms)
	FinalizeReload (502ms)
		ReleaseScriptCaches (0ms)
		RebuildScriptCaches (0ms)
		SetupLoadedEditorAssemblies (436ms)
			LogAssemblyErrors (0ms)
			InitializePlatformSupportModulesInManaged (1ms)
			SetLoadedEditorAssemblies (2ms)
			BeforeProcessingInitializeOnLoad (121ms)
			ProcessInitializeOnLoadAttributes (202ms)
			ProcessInitializeOnLoadMethodAttributes (109ms)
			AfterProcessingInitializeOnLoad (0ms)
			EditorAssembliesLoaded (0ms)
		ExecutionOrderSort2 (0ms)
		AwakeInstancesAfterBackupRestoration (1ms)
Refreshing native plugins compatible for Editor in 1.61 ms, found 2 plugins.
Preloading 1 native plugins for Editor in 1.24 ms.
Unloading 43 Unused Serialized files (Serialized files now loaded: 0)
Unloading 5193 unused Assets / (13.8 MB). Loaded Objects now: 6471.
Memory consumption went from 146.9 MB to 133.2 MB.
Total: 7.861584 ms (FindLiveObjects: 0.210084 ms CreateObjectMapping: 0.079166 ms MarkObjects: 6.329584 ms  DeleteObjects: 1.242584 ms)

Prepare: number of updated asset objects reloaded= 0
========================================================================
Received Prepare
Refreshing native plugins compatible for Editor in 1.35 ms, found 2 plugins.
Preloading 1 native plugins for Editor in 1.21 ms.
Unloading 43 Unused Serialized files (Serialized files now loaded: 0)
Unloading 5148 unused Assets / (13.7 MB). Loaded Objects now: 6471.
Memory consumption went from 133.3 MB to 119.6 MB.
Total: 7.728541 ms (FindLiveObjects: 0.210459 ms CreateObjectMapping: 0.079625 ms MarkObjects: 6.235291 ms  DeleteObjects: 1.203042 ms)

Prepare: number of updated asset objects reloaded= 0
========================================================================
Received Prepare
Begin MonoManager ReloadAssembly
[Licensing::Client] Successfully resolved entitlement details
[Licensing::Module] License group:
  Id: F4-85AS-8ZW6-XMRF-425Z-XXXX
  Product: Unity Personal
  Type: ULF
  Expiration: Unlimited
[Licensing::Module] License group:
  Id: 6872810951280-UnityPersXXXX
  Product: Unity Personal
  Type: Assigned
  Expiration: Unlimited
Thread 0x16b247000 may have been prematurely finalized
Symbol file LoadedFromMemory is not a mono symbol file
Symbol file LoadedFromMemory is not a mono symbol file
- Loaded All Assemblies, in  0.329 seconds
Refreshing native plugins compatible for Editor in 1.47 ms, found 2 plugins.
Native extension for OSXStandalone target not found
Native extension for WebGL target not found
Refreshing native plugins compatible for Editor in 1.03 ms, found 2 plugins.
[Package Manager] Failed to launch server process. Reason: Unity was launched with the -noUpm command-line argument
[Package Manager] Unable to send message (not connected to server process).
[Package Manager] Cannot connect to Unity Package Manager local server
ScheduleIndexationOnStartup MainProcess:False IndexOnStartup:True
Mono: successfully reloaded assembly
- Finished resetting the current domain, in  0.509 seconds
Domain Reload Profiling: 840ms
	BeginReloadAssembly (74ms)
		ExecutionOrderSort (0ms)
		DisableScriptedObjects (3ms)
		BackupInstance (0ms)
		ReleaseScriptingObjects (0ms)
		CreateAndSetChildDomain (23ms)
	RebuildCommonClasses (16ms)
	RebuildNativeTypeToScriptingClass (6ms)
	initialDomainReloadingComplete (18ms)
	LoadAllAssembliesAndSetupDomain (217ms)
		LoadAssemblies (167ms)
		RebuildTransferFunctionScriptingTraits (0ms)
		AnalyzeDomain (72ms)
			TypeCache.Refresh (6ms)
				TypeCache.ScanAssembly (0ms)
			BuildScriptInfoCaches (62ms)
			ResolveRequiredComponents (1ms)
	FinalizeReload (509ms)
		ReleaseScriptCaches (0ms)
		RebuildScriptCaches (0ms)
		SetupLoadedEditorAssemblies (440ms)
			LogAssemblyErrors (0ms)
			InitializePlatformSupportModulesInManaged (1ms)
			SetLoadedEditorAssemblies (2ms)
			BeforeProcessingInitializeOnLoad (122ms)
			ProcessInitializeOnLoadAttributes (206ms)
			ProcessInitializeOnLoadMethodAttributes (108ms)
			AfterProcessingInitializeOnLoad (0ms)
			EditorAssembliesLoaded (0ms)
		ExecutionOrderSort2 (0ms)
		AwakeInstancesAfterBackupRestoration (1ms)
Refreshing native plugins compatible for Editor in 1.19 ms, found 2 plugins.
Preloading 1 native plugins for Editor in 1.22 ms.
Unloading 43 Unused Serialized files (Serialized files now loaded: 0)
Unloading 5193 unused Assets / (12.9 MB). Loaded Objects now: 6475.
Memory consumption went from 146.9 MB to 134.0 MB.
Total: 8.107125 ms (FindLiveObjects: 0.210041 ms CreateObjectMapping: 0.083709 ms MarkObjects: 6.511667 ms  DeleteObjects: 1.301542 ms)

Prepare: number of updated asset objects reloaded= 0
========================================================================
Received Prepare
Refreshing native plugins compatible for Editor in 1.29 ms, found 2 plugins.
Preloading 1 native plugins for Editor in 1.21 ms.
Unloading 43 Unused Serialized files (Serialized files now loaded: 0)
Unloading 5148 unused Assets / (13.6 MB). Loaded Objects now: 6475.
Memory consumption went from 133.3 MB to 119.8 MB.
Total: 8.093959 ms (FindLiveObjects: 0.212292 ms CreateObjectMapping: 0.077167 ms MarkObjects: 6.567125 ms  DeleteObjects: 1.236875 ms)

Prepare: number of updated asset objects reloaded= 0
========================================================================
Received Prepare
Begin MonoManager ReloadAssembly
Thread 0x16b247000 may have been prematurely finalized
Symbol file LoadedFromMemory is not a mono symbol file
Symbol file LoadedFromMemory is not a mono symbol file
- Loaded All Assemblies, in  0.331 seconds
Refreshing native plugins compatible for Editor in 1.31 ms, found 2 plugins.
Native extension for OSXStandalone target not found
Native extension for WebGL target not found
Refreshing native plugins compatible for Editor in 1.22 ms, found 2 plugins.
[Package Manager] Failed to launch server process. Reason: Unity was launched with the -noUpm command-line argument
[Package Manager] Unable to send message (not connected to server process).
[Package Manager] Cannot connect to Unity Package Manager local server
ScheduleIndexationOnStartup MainProcess:False IndexOnStartup:True
Mono: successfully reloaded assembly
- Finished resetting the current domain, in  0.509 seconds
Domain Reload Profiling: 841ms
	BeginReloadAssembly (74ms)
		ExecutionOrderSort (0ms)
		DisableScriptedObjects (3ms)
		BackupInstance (0ms)
		ReleaseScriptingObjects (0ms)
		CreateAndSetChildDomain (23ms)
	RebuildCommonClasses (16ms)
	RebuildNativeTypeToScriptingClass (6ms)
	initialDomainReloadingComplete (19ms)
	LoadAllAssembliesAndSetupDomain (217ms)
		LoadAssemblies (165ms)
		RebuildTransferFunctionScriptingTraits (0ms)
		AnalyzeDomain (75ms)
			TypeCache.Refresh (10ms)
				TypeCache.ScanAssembly (0ms)
			BuildScriptInfoCaches (61ms)
			ResolveRequiredComponents (1ms)
	FinalizeReload (509ms)
		ReleaseScriptCaches (0ms)
		RebuildScriptCaches (0ms)
		SetupLoadedEditorAssemblies (440ms)
			LogAssemblyErrors (0ms)
			InitializePlatformSupportModulesInManaged (1ms)
			SetLoadedEditorAssemblies (2ms)
			BeforeProcessingInitializeOnLoad (122ms)
			ProcessInitializeOnLoadAttributes (206ms)
			ProcessInitializeOnLoadMethodAttributes (109ms)
			AfterProcessingInitializeOnLoad (1ms)
			EditorAssembliesLoaded (0ms)
		ExecutionOrderSort2 (0ms)
		AwakeInstancesAfterBackupRestoration (1ms)
Refreshing native plugins compatible for Editor in 1.23 ms, found 2 plugins.
Preloading 1 native plugins for Editor in 1.26 ms.
Unloading 43 Unused Serialized files (Serialized files now loaded: 0)
Unloading 5193 unused Assets / (13.7 MB). Loaded Objects now: 6479.
Memory consumption went from 146.9 MB to 133.3 MB.
Total: 8.120542 ms (FindLiveObjects: 0.212416 ms CreateObjectMapping: 0.083459 ms MarkObjects: 6.586833 ms  DeleteObjects: 1.237459 ms)

Prepare: number of updated asset objects reloaded= 0
========================================================================
Received Prepare
Refreshing native plugins compatible for Editor in 1.02 ms, found 2 plugins.
Preloading 1 native plugins for Editor in 1.18 ms.
Unloading 43 Unused Serialized files (Serialized files now loaded: 0)
Unloading 5148 unused Assets / (13.4 MB). Loaded Objects now: 6479.
Memory consumption went from 133.3 MB to 119.9 MB.
Total: 7.815125 ms (FindLiveObjects: 0.206541 ms CreateObjectMapping: 0.077167 ms MarkObjects: 6.335333 ms  DeleteObjects: 1.195875 ms)

Prepare: number of updated asset objects reloaded= 0
========================================================================
Received Prepare
Begin MonoManager ReloadAssembly
Thread 0x16b247000 may have been prematurely finalized
Symbol file LoadedFromMemory is not a mono symbol file
Symbol file LoadedFromMemory is not a mono symbol file
- Loaded All Assemblies, in  0.326 seconds
Refreshing native plugins compatible for Editor in 1.54 ms, found 2 plugins.
Native extension for OSXStandalone target not found
Native extension for WebGL target not found
Refreshing native plugins compatible for Editor in 1.39 ms, found 2 plugins.
[Package Manager] Failed to launch server process. Reason: Unity was launched with the -noUpm command-line argument
[Package Manager] Unable to send message (not connected to server process).
[Package Manager] Cannot connect to Unity Package Manager local server
ScheduleIndexationOnStartup MainProcess:False IndexOnStartup:True
Mono: successfully reloaded assembly
- Finished resetting the current domain, in  0.518 seconds
Domain Reload Profiling: 845ms
	BeginReloadAssembly (74ms)
		ExecutionOrderSort (0ms)
		DisableScriptedObjects (3ms)
		BackupInstance (0ms)
		ReleaseScriptingObjects (0ms)
		CreateAndSetChildDomain (23ms)
	RebuildCommonClasses (16ms)
	RebuildNativeTypeToScriptingClass (6ms)
	initialDomainReloadingComplete (17ms)
	LoadAllAssembliesAndSetupDomain (214ms)
		LoadAssemblies (171ms)
		RebuildTransferFunctionScriptingTraits (0ms)
		AnalyzeDomain (66ms)
			TypeCache.Refresh (5ms)
				TypeCache.ScanAssembly (0ms)
			BuildScriptInfoCaches (58ms)
			ResolveRequiredComponents (1ms)
	FinalizeReload (518ms)
		ReleaseScriptCaches (0ms)
		RebuildScriptCaches (0ms)
		SetupLoadedEditorAssemblies (450ms)
			LogAssemblyErrors (0ms)
			InitializePlatformSupportModulesInManaged (1ms)
			SetLoadedEditorAssemblies (2ms)
			BeforeProcessingInitializeOnLoad (139ms)
			ProcessInitializeOnLoadAttributes (199ms)
			ProcessInitializeOnLoadMethodAttributes (109ms)
			AfterProcessingInitializeOnLoad (0ms)
			EditorAssembliesLoaded (0ms)
		ExecutionOrderSort2 (0ms)
		AwakeInstancesAfterBackupRestoration (1ms)
Refreshing native plugins compatible for Editor in 0.99 ms, found 2 plugins.
Preloading 1 native plugins for Editor in 1.21 ms.
Unloading 43 Unused Serialized files (Serialized files now loaded: 0)
Unloading 5193 unused Assets / (13.8 MB). Loaded Objects now: 6483.
Memory consumption went from 147.0 MB to 133.1 MB.
Total: 7.790708 ms (FindLiveObjects: 0.185250 ms CreateObjectMapping: 0.100708 ms MarkObjects: 6.356708 ms  DeleteObjects: 1.147833 ms)

Prepare: number of updated asset objects reloaded= 0
========================================================================
Received Prepare
Refreshing native plugins compatible for Editor in 1.55 ms, found 2 plugins.
Preloading 1 native plugins for Editor in 1.20 ms.
Unloading 43 Unused Serialized files (Serialized files now loaded: 0)
Unloading 5148 unused Assets / (13.7 MB). Loaded Objects now: 6483.
Memory consumption went from 133.3 MB to 119.6 MB.
Total: 7.782834 ms (FindLiveObjects: 0.213167 ms CreateObjectMapping: 0.082958 ms MarkObjects: 6.265167 ms  DeleteObjects: 1.221167 ms)

Prepare: number of updated asset objects reloaded= 0
========================================================================
Received Prepare
Begin MonoManager ReloadAssembly
Thread 0x16b247000 may have been prematurely finalized
Symbol file LoadedFromMemory is not a mono symbol file
Symbol file LoadedFromMemory is not a mono symbol file
- Loaded All Assemblies, in  0.323 seconds
Refreshing native plugins compatible for Editor in 1.30 ms, found 2 plugins.
Native extension for OSXStandalone target not found
Native extension for WebGL target not found
Refreshing native plugins compatible for Editor in 1.09 ms, found 2 plugins.
[Package Manager] Failed to launch server process. Reason: Unity was launched with the -noUpm command-line argument
[Package Manager] Unable to send message (not connected to server process).
[Package Manager] Cannot connect to Unity Package Manager local server
ScheduleIndexationOnStartup MainProcess:False IndexOnStartup:True
Mono: successfully reloaded assembly
- Finished resetting the current domain, in  0.513 seconds
Domain Reload Profiling: 838ms
	BeginReloadAssembly (73ms)
		ExecutionOrderSort (0ms)
		DisableScriptedObjects (3ms)
		BackupInstance (0ms)
		ReleaseScriptingObjects (0ms)
		CreateAndSetChildDomain (22ms)
	RebuildCommonClasses (16ms)
	RebuildNativeTypeToScriptingClass (6ms)
	initialDomainReloadingComplete (17ms)
	LoadAllAssembliesAndSetupDomain (213ms)
		LoadAssemblies (170ms)
		RebuildTransferFunctionScriptingTraits (0ms)
		AnalyzeDomain (64ms)
			TypeCache.Refresh (5ms)
				TypeCache.ScanAssembly (0ms)
			BuildScriptInfoCaches (56ms)
			ResolveRequiredComponents (1ms)
	FinalizeReload (513ms)
		ReleaseScriptCaches (0ms)
		RebuildScriptCaches (0ms)
		SetupLoadedEditorAssemblies (437ms)
			LogAssemblyErrors (0ms)
			InitializePlatformSupportModulesInManaged (1ms)
			SetLoadedEditorAssemblies (2ms)
			BeforeProcessingInitializeOnLoad (120ms)
			ProcessInitializeOnLoadAttributes (205ms)
			ProcessInitializeOnLoadMethodAttributes (108ms)
			AfterProcessingInitializeOnLoad (1ms)
			EditorAssembliesLoaded (0ms)
		ExecutionOrderSort2 (0ms)
		AwakeInstancesAfterBackupRestoration (1ms)
Refreshing native plugins compatible for Editor in 1.54 ms, found 2 plugins.
Preloading 1 native plugins for Editor in 1.25 ms.
Unloading 43 Unused Serialized files (Serialized files now loaded: 0)
Unloading 5193 unused Assets / (13.4 MB). Loaded Objects now: 6487.
Memory consumption went from 147.0 MB to 133.5 MB.
Total: 7.910333 ms (FindLiveObjects: 0.206541 ms CreateObjectMapping: 0.087084 ms MarkObjects: 6.443583 ms  DeleteObjects: 1.172833 ms)

Prepare: number of updated asset objects reloaded= 0
========================================================================
Received Prepare
Refreshing native plugins compatible for Editor in 1.57 ms, found 2 plugins.
Preloading 1 native plugins for Editor in 1.24 ms.
Unloading 43 Unused Serialized files (Serialized files now loaded: 0)
Unloading 5148 unused Assets / (13.7 MB). Loaded Objects now: 6487.
Memory consumption went from 133.3 MB to 119.6 MB.
Total: 7.568000 ms (FindLiveObjects: 0.209459 ms CreateObjectMapping: 0.081375 ms MarkObjects: 6.058041 ms  DeleteObjects: 1.218958 ms)

Prepare: number of updated asset objects reloaded= 0
========================================================================
Received Prepare
Begin MonoManager ReloadAssembly
Thread 0x16b247000 may have been prematurely finalized
Symbol file LoadedFromMemory is not a mono symbol file
Symbol file LoadedFromMemory is not a mono symbol file
- Loaded All Assemblies, in  0.326 seconds
Refreshing native plugins compatible for Editor in 1.61 ms, found 2 plugins.
Native extension for OSXStandalone target not found
Native extension for WebGL target not found
Refreshing native plugins compatible for Editor in 1.23 ms, found 2 plugins.
[Package Manager] Failed to launch server process. Reason: Unity was launched with the -noUpm command-line argument
[Package Manager] Unable to send message (not connected to server process).
[Package Manager] Cannot connect to Unity Package Manager local server
ScheduleIndexationOnStartup MainProcess:False IndexOnStartup:True
Mono: successfully reloaded assembly
- Finished resetting the current domain, in  0.512 seconds
Domain Reload Profiling: 840ms
	BeginReloadAssembly (76ms)
		ExecutionOrderSort (0ms)
		DisableScriptedObjects (3ms)
		BackupInstance (0ms)
		ReleaseScriptingObjects (0ms)
		CreateAndSetChildDomain (24ms)
	RebuildCommonClasses (15ms)
	RebuildNativeTypeToScriptingClass (6ms)
	initialDomainReloadingComplete (18ms)
	LoadAllAssembliesAndSetupDomain (212ms)
		LoadAssemblies (168ms)
		RebuildTransferFunctionScriptingTraits (0ms)
		AnalyzeDomain (67ms)
			TypeCache.Refresh (6ms)
				TypeCache.ScanAssembly (0ms)
			BuildScriptInfoCaches (57ms)
			ResolveRequiredComponents (1ms)
	FinalizeReload (512ms)
		ReleaseScriptCaches (0ms)
		RebuildScriptCaches (0ms)
		SetupLoadedEditorAssemblies (442ms)
			LogAssemblyErrors (0ms)
			InitializePlatformSupportModulesInManaged (1ms)
			SetLoadedEditorAssemblies (2ms)
			BeforeProcessingInitializeOnLoad (126ms)
			ProcessInitializeOnLoadAttributes (205ms)
			ProcessInitializeOnLoadMethodAttributes (109ms)
			AfterProcessingInitializeOnLoad (1ms)
			EditorAssembliesLoaded (0ms)
		ExecutionOrderSort2 (0ms)
		AwakeInstancesAfterBackupRestoration (1ms)
Refreshing native plugins compatible for Editor in 1.44 ms, found 2 plugins.
Preloading 1 native plugins for Editor in 1.20 ms.
Unloading 43 Unused Serialized files (Serialized files now loaded: 0)
Unloading 5193 unused Assets / (14.0 MB). Loaded Objects now: 6491.
Memory consumption went from 147.0 MB to 133.0 MB.
Total: 7.770000 ms (FindLiveObjects: 0.228083 ms CreateObjectMapping: 0.082042 ms MarkObjects: 6.118459 ms  DeleteObjects: 1.341250 ms)

Prepare: number of updated asset objects reloaded= 0
========================================================================
Received Prepare
Refreshing native plugins compatible for Editor in 1.59 ms, found 2 plugins.
Preloading 1 native plugins for Editor in 1.17 ms.
Unloading 43 Unused Serialized files (Serialized files now loaded: 0)
Unloading 5148 unused Assets / (13.5 MB). Loaded Objects now: 6491.
Memory consumption went from 133.3 MB to 119.8 MB.
Total: 10.855541 ms (FindLiveObjects: 0.275000 ms CreateObjectMapping: 0.084625 ms MarkObjects: 9.354709 ms  DeleteObjects: 1.141041 ms)

Prepare: number of updated asset objects reloaded= 0
========================================================================
Received Prepare
Begin MonoManager ReloadAssembly
[Licensing::Client] Successfully resolved entitlement details
[Licensing::Module] License group:
  Id: F4-85AS-8ZW6-XMRF-425Z-XXXX
  Product: Unity Personal
  Type: ULF
  Expiration: Unlimited
[Licensing::Module] License group:
  Id: 6872810951280-UnityPersXXXX
  Product: Unity Personal
  Type: Assigned
  Expiration: Unlimited
Thread 0x16b247000 may have been prematurely finalized
Symbol file LoadedFromMemory is not a mono symbol file
Symbol file LoadedFromMemory is not a mono symbol file
- Loaded All Assemblies, in  0.377 seconds
Refreshing native plugins compatible for Editor in 1.26 ms, found 2 plugins.
Native extension for OSXStandalone target not found
Native extension for WebGL target not found
Refreshing native plugins compatible for Editor in 1.38 ms, found 2 plugins.
[Package Manager] Failed to launch server process. Reason: Unity was launched with the -noUpm command-line argument
[Package Manager] Unable to send message (not connected to server process).
[Package Manager] Cannot connect to Unity Package Manager local server
ScheduleIndexationOnStartup MainProcess:False IndexOnStartup:True
Mono: successfully reloaded assembly
- Finished resetting the current domain, in  0.509 seconds
Domain Reload Profiling: 887ms
	BeginReloadAssembly (85ms)
		ExecutionOrderSort (0ms)
		DisableScriptedObjects (3ms)
		BackupInstance (0ms)
		ReleaseScriptingObjects (0ms)
		CreateAndSetChildDomain (27ms)
	RebuildCommonClasses (15ms)
	RebuildNativeTypeToScriptingClass (6ms)
	initialDomainReloadingComplete (18ms)
	LoadAllAssembliesAndSetupDomain (254ms)
		LoadAssemblies (214ms)
		RebuildTransferFunctionScriptingTraits (0ms)
		AnalyzeDomain (67ms)
			TypeCache.Refresh (6ms)
				TypeCache.ScanAssembly (0ms)
			BuildScriptInfoCaches (58ms)
			ResolveRequiredComponents (1ms)
	FinalizeReload (509ms)
		ReleaseScriptCaches (0ms)
		RebuildScriptCaches (0ms)
		SetupLoadedEditorAssemblies (441ms)
			LogAssemblyErrors (0ms)
			InitializePlatformSupportModulesInManaged (1ms)
			SetLoadedEditorAssemblies (2ms)
			BeforeProcessingInitializeOnLoad (124ms)
			ProcessInitializeOnLoadAttributes (206ms)
			ProcessInitializeOnLoadMethodAttributes (108ms)
			AfterProcessingInitializeOnLoad (1ms)
			EditorAssembliesLoaded (0ms)
		ExecutionOrderSort2 (0ms)
		AwakeInstancesAfterBackupRestoration (1ms)
Refreshing native plugins compatible for Editor in 1.43 ms, found 2 plugins.
Preloading 1 native plugins for Editor in 1.17 ms.
Unloading 43 Unused Serialized files (Serialized files now loaded: 0)
Unloading 5193 unused Assets / (14.0 MB). Loaded Objects now: 6495.
Memory consumption went from 147.0 MB to 132.9 MB.
Total: 7.805792 ms (FindLiveObjects: 0.216250 ms CreateObjectMapping: 0.076000 ms MarkObjects: 6.161292 ms  DeleteObjects: 1.352125 ms)

Prepare: number of updated asset objects reloaded= 0
========================================================================
Received Prepare
Refreshing native plugins compatible for Editor in 1.24 ms, found 2 plugins.
Preloading 1 native plugins for Editor in 1.16 ms.
Unloading 43 Unused Serialized files (Serialized files now loaded: 0)
Unloading 5148 unused Assets / (14.0 MB). Loaded Objects now: 6495.
Memory consumption went from 133.4 MB to 119.3 MB.
Total: 7.764625 ms (FindLiveObjects: 0.211417 ms CreateObjectMapping: 0.079416 ms MarkObjects: 6.188500 ms  DeleteObjects: 1.285084 ms)

Prepare: number of updated asset objects reloaded= 0
========================================================================
Received Prepare
Refreshing native plugins compatible for Editor in 1.51 ms, found 2 plugins.
Preloading 1 native plugins for Editor in 1.16 ms.
Unloading 43 Unused Serialized files (Serialized files now loaded: 0)
Unloading 5148 unused Assets / (14.2 MB). Loaded Objects now: 6495.
Memory consumption went from 133.4 MB to 119.2 MB.
Total: 7.992333 ms (FindLiveObjects: 0.211834 ms CreateObjectMapping: 0.076750 ms MarkObjects: 6.404500 ms  DeleteObjects: 1.298917 ms)

Prepare: number of updated asset objects reloaded= 0
========================================================================
Received Prepare
Refreshing native plugins compatible for Editor in 1.54 ms, found 2 plugins.
Preloading 1 native plugins for Editor in 1.18 ms.
Unloading 43 Unused Serialized files (Serialized files now loaded: 0)
Unloading 5148 unused Assets / (13.8 MB). Loaded Objects now: 6495.
Memory consumption went from 133.4 MB to 119.6 MB.
Total: 7.566916 ms (FindLiveObjects: 0.208958 ms CreateObjectMapping: 0.083875 ms MarkObjects: 6.048458 ms  DeleteObjects: 1.225417 ms)

Prepare: number of updated asset objects reloaded= 0
========================================================================
Received Prepare
Begin MonoManager ReloadAssembly
Thread 0x16b247000 may have been prematurely finalized
Symbol file LoadedFromMemory is not a mono symbol file
Symbol file LoadedFromMemory is not a mono symbol file
- Loaded All Assemblies, in  0.358 seconds
Refreshing native plugins compatible for Editor in 1.23 ms, found 2 plugins.
Native extension for OSXStandalone target not found
Native extension for WebGL target not found
Refreshing native plugins compatible for Editor in 1.52 ms, found 2 plugins.
[Package Manager] Failed to launch server process. Reason: Unity was launched with the -noUpm command-line argument
[Package Manager] Unable to send message (not connected to server process).
[Package Manager] Cannot connect to Unity Package Manager local server
ScheduleIndexationOnStartup MainProcess:False IndexOnStartup:True
Mono: successfully reloaded assembly
- Finished resetting the current domain, in  0.503 seconds
Domain Reload Profiling: 862ms
	BeginReloadAssembly (74ms)
		ExecutionOrderSort (0ms)
		DisableScriptedObjects (3ms)
		BackupInstance (0ms)
		ReleaseScriptingObjects (0ms)
		CreateAndSetChildDomain (23ms)
	RebuildCommonClasses (16ms)
	RebuildNativeTypeToScriptingClass (6ms)
	initialDomainReloadingComplete (19ms)
	LoadAllAssembliesAndSetupDomain (244ms)
		LoadAssemblies (198ms)
		RebuildTransferFunctionScriptingTraits (0ms)
		AnalyzeDomain (68ms)
			TypeCache.Refresh (6ms)
				TypeCache.ScanAssembly (0ms)
			BuildScriptInfoCaches (58ms)
			ResolveRequiredComponents (1ms)
	FinalizeReload (503ms)
		ReleaseScriptCaches (0ms)
		RebuildScriptCaches (0ms)
		SetupLoadedEditorAssemblies (436ms)
			LogAssemblyErrors (0ms)
			InitializePlatformSupportModulesInManaged (1ms)
			SetLoadedEditorAssemblies (2ms)
			BeforeProcessingInitializeOnLoad (121ms)
			ProcessInitializeOnLoadAttributes (203ms)
			ProcessInitializeOnLoadMethodAttributes (108ms)
			AfterProcessingInitializeOnLoad (1ms)
			EditorAssembliesLoaded (0ms)
		ExecutionOrderSort2 (0ms)
		AwakeInstancesAfterBackupRestoration (1ms)
Refreshing native plugins compatible for Editor in 1.67 ms, found 2 plugins.
Preloading 1 native plugins for Editor in 1.21 ms.
Unloading 43 Unused Serialized files (Serialized files now loaded: 0)
Unloading 5193 unused Assets / (14.3 MB). Loaded Objects now: 6499.
Memory consumption went from 147.0 MB to 132.7 MB.
Total: 7.674583 ms (FindLiveObjects: 0.214333 ms CreateObjectMapping: 0.072250 ms MarkObjects: 6.071583 ms  DeleteObjects: 1.316208 ms)

Prepare: number of updated asset objects reloaded= 0
========================================================================
Received Prepare
Refreshing native plugins compatible for Editor in 1.41 ms, found 2 plugins.
Preloading 1 native plugins for Editor in 1.17 ms.
Unloading 43 Unused Serialized files (Serialized files now loaded: 0)
Unloading 5148 unused Assets / (14.1 MB). Loaded Objects now: 6499.
Memory consumption went from 133.4 MB to 119.3 MB.
Total: 7.702125 ms (FindLiveObjects: 0.211666 ms CreateObjectMapping: 0.082542 ms MarkObjects: 6.065250 ms  DeleteObjects: 1.342458 ms)

Prepare: number of updated asset objects reloaded= 0
========================================================================
Received Prepare
Refreshing native plugins compatible for Editor in 1.52 ms, found 2 plugins.
Preloading 1 native plugins for Editor in 1.22 ms.
Unloading 43 Unused Serialized files (Serialized files now loaded: 0)
Unloading 5148 unused Assets / (13.7 MB). Loaded Objects now: 6499.
Memory consumption went from 133.4 MB to 119.7 MB.
Total: 7.930917 ms (FindLiveObjects: 0.210333 ms CreateObjectMapping: 0.074125 ms MarkObjects: 6.169458 ms  DeleteObjects: 1.476875 ms)

Prepare: number of updated asset objects reloaded= 0
========================================================================
Received Prepare
Refreshing native plugins compatible for Editor in 1.49 ms, found 2 plugins.
Preloading 1 native plugins for Editor in 1.18 ms.
Unloading 43 Unused Serialized files (Serialized files now loaded: 0)
Unloading 5148 unused Assets / (13.8 MB). Loaded Objects now: 6499.
Memory consumption went from 133.4 MB to 119.6 MB.
Total: 7.609042 ms (FindLiveObjects: 0.210375 ms CreateObjectMapping: 0.079000 ms MarkObjects: 6.046750 ms  DeleteObjects: 1.272750 ms)

Prepare: number of updated asset objects reloaded= 0
========================================================================
Received Prepare
Refreshing native plugins compatible for Editor in 1.48 ms, found 2 plugins.
Preloading 1 native plugins for Editor in 1.18 ms.
Unloading 43 Unused Serialized files (Serialized files now loaded: 0)
Unloading 5148 unused Assets / (13.8 MB). Loaded Objects now: 6499.
Memory consumption went from 133.4 MB to 119.6 MB.
Total: 7.531625 ms (FindLiveObjects: 0.209208 ms CreateObjectMapping: 0.082125 ms MarkObjects: 6.023667 ms  DeleteObjects: 1.216417 ms)

Prepare: number of updated asset objects reloaded= 0
========================================================================
Received Prepare
Refreshing native plugins compatible for Editor in 1.47 ms, found 2 plugins.
Preloading 1 native plugins for Editor in 1.19 ms.
Unloading 43 Unused Serialized files (Serialized files now loaded: 0)
Unloading 5148 unused Assets / (13.7 MB). Loaded Objects now: 6499.
Memory consumption went from 133.4 MB to 119.7 MB.
Total: 7.490792 ms (FindLiveObjects: 0.207375 ms CreateObjectMapping: 0.083958 ms MarkObjects: 5.999000 ms  DeleteObjects: 1.199959 ms)

Prepare: number of updated asset objects reloaded= 0
========================================================================
Received Prepare
Refreshing native plugins compatible for Editor in 1.52 ms, found 2 plugins.
Preloading 1 native plugins for Editor in 1.19 ms.
Unloading 43 Unused Serialized files (Serialized files now loaded: 0)
Unloading 5148 unused Assets / (13.5 MB). Loaded Objects now: 6499.
Memory consumption went from 133.4 MB to 119.9 MB.
Total: 7.759333 ms (FindLiveObjects: 0.213417 ms CreateObjectMapping: 0.081833 ms MarkObjects: 6.279875 ms  DeleteObjects: 1.183833 ms)

Prepare: number of updated asset objects reloaded= 0
========================================================================
Received Prepare
Begin MonoManager ReloadAssembly
[Licensing::Client] Successfully resolved entitlement details
[Licensing::Module] License group:
  Id: F4-85AS-8ZW6-XMRF-425Z-XXXX
  Product: Unity Personal
  Type: ULF
  Expiration: Unlimited
[Licensing::Module] License group:
  Id: 6872810951280-UnityPersXXXX
  Product: Unity Personal
  Type: Assigned
  Expiration: Unlimited
Thread 0x16b247000 may have been prematurely finalized
Symbol file LoadedFromMemory is not a mono symbol file
Symbol file LoadedFromMemory is not a mono symbol file
- Loaded All Assemblies, in  0.385 seconds
Refreshing native plugins compatible for Editor in 1.24 ms, found 2 plugins.
Native extension for OSXStandalone target not found
Native extension for WebGL target not found
Refreshing native plugins compatible for Editor in 1.19 ms, found 2 plugins.
[Package Manager] Failed to launch server process. Reason: Unity was launched with the -noUpm command-line argument
[Package Manager] Unable to send message (not connected to server process).
[Package Manager] Cannot connect to Unity Package Manager local server
ScheduleIndexationOnStartup MainProcess:False IndexOnStartup:True
Mono: successfully reloaded assembly
- Finished resetting the current domain, in  0.506 seconds
Domain Reload Profiling: 893ms
	BeginReloadAssembly (86ms)
		ExecutionOrderSort (0ms)
		DisableScriptedObjects (3ms)
		BackupInstance (0ms)
		ReleaseScriptingObjects (0ms)
		CreateAndSetChildDomain (23ms)
	RebuildCommonClasses (17ms)
	RebuildNativeTypeToScriptingClass (8ms)
	initialDomainReloadingComplete (20ms)
	LoadAllAssembliesAndSetupDomain (256ms)
		LoadAssemblies (221ms)
		RebuildTransferFunctionScriptingTraits (0ms)
		AnalyzeDomain (68ms)
			TypeCache.Refresh (7ms)
				TypeCache.ScanAssembly (0ms)
			BuildScriptInfoCaches (58ms)
			ResolveRequiredComponents (1ms)
	FinalizeReload (507ms)
		ReleaseScriptCaches (0ms)
		RebuildScriptCaches (0ms)
		SetupLoadedEditorAssemblies (437ms)
			LogAssemblyErrors (0ms)
			InitializePlatformSupportModulesInManaged (1ms)
			SetLoadedEditorAssemblies (2ms)
			BeforeProcessingInitializeOnLoad (121ms)
			ProcessInitializeOnLoadAttributes (204ms)
			ProcessInitializeOnLoadMethodAttributes (108ms)
			AfterProcessingInitializeOnLoad (1ms)
			EditorAssembliesLoaded (0ms)
		ExecutionOrderSort2 (0ms)
		AwakeInstancesAfterBackupRestoration (1ms)
Refreshing native plugins compatible for Editor in 1.56 ms, found 2 plugins.
Preloading 1 native plugins for Editor in 1.17 ms.
Unloading 43 Unused Serialized files (Serialized files now loaded: 0)
Unloading 5193 unused Assets / (12.9 MB). Loaded Objects now: 6503.
Memory consumption went from 147.0 MB to 134.1 MB.
Total: 8.012459 ms (FindLiveObjects: 0.222125 ms CreateObjectMapping: 0.085500 ms MarkObjects: 6.446583 ms  DeleteObjects: 1.258084 ms)

Prepare: number of updated asset objects reloaded= 0
========================================================================
Received Prepare
Refreshing native plugins compatible for Editor in 1.12 ms, found 2 plugins.
Preloading 1 native plugins for Editor in 1.12 ms.
Unloading 43 Unused Serialized files (Serialized files now loaded: 0)
Unloading 5148 unused Assets / (13.9 MB). Loaded Objects now: 6503.
Memory consumption went from 133.4 MB to 119.5 MB.
Total: 7.676250 ms (FindLiveObjects: 0.207125 ms CreateObjectMapping: 0.078875 ms MarkObjects: 6.148250 ms  DeleteObjects: 1.241791 ms)

Prepare: number of updated asset objects reloaded= 0
========================================================================
Received Prepare
Refreshing native plugins compatible for Editor in 1.40 ms, found 2 plugins.
Preloading 1 native plugins for Editor in 1.21 ms.
Unloading 43 Unused Serialized files (Serialized files now loaded: 0)
Unloading 5148 unused Assets / (13.7 MB). Loaded Objects now: 6503.
Memory consumption went from 133.4 MB to 119.7 MB.
Total: 7.554458 ms (FindLiveObjects: 0.209250 ms CreateObjectMapping: 0.082834 ms MarkObjects: 6.067916 ms  DeleteObjects: 1.194291 ms)

Prepare: number of updated asset objects reloaded= 0
========================================================================
Received Prepare
Begin MonoManager ReloadAssembly
Thread 0x16b247000 may have been prematurely finalized
Symbol file LoadedFromMemory is not a mono symbol file
Symbol file LoadedFromMemory is not a mono symbol file
- Loaded All Assemblies, in  0.329 seconds
Refreshing native plugins compatible for Editor in 1.21 ms, found 2 plugins.
Native extension for OSXStandalone target not found
Native extension for WebGL target not found
Refreshing native plugins compatible for Editor in 1.39 ms, found 2 plugins.
[Package Manager] Failed to launch server process. Reason: Unity was launched with the -noUpm command-line argument
[Package Manager] Unable to send message (not connected to server process).
[Package Manager] Cannot connect to Unity Package Manager local server
ScheduleIndexationOnStartup MainProcess:False IndexOnStartup:True
Mono: successfully reloaded assembly
- Finished resetting the current domain, in  0.518 seconds
Domain Reload Profiling: 848ms
	BeginReloadAssembly (73ms)
		ExecutionOrderSort (0ms)
		DisableScriptedObjects (3ms)
		BackupInstance (0ms)
		ReleaseScriptingObjects (0ms)
		CreateAndSetChildDomain (22ms)
	RebuildCommonClasses (15ms)
	RebuildNativeTypeToScriptingClass (6ms)
	initialDomainReloadingComplete (18ms)
	LoadAllAssembliesAndSetupDomain (217ms)
		LoadAssemblies (177ms)
		RebuildTransferFunctionScriptingTraits (0ms)
		AnalyzeDomain (63ms)
			TypeCache.Refresh (5ms)
				TypeCache.ScanAssembly (0ms)
			BuildScriptInfoCaches (56ms)
			ResolveRequiredComponents (1ms)
	FinalizeReload (519ms)
		ReleaseScriptCaches (0ms)
		RebuildScriptCaches (0ms)
		SetupLoadedEditorAssemblies (449ms)
			LogAssemblyErrors (0ms)
			InitializePlatformSupportModulesInManaged (1ms)
			SetLoadedEditorAssemblies (2ms)
			BeforeProcessingInitializeOnLoad (126ms)
			ProcessInitializeOnLoadAttributes (212ms)
			ProcessInitializeOnLoadMethodAttributes (108ms)
			AfterProcessingInitializeOnLoad (1ms)
			EditorAssembliesLoaded (0ms)
		ExecutionOrderSort2 (0ms)
		AwakeInstancesAfterBackupRestoration (1ms)
Refreshing native plugins compatible for Editor in 1.35 ms, found 2 plugins.
Preloading 1 native plugins for Editor in 1.17 ms.
Unloading 43 Unused Serialized files (Serialized files now loaded: 0)
Unloading 5193 unused Assets / (14.0 MB). Loaded Objects now: 6507.
Memory consumption went from 147.0 MB to 133.1 MB.
Total: 7.877333 ms (FindLiveObjects: 0.225917 ms CreateObjectMapping: 0.115083 ms MarkObjects: 6.202250 ms  DeleteObjects: 1.333916 ms)

Prepare: number of updated asset objects reloaded= 0
========================================================================
Received Prepare
Refreshing native plugins compatible for Editor in 1.37 ms, found 2 plugins.
Preloading 1 native plugins for Editor in 1.18 ms.
Unloading 43 Unused Serialized files (Serialized files now loaded: 0)
Unloading 5148 unused Assets / (13.7 MB). Loaded Objects now: 6507.
Memory consumption went from 133.4 MB to 119.7 MB.
Total: 7.882041 ms (FindLiveObjects: 0.223250 ms CreateObjectMapping: 0.080125 ms MarkObjects: 6.400292 ms  DeleteObjects: 1.178167 ms)

Prepare: number of updated asset objects reloaded= 0
========================================================================
Received Prepare
Refreshing native plugins compatible for Editor in 1.59 ms, found 2 plugins.
Preloading 1 native plugins for Editor in 1.16 ms.
Unloading 43 Unused Serialized files (Serialized files now loaded: 0)
Unloading 5148 unused Assets / (13.3 MB). Loaded Objects now: 6507.
Memory consumption went from 133.4 MB to 120.1 MB.
Total: 7.818959 ms (FindLiveObjects: 0.212625 ms CreateObjectMapping: 0.079334 ms MarkObjects: 6.353916 ms  DeleteObjects: 1.172625 ms)

Prepare: number of updated asset objects reloaded= 0
========================================================================
Received Prepare
Refreshing native plugins compatible for Editor in 1.20 ms, found 2 plugins.
Preloading 1 native plugins for Editor in 1.22 ms.
Unloading 43 Unused Serialized files (Serialized files now loaded: 0)
Unloading 5148 unused Assets / (12.6 MB). Loaded Objects now: 6507.
Memory consumption went from 133.4 MB to 120.8 MB.
Total: 8.182416 ms (FindLiveObjects: 0.198375 ms CreateObjectMapping: 0.074167 ms MarkObjects: 6.686333 ms  DeleteObjects: 1.223167 ms)

Prepare: number of updated asset objects reloaded= 0
========================================================================
Received Prepare
Begin MonoManager ReloadAssembly
[Licensing::Client] Successfully resolved entitlement details
[Licensing::Module] License group:
  Id: F4-85AS-8ZW6-XMRF-425Z-XXXX
  Product: Unity Personal
  Type: ULF
  Expiration: Unlimited
[Licensing::Module] License group:
  Id: 6872810951280-UnityPersXXXX
  Product: Unity Personal
  Type: Assigned
  Expiration: Unlimited
Thread 0x16b247000 may have been prematurely finalized
Symbol file LoadedFromMemory is not a mono symbol file
Symbol file LoadedFromMemory is not a mono symbol file
- Loaded All Assemblies, in  0.345 seconds
Refreshing native plugins compatible for Editor in 1.45 ms, found 2 plugins.
Native extension for OSXStandalone target not found
Native extension for WebGL target not found
Refreshing native plugins compatible for Editor in 1.43 ms, found 2 plugins.
[Package Manager] Failed to launch server process. Reason: Unity was launched with the -noUpm command-line argument
[Package Manager] Unable to send message (not connected to server process).
[Package Manager] Cannot connect to Unity Package Manager local server
ScheduleIndexationOnStartup MainProcess:False IndexOnStartup:True
Mono: successfully reloaded assembly
- Finished resetting the current domain, in  0.512 seconds
Domain Reload Profiling: 859ms
	BeginReloadAssembly (75ms)
		ExecutionOrderSort (0ms)
		DisableScriptedObjects (3ms)
		BackupInstance (0ms)
		ReleaseScriptingObjects (0ms)
		CreateAndSetChildDomain (22ms)
	RebuildCommonClasses (16ms)
	RebuildNativeTypeToScriptingClass (6ms)
	initialDomainReloadingComplete (19ms)
	LoadAllAssembliesAndSetupDomain (231ms)
		LoadAssemblies (188ms)
		RebuildTransferFunctionScriptingTraits (0ms)
		AnalyzeDomain (66ms)
			TypeCache.Refresh (7ms)
				TypeCache.ScanAssembly (0ms)
			BuildScriptInfoCaches (56ms)
			ResolveRequiredComponents (1ms)
	FinalizeReload (513ms)
		ReleaseScriptCaches (0ms)
		RebuildScriptCaches (0ms)
		SetupLoadedEditorAssemblies (442ms)
			LogAssemblyErrors (0ms)
			InitializePlatformSupportModulesInManaged (1ms)
			SetLoadedEditorAssemblies (2ms)
			BeforeProcessingInitializeOnLoad (124ms)
			ProcessInitializeOnLoadAttributes (202ms)
			ProcessInitializeOnLoadMethodAttributes (112ms)
			AfterProcessingInitializeOnLoad (1ms)
			EditorAssembliesLoaded (0ms)
		ExecutionOrderSort2 (0ms)
		AwakeInstancesAfterBackupRestoration (2ms)
Refreshing native plugins compatible for Editor in 1.50 ms, found 2 plugins.
Preloading 1 native plugins for Editor in 1.32 ms.
Unloading 43 Unused Serialized files (Serialized files now loaded: 0)
Unloading 5193 unused Assets / (12.7 MB). Loaded Objects now: 6511.
Memory consumption went from 147.0 MB to 134.3 MB.
Total: 8.462375 ms (FindLiveObjects: 0.216416 ms CreateObjectMapping: 0.079625 ms MarkObjects: 6.829458 ms  DeleteObjects: 1.336708 ms)

Prepare: number of updated asset objects reloaded= 0
========================================================================
Received Prepare
Refreshing native plugins compatible for Editor in 1.50 ms, found 2 plugins.
Preloading 1 native plugins for Editor in 1.25 ms.
Unloading 43 Unused Serialized files (Serialized files now loaded: 0)
Unloading 5148 unused Assets / (13.6 MB). Loaded Objects now: 6511.
Memory consumption went from 133.4 MB to 119.8 MB.
Total: 9.311375 ms (FindLiveObjects: 0.223917 ms CreateObjectMapping: 0.083875 ms MarkObjects: 7.854542 ms  DeleteObjects: 1.148583 ms)

Prepare: number of updated asset objects reloaded= 0
========================================================================
Received Prepare
Refreshing native plugins compatible for Editor in 1.29 ms, found 2 plugins.
Preloading 1 native plugins for Editor in 1.19 ms.
Unloading 43 Unused Serialized files (Serialized files now loaded: 0)
Unloading 5148 unused Assets / (14.1 MB). Loaded Objects now: 6511.
Memory consumption went from 133.4 MB to 119.3 MB.
Total: 7.732833 ms (FindLiveObjects: 0.213583 ms CreateObjectMapping: 0.080333 ms MarkObjects: 6.104250 ms  DeleteObjects: 1.334542 ms)

Prepare: number of updated asset objects reloaded= 0
========================================================================
Received Prepare
Begin MonoManager ReloadAssembly
[Licensing::Client] Successfully resolved entitlement details
[Licensing::Module] License group:
  Id: F4-85AS-8ZW6-XMRF-425Z-XXXX
  Product: Unity Personal
  Type: ULF
  Expiration: Unlimited
[Licensing::Module] License group:
  Id: 6872810951280-UnityPersXXXX
  Product: Unity Personal
  Type: Assigned
  Expiration: Unlimited
Thread 0x16b247000 may have been prematurely finalized
Symbol file LoadedFromMemory is not a mono symbol file
Symbol file LoadedFromMemory is not a mono symbol file
- Loaded All Assemblies, in  0.373 seconds
Refreshing native plugins compatible for Editor in 1.75 ms, found 2 plugins.
Native extension for OSXStandalone target not found
Native extension for WebGL target not found
Refreshing native plugins compatible for Editor in 1.95 ms, found 2 plugins.
[Package Manager] Failed to launch server process. Reason: Unity was launched with the -noUpm command-line argument
[Package Manager] Unable to send message (not connected to server process).
[Package Manager] Cannot connect to Unity Package Manager local server
ScheduleIndexationOnStartup MainProcess:False IndexOnStartup:True
Mono: successfully reloaded assembly
- Finished resetting the current domain, in  0.528 seconds
Domain Reload Profiling: 903ms
	BeginReloadAssembly (75ms)
		ExecutionOrderSort (0ms)
		DisableScriptedObjects (3ms)
		BackupInstance (0ms)
		ReleaseScriptingObjects (0ms)
		CreateAndSetChildDomain (24ms)
	RebuildCommonClasses (16ms)
	RebuildNativeTypeToScriptingClass (6ms)
	initialDomainReloadingComplete (19ms)
	LoadAllAssembliesAndSetupDomain (259ms)
		LoadAssemblies (214ms)
		RebuildTransferFunctionScriptingTraits (0ms)
		AnalyzeDomain (67ms)
			TypeCache.Refresh (7ms)
				TypeCache.ScanAssembly (0ms)
			BuildScriptInfoCaches (58ms)
			ResolveRequiredComponents (1ms)
	FinalizeReload (528ms)
		ReleaseScriptCaches (0ms)
		RebuildScriptCaches (0ms)
		SetupLoadedEditorAssemblies (456ms)
			LogAssemblyErrors (0ms)
			InitializePlatformSupportModulesInManaged (1ms)
			SetLoadedEditorAssemblies (2ms)
			BeforeProcessingInitializeOnLoad (123ms)
			ProcessInitializeOnLoadAttributes (209ms)
			ProcessInitializeOnLoadMethodAttributes (120ms)
			AfterProcessingInitializeOnLoad (0ms)
			EditorAssembliesLoaded (0ms)
		ExecutionOrderSort2 (0ms)
		AwakeInstancesAfterBackupRestoration (1ms)
Refreshing native plugins compatible for Editor in 1.50 ms, found 2 plugins.
Preloading 1 native plugins for Editor in 1.26 ms.
Unloading 43 Unused Serialized files (Serialized files now loaded: 0)
Unloading 5193 unused Assets / (13.8 MB). Loaded Objects now: 6515.
Memory consumption went from 147.0 MB to 133.2 MB.
Total: 7.901833 ms (FindLiveObjects: 0.208416 ms CreateObjectMapping: 0.080334 ms MarkObjects: 6.358875 ms  DeleteObjects: 1.253916 ms)

Prepare: number of updated asset objects reloaded= 0
========================================================================
Received Prepare
Refreshing native plugins compatible for Editor in 1.60 ms, found 2 plugins.
Preloading 1 native plugins for Editor in 1.23 ms.
Unloading 43 Unused Serialized files (Serialized files now loaded: 0)
Unloading 5148 unused Assets / (13.8 MB). Loaded Objects now: 6515.
Memory consumption went from 133.4 MB to 119.6 MB.
Total: 8.303542 ms (FindLiveObjects: 0.218750 ms CreateObjectMapping: 0.080500 ms MarkObjects: 6.631250 ms  DeleteObjects: 1.372667 ms)

Prepare: number of updated asset objects reloaded= 0
========================================================================
Received Prepare
Begin MonoManager ReloadAssembly
Thread 0x16b247000 may have been prematurely finalized
Symbol file LoadedFromMemory is not a mono symbol file
Symbol file LoadedFromMemory is not a mono symbol file
- Loaded All Assemblies, in  0.338 seconds
Refreshing native plugins compatible for Editor in 1.26 ms, found 2 plugins.
Native extension for OSXStandalone target not found
Native extension for WebGL target not found
Refreshing native plugins compatible for Editor in 1.04 ms, found 2 plugins.
[Package Manager] Failed to launch server process. Reason: Unity was launched with the -noUpm command-line argument
[Package Manager] Unable to send message (not connected to server process).
[Package Manager] Cannot connect to Unity Package Manager local server
ScheduleIndexationOnStartup MainProcess:False IndexOnStartup:True
Mono: successfully reloaded assembly
- Finished resetting the current domain, in  0.503 seconds
Domain Reload Profiling: 842ms
	BeginReloadAssembly (77ms)
		ExecutionOrderSort (0ms)
		DisableScriptedObjects (3ms)
		BackupInstance (0ms)
		ReleaseScriptingObjects (0ms)
		CreateAndSetChildDomain (26ms)
	RebuildCommonClasses (17ms)
	RebuildNativeTypeToScriptingClass (6ms)
	initialDomainReloadingComplete (20ms)
	LoadAllAssembliesAndSetupDomain (219ms)
		LoadAssemblies (176ms)
		RebuildTransferFunctionScriptingTraits (0ms)
		AnalyzeDomain (66ms)
			TypeCache.Refresh (6ms)
				TypeCache.ScanAssembly (0ms)
			BuildScriptInfoCaches (57ms)
			ResolveRequiredComponents (1ms)
	FinalizeReload (503ms)
		ReleaseScriptCaches (0ms)
		RebuildScriptCaches (0ms)
		SetupLoadedEditorAssemblies (435ms)
			LogAssemblyErrors (0ms)
			InitializePlatformSupportModulesInManaged (1ms)
			SetLoadedEditorAssemblies (2ms)
			BeforeProcessingInitializeOnLoad (126ms)
			ProcessInitializeOnLoadAttributes (200ms)
			ProcessInitializeOnLoadMethodAttributes (106ms)
			AfterProcessingInitializeOnLoad (1ms)
			EditorAssembliesLoaded (0ms)
		ExecutionOrderSort2 (0ms)
		AwakeInstancesAfterBackupRestoration (1ms)
Refreshing native plugins compatible for Editor in 1.46 ms, found 2 plugins.
Preloading 1 native plugins for Editor in 1.19 ms.
Unloading 43 Unused Serialized files (Serialized files now loaded: 0)
Unloading 5193 unused Assets / (13.6 MB). Loaded Objects now: 6519.
Memory consumption went from 147.0 MB to 133.4 MB.
Total: 7.648500 ms (FindLiveObjects: 0.208333 ms CreateObjectMapping: 0.084709 ms MarkObjects: 6.054083 ms  DeleteObjects: 1.301125 ms)

Prepare: number of updated asset objects reloaded= 0
========================================================================
Received Prepare
Refreshing native plugins compatible for Editor in 1.18 ms, found 2 plugins.
Preloading 1 native plugins for Editor in 1.20 ms.
Unloading 43 Unused Serialized files (Serialized files now loaded: 0)
Unloading 5148 unused Assets / (11.3 MB). Loaded Objects now: 6519.
Memory consumption went from 133.4 MB to 122.1 MB.
Total: 8.481625 ms (FindLiveObjects: 0.215959 ms CreateObjectMapping: 0.085666 ms MarkObjects: 7.121542 ms  DeleteObjects: 1.058125 ms)

Prepare: number of updated asset objects reloaded= 0
========================================================================
Received Prepare
Begin MonoManager ReloadAssembly
[Licensing::Client] Successfully resolved entitlement details
[Licensing::Module] License group:
  Id: F4-85AS-8ZW6-XMRF-425Z-XXXX
  Product: Unity Personal
  Type: ULF
  Expiration: Unlimited
[Licensing::Module] License group:
  Id: 6872810951280-UnityPersXXXX
  Product: Unity Personal
  Type: Assigned
  Expiration: Unlimited
Thread 0x16b247000 may have been prematurely finalized
Symbol file LoadedFromMemory is not a mono symbol file
Symbol file LoadedFromMemory is not a mono symbol file
- Loaded All Assemblies, in  0.336 seconds
Refreshing native plugins compatible for Editor in 1.53 ms, found 2 plugins.
Native extension for OSXStandalone target not found
Native extension for WebGL target not found
Refreshing native plugins compatible for Editor in 1.53 ms, found 2 plugins.
[Package Manager] Failed to launch server process. Reason: Unity was launched with the -noUpm command-line argument
[Package Manager] Unable to send message (not connected to server process).
[Package Manager] Cannot connect to Unity Package Manager local server
ScheduleIndexationOnStartup MainProcess:False IndexOnStartup:True
Mono: successfully reloaded assembly
- Finished resetting the current domain, in  0.513 seconds
Domain Reload Profiling: 851ms
	BeginReloadAssembly (75ms)
		ExecutionOrderSort (0ms)
		DisableScriptedObjects (3ms)
		BackupInstance (0ms)
		ReleaseScriptingObjects (0ms)
		CreateAndSetChildDomain (23ms)
	RebuildCommonClasses (16ms)
	RebuildNativeTypeToScriptingClass (6ms)
	initialDomainReloadingComplete (19ms)
	LoadAllAssembliesAndSetupDomain (222ms)
		LoadAssemblies (175ms)
		RebuildTransferFunctionScriptingTraits (0ms)
		AnalyzeDomain (69ms)
			TypeCache.Refresh (7ms)
				TypeCache.ScanAssembly (0ms)
			BuildScriptInfoCaches (59ms)
			ResolveRequiredComponents (1ms)
	FinalizeReload (513ms)
		ReleaseScriptCaches (0ms)
		RebuildScriptCaches (0ms)
		SetupLoadedEditorAssemblies (443ms)
			LogAssemblyErrors (0ms)
			InitializePlatformSupportModulesInManaged (1ms)
			SetLoadedEditorAssemblies (2ms)
			BeforeProcessingInitializeOnLoad (128ms)
			ProcessInitializeOnLoadAttributes (203ms)
			ProcessInitializeOnLoadMethodAttributes (108ms)
			AfterProcessingInitializeOnLoad (0ms)
			EditorAssembliesLoaded (0ms)
		ExecutionOrderSort2 (0ms)
		AwakeInstancesAfterBackupRestoration (1ms)
Refreshing native plugins compatible for Editor in 1.54 ms, found 2 plugins.
Preloading 1 native plugins for Editor in 1.21 ms.
Unloading 43 Unused Serialized files (Serialized files now loaded: 0)
Unloading 5193 unused Assets / (13.8 MB). Loaded Objects now: 6523.
Memory consumption went from 147.1 MB to 133.2 MB.
Total: 7.731167 ms (FindLiveObjects: 0.202083 ms CreateObjectMapping: 0.074042 ms MarkObjects: 6.190625 ms  DeleteObjects: 1.264291 ms)

Prepare: number of updated asset objects reloaded= 0
========================================================================
Received Prepare
Refreshing native plugins compatible for Editor in 1.11 ms, found 2 plugins.
Preloading 1 native plugins for Editor in 1.15 ms.
Unloading 43 Unused Serialized files (Serialized files now loaded: 0)
Unloading 5148 unused Assets / (13.8 MB). Loaded Objects now: 6523.
Memory consumption went from 133.4 MB to 119.6 MB.
Total: 7.624791 ms (FindLiveObjects: 0.204375 ms CreateObjectMapping: 0.080458 ms MarkObjects: 6.081334 ms  DeleteObjects: 1.258500 ms)

Prepare: number of updated asset objects reloaded= 0
========================================================================
Received Prepare
Begin MonoManager ReloadAssembly
Thread 0x16b247000 may have been prematurely finalized
Symbol file LoadedFromMemory is not a mono symbol file
Symbol file LoadedFromMemory is not a mono symbol file
- Loaded All Assemblies, in  0.326 seconds
Refreshing native plugins compatible for Editor in 1.31 ms, found 2 plugins.
Native extension for OSXStandalone target not found
Native extension for WebGL target not found
Refreshing native plugins compatible for Editor in 1.55 ms, found 2 plugins.
[Package Manager] Failed to launch server process. Reason: Unity was launched with the -noUpm command-line argument
[Package Manager] Unable to send message (not connected to server process).
[Package Manager] Cannot connect to Unity Package Manager local server
ScheduleIndexationOnStartup MainProcess:False IndexOnStartup:True
Mono: successfully reloaded assembly
- Finished resetting the current domain, in  0.521 seconds
Domain Reload Profiling: 848ms
	BeginReloadAssembly (73ms)
		ExecutionOrderSort (0ms)
		DisableScriptedObjects (3ms)
		BackupInstance (0ms)
		ReleaseScriptingObjects (0ms)
		CreateAndSetChildDomain (22ms)
	RebuildCommonClasses (16ms)
	RebuildNativeTypeToScriptingClass (6ms)
	initialDomainReloadingComplete (19ms)
	LoadAllAssembliesAndSetupDomain (213ms)
		LoadAssemblies (170ms)
		RebuildTransferFunctionScriptingTraits (0ms)
		AnalyzeDomain (65ms)
			TypeCache.Refresh (5ms)
				TypeCache.ScanAssembly (0ms)
			BuildScriptInfoCaches (56ms)
			ResolveRequiredComponents (1ms)
	FinalizeReload (521ms)
		ReleaseScriptCaches (0ms)
		RebuildScriptCaches (0ms)
		SetupLoadedEditorAssemblies (452ms)
			LogAssemblyErrors (0ms)
			InitializePlatformSupportModulesInManaged (1ms)
			SetLoadedEditorAssemblies (2ms)
			BeforeProcessingInitializeOnLoad (127ms)
			ProcessInitializeOnLoadAttributes (213ms)
			ProcessInitializeOnLoadMethodAttributes (109ms)
			AfterProcessingInitializeOnLoad (1ms)
			EditorAssembliesLoaded (0ms)
		ExecutionOrderSort2 (0ms)
		AwakeInstancesAfterBackupRestoration (1ms)
Refreshing native plugins compatible for Editor in 1.38 ms, found 2 plugins.
Preloading 1 native plugins for Editor in 1.23 ms.
Unloading 43 Unused Serialized files (Serialized files now loaded: 0)
Unloading 5193 unused Assets / (11.2 MB). Loaded Objects now: 6527.
Memory consumption went from 147.1 MB to 135.8 MB.
Total: 7.728959 ms (FindLiveObjects: 0.198458 ms CreateObjectMapping: 0.077833 ms MarkObjects: 6.579334 ms  DeleteObjects: 0.873125 ms)

Prepare: number of updated asset objects reloaded= 0
========================================================================
Received Prepare
Refreshing native plugins compatible for Editor in 1.04 ms, found 2 plugins.
Preloading 1 native plugins for Editor in 1.16 ms.
Unloading 43 Unused Serialized files (Serialized files now loaded: 0)
Unloading 5148 unused Assets / (13.3 MB). Loaded Objects now: 6527.
Memory consumption went from 133.4 MB to 120.2 MB.
Total: 8.112542 ms (FindLiveObjects: 0.221417 ms CreateObjectMapping: 0.159834 ms MarkObjects: 6.530208 ms  DeleteObjects: 1.200917 ms)

Prepare: number of updated asset objects reloaded= 0
========================================================================
Received Prepare
Begin MonoManager ReloadAssembly
Thread 0x16b247000 may have been prematurely finalized
Symbol file LoadedFromMemory is not a mono symbol file
Symbol file LoadedFromMemory is not a mono symbol file
- Loaded All Assemblies, in  0.333 seconds
Refreshing native plugins compatible for Editor in 1.11 ms, found 2 plugins.
Native extension for OSXStandalone target not found
Native extension for WebGL target not found
Refreshing native plugins compatible for Editor in 1.12 ms, found 2 plugins.
[Package Manager] Failed to launch server process. Reason: Unity was launched with the -noUpm command-line argument
[Package Manager] Unable to send message (not connected to server process).
[Package Manager] Cannot connect to Unity Package Manager local server
ScheduleIndexationOnStartup MainProcess:False IndexOnStartup:True
Mono: successfully reloaded assembly
- Finished resetting the current domain, in  0.527 seconds
Domain Reload Profiling: 861ms
	BeginReloadAssembly (73ms)
		ExecutionOrderSort (0ms)
		DisableScriptedObjects (3ms)
		BackupInstance (0ms)
		ReleaseScriptingObjects (0ms)
		CreateAndSetChildDomain (22ms)
	RebuildCommonClasses (16ms)
	RebuildNativeTypeToScriptingClass (6ms)
	initialDomainReloadingComplete (19ms)
	LoadAllAssembliesAndSetupDomain (219ms)
		LoadAssemblies (176ms)
		RebuildTransferFunctionScriptingTraits (0ms)
		AnalyzeDomain (66ms)
			TypeCache.Refresh (6ms)
				TypeCache.ScanAssembly (0ms)
			BuildScriptInfoCaches (58ms)
			ResolveRequiredComponents (1ms)
	FinalizeReload (527ms)
		ReleaseScriptCaches (0ms)
		RebuildScriptCaches (0ms)
		SetupLoadedEditorAssemblies (458ms)
			LogAssemblyErrors (0ms)
			InitializePlatformSupportModulesInManaged (1ms)
			SetLoadedEditorAssemblies (2ms)
			BeforeProcessingInitializeOnLoad (129ms)
			ProcessInitializeOnLoadAttributes (214ms)
			ProcessInitializeOnLoadMethodAttributes (112ms)
			AfterProcessingInitializeOnLoad (1ms)
			EditorAssembliesLoaded (0ms)
		ExecutionOrderSort2 (0ms)
		AwakeInstancesAfterBackupRestoration (1ms)
Refreshing native plugins compatible for Editor in 1.51 ms, found 2 plugins.
Preloading 1 native plugins for Editor in 1.21 ms.
Unloading 43 Unused Serialized files (Serialized files now loaded: 0)
Unloading 5193 unused Assets / (13.9 MB). Loaded Objects now: 6531.
Memory consumption went from 147.1 MB to 133.2 MB.
Total: 7.880000 ms (FindLiveObjects: 0.215625 ms CreateObjectMapping: 0.080708 ms MarkObjects: 6.254917 ms  DeleteObjects: 1.328541 ms)

Prepare: number of updated asset objects reloaded= 0
========================================================================
Received Prepare
Refreshing native plugins compatible for Editor in 1.18 ms, found 2 plugins.
Preloading 1 native plugins for Editor in 1.17 ms.
Unloading 43 Unused Serialized files (Serialized files now loaded: 0)
Unloading 5148 unused Assets / (13.7 MB). Loaded Objects now: 6531.
Memory consumption went from 133.4 MB to 119.7 MB.
Total: 7.820375 ms (FindLiveObjects: 0.216625 ms CreateObjectMapping: 0.077375 ms MarkObjects: 6.251791 ms  DeleteObjects: 1.274417 ms)

Prepare: number of updated asset objects reloaded= 0
========================================================================
Received Prepare
Begin MonoManager ReloadAssembly
Thread 0x16b247000 may have been prematurely finalized
Symbol file LoadedFromMemory is not a mono symbol file
Symbol file LoadedFromMemory is not a mono symbol file
- Loaded All Assemblies, in  0.329 seconds
Refreshing native plugins compatible for Editor in 1.08 ms, found 2 plugins.
Native extension for OSXStandalone target not found
Native extension for WebGL target not found
Refreshing native plugins compatible for Editor in 1.21 ms, found 2 plugins.
[Package Manager] Failed to launch server process. Reason: Unity was launched with the -noUpm command-line argument
[Package Manager] Unable to send message (not connected to server process).
[Package Manager] Cannot connect to Unity Package Manager local server
ScheduleIndexationOnStartup MainProcess:False IndexOnStartup:True
Mono: successfully reloaded assembly
- Finished resetting the current domain, in  0.519 seconds
Domain Reload Profiling: 849ms
	BeginReloadAssembly (73ms)
		ExecutionOrderSort (0ms)
		DisableScriptedObjects (3ms)
		BackupInstance (0ms)
		ReleaseScriptingObjects (0ms)
		CreateAndSetChildDomain (22ms)
	RebuildCommonClasses (16ms)
	RebuildNativeTypeToScriptingClass (6ms)
	initialDomainReloadingComplete (19ms)
	LoadAllAssembliesAndSetupDomain (216ms)
		LoadAssemblies (172ms)
		RebuildTransferFunctionScriptingTraits (0ms)
		AnalyzeDomain (65ms)
			TypeCache.Refresh (5ms)
				TypeCache.ScanAssembly (0ms)
			BuildScriptInfoCaches (57ms)
			ResolveRequiredComponents (1ms)
	FinalizeReload (519ms)
		ReleaseScriptCaches (0ms)
		RebuildScriptCaches (0ms)
		SetupLoadedEditorAssemblies (447ms)
			LogAssemblyErrors (0ms)
			InitializePlatformSupportModulesInManaged (1ms)
			SetLoadedEditorAssemblies (2ms)
			BeforeProcessingInitializeOnLoad (125ms)
			ProcessInitializeOnLoadAttributes (209ms)
			ProcessInitializeOnLoadMethodAttributes (110ms)
			AfterProcessingInitializeOnLoad (1ms)
			EditorAssembliesLoaded (0ms)
		ExecutionOrderSort2 (0ms)
		AwakeInstancesAfterBackupRestoration (1ms)
Refreshing native plugins compatible for Editor in 1.20 ms, found 2 plugins.
Preloading 1 native plugins for Editor in 1.23 ms.
Unloading 43 Unused Serialized files (Serialized files now loaded: 0)
Unloading 5193 unused Assets / (14.0 MB). Loaded Objects now: 6535.
Memory consumption went from 147.1 MB to 133.1 MB.
Total: 7.843542 ms (FindLiveObjects: 0.200708 ms CreateObjectMapping: 0.129958 ms MarkObjects: 6.301709 ms  DeleteObjects: 1.210875 ms)

Prepare: number of updated asset objects reloaded= 0
========================================================================
Received Prepare
Refreshing native plugins compatible for Editor in 1.76 ms, found 2 plugins.
Preloading 1 native plugins for Editor in 1.21 ms.
Unloading 43 Unused Serialized files (Serialized files now loaded: 0)
Unloading 5148 unused Assets / (13.9 MB). Loaded Objects now: 6535.
Memory consumption went from 133.5 MB to 119.6 MB.
Total: 7.832917 ms (FindLiveObjects: 0.213583 ms CreateObjectMapping: 0.082167 ms MarkObjects: 6.215958 ms  DeleteObjects: 1.321083 ms)

Prepare: number of updated asset objects reloaded= 0
========================================================================
Received Prepare
Refreshing native plugins compatible for Editor in 1.53 ms, found 2 plugins.
Preloading 1 native plugins for Editor in 1.18 ms.
Unloading 43 Unused Serialized files (Serialized files now loaded: 0)
Unloading 5148 unused Assets / (13.9 MB). Loaded Objects now: 6535.
Memory consumption went from 133.5 MB to 119.6 MB.
Total: 7.663417 ms (FindLiveObjects: 0.210167 ms CreateObjectMapping: 0.085125 ms MarkObjects: 6.133333 ms  DeleteObjects: 1.234708 ms)

Prepare: number of updated asset objects reloaded= 0
========================================================================
Received Prepare
Refreshing native plugins compatible for Editor in 1.55 ms, found 2 plugins.
Preloading 1 native plugins for Editor in 1.16 ms.
Unloading 43 Unused Serialized files (Serialized files now loaded: 0)
Unloading 5148 unused Assets / (14.1 MB). Loaded Objects now: 6535.
Memory consumption went from 133.5 MB to 119.3 MB.
Total: 7.690292 ms (FindLiveObjects: 0.225625 ms CreateObjectMapping: 0.086666 ms MarkObjects: 6.066125 ms  DeleteObjects: 1.311500 ms)

Prepare: number of updated asset objects reloaded= 0
========================================================================
Received Prepare
Refreshing native plugins compatible for Editor in 1.29 ms, found 2 plugins.
Preloading 1 native plugins for Editor in 1.23 ms.
Unloading 43 Unused Serialized files (Serialized files now loaded: 0)
Unloading 5148 unused Assets / (12.9 MB). Loaded Objects now: 6535.
Memory consumption went from 133.5 MB to 120.6 MB.
Total: 7.671500 ms (FindLiveObjects: 0.218541 ms CreateObjectMapping: 0.083084 ms MarkObjects: 6.250458 ms  DeleteObjects: 1.119041 ms)

Prepare: number of updated asset objects reloaded= 0
========================================================================
Received Prepare
Refreshing native plugins compatible for Editor in 1.38 ms, found 2 plugins.
Preloading 1 native plugins for Editor in 1.17 ms.
Unloading 43 Unused Serialized files (Serialized files now loaded: 0)
Unloading 5148 unused Assets / (14.0 MB). Loaded Objects now: 6535.
Memory consumption went from 133.5 MB to 119.5 MB.
Total: 7.576750 ms (FindLiveObjects: 0.214000 ms CreateObjectMapping: 0.078542 ms MarkObjects: 6.021041 ms  DeleteObjects: 1.262792 ms)

Prepare: number of updated asset objects reloaded= 0
========================================================================
Received Prepare
Refreshing native plugins compatible for Editor in 1.37 ms, found 2 plugins.
Preloading 1 native plugins for Editor in 1.15 ms.
Unloading 43 Unused Serialized files (Serialized files now loaded: 0)
Unloading 5148 unused Assets / (13.7 MB). Loaded Objects now: 6535.
Memory consumption went from 133.5 MB to 119.7 MB.
Total: 7.601250 ms (FindLiveObjects: 0.211791 ms CreateObjectMapping: 0.079292 ms MarkObjects: 6.014583 ms  DeleteObjects: 1.295250 ms)

Prepare: number of updated asset objects reloaded= 0
========================================================================
Received Prepare
Refreshing native plugins compatible for Editor in 1.62 ms, found 2 plugins.
Preloading 1 native plugins for Editor in 1.24 ms.
Unloading 43 Unused Serialized files (Serialized files now loaded: 0)
Unloading 5148 unused Assets / (13.7 MB). Loaded Objects now: 6535.
Memory consumption went from 133.5 MB to 119.8 MB.
Total: 8.673166 ms (FindLiveObjects: 0.232916 ms CreateObjectMapping: 0.080500 ms MarkObjects: 7.185959 ms  DeleteObjects: 1.173458 ms)

Prepare: number of updated asset objects reloaded= 0
========================================================================
Received Prepare
Refreshing native plugins compatible for Editor in 1.47 ms, found 2 plugins.
Preloading 1 native plugins for Editor in 1.18 ms.
Unloading 43 Unused Serialized files (Serialized files now loaded: 0)
Unloading 5148 unused Assets / (13.7 MB). Loaded Objects now: 6535.
Memory consumption went from 133.5 MB to 119.8 MB.
Total: 7.491417 ms (FindLiveObjects: 0.212500 ms CreateObjectMapping: 0.077000 ms MarkObjects: 6.026750 ms  DeleteObjects: 1.175125 ms)

Prepare: number of updated asset objects reloaded= 0
========================================================================
Received Prepare
Refreshing native plugins compatible for Editor in 1.36 ms, found 2 plugins.
Preloading 1 native plugins for Editor in 1.23 ms.
Unloading 43 Unused Serialized files (Serialized files now loaded: 0)
Unloading 5148 unused Assets / (12.1 MB). Loaded Objects now: 6535.
Memory consumption went from 133.5 MB to 121.4 MB.
Total: 7.711250 ms (FindLiveObjects: 0.215958 ms CreateObjectMapping: 0.076000 ms MarkObjects: 6.357500 ms  DeleteObjects: 1.061500 ms)

Prepare: number of updated asset objects reloaded= 0
========================================================================
Received Prepare
Refreshing native plugins compatible for Editor in 1.33 ms, found 2 plugins.
Preloading 1 native plugins for Editor in 1.23 ms.
Unloading 43 Unused Serialized files (Serialized files now loaded: 0)
Unloading 5148 unused Assets / (13.6 MB). Loaded Objects now: 6535.
Memory consumption went from 133.5 MB to 119.8 MB.
Total: 7.720167 ms (FindLiveObjects: 0.191667 ms CreateObjectMapping: 0.084667 ms MarkObjects: 6.281292 ms  DeleteObjects: 1.162375 ms)

Prepare: number of updated asset objects reloaded= 0
========================================================================
Received Prepare
Refreshing native plugins compatible for Editor in 1.61 ms, found 2 plugins.
Preloading 1 native plugins for Editor in 1.21 ms.
Unloading 43 Unused Serialized files (Serialized files now loaded: 0)
Unloading 5148 unused Assets / (13.7 MB). Loaded Objects now: 6535.
Memory consumption went from 133.5 MB to 119.7 MB.
Total: 7.492875 ms (FindLiveObjects: 0.224000 ms CreateObjectMapping: 0.084792 ms MarkObjects: 5.969083 ms  DeleteObjects: 1.214250 ms)

Prepare: number of updated asset objects reloaded= 0
========================================================================
Received Prepare
Begin MonoManager ReloadAssembly
[Licensing::Client] Successfully resolved entitlement details
[Licensing::Module] License group:
  Id: F4-85AS-8ZW6-XMRF-425Z-XXXX
  Product: Unity Personal
  Type: ULF
  Expiration: Unlimited
[Licensing::Module] License group:
  Id: 6872810951280-UnityPersXXXX
  Product: Unity Personal
  Type: Assigned
  Expiration: Unlimited
Thread 0x16b247000 may have been prematurely finalized
Symbol file LoadedFromMemory is not a mono symbol file
Symbol file LoadedFromMemory is not a mono symbol file
- Loaded All Assemblies, in  0.379 seconds
Refreshing native plugins compatible for Editor in 1.35 ms, found 2 plugins.
Native extension for OSXStandalone target not found
Native extension for WebGL target not found
Refreshing native plugins compatible for Editor in 1.48 ms, found 2 plugins.
[Package Manager] Failed to launch server process. Reason: Unity was launched with the -noUpm command-line argument
[Package Manager] Unable to send message (not connected to server process).
[Package Manager] Cannot connect to Unity Package Manager local server
ScheduleIndexationOnStartup MainProcess:False IndexOnStartup:True
Mono: successfully reloaded assembly
- Finished resetting the current domain, in  0.524 seconds
Domain Reload Profiling: 905ms
	BeginReloadAssembly (83ms)
		ExecutionOrderSort (0ms)
		DisableScriptedObjects (3ms)
		BackupInstance (0ms)
		ReleaseScriptingObjects (0ms)
		CreateAndSetChildDomain (24ms)
	RebuildCommonClasses (16ms)
	RebuildNativeTypeToScriptingClass (6ms)
	initialDomainReloadingComplete (22ms)
	LoadAllAssembliesAndSetupDomain (253ms)
		LoadAssemblies (214ms)
		RebuildTransferFunctionScriptingTraits (0ms)
		AnalyzeDomain (69ms)
			TypeCache.Refresh (7ms)
				TypeCache.ScanAssembly (0ms)
			BuildScriptInfoCaches (59ms)
			ResolveRequiredComponents (1ms)
	FinalizeReload (524ms)
		ReleaseScriptCaches (0ms)
		RebuildScriptCaches (0ms)
		SetupLoadedEditorAssemblies (454ms)
			LogAssemblyErrors (0ms)
			InitializePlatformSupportModulesInManaged (1ms)
			SetLoadedEditorAssemblies (2ms)
			BeforeProcessingInitializeOnLoad (125ms)
			ProcessInitializeOnLoadAttributes (215ms)
			ProcessInitializeOnLoadMethodAttributes (111ms)
			AfterProcessingInitializeOnLoad (1ms)
			EditorAssembliesLoaded (0ms)
		ExecutionOrderSort2 (0ms)
		AwakeInstancesAfterBackupRestoration (1ms)
Refreshing native plugins compatible for Editor in 1.48 ms, found 2 plugins.
Preloading 1 native plugins for Editor in 1.24 ms.
Unloading 43 Unused Serialized files (Serialized files now loaded: 0)
Unloading 5193 unused Assets / (13.7 MB). Loaded Objects now: 6539.
Memory consumption went from 147.1 MB to 133.4 MB.
Total: 7.655958 ms (FindLiveObjects: 0.207542 ms CreateObjectMapping: 0.082083 ms MarkObjects: 6.161042 ms  DeleteObjects: 1.204833 ms)

Prepare: number of updated asset objects reloaded= 0
========================================================================
Received Prepare
Refreshing native plugins compatible for Editor in 1.23 ms, found 2 plugins.
Preloading 1 native plugins for Editor in 1.16 ms.
Unloading 43 Unused Serialized files (Serialized files now loaded: 0)
Unloading 5148 unused Assets / (14.2 MB). Loaded Objects now: 6539.
Memory consumption went from 133.5 MB to 119.2 MB.
Total: 7.699875 ms (FindLiveObjects: 0.212084 ms CreateObjectMapping: 0.083250 ms MarkObjects: 6.092500 ms  DeleteObjects: 1.311833 ms)

Prepare: number of updated asset objects reloaded= 0
========================================================================
Received Prepare
Begin MonoManager ReloadAssembly
Thread 0x16b247000 may have been prematurely finalized
Symbol file LoadedFromMemory is not a mono symbol file
Symbol file LoadedFromMemory is not a mono symbol file
- Loaded All Assemblies, in  0.372 seconds
Refreshing native plugins compatible for Editor in 1.36 ms, found 2 plugins.
Native extension for OSXStandalone target not found
Native extension for WebGL target not found
Refreshing native plugins compatible for Editor in 1.04 ms, found 2 plugins.
[Package Manager] Failed to launch server process. Reason: Unity was launched with the -noUpm command-line argument
[Package Manager] Unable to send message (not connected to server process).
[Package Manager] Cannot connect to Unity Package Manager local server
ScheduleIndexationOnStartup MainProcess:False IndexOnStartup:True
Mono: successfully reloaded assembly
- Finished resetting the current domain, in  0.529 seconds
Domain Reload Profiling: 902ms
	BeginReloadAssembly (77ms)
		ExecutionOrderSort (0ms)
		DisableScriptedObjects (3ms)
		BackupInstance (0ms)
		ReleaseScriptingObjects (0ms)
		CreateAndSetChildDomain (25ms)
	RebuildCommonClasses (16ms)
	RebuildNativeTypeToScriptingClass (6ms)
	initialDomainReloadingComplete (20ms)
	LoadAllAssembliesAndSetupDomain (254ms)
		LoadAssemblies (212ms)
		RebuildTransferFunctionScriptingTraits (0ms)
		AnalyzeDomain (66ms)
			TypeCache.Refresh (7ms)
				TypeCache.ScanAssembly (0ms)
			BuildScriptInfoCaches (56ms)
			ResolveRequiredComponents (1ms)
	FinalizeReload (529ms)
		ReleaseScriptCaches (0ms)
		RebuildScriptCaches (0ms)
		SetupLoadedEditorAssemblies (456ms)
			LogAssemblyErrors (0ms)
			InitializePlatformSupportModulesInManaged (1ms)
			SetLoadedEditorAssemblies (2ms)
			BeforeProcessingInitializeOnLoad (132ms)
			ProcessInitializeOnLoadAttributes (211ms)
			ProcessInitializeOnLoadMethodAttributes (110ms)
			AfterProcessingInitializeOnLoad (0ms)
			EditorAssembliesLoaded (0ms)
		ExecutionOrderSort2 (0ms)
		AwakeInstancesAfterBackupRestoration (1ms)
Refreshing native plugins compatible for Editor in 1.43 ms, found 2 plugins.
Preloading 1 native plugins for Editor in 1.22 ms.
Unloading 43 Unused Serialized files (Serialized files now loaded: 0)
Unloading 5193 unused Assets / (14.0 MB). Loaded Objects now: 6543.
Memory consumption went from 147.1 MB to 133.1 MB.
Total: 7.875458 ms (FindLiveObjects: 0.210458 ms CreateObjectMapping: 0.080208 ms MarkObjects: 6.227750 ms  DeleteObjects: 1.357000 ms)

Prepare: number of updated asset objects reloaded= 0
========================================================================
Received Prepare
Refreshing native plugins compatible for Editor in 1.54 ms, found 2 plugins.
Preloading 1 native plugins for Editor in 1.18 ms.
Unloading 43 Unused Serialized files (Serialized files now loaded: 0)
Unloading 5148 unused Assets / (13.9 MB). Loaded Objects now: 6543.
Memory consumption went from 133.5 MB to 119.6 MB.
Total: 7.636167 ms (FindLiveObjects: 0.210875 ms CreateObjectMapping: 0.085875 ms MarkObjects: 6.112917 ms  DeleteObjects: 1.226167 ms)

Prepare: number of updated asset objects reloaded= 0
========================================================================
Received Prepare
Begin MonoManager ReloadAssembly
Thread 0x16b247000 may have been prematurely finalized
Symbol file LoadedFromMemory is not a mono symbol file
Symbol file LoadedFromMemory is not a mono symbol file
- Loaded All Assemblies, in  0.337 seconds
Refreshing native plugins compatible for Editor in 1.25 ms, found 2 plugins.
Native extension for OSXStandalone target not found
Native extension for WebGL target not found
Refreshing native plugins compatible for Editor in 1.42 ms, found 2 plugins.
[Package Manager] Failed to launch server process. Reason: Unity was launched with the -noUpm command-line argument
[Package Manager] Unable to send message (not connected to server process).
[Package Manager] Cannot connect to Unity Package Manager local server
ScheduleIndexationOnStartup MainProcess:False IndexOnStartup:True
Mono: successfully reloaded assembly
- Finished resetting the current domain, in  0.532 seconds
Domain Reload Profiling: 871ms
	BeginReloadAssembly (73ms)
		ExecutionOrderSort (0ms)
		DisableScriptedObjects (3ms)
		BackupInstance (0ms)
		ReleaseScriptingObjects (0ms)
		CreateAndSetChildDomain (22ms)
	RebuildCommonClasses (16ms)
	RebuildNativeTypeToScriptingClass (6ms)
	initialDomainReloadingComplete (20ms)
	LoadAllAssembliesAndSetupDomain (223ms)
		LoadAssemblies (179ms)
		RebuildTransferFunctionScriptingTraits (0ms)
		AnalyzeDomain (67ms)
			TypeCache.Refresh (6ms)
				TypeCache.ScanAssembly (0ms)
			BuildScriptInfoCaches (58ms)
			ResolveRequiredComponents (1ms)
	FinalizeReload (532ms)
		ReleaseScriptCaches (0ms)
		RebuildScriptCaches (0ms)
		SetupLoadedEditorAssemblies (462ms)
			LogAssemblyErrors (0ms)
			InitializePlatformSupportModulesInManaged (1ms)
			SetLoadedEditorAssemblies (2ms)
			BeforeProcessingInitializeOnLoad (129ms)
			ProcessInitializeOnLoadAttributes (220ms)
			ProcessInitializeOnLoadMethodAttributes (111ms)
			AfterProcessingInitializeOnLoad (1ms)
			EditorAssembliesLoaded (0ms)
		ExecutionOrderSort2 (0ms)
		AwakeInstancesAfterBackupRestoration (1ms)
Refreshing native plugins compatible for Editor in 1.40 ms, found 2 plugins.
Preloading 1 native plugins for Editor in 1.18 ms.
Unloading 43 Unused Serialized files (Serialized files now loaded: 0)
Unloading 5193 unused Assets / (14.0 MB). Loaded Objects now: 6547.
Memory consumption went from 147.1 MB to 133.2 MB.
Total: 7.805625 ms (FindLiveObjects: 0.208334 ms CreateObjectMapping: 0.082666 ms MarkObjects: 6.181792 ms  DeleteObjects: 1.332625 ms)

Prepare: number of updated asset objects reloaded= 0
========================================================================
Received Prepare
Refreshing native plugins compatible for Editor in 1.45 ms, found 2 plugins.
Preloading 1 native plugins for Editor in 1.18 ms.
Unloading 43 Unused Serialized files (Serialized files now loaded: 0)
Unloading 5148 unused Assets / (14.2 MB). Loaded Objects now: 6547.
Memory consumption went from 133.5 MB to 119.3 MB.
Total: 8.235875 ms (FindLiveObjects: 0.214709 ms CreateObjectMapping: 0.077541 ms MarkObjects: 6.658042 ms  DeleteObjects: 1.284917 ms)

Prepare: number of updated asset objects reloaded= 0
========================================================================
Received Prepare
Begin MonoManager ReloadAssembly
[Licensing::Client] Successfully resolved entitlement details
[Licensing::Module] License group:
  Id: F4-85AS-8ZW6-XMRF-425Z-XXXX
  Product: Unity Personal
  Type: ULF
  Expiration: Unlimited
[Licensing::Module] License group:
  Id: 6872810951280-UnityPersXXXX
  Product: Unity Personal
  Type: Assigned
  Expiration: Unlimited
Thread 0x16b247000 may have been prematurely finalized
Symbol file LoadedFromMemory is not a mono symbol file
Symbol file LoadedFromMemory is not a mono symbol file
- Loaded All Assemblies, in  0.353 seconds
Refreshing native plugins compatible for Editor in 1.28 ms, found 2 plugins.
Native extension for OSXStandalone target not found
Native extension for WebGL target not found
Refreshing native plugins compatible for Editor in 1.33 ms, found 2 plugins.
[Package Manager] Failed to launch server process. Reason: Unity was launched with the -noUpm command-line argument
[Package Manager] Unable to send message (not connected to server process).
[Package Manager] Cannot connect to Unity Package Manager local server
ScheduleIndexationOnStartup MainProcess:False IndexOnStartup:True
Mono: successfully reloaded assembly
- Finished resetting the current domain, in  0.521 seconds
Domain Reload Profiling: 875ms
	BeginReloadAssembly (76ms)
		ExecutionOrderSort (0ms)
		DisableScriptedObjects (3ms)
		BackupInstance (0ms)
		ReleaseScriptingObjects (0ms)
		CreateAndSetChildDomain (22ms)
	RebuildCommonClasses (16ms)
	RebuildNativeTypeToScriptingClass (6ms)
	initialDomainReloadingComplete (20ms)
	LoadAllAssembliesAndSetupDomain (237ms)
		LoadAssemblies (195ms)
		RebuildTransferFunctionScriptingTraits (0ms)
		AnalyzeDomain (67ms)
			TypeCache.Refresh (7ms)
				TypeCache.ScanAssembly (0ms)
			BuildScriptInfoCaches (57ms)
			ResolveRequiredComponents (1ms)
	FinalizeReload (521ms)
		ReleaseScriptCaches (0ms)
		RebuildScriptCaches (0ms)
		SetupLoadedEditorAssemblies (451ms)
			LogAssemblyErrors (0ms)
			InitializePlatformSupportModulesInManaged (1ms)
			SetLoadedEditorAssemblies (2ms)
			BeforeProcessingInitializeOnLoad (129ms)
			ProcessInitializeOnLoadAttributes (210ms)
			ProcessInitializeOnLoadMethodAttributes (109ms)
			AfterProcessingInitializeOnLoad (0ms)
			EditorAssembliesLoaded (0ms)
		ExecutionOrderSort2 (0ms)
		AwakeInstancesAfterBackupRestoration (1ms)
Refreshing native plugins compatible for Editor in 1.31 ms, found 2 plugins.
Preloading 1 native plugins for Editor in 1.18 ms.
Unloading 43 Unused Serialized files (Serialized files now loaded: 0)
Unloading 5193 unused Assets / (12.5 MB). Loaded Objects now: 6551.
Memory consumption went from 147.1 MB to 134.6 MB.
Total: 8.071083 ms (FindLiveObjects: 0.214666 ms CreateObjectMapping: 0.083000 ms MarkObjects: 6.594750 ms  DeleteObjects: 1.178459 ms)

Prepare: number of updated asset objects reloaded= 0
========================================================================
Received Prepare
Refreshing native plugins compatible for Editor in 1.15 ms, found 2 plugins.
Preloading 1 native plugins for Editor in 1.18 ms.
Unloading 43 Unused Serialized files (Serialized files now loaded: 0)
Unloading 5148 unused Assets / (13.7 MB). Loaded Objects now: 6551.
Memory consumption went from 133.5 MB to 119.8 MB.
Total: 7.400667 ms (FindLiveObjects: 0.191709 ms CreateObjectMapping: 0.078291 ms MarkObjects: 6.047292 ms  DeleteObjects: 1.083125 ms)

Prepare: number of updated asset objects reloaded= 0
========================================================================
Received Prepare
Begin MonoManager ReloadAssembly
Thread 0x16b247000 may have been prematurely finalized
Symbol file LoadedFromMemory is not a mono symbol file
Symbol file LoadedFromMemory is not a mono symbol file
- Loaded All Assemblies, in  0.349 seconds
Refreshing native plugins compatible for Editor in 1.55 ms, found 2 plugins.
Native extension for OSXStandalone target not found
Native extension for WebGL target not found
Refreshing native plugins compatible for Editor in 1.19 ms, found 2 plugins.
[Package Manager] Failed to launch server process. Reason: Unity was launched with the -noUpm command-line argument
[Package Manager] Unable to send message (not connected to server process).
[Package Manager] Cannot connect to Unity Package Manager local server
ScheduleIndexationOnStartup MainProcess:False IndexOnStartup:True
Mono: successfully reloaded assembly
- Finished resetting the current domain, in  0.529 seconds
Domain Reload Profiling: 879ms
	BeginReloadAssembly (73ms)
		ExecutionOrderSort (0ms)
		DisableScriptedObjects (3ms)
		BackupInstance (0ms)
		ReleaseScriptingObjects (0ms)
		CreateAndSetChildDomain (23ms)
	RebuildCommonClasses (16ms)
	RebuildNativeTypeToScriptingClass (6ms)
	initialDomainReloadingComplete (20ms)
	LoadAllAssembliesAndSetupDomain (235ms)
		LoadAssemblies (192ms)
		RebuildTransferFunctionScriptingTraits (0ms)
		AnalyzeDomain (65ms)
			TypeCache.Refresh (6ms)
				TypeCache.ScanAssembly (0ms)
			BuildScriptInfoCaches (56ms)
			ResolveRequiredComponents (1ms)
	FinalizeReload (529ms)
		ReleaseScriptCaches (0ms)
		RebuildScriptCaches (0ms)
		SetupLoadedEditorAssemblies (459ms)
			LogAssemblyErrors (0ms)
			InitializePlatformSupportModulesInManaged (1ms)
			SetLoadedEditorAssemblies (2ms)
			BeforeProcessingInitializeOnLoad (131ms)
			ProcessInitializeOnLoadAttributes (213ms)
			ProcessInitializeOnLoadMethodAttributes (111ms)
			AfterProcessingInitializeOnLoad (0ms)
			EditorAssembliesLoaded (0ms)
		ExecutionOrderSort2 (0ms)
		AwakeInstancesAfterBackupRestoration (1ms)
Refreshing native plugins compatible for Editor in 1.37 ms, found 2 plugins.
Preloading 1 native plugins for Editor in 1.18 ms.
Unloading 43 Unused Serialized files (Serialized files now loaded: 0)
Unloading 5193 unused Assets / (14.0 MB). Loaded Objects now: 6555.
Memory consumption went from 147.1 MB to 133.1 MB.
Total: 7.896084 ms (FindLiveObjects: 0.229167 ms CreateObjectMapping: 0.132708 ms MarkObjects: 6.195667 ms  DeleteObjects: 1.338417 ms)

Prepare: number of updated asset objects reloaded= 0
========================================================================
Received Prepare
Refreshing native plugins compatible for Editor in 0.99 ms, found 2 plugins.
Preloading 1 native plugins for Editor in 1.16 ms.
Unloading 43 Unused Serialized files (Serialized files now loaded: 0)
Unloading 5148 unused Assets / (13.7 MB). Loaded Objects now: 6555.
Memory consumption went from 133.5 MB to 119.8 MB.
Total: 7.693958 ms (FindLiveObjects: 0.201708 ms CreateObjectMapping: 0.080333 ms MarkObjects: 6.212375 ms  DeleteObjects: 1.199500 ms)

Prepare: number of updated asset objects reloaded= 0
========================================================================
Received Prepare
Begin MonoManager ReloadAssembly
Thread 0x16b247000 may have been prematurely finalized
Symbol file LoadedFromMemory is not a mono symbol file
Symbol file LoadedFromMemory is not a mono symbol file
- Loaded All Assemblies, in  0.329 seconds
Refreshing native plugins compatible for Editor in 1.39 ms, found 2 plugins.
Native extension for OSXStandalone target not found
Native extension for WebGL target not found
Refreshing native plugins compatible for Editor in 1.17 ms, found 2 plugins.
[Package Manager] Failed to launch server process. Reason: Unity was launched with the -noUpm command-line argument
[Package Manager] Unable to send message (not connected to server process).
[Package Manager] Cannot connect to Unity Package Manager local server
ScheduleIndexationOnStartup MainProcess:False IndexOnStartup:True
Mono: successfully reloaded assembly
- Finished resetting the current domain, in  0.527 seconds
Domain Reload Profiling: 857ms
	BeginReloadAssembly (73ms)
		ExecutionOrderSort (0ms)
		DisableScriptedObjects (3ms)
		BackupInstance (0ms)
		ReleaseScriptingObjects (0ms)
		CreateAndSetChildDomain (22ms)
	RebuildCommonClasses (16ms)
	RebuildNativeTypeToScriptingClass (6ms)
	initialDomainReloadingComplete (21ms)
	LoadAllAssembliesAndSetupDomain (215ms)
		LoadAssemblies (172ms)
		RebuildTransferFunctionScriptingTraits (0ms)
		AnalyzeDomain (65ms)
			TypeCache.Refresh (5ms)
				TypeCache.ScanAssembly (0ms)
			BuildScriptInfoCaches (57ms)
			ResolveRequiredComponents (1ms)
	FinalizeReload (527ms)
		ReleaseScriptCaches (0ms)
		RebuildScriptCaches (0ms)
		SetupLoadedEditorAssemblies (457ms)
			LogAssemblyErrors (0ms)
			InitializePlatformSupportModulesInManaged (1ms)
			SetLoadedEditorAssemblies (2ms)
			BeforeProcessingInitializeOnLoad (136ms)
			ProcessInitializeOnLoadAttributes (209ms)
			ProcessInitializeOnLoadMethodAttributes (109ms)
			AfterProcessingInitializeOnLoad (0ms)
			EditorAssembliesLoaded (0ms)
		ExecutionOrderSort2 (0ms)
		AwakeInstancesAfterBackupRestoration (1ms)
Refreshing native plugins compatible for Editor in 1.05 ms, found 2 plugins.
Preloading 1 native plugins for Editor in 1.13 ms.
Unloading 43 Unused Serialized files (Serialized files now loaded: 0)
Unloading 5193 unused Assets / (13.7 MB). Loaded Objects now: 6559.
Memory consumption went from 147.1 MB to 133.4 MB.
Total: 7.732792 ms (FindLiveObjects: 0.205959 ms CreateObjectMapping: 0.073166 ms MarkObjects: 6.239292 ms  DeleteObjects: 1.214292 ms)

Prepare: number of updated asset objects reloaded= 0
========================================================================
Received Prepare
Refreshing native plugins compatible for Editor in 1.52 ms, found 2 plugins.
Preloading 1 native plugins for Editor in 1.18 ms.
Unloading 43 Unused Serialized files (Serialized files now loaded: 0)
Unloading 5148 unused Assets / (13.9 MB). Loaded Objects now: 6559.
Memory consumption went from 133.5 MB to 119.6 MB.
Total: 7.766583 ms (FindLiveObjects: 0.214333 ms CreateObjectMapping: 0.078875 ms MarkObjects: 6.205000 ms  DeleteObjects: 1.268250 ms)

Prepare: number of updated asset objects reloaded= 0
========================================================================
Received Prepare
Begin MonoManager ReloadAssembly
[Licensing::Client] Successfully resolved entitlement details
[Licensing::Module] License group:
  Id: F4-85AS-8ZW6-XMRF-425Z-XXXX
  Product: Unity Personal
  Type: ULF
  Expiration: Unlimited
[Licensing::Module] License group:
  Id: 6872810951280-UnityPersXXXX
  Product: Unity Personal
  Type: Assigned
  Expiration: Unlimited
Thread 0x16b247000 may have been prematurely finalized
Symbol file LoadedFromMemory is not a mono symbol file
Symbol file LoadedFromMemory is not a mono symbol file
- Loaded All Assemblies, in  0.329 seconds
Refreshing native plugins compatible for Editor in 1.24 ms, found 2 plugins.
Native extension for OSXStandalone target not found
Native extension for WebGL target not found
Refreshing native plugins compatible for Editor in 1.14 ms, found 2 plugins.
[Package Manager] Failed to launch server process. Reason: Unity was launched with the -noUpm command-line argument
[Package Manager] Unable to send message (not connected to server process).
[Package Manager] Cannot connect to Unity Package Manager local server
ScheduleIndexationOnStartup MainProcess:False IndexOnStartup:True
Mono: successfully reloaded assembly
- Finished resetting the current domain, in  0.527 seconds
Domain Reload Profiling: 857ms
	BeginReloadAssembly (73ms)
		ExecutionOrderSort (0ms)
		DisableScriptedObjects (3ms)
		BackupInstance (0ms)
		ReleaseScriptingObjects (0ms)
		CreateAndSetChildDomain (22ms)
	RebuildCommonClasses (16ms)
	RebuildNativeTypeToScriptingClass (6ms)
	initialDomainReloadingComplete (20ms)
	LoadAllAssembliesAndSetupDomain (216ms)
		LoadAssemblies (171ms)
		RebuildTransferFunctionScriptingTraits (0ms)
		AnalyzeDomain (66ms)
			TypeCache.Refresh (6ms)
				TypeCache.ScanAssembly (0ms)
			BuildScriptInfoCaches (57ms)
			ResolveRequiredComponents (1ms)
	FinalizeReload (527ms)
		ReleaseScriptCaches (0ms)
		RebuildScriptCaches (0ms)
		SetupLoadedEditorAssemblies (455ms)
			LogAssemblyErrors (0ms)
			InitializePlatformSupportModulesInManaged (1ms)
			SetLoadedEditorAssemblies (2ms)
			BeforeProcessingInitializeOnLoad (128ms)
			ProcessInitializeOnLoadAttributes (213ms)
			ProcessInitializeOnLoadMethodAttributes (110ms)
			AfterProcessingInitializeOnLoad (1ms)
			EditorAssembliesLoaded (0ms)
		ExecutionOrderSort2 (0ms)
		AwakeInstancesAfterBackupRestoration (1ms)
Refreshing native plugins compatible for Editor in 1.41 ms, found 2 plugins.
Preloading 1 native plugins for Editor in 1.18 ms.
Unloading 43 Unused Serialized files (Serialized files now loaded: 0)
Unloading 5193 unused Assets / (13.6 MB). Loaded Objects now: 6563.
Memory consumption went from 147.1 MB to 133.6 MB.
Total: 8.131833 ms (FindLiveObjects: 0.219917 ms CreateObjectMapping: 0.084042 ms MarkObjects: 6.529708 ms  DeleteObjects: 1.298000 ms)

Prepare: number of updated asset objects reloaded= 0
========================================================================
Received Prepare
Begin MonoManager ReloadAssembly
[Licensing::Client] Successfully resolved entitlement details
[Licensing::Module] License group:
  Id: F4-85AS-8ZW6-XMRF-425Z-XXXX
  Product: Unity Personal
  Type: ULF
  Expiration: Unlimited
[Licensing::Module] License group:
  Id: 6872810951280-UnityPersXXXX
  Product: Unity Personal
  Type: Assigned
  Expiration: Unlimited
Thread 0x16b247000 may have been prematurely finalized
Symbol file LoadedFromMemory is not a mono symbol file
Symbol file LoadedFromMemory is not a mono symbol file
- Loaded All Assemblies, in  0.470 seconds
Refreshing native plugins compatible for Editor in 1.74 ms, found 2 plugins.
Native extension for OSXStandalone target not found
Native extension for WebGL target not found
Refreshing native plugins compatible for Editor in 1.42 ms, found 2 plugins.
[Package Manager] Failed to launch server process. Reason: Unity was launched with the -noUpm command-line argument
[Package Manager] Unable to send message (not connected to server process).
[Package Manager] Cannot connect to Unity Package Manager local server
ScheduleIndexationOnStartup MainProcess:False IndexOnStartup:True
Mono: successfully reloaded assembly
- Finished resetting the current domain, in  0.527 seconds
Domain Reload Profiling: 999ms
	BeginReloadAssembly (149ms)
		ExecutionOrderSort (0ms)
		DisableScriptedObjects (5ms)
		BackupInstance (0ms)
		ReleaseScriptingObjects (0ms)
		CreateAndSetChildDomain (61ms)
	RebuildCommonClasses (16ms)
	RebuildNativeTypeToScriptingClass (6ms)
	initialDomainReloadingComplete (26ms)
	LoadAllAssembliesAndSetupDomain (274ms)
		LoadAssemblies (247ms)
		RebuildTransferFunctionScriptingTraits (0ms)
		AnalyzeDomain (70ms)
			TypeCache.Refresh (6ms)
				TypeCache.ScanAssembly (0ms)
			BuildScriptInfoCaches (62ms)
			ResolveRequiredComponents (1ms)
	FinalizeReload (528ms)
		ReleaseScriptCaches (0ms)
		RebuildScriptCaches (0ms)
		SetupLoadedEditorAssemblies (456ms)
			LogAssemblyErrors (0ms)
			InitializePlatformSupportModulesInManaged (1ms)
			SetLoadedEditorAssemblies (2ms)
			BeforeProcessingInitializeOnLoad (127ms)
			ProcessInitializeOnLoadAttributes (210ms)
			ProcessInitializeOnLoadMethodAttributes (116ms)
			AfterProcessingInitializeOnLoad (1ms)
			EditorAssembliesLoaded (0ms)
		ExecutionOrderSort2 (0ms)
		AwakeInstancesAfterBackupRestoration (1ms)
Refreshing native plugins compatible for Editor in 1.63 ms, found 2 plugins.
Preloading 1 native plugins for Editor in 1.25 ms.
Unloading 43 Unused Serialized files (Serialized files now loaded: 0)
Unloading 5193 unused Assets / (13.1 MB). Loaded Objects now: 6567.
Memory consumption went from 147.1 MB to 134.0 MB.
Total: 8.383833 ms (FindLiveObjects: 0.219209 ms CreateObjectMapping: 0.086541 ms MarkObjects: 6.780792 ms  DeleteObjects: 1.297042 ms)

Prepare: number of updated asset objects reloaded= 0
========================================================================
Received Prepare
Begin MonoManager ReloadAssembly
[Licensing::Client] Successfully resolved entitlement details
[Licensing::Module] License group:
  Id: F4-85AS-8ZW6-XMRF-425Z-XXXX
  Product: Unity Personal
  Type: ULF
  Expiration: Unlimited
[Licensing::Module] License group:
  Id: 6872810951280-UnityPersXXXX
  Product: Unity Personal
  Type: Assigned
  Expiration: Unlimited
Thread 0x16b247000 may have been prematurely finalized
Symbol file LoadedFromMemory is not a mono symbol file
Symbol file LoadedFromMemory is not a mono symbol file
- Loaded All Assemblies, in  0.383 seconds
Refreshing native plugins compatible for Editor in 1.13 ms, found 2 plugins.
Native extension for OSXStandalone target not found
Native extension for WebGL target not found
Refreshing native plugins compatible for Editor in 1.17 ms, found 2 plugins.
[Package Manager] Failed to launch server process. Reason: Unity was launched with the -noUpm command-line argument
[Package Manager] Unable to send message (not connected to server process).
[Package Manager] Cannot connect to Unity Package Manager local server
ScheduleIndexationOnStartup MainProcess:False IndexOnStartup:True
Mono: successfully reloaded assembly
- Finished resetting the current domain, in  0.515 seconds
Domain Reload Profiling: 899ms
	BeginReloadAssembly (74ms)
		ExecutionOrderSort (0ms)
		DisableScriptedObjects (3ms)
		BackupInstance (0ms)
		ReleaseScriptingObjects (0ms)
		CreateAndSetChildDomain (22ms)
	RebuildCommonClasses (15ms)
	RebuildNativeTypeToScriptingClass (6ms)
	initialDomainReloadingComplete (20ms)
	LoadAllAssembliesAndSetupDomain (268ms)
		LoadAssemblies (225ms)
		RebuildTransferFunctionScriptingTraits (0ms)
		AnalyzeDomain (65ms)
			TypeCache.Refresh (5ms)
				TypeCache.ScanAssembly (0ms)
			BuildScriptInfoCaches (57ms)
			ResolveRequiredComponents (1ms)
	FinalizeReload (515ms)
		ReleaseScriptCaches (0ms)
		RebuildScriptCaches (0ms)
		SetupLoadedEditorAssemblies (443ms)
			LogAssemblyErrors (0ms)
			InitializePlatformSupportModulesInManaged (1ms)
			SetLoadedEditorAssemblies (2ms)
			BeforeProcessingInitializeOnLoad (126ms)
			ProcessInitializeOnLoadAttributes (206ms)
			ProcessInitializeOnLoadMethodAttributes (107ms)
			AfterProcessingInitializeOnLoad (1ms)
			EditorAssembliesLoaded (0ms)
		ExecutionOrderSort2 (0ms)
		AwakeInstancesAfterBackupRestoration (1ms)
Refreshing native plugins compatible for Editor in 1.84 ms, found 2 plugins.
Preloading 1 native plugins for Editor in 1.26 ms.
Unloading 43 Unused Serialized files (Serialized files now loaded: 0)
Unloading 5193 unused Assets / (13.8 MB). Loaded Objects now: 6571.
Memory consumption went from 147.2 MB to 133.3 MB.
Total: 8.382375 ms (FindLiveObjects: 0.212791 ms CreateObjectMapping: 0.154750 ms MarkObjects: 6.627209 ms  DeleteObjects: 1.387541 ms)

Prepare: number of updated asset objects reloaded= 0
