Unity Editor version:    6000.3.10f1 (e35f0c77bd8e)
Branch:                  6000.3/staging
Build type:              Release
Batch mode:              YES
macOS version:           Version 26.5 (Build 25F71)
Darwin version:          25.5.0
Architecture:            arm64
Running under Rosetta:   NO
Available memory:        24576 MB
Date:                    2026-05-26T08:14:09Z
[Licensing::Module] Trying to connect to existing licensing client channel...
[Licensing::IpcConnector] Successfully connected to: "LicenseClient-ivanopiredda90" at "2026-05-26T08:14:09.293981Z"

COMMAND LINE ARGUMENTS:
/Applications/Unity/Hub/Editor/6000.3.10f1/Unity.app/Contents/MacOS/Unity
-adb2
-batchMode
-noUpm
-name
AssetImportWorker0
-projectPath
/Users/ivanopiredda90/Desktop/TheRoyalGameOfUr3D
-logFile
Logs/AssetImportWorker0.log
-srvPort
52051
-licensingIpc
LicenseClient-ivanopiredda90
-job-worker-count
4
-background-job-worker-count
8
-gc-helper-count
1
-name AssetImport
Successfully changed project path to: /Users/ivanopiredda90/Desktop/TheRoyalGameOfUr3D
/Users/ivanopiredda90/Desktop/TheRoyalGameOfUr3D
[UnityMemory] Configuration Parameters - Can be set up in boot.config
    "memorysetup-allocator-temp-initial-block-size-main=262144"
    "memorysetup-allocator-temp-initial-block-size-worker=262144"
    "memorysetup-temp-allocator-size-background-worker=32768"
    "memorysetup-temp-allocator-size-job-worker=262144"
    "memorysetup-temp-allocator-size-preload-manager=33554432"
    "memorysetup-temp-allocator-size-nav-mesh-worker=65536"
    "memorysetup-temp-allocator-size-audio-worker=65536"
    "memorysetup-temp-allocator-size-cloud-worker=32768"
    "memorysetup-bucket-allocator-granularity=16"
    "memorysetup-bucket-allocator-bucket-count=8"
    "memorysetup-bucket-allocator-block-size=33554432"
    "memorysetup-bucket-allocator-block-count=8"
    "memorysetup-main-allocator-block-size=16777216"
    "memorysetup-thread-allocator-block-size=16777216"
    "memorysetup-gfx-main-allocator-block-size=16777216"
    "memorysetup-gfx-thread-allocator-block-size=16777216"
    "memorysetup-cache-allocator-block-size=4194304"
    "memorysetup-typetree-allocator-block-size=2097152"
    "memorysetup-profiler-bucket-allocator-granularity=16"
    "memorysetup-profiler-bucket-allocator-bucket-count=8"
    "memorysetup-profiler-bucket-allocator-block-size=33554432"
    "memorysetup-profiler-bucket-allocator-block-count=8"
    "memorysetup-profiler-allocator-block-size=16777216"
    "memorysetup-profiler-editor-allocator-block-size=1048576"
    "memorysetup-temp-allocator-size-main=16777216"
    "memorysetup-job-temp-allocator-block-size=2097152"
    "memorysetup-job-temp-allocator-block-size-background=1048576"
    "memorysetup-job-temp-allocator-reduction-small-platforms=262144"
    "memorysetup-temp-allocator-size-gi-baking-worker=262144"
    "memorysetup-temp-allocator-size-gi-baking-worker=262144"
    "memorysetup-temp-allocator-size-gi-baking-worker=262144"
    "memorysetup-temp-allocator-size-gi-baking-worker=262144"
    "memorysetup-temp-allocator-size-gi-baking-worker=262144"
    "memorysetup-temp-allocator-size-gfx=262144"
Player connection [8432508544]  Target information:

Player connection [8432508544]  * "[IP] 192.168.1.72 [Port] 0 [Flags] 2 [Guid] 1298852663 [EditorId] 1298852663 [Version] 1048832 [Id] OSXEditor(0,MacBook-Pro.local) [Debug] 1 [PackageName] OSXEditor [ProjectName] Editor" 

Player connection [8432508544] Host joined multi-casting on [225.0.0.222:54997]...
Player connection [8432508544] Host joined alternative multi-casting on [225.0.0.222:34997]...
JobSystem: Creating JobQueue using job-worker-count value 4
Input System module state changed to: Initialized.
[Physics::Module] Initialized fallback backend.
[Physics::Module] Id: 0xdecafbad
Library Redirect Path: Library/
[Physics::Module] Selected backend.
[Physics::Module] Name: PhysX
[Physics::Module] Id: 0xf2b8ea05
[Physics::Module] SDK Version: 4.1.2
[Physics::Module] Integration Version: 1.0.0
[Physics::Module] Threading Mode: Multi-Threaded
Refreshing native plugins compatible for Editor in 4.04 ms, found 2 plugins.
Preloading 1 native plugins for Editor in 2.40 ms.
Initialize engine version: 6000.3.10f1 (e35f0c77bd8e)
[Subsystems] Discovering subsystems at path /Applications/Unity/Hub/Editor/6000.3.10f1/Unity.app/Contents/Resources/UnitySubsystems
[Subsystems] Discovering subsystems at path /Users/ivanopiredda90/Desktop/TheRoyalGameOfUr3D/Assets
GfxDevice: creating device client; kGfxThreadingModeNonThreaded
 preferred device: Apple M5 (high power)
Metal devices available: 1
0: Apple M5 (high power)
Using device Apple M5 (high power)
Initializing Metal device caps: Apple M5
Mac GPU Family: 2
Apple GPU Family: 9
MSL Version: 3.0
Has Float MSAA: 1
Has Float Filtering: 1
ReadWrite Texture Tier: 2
Initialize mono
Mono path[0] = '/Applications/Unity/Hub/Editor/6000.3.10f1/Unity.app/Contents/Resources/Scripting/Managed'
Mono path[1] = '/Applications/Unity/Hub/Editor/6000.3.10f1/Unity.app/Contents/Resources/Scripting/MonoBleedingEdge/lib/mono/unityjit-macos'
Mono config path = '/Applications/Unity/Hub/Editor/6000.3.10f1/Unity.app/Contents/Resources/Scripting/MonoBleedingEdge/etc'
Using monoOptions --debugger-agent=transport=dt_socket,embedding=1,server=y,suspend=n,address=127.0.0.1:56545
Begin MonoManager ReloadAssembly
[Licensing::Client] Handshaking with LicensingClient:
  Version:                 1.17.4+4293ba1
  Session Id:              03ba55103a564f66b69418c7d27d7830
  Correlation Id:          69acac3883e4aeccff933ce41044334b
  External correlation Id: 3030990070609171715
  Machine Id:              yOme4EDk+YvHUsEe7+5+3MQuzwI=
[Licensing::Module] Successfully connected to LicensingClient on channel: "LicenseClient-ivanopiredda90" (connect: 0.00s, validation: 0.00s, handshake: 0.35s)
[Licensing::IpcConnector] Successfully connected to: "LicenseClient-ivanopiredda90-notifications" at "2026-05-26T08:14:09.648781Z"
[Licensing::Module] Licensing Background thread has ended after 0.35s
Registering precompiled unity dll's ...
Register platform support module: /Applications/Unity/Hub/Editor/6000.3.10f1/PlaybackEngines/WebGLSupport/UnityEditor.WebGL.Extensions.dll
Register platform support module: /Applications/Unity/Hub/Editor/6000.3.10f1/Unity.app/Contents/PlaybackEngines/MacStandaloneSupport/UnityEditor.OSXStandalone.Extensions.dll
Registered in 0.000263 seconds.
- Loaded All Assemblies, in  0.162 seconds
Native extension for OSXStandalone target not found
Native extension for WebGL target not found
ScheduleIndexationOnStartup MainProcess:False IndexOnStartup:True
Mono: successfully reloaded assembly
- Finished resetting the current domain, in  0.197 seconds
Domain Reload Profiling: 358ms
	BeginReloadAssembly (41ms)
		ExecutionOrderSort (0ms)
		DisableScriptedObjects (0ms)
		BackupInstance (0ms)
		ReleaseScriptingObjects (0ms)
		CreateAndSetChildDomain (0ms)
	RebuildCommonClasses (16ms)
	RebuildNativeTypeToScriptingClass (6ms)
	initialDomainReloadingComplete (18ms)
	LoadAllAssembliesAndSetupDomain (80ms)
		LoadAssemblies (41ms)
		RebuildTransferFunctionScriptingTraits (0ms)
		AnalyzeDomain (79ms)
			TypeCache.Refresh (78ms)
				TypeCache.ScanAssembly (70ms)
			BuildScriptInfoCaches (0ms)
			ResolveRequiredComponents (0ms)
	FinalizeReload (197ms)
		ReleaseScriptCaches (0ms)
		RebuildScriptCaches (0ms)
		SetupLoadedEditorAssemblies (175ms)
			LogAssemblyErrors (0ms)
			InitializePlatformSupportModulesInManaged (22ms)
			SetLoadedEditorAssemblies (2ms)
			BeforeProcessingInitializeOnLoad (45ms)
			ProcessInitializeOnLoadAttributes (72ms)
			ProcessInitializeOnLoadMethodAttributes (34ms)
			AfterProcessingInitializeOnLoad (0ms)
			EditorAssembliesLoaded (0ms)
		ExecutionOrderSort2 (0ms)
		AwakeInstancesAfterBackupRestoration (0ms)
[CoreBusinessMetrics] Unexpected thread when updating session info.
========================================================================
Worker process is ready to serve import requests
Import Worker Mode flag is 0x00
Begin MonoManager ReloadAssembly
[Licensing::Client] Successfully resolved entitlement details
[Licensing::Module] License group:
  Id: F4-85AS-8ZW6-XMRF-425Z-XXXX
  Product: Unity Personal
  Type: ULF
  Expiration: Unlimited
[Licensing::Module] License group:
  Id: 6872810951280-UnityPersXXXX
  Product: Unity Personal
  Type: Assigned
  Expiration: Unlimited
Symbol file LoadedFromMemory is not a mono symbol file
Symbol file LoadedFromMemory is not a mono symbol file
- Loaded All Assemblies, in  0.338 seconds
Refreshing native plugins compatible for Editor in 1.49 ms, found 2 plugins.
Native extension for OSXStandalone target not found
Native extension for WebGL target not found
Refreshing native plugins compatible for Editor in 1.51 ms, found 2 plugins.
Package Manager log level set to [2]
[Package Manager] Failed to launch server process. Reason: Unity was launched with the -noUpm command-line argument
[Package Manager] Unable to send message (not connected to server process).
[Package Manager] Cannot connect to Unity Package Manager local server
ScheduleIndexationOnStartup MainProcess:False IndexOnStartup:True
Mono: successfully reloaded assembly
- Finished resetting the current domain, in  0.426 seconds
Domain Reload Profiling: 763ms
	BeginReloadAssembly (61ms)
		ExecutionOrderSort (0ms)
		DisableScriptedObjects (2ms)
		BackupInstance (0ms)
		ReleaseScriptingObjects (0ms)
		CreateAndSetChildDomain (11ms)
	RebuildCommonClasses (16ms)
	RebuildNativeTypeToScriptingClass (6ms)
	initialDomainReloadingComplete (15ms)
	LoadAllAssembliesAndSetupDomain (238ms)
		LoadAssemblies (174ms)
		RebuildTransferFunctionScriptingTraits (0ms)
		AnalyzeDomain (94ms)
			TypeCache.Refresh (73ms)
				TypeCache.ScanAssembly (64ms)
			BuildScriptInfoCaches (18ms)
			ResolveRequiredComponents (1ms)
	FinalizeReload (426ms)
		ReleaseScriptCaches (0ms)
		RebuildScriptCaches (0ms)
		SetupLoadedEditorAssemblies (377ms)
			LogAssemblyErrors (0ms)
			InitializePlatformSupportModulesInManaged (1ms)
			SetLoadedEditorAssemblies (2ms)
			BeforeProcessingInitializeOnLoad (80ms)
			ProcessInitializeOnLoadAttributes (193ms)
			ProcessInitializeOnLoadMethodAttributes (101ms)
			AfterProcessingInitializeOnLoad (0ms)
			EditorAssembliesLoaded (0ms)
		ExecutionOrderSort2 (0ms)
		AwakeInstancesAfterBackupRestoration (1ms)
Launching external process: /Applications/Unity/Hub/Editor/6000.3.10f1/Unity.app/Contents/Helpers/UnityShaderCompiler
Launched and connected shader compiler UnityShaderCompiler after 0.02 seconds
Refreshing native plugins compatible for Editor in 1.53 ms, found 2 plugins.
Preloading 1 native plugins for Editor in 1.28 ms.
Unloading 43 Unused Serialized files (Serialized files now loaded: 0)
Unloading 5195 unused Assets / (15.5 MB). Loaded Objects now: 5769.
Memory consumption went from 136.9 MB to 121.4 MB.
Total: 9.071750 ms (FindLiveObjects: 0.374959 ms CreateObjectMapping: 0.102791 ms MarkObjects: 6.768292 ms  DeleteObjects: 1.825375 ms)

========================================================================
Received Import Request.
  Time since last request: 5162.851819 seconds.
  path: Assets/Prefabs/AIPlayer.prefab
  artifactKey: Guid(4f84fb7cbaaef4a4fb7a80af80df250b) Importer(2089858483,b0f066a214c2f5e87bad3c948f4d605d)
Start importing Assets/Prefabs/AIPlayer.prefab using Guid(4f84fb7cbaaef4a4fb7a80af80df250b) Importer(2089858483,b0f066a214c2f5e87bad3c948f4d605d) (ScriptedImporter) -> (artifact id: '3094c47e8ccb5090ea8bced76432410b') in 0.039001709 seconds
Number of updated asset objects reloaded before import = 0Number of asset objects unloaded after import = 6

========================================================================
Received Import Request.
  Time since last request: 8.768640 seconds.
  path: Assets/Prefabs/AIPlayer.prefab
  artifactKey: Guid(4f84fb7cbaaef4a4fb7a80af80df250b) Importer(815301076,1909f56bfc062723c751e8b465ee728b)
Start importing Assets/Prefabs/AIPlayer.prefab using Guid(4f84fb7cbaaef4a4fb7a80af80df250b) Importer(815301076,1909f56bfc062723c751e8b465ee728b) (PreviewImporter) -> (artifact id: '3496c69cafb19d9377bb67c118057f42') in 0.00942925 seconds
Number of updated asset objects reloaded before import = 0Number of asset objects unloaded after import = 6

========================================================================
Received Import Request.
  Time since last request: 16.346757 seconds.
  path: Assets/Prefabs/AIPlayer.prefab
  artifactKey: Guid(4f84fb7cbaaef4a4fb7a80af80df250b) Importer(2089858483,b0f066a214c2f5e87bad3c948f4d605d)
Start importing Assets/Prefabs/AIPlayer.prefab using Guid(4f84fb7cbaaef4a4fb7a80af80df250b) Importer(2089858483,b0f066a214c2f5e87bad3c948f4d605d) (ScriptedImporter) -> (artifact id: '6974f6f644fd561d6f457eebf709bba3') in 0.001648375 seconds
Number of updated asset objects reloaded before import = 0Number of asset objects unloaded after import = 6

========================================================================
Received Import Request.
  Time since last request: 1.455665 seconds.
  path: Assets/Prefabs/AIPlayer.prefab
  artifactKey: Guid(4f84fb7cbaaef4a4fb7a80af80df250b) Importer(815301076,1909f56bfc062723c751e8b465ee728b)
Start importing Assets/Prefabs/AIPlayer.prefab using Guid(4f84fb7cbaaef4a4fb7a80af80df250b) Importer(815301076,1909f56bfc062723c751e8b465ee728b) (PreviewImporter) -> (artifact id: 'ace10c8ccfdf754d9a910c5156744837') in 0.000719834 seconds
Number of updated asset objects reloaded before import = 0Number of asset objects unloaded after import = 6

========================================================================
Received Prepare
Refreshing native plugins compatible for Editor in 1.42 ms, found 2 plugins.
Preloading 1 native plugins for Editor in 1.17 ms.
Unloading 43 Unused Serialized files (Serialized files now loaded: 0)
Unloading 5148 unused Assets / (13.7 MB). Loaded Objects now: 5772.
Memory consumption went from 135.4 MB to 121.7 MB.
Total: 7.862292 ms (FindLiveObjects: 0.170333 ms CreateObjectMapping: 0.078959 ms MarkObjects: 6.346083 ms  DeleteObjects: 1.266875 ms)

Prepare: number of updated asset objects reloaded= 0
========================================================================
Received Import Request.
  Time since last request: 444.349133 seconds.
  path: Assets/Scripts/Tile.cs
  artifactKey: Guid(63b367df623e72743bdc59c6dea11c81) Importer(2089858483,b0f066a214c2f5e87bad3c948f4d605d)
Start importing Assets/Scripts/Tile.cs using Guid(63b367df623e72743bdc59c6dea11c81) Importer(2089858483,b0f066a214c2f5e87bad3c948f4d605d) (ScriptedImporter) -> (artifact id: '00000000000000000000000000000000') in 0.001508083 seconds
Import Error Code:(4)
Message: Build asset version error: assets/scripts/tile.cs in SourceAssetDB has modification time of '2026-05-26T08:22:02Z' while content on disk has modification time of '2026-05-26T08:22:03Z'
  ERROR: Build asset version error: assets/scripts/tile.cs in SourceAssetDB has modification time of '2026-05-26T08:22:02Z' while content on disk has modification time of '2026-05-26T08:22:03Z'
Number of updated asset objects reloaded before import = 0Number of asset objects unloaded after import = 0

========================================================================
Received Prepare
Refreshing native plugins compatible for Editor in 1.48 ms, found 2 plugins.
Preloading 1 native plugins for Editor in 1.18 ms.
Unloading 43 Unused Serialized files (Serialized files now loaded: 0)
Unloading 5148 unused Assets / (13.1 MB). Loaded Objects now: 5772.
Memory consumption went from 134.6 MB to 121.5 MB.
Total: 7.900500 ms (FindLiveObjects: 0.171583 ms CreateObjectMapping: 0.080542 ms MarkObjects: 6.536416 ms  DeleteObjects: 1.111792 ms)

Prepare: number of updated asset objects reloaded= 0
========================================================================
Received Prepare
Begin MonoManager ReloadAssembly
[Licensing::Client] Successfully resolved entitlement details
[Licensing::Module] License group:
  Id: F4-85AS-8ZW6-XMRF-425Z-XXXX
  Product: Unity Personal
  Type: ULF
  Expiration: Unlimited
[Licensing::Module] License group:
  Id: 6872810951280-UnityPersXXXX
  Product: Unity Personal
  Type: Assigned
  Expiration: Unlimited
Thread 0x16d5b7000 may have been prematurely finalized
Symbol file LoadedFromMemory is not a mono symbol file
Symbol file LoadedFromMemory is not a mono symbol file
- Loaded All Assemblies, in  0.365 seconds
Refreshing native plugins compatible for Editor in 1.25 ms, found 2 plugins.
Native extension for OSXStandalone target not found
Native extension for WebGL target not found
Refreshing native plugins compatible for Editor in 1.27 ms, found 2 plugins.
[Package Manager] Failed to launch server process. Reason: Unity was launched with the -noUpm command-line argument
[Package Manager] Unable to send message (not connected to server process).
[Package Manager] Cannot connect to Unity Package Manager local server
ScheduleIndexationOnStartup MainProcess:False IndexOnStartup:True
Mono: successfully reloaded assembly
- Finished resetting the current domain, in  0.397 seconds
Domain Reload Profiling: 764ms
	BeginReloadAssembly (96ms)
		ExecutionOrderSort (0ms)
		DisableScriptedObjects (3ms)
		BackupInstance (0ms)
		ReleaseScriptingObjects (0ms)
		CreateAndSetChildDomain (46ms)
	RebuildCommonClasses (16ms)
	RebuildNativeTypeToScriptingClass (6ms)
	initialDomainReloadingComplete (9ms)
	LoadAllAssembliesAndSetupDomain (240ms)
		LoadAssemblies (196ms)
		RebuildTransferFunctionScriptingTraits (0ms)
		AnalyzeDomain (66ms)
			TypeCache.Refresh (6ms)
				TypeCache.ScanAssembly (0ms)
			BuildScriptInfoCaches (56ms)
			ResolveRequiredComponents (1ms)
	FinalizeReload (397ms)
		ReleaseScriptCaches (0ms)
		RebuildScriptCaches (0ms)
		SetupLoadedEditorAssemblies (351ms)
			LogAssemblyErrors (0ms)
			InitializePlatformSupportModulesInManaged (1ms)
			SetLoadedEditorAssemblies (2ms)
			BeforeProcessingInitializeOnLoad (83ms)
			ProcessInitializeOnLoadAttributes (167ms)
			ProcessInitializeOnLoadMethodAttributes (98ms)
			AfterProcessingInitializeOnLoad (0ms)
			EditorAssembliesLoaded (0ms)
		ExecutionOrderSort2 (0ms)
		AwakeInstancesAfterBackupRestoration (1ms)
Refreshing native plugins compatible for Editor in 1.56 ms, found 2 plugins.
Preloading 1 native plugins for Editor in 1.23 ms.
Unloading 43 Unused Serialized files (Serialized files now loaded: 0)
Unloading 5193 unused Assets / (13.8 MB). Loaded Objects now: 5776.
Memory consumption went from 151.2 MB to 137.4 MB.
Total: 7.841417 ms (FindLiveObjects: 0.187084 ms CreateObjectMapping: 0.078166 ms MarkObjects: 6.333125 ms  DeleteObjects: 1.242834 ms)

Prepare: number of updated asset objects reloaded= 0
========================================================================
Received Prepare
Refreshing native plugins compatible for Editor in 1.53 ms, found 2 plugins.
Preloading 1 native plugins for Editor in 1.22 ms.
Unloading 43 Unused Serialized files (Serialized files now loaded: 0)
Unloading 5148 unused Assets / (13.3 MB). Loaded Objects now: 5776.
Memory consumption went from 135.7 MB to 122.3 MB.
Total: 8.129625 ms (FindLiveObjects: 0.184667 ms CreateObjectMapping: 0.083791 ms MarkObjects: 6.582000 ms  DeleteObjects: 1.279042 ms)

Prepare: number of updated asset objects reloaded= 0
========================================================================
Received Prepare
Refreshing native plugins compatible for Editor in 1.49 ms, found 2 plugins.
Preloading 1 native plugins for Editor in 1.26 ms.
Unloading 43 Unused Serialized files (Serialized files now loaded: 0)
Unloading 5148 unused Assets / (13.1 MB). Loaded Objects now: 5776.
Memory consumption went from 134.8 MB to 121.7 MB.
Total: 7.782958 ms (FindLiveObjects: 0.195291 ms CreateObjectMapping: 0.095125 ms MarkObjects: 6.302334 ms  DeleteObjects: 1.190000 ms)

Prepare: number of updated asset objects reloaded= 0
========================================================================
Received Import Request.
  Time since last request: 7.654032 seconds.
  path: Assets/Prefabs/Tile.prefab
  artifactKey: Guid(96b34ab20de577640a943d306ea7559e) Importer(815301076,1909f56bfc062723c751e8b465ee728b)
Start importing Assets/Prefabs/Tile.prefab using Guid(96b34ab20de577640a943d306ea7559e) Importer(815301076,1909f56bfc062723c751e8b465ee728b) (PreviewImporter) -> (artifact id: 'f427efe7c94b22fb8fa46ea416a595f4') in 0.141304625 seconds
Number of updated asset objects reloaded before import = 0Number of asset objects unloaded after import = 12

========================================================================
Received Prepare
Begin MonoManager ReloadAssembly
Thread 0x16b737000 may have been prematurely finalized
Symbol file LoadedFromMemory is not a mono symbol file
Symbol file LoadedFromMemory is not a mono symbol file
- Loaded All Assemblies, in  0.320 seconds
Refreshing native plugins compatible for Editor in 1.12 ms, found 2 plugins.
Native extension for OSXStandalone target not found
Native extension for WebGL target not found
Refreshing native plugins compatible for Editor in 1.28 ms, found 2 plugins.
[Package Manager] Failed to launch server process. Reason: Unity was launched with the -noUpm command-line argument
[Package Manager] Unable to send message (not connected to server process).
[Package Manager] Cannot connect to Unity Package Manager local server
ScheduleIndexationOnStartup MainProcess:False IndexOnStartup:True
Mono: successfully reloaded assembly
- Finished resetting the current domain, in  0.391 seconds
Domain Reload Profiling: 712ms
	BeginReloadAssembly (71ms)
		ExecutionOrderSort (0ms)
		DisableScriptedObjects (3ms)
		BackupInstance (0ms)
		ReleaseScriptingObjects (0ms)
		CreateAndSetChildDomain (20ms)
	RebuildCommonClasses (16ms)
	RebuildNativeTypeToScriptingClass (6ms)
	initialDomainReloadingComplete (9ms)
	LoadAllAssembliesAndSetupDomain (220ms)
		LoadAssemblies (176ms)
		RebuildTransferFunctionScriptingTraits (0ms)
		AnalyzeDomain (66ms)
			TypeCache.Refresh (7ms)
				TypeCache.ScanAssembly (0ms)
			BuildScriptInfoCaches (56ms)
			ResolveRequiredComponents (1ms)
	FinalizeReload (391ms)
		ReleaseScriptCaches (0ms)
		RebuildScriptCaches (0ms)
		SetupLoadedEditorAssemblies (343ms)
			LogAssemblyErrors (0ms)
			InitializePlatformSupportModulesInManaged (1ms)
			SetLoadedEditorAssemblies (2ms)
			BeforeProcessingInitializeOnLoad (81ms)
			ProcessInitializeOnLoadAttributes (163ms)
			ProcessInitializeOnLoadMethodAttributes (95ms)
			AfterProcessingInitializeOnLoad (0ms)
			EditorAssembliesLoaded (0ms)
		ExecutionOrderSort2 (0ms)
		AwakeInstancesAfterBackupRestoration (1ms)
Refreshing native plugins compatible for Editor in 1.42 ms, found 2 plugins.
Preloading 1 native plugins for Editor in 1.23 ms.
Unloading 43 Unused Serialized files (Serialized files now loaded: 0)
Unloading 5193 unused Assets / (13.2 MB). Loaded Objects now: 5787.
Memory consumption went from 150.1 MB to 136.9 MB.
Total: 8.195125 ms (FindLiveObjects: 0.194917 ms CreateObjectMapping: 0.083667 ms MarkObjects: 6.791833 ms  DeleteObjects: 1.124542 ms)

Prepare: number of updated asset objects reloaded= 0
========================================================================
Received Import Request.
  Time since last request: 2.608394 seconds.
  path: Assets/Prefabs/Tile.prefab
  artifactKey: Guid(96b34ab20de577640a943d306ea7559e) Importer(815301076,1909f56bfc062723c751e8b465ee728b)
Start importing Assets/Prefabs/Tile.prefab using Guid(96b34ab20de577640a943d306ea7559e) Importer(815301076,1909f56bfc062723c751e8b465ee728b) (PreviewImporter) -> (artifact id: 'bd5394cc4d9c47ee8e20f86070b8bf52') in 0.026337583 seconds
Number of updated asset objects reloaded before import = 0Number of asset objects unloaded after import = 12

========================================================================
Received Import Request.
  Time since last request: 713.115928 seconds.
  path: Assets/Prefabs/Tile.prefab
  artifactKey: Guid(96b34ab20de577640a943d306ea7559e) Importer(815301076,1909f56bfc062723c751e8b465ee728b)
Start importing Assets/Prefabs/Tile.prefab using Guid(96b34ab20de577640a943d306ea7559e) Importer(815301076,1909f56bfc062723c751e8b465ee728b) (PreviewImporter) -> (artifact id: 'a6be46c0458c628d56538c4323650c92') in 0.005954459 seconds
Number of updated asset objects reloaded before import = 0Number of asset objects unloaded after import = 12

========================================================================
Received Import Request.
  Time since last request: 1.968656 seconds.
  path: Assets/Prefabs/Player2-Stone.prefab
  artifactKey: Guid(740b5b6373df7a646b40a0fe4d13731b) Importer(815301076,1909f56bfc062723c751e8b465ee728b)
Start importing Assets/Prefabs/Player2-Stone.prefab using Guid(740b5b6373df7a646b40a0fe4d13731b) Importer(815301076,1909f56bfc062723c751e8b465ee728b) (PreviewImporter) -> (artifact id: '2d82ba9be5366e6242f9f847923b9a2d') in 0.00599475 seconds
Number of updated asset objects reloaded before import = 0Number of asset objects unloaded after import = 13

========================================================================
Received Import Request.
  Time since last request: 5.353809 seconds.
  path: Assets/Prefabs/Player1-Stone.prefab
  artifactKey: Guid(21b2e42baf17c594fab50572e63543ae) Importer(815301076,1909f56bfc062723c751e8b465ee728b)
Start importing Assets/Prefabs/Player1-Stone.prefab using Guid(21b2e42baf17c594fab50572e63543ae) Importer(815301076,1909f56bfc062723c751e8b465ee728b) (PreviewImporter) -> (artifact id: '728b71c69141e2d568bd14fc1a75bdd2') in 0.009563666 seconds
Number of updated asset objects reloaded before import = 0Number of asset objects unloaded after import = 14

========================================================================
Received Prepare
Refreshing native plugins compatible for Editor in 1.38 ms, found 2 plugins.
Preloading 1 native plugins for Editor in 1.25 ms.
Unloading 43 Unused Serialized files (Serialized files now loaded: 0)
Unloading 5148 unused Assets / (13.2 MB). Loaded Objects now: 5789.
Memory consumption went from 135.2 MB to 121.9 MB.
Total: 8.115917 ms (FindLiveObjects: 0.184584 ms CreateObjectMapping: 0.086084 ms MarkObjects: 6.594708 ms  DeleteObjects: 1.250292 ms)

Prepare: number of updated asset objects reloaded= 0
========================================================================
Received Prepare
Begin MonoManager ReloadAssembly
[Licensing::Client] Successfully resolved entitlement details
[Licensing::Module] License group:
  Id: F4-85AS-8ZW6-XMRF-425Z-XXXX
  Product: Unity Personal
  Type: ULF
  Expiration: Unlimited
[Licensing::Module] License group:
  Id: 6872810951280-UnityPersXXXX
  Product: Unity Personal
  Type: Assigned
  Expiration: Unlimited
Thread 0x16b737000 may have been prematurely finalized
Symbol file LoadedFromMemory is not a mono symbol file
Symbol file LoadedFromMemory is not a mono symbol file
- Loaded All Assemblies, in  0.319 seconds
Refreshing native plugins compatible for Editor in 1.18 ms, found 2 plugins.
Native extension for OSXStandalone target not found
Native extension for WebGL target not found
Refreshing native plugins compatible for Editor in 1.14 ms, found 2 plugins.
[Package Manager] Failed to launch server process. Reason: Unity was launched with the -noUpm command-line argument
[Package Manager] Unable to send message (not connected to server process).
[Package Manager] Cannot connect to Unity Package Manager local server
ScheduleIndexationOnStartup MainProcess:False IndexOnStartup:True
Mono: successfully reloaded assembly
- Finished resetting the current domain, in  0.388 seconds
Domain Reload Profiling: 708ms
	BeginReloadAssembly (69ms)
		ExecutionOrderSort (0ms)
		DisableScriptedObjects (2ms)
		BackupInstance (0ms)
		ReleaseScriptingObjects (0ms)
		CreateAndSetChildDomain (21ms)
	RebuildCommonClasses (16ms)
	RebuildNativeTypeToScriptingClass (6ms)
	initialDomainReloadingComplete (9ms)
	LoadAllAssembliesAndSetupDomain (221ms)
		LoadAssemblies (174ms)
		RebuildTransferFunctionScriptingTraits (0ms)
		AnalyzeDomain (67ms)
			TypeCache.Refresh (7ms)
				TypeCache.ScanAssembly (0ms)
			BuildScriptInfoCaches (58ms)
			ResolveRequiredComponents (1ms)
	FinalizeReload (388ms)
		ReleaseScriptCaches (0ms)
		RebuildScriptCaches (0ms)
		SetupLoadedEditorAssemblies (341ms)
			LogAssemblyErrors (0ms)
			InitializePlatformSupportModulesInManaged (1ms)
			SetLoadedEditorAssemblies (2ms)
			BeforeProcessingInitializeOnLoad (81ms)
			ProcessInitializeOnLoadAttributes (161ms)
			ProcessInitializeOnLoadMethodAttributes (97ms)
			AfterProcessingInitializeOnLoad (0ms)
			EditorAssembliesLoaded (0ms)
		ExecutionOrderSort2 (0ms)
		AwakeInstancesAfterBackupRestoration (1ms)
Refreshing native plugins compatible for Editor in 1.53 ms, found 2 plugins.
Preloading 1 native plugins for Editor in 1.19 ms.
Unloading 43 Unused Serialized files (Serialized files now loaded: 0)
Unloading 5193 unused Assets / (13.6 MB). Loaded Objects now: 5792.
Memory consumption went from 149.6 MB to 136.0 MB.
Total: 7.394125 ms (FindLiveObjects: 0.184875 ms CreateObjectMapping: 0.071708 ms MarkObjects: 5.998958 ms  DeleteObjects: 1.138333 ms)

Prepare: number of updated asset objects reloaded= 0
========================================================================
Received Prepare
Refreshing native plugins compatible for Editor in 1.55 ms, found 2 plugins.
Preloading 1 native plugins for Editor in 1.23 ms.
Unloading 43 Unused Serialized files (Serialized files now loaded: 0)
Unloading 5148 unused Assets / (13.5 MB). Loaded Objects now: 5792.
Memory consumption went from 134.2 MB to 120.7 MB.
Total: 7.876000 ms (FindLiveObjects: 0.181750 ms CreateObjectMapping: 0.082250 ms MarkObjects: 6.483834 ms  DeleteObjects: 1.128000 ms)

Prepare: number of updated asset objects reloaded= 0
========================================================================
Received Prepare
Begin MonoManager ReloadAssembly
Thread 0x16b737000 may have been prematurely finalized
Symbol file LoadedFromMemory is not a mono symbol file
Symbol file LoadedFromMemory is not a mono symbol file
- Loaded All Assemblies, in  0.319 seconds
Refreshing native plugins compatible for Editor in 1.34 ms, found 2 plugins.
Native extension for OSXStandalone target not found
Native extension for WebGL target not found
Refreshing native plugins compatible for Editor in 1.10 ms, found 2 plugins.
[Package Manager] Failed to launch server process. Reason: Unity was launched with the -noUpm command-line argument
[Package Manager] Unable to send message (not connected to server process).
[Package Manager] Cannot connect to Unity Package Manager local server
ScheduleIndexationOnStartup MainProcess:False IndexOnStartup:True
Mono: successfully reloaded assembly
- Finished resetting the current domain, in  0.439 seconds
Domain Reload Profiling: 759ms
	BeginReloadAssembly (70ms)
		ExecutionOrderSort (0ms)
		DisableScriptedObjects (3ms)
		BackupInstance (0ms)
		ReleaseScriptingObjects (0ms)
		CreateAndSetChildDomain (20ms)
	RebuildCommonClasses (15ms)
	RebuildNativeTypeToScriptingClass (6ms)
	initialDomainReloadingComplete (10ms)
	LoadAllAssembliesAndSetupDomain (219ms)
		LoadAssemblies (173ms)
		RebuildTransferFunctionScriptingTraits (0ms)
		AnalyzeDomain (68ms)
			TypeCache.Refresh (8ms)
				TypeCache.ScanAssembly (0ms)
			BuildScriptInfoCaches (57ms)
			ResolveRequiredComponents (1ms)
	FinalizeReload (439ms)
		ReleaseScriptCaches (0ms)
		RebuildScriptCaches (0ms)
		SetupLoadedEditorAssemblies (391ms)
			LogAssemblyErrors (0ms)
			InitializePlatformSupportModulesInManaged (1ms)
			SetLoadedEditorAssemblies (2ms)
			BeforeProcessingInitializeOnLoad (100ms)
			ProcessInitializeOnLoadAttributes (192ms)
			ProcessInitializeOnLoadMethodAttributes (95ms)
			AfterProcessingInitializeOnLoad (0ms)
			EditorAssembliesLoaded (0ms)
		ExecutionOrderSort2 (0ms)
		AwakeInstancesAfterBackupRestoration (1ms)
Refreshing native plugins compatible for Editor in 1.71 ms, found 2 plugins.
Preloading 1 native plugins for Editor in 1.23 ms.
Unloading 43 Unused Serialized files (Serialized files now loaded: 0)
Unloading 5193 unused Assets / (11.6 MB). Loaded Objects now: 5796.
Memory consumption went from 148.6 MB to 137.0 MB.
Total: 7.844875 ms (FindLiveObjects: 0.193541 ms CreateObjectMapping: 0.083917 ms MarkObjects: 6.578541 ms  DeleteObjects: 0.988584 ms)

Prepare: number of updated asset objects reloaded= 0
========================================================================
Received Prepare
Refreshing native plugins compatible for Editor in 1.57 ms, found 2 plugins.
Preloading 1 native plugins for Editor in 1.23 ms.
Unloading 43 Unused Serialized files (Serialized files now loaded: 0)
Unloading 5148 unused Assets / (13.0 MB). Loaded Objects now: 5796.
Memory consumption went from 133.2 MB to 120.2 MB.
Total: 7.785958 ms (FindLiveObjects: 0.190209 ms CreateObjectMapping: 0.074125 ms MarkObjects: 6.351834 ms  DeleteObjects: 1.169666 ms)

Prepare: number of updated asset objects reloaded= 0
========================================================================
Received Prepare
Begin MonoManager ReloadAssembly
Thread 0x16b737000 may have been prematurely finalized
Symbol file LoadedFromMemory is not a mono symbol file
Symbol file LoadedFromMemory is not a mono symbol file
- Loaded All Assemblies, in  0.288 seconds
Refreshing native plugins compatible for Editor in 1.11 ms, found 2 plugins.
Native extension for OSXStandalone target not found
Native extension for WebGL target not found
Refreshing native plugins compatible for Editor in 1.18 ms, found 2 plugins.
[Package Manager] Failed to launch server process. Reason: Unity was launched with the -noUpm command-line argument
[Package Manager] Unable to send message (not connected to server process).
[Package Manager] Cannot connect to Unity Package Manager local server
ScheduleIndexationOnStartup MainProcess:False IndexOnStartup:True
Mono: successfully reloaded assembly
- Finished resetting the current domain, in  0.443 seconds
Domain Reload Profiling: 733ms
	BeginReloadAssembly (70ms)
		ExecutionOrderSort (0ms)
		DisableScriptedObjects (3ms)
		BackupInstance (0ms)
		ReleaseScriptingObjects (0ms)
		CreateAndSetChildDomain (20ms)
	RebuildCommonClasses (16ms)
	RebuildNativeTypeToScriptingClass (6ms)
	initialDomainReloadingComplete (9ms)
	LoadAllAssembliesAndSetupDomain (189ms)
		LoadAssemblies (144ms)
		RebuildTransferFunctionScriptingTraits (0ms)
		AnalyzeDomain (67ms)
			TypeCache.Refresh (6ms)
				TypeCache.ScanAssembly (0ms)
			BuildScriptInfoCaches (58ms)
			ResolveRequiredComponents (1ms)
	FinalizeReload (444ms)
		ReleaseScriptCaches (0ms)
		RebuildScriptCaches (0ms)
		SetupLoadedEditorAssemblies (396ms)
			LogAssemblyErrors (0ms)
			InitializePlatformSupportModulesInManaged (1ms)
			SetLoadedEditorAssemblies (2ms)
			BeforeProcessingInitializeOnLoad (88ms)
			ProcessInitializeOnLoadAttributes (200ms)
			ProcessInitializeOnLoadMethodAttributes (104ms)
			AfterProcessingInitializeOnLoad (1ms)
			EditorAssembliesLoaded (0ms)
		ExecutionOrderSort2 (0ms)
		AwakeInstancesAfterBackupRestoration (1ms)
Refreshing native plugins compatible for Editor in 1.60 ms, found 2 plugins.
Preloading 1 native plugins for Editor in 1.19 ms.
Unloading 43 Unused Serialized files (Serialized files now loaded: 0)
Unloading 5193 unused Assets / (12.5 MB). Loaded Objects now: 5800.
Memory consumption went from 147.5 MB to 135.0 MB.
Total: 8.089583 ms (FindLiveObjects: 0.182750 ms CreateObjectMapping: 0.082000 ms MarkObjects: 6.715875 ms  DeleteObjects: 1.108708 ms)

Prepare: number of updated asset objects reloaded= 0
========================================================================
Received Prepare
Refreshing native plugins compatible for Editor in 0.99 ms, found 2 plugins.
Preloading 1 native plugins for Editor in 1.19 ms.
Unloading 43 Unused Serialized files (Serialized files now loaded: 0)
Unloading 5148 unused Assets / (11.4 MB). Loaded Objects now: 5800.
Memory consumption went from 132.0 MB to 120.6 MB.
Total: 7.354583 ms (FindLiveObjects: 0.162375 ms CreateObjectMapping: 0.077167 ms MarkObjects: 6.157083 ms  DeleteObjects: 0.957708 ms)

Prepare: number of updated asset objects reloaded= 0
========================================================================
Received Prepare
Begin MonoManager ReloadAssembly
Thread 0x16b737000 may have been prematurely finalized
Symbol file LoadedFromMemory is not a mono symbol file
Symbol file LoadedFromMemory is not a mono symbol file
- Loaded All Assemblies, in  0.308 seconds
Refreshing native plugins compatible for Editor in 1.21 ms, found 2 plugins.
Native extension for OSXStandalone target not found
Native extension for WebGL target not found
Refreshing native plugins compatible for Editor in 1.15 ms, found 2 plugins.
[Package Manager] Failed to launch server process. Reason: Unity was launched with the -noUpm command-line argument
[Package Manager] Unable to send message (not connected to server process).
[Package Manager] Cannot connect to Unity Package Manager local server
ScheduleIndexationOnStartup MainProcess:False IndexOnStartup:True
Mono: successfully reloaded assembly
- Finished resetting the current domain, in  0.402 seconds
Domain Reload Profiling: 712ms
	BeginReloadAssembly (72ms)
		ExecutionOrderSort (0ms)
		DisableScriptedObjects (3ms)
		BackupInstance (0ms)
		ReleaseScriptingObjects (0ms)
		CreateAndSetChildDomain (21ms)
	RebuildCommonClasses (16ms)
	RebuildNativeTypeToScriptingClass (6ms)
	initialDomainReloadingComplete (10ms)
	LoadAllAssembliesAndSetupDomain (206ms)
		LoadAssemblies (157ms)
		RebuildTransferFunctionScriptingTraits (0ms)
		AnalyzeDomain (71ms)
			TypeCache.Refresh (7ms)
				TypeCache.ScanAssembly (0ms)
			BuildScriptInfoCaches (61ms)
			ResolveRequiredComponents (1ms)
	FinalizeReload (402ms)
		ReleaseScriptCaches (0ms)
		RebuildScriptCaches (0ms)
		SetupLoadedEditorAssemblies (353ms)
			LogAssemblyErrors (0ms)
			InitializePlatformSupportModulesInManaged (1ms)
			SetLoadedEditorAssemblies (2ms)
			BeforeProcessingInitializeOnLoad (83ms)
			ProcessInitializeOnLoadAttributes (166ms)
			ProcessInitializeOnLoadMethodAttributes (101ms)
			AfterProcessingInitializeOnLoad (0ms)
			EditorAssembliesLoaded (0ms)
		ExecutionOrderSort2 (0ms)
		AwakeInstancesAfterBackupRestoration (1ms)
Refreshing native plugins compatible for Editor in 0.94 ms, found 2 plugins.
Preloading 1 native plugins for Editor in 1.23 ms.
Unloading 43 Unused Serialized files (Serialized files now loaded: 0)
Unloading 5193 unused Assets / (14.3 MB). Loaded Objects now: 5804.
Memory consumption went from 146.4 MB to 132.1 MB.
Total: 7.658750 ms (FindLiveObjects: 0.186125 ms CreateObjectMapping: 0.073834 ms MarkObjects: 6.165958 ms  DeleteObjects: 1.232500 ms)

Prepare: number of updated asset objects reloaded= 0
========================================================================
Received Prepare
Refreshing native plugins compatible for Editor in 1.26 ms, found 2 plugins.
Preloading 1 native plugins for Editor in 1.26 ms.
Unloading 43 Unused Serialized files (Serialized files now loaded: 0)
Unloading 5148 unused Assets / (12.8 MB). Loaded Objects now: 5804.
Memory consumption went from 131.7 MB to 118.8 MB.
Total: 8.332792 ms (FindLiveObjects: 0.179375 ms CreateObjectMapping: 0.076959 ms MarkObjects: 6.849292 ms  DeleteObjects: 1.227000 ms)

Prepare: number of updated asset objects reloaded= 0
========================================================================
Received Prepare
Refreshing native plugins compatible for Editor in 1.26 ms, found 2 plugins.
Preloading 1 native plugins for Editor in 1.19 ms.
Unloading 43 Unused Serialized files (Serialized files now loaded: 0)
Unloading 5148 unused Assets / (13.7 MB). Loaded Objects now: 5804.
Memory consumption went from 131.7 MB to 118.0 MB.
Total: 7.407791 ms (FindLiveObjects: 0.186666 ms CreateObjectMapping: 0.086417 ms MarkObjects: 5.983292 ms  DeleteObjects: 1.151167 ms)

Prepare: number of updated asset objects reloaded= 0
========================================================================
Received Prepare
Refreshing native plugins compatible for Editor in 1.48 ms, found 2 plugins.
Preloading 1 native plugins for Editor in 1.19 ms.
Unloading 43 Unused Serialized files (Serialized files now loaded: 0)
Unloading 5148 unused Assets / (13.7 MB). Loaded Objects now: 5804.
Memory consumption went from 131.7 MB to 118.0 MB.
Total: 7.370083 ms (FindLiveObjects: 0.178834 ms CreateObjectMapping: 0.077375 ms MarkObjects: 5.976250 ms  DeleteObjects: 1.137583 ms)

Prepare: number of updated asset objects reloaded= 0
========================================================================
Received Prepare
Refreshing native plugins compatible for Editor in 1.49 ms, found 2 plugins.
Preloading 1 native plugins for Editor in 1.25 ms.
Unloading 43 Unused Serialized files (Serialized files now loaded: 0)
Unloading 5148 unused Assets / (13.7 MB). Loaded Objects now: 5804.
Memory consumption went from 131.7 MB to 118.0 MB.
Total: 7.380459 ms (FindLiveObjects: 0.182834 ms CreateObjectMapping: 0.070625 ms MarkObjects: 5.974667 ms  DeleteObjects: 1.152042 ms)

Prepare: number of updated asset objects reloaded= 0
========================================================================
Received Prepare
Refreshing native plugins compatible for Editor in 1.47 ms, found 2 plugins.
Preloading 1 native plugins for Editor in 1.22 ms.
Unloading 43 Unused Serialized files (Serialized files now loaded: 0)
Unloading 5148 unused Assets / (13.4 MB). Loaded Objects now: 5804.
Memory consumption went from 131.7 MB to 118.3 MB.
Total: 7.796209 ms (FindLiveObjects: 0.179250 ms CreateObjectMapping: 0.077167 ms MarkObjects: 6.366583 ms  DeleteObjects: 1.172958 ms)

Prepare: number of updated asset objects reloaded= 0
========================================================================
Received Prepare
Refreshing native plugins compatible for Editor in 1.38 ms, found 2 plugins.
Preloading 1 native plugins for Editor in 1.22 ms.
Unloading 43 Unused Serialized files (Serialized files now loaded: 0)
Unloading 5148 unused Assets / (13.9 MB). Loaded Objects now: 5804.
Memory consumption went from 131.7 MB to 117.8 MB.
Total: 7.382917 ms (FindLiveObjects: 0.178709 ms CreateObjectMapping: 0.077708 ms MarkObjects: 5.912208 ms  DeleteObjects: 1.214125 ms)

Prepare: number of updated asset objects reloaded= 0
========================================================================
Received Prepare
Refreshing native plugins compatible for Editor in 1.40 ms, found 2 plugins.
Preloading 1 native plugins for Editor in 1.18 ms.
Unloading 43 Unused Serialized files (Serialized files now loaded: 0)
Unloading 5148 unused Assets / (13.6 MB). Loaded Objects now: 5804.
Memory consumption went from 131.7 MB to 118.0 MB.
Total: 7.307542 ms (FindLiveObjects: 0.184375 ms CreateObjectMapping: 0.078875 ms MarkObjects: 5.900959 ms  DeleteObjects: 1.143250 ms)

Prepare: number of updated asset objects reloaded= 0
========================================================================
Received Prepare
Refreshing native plugins compatible for Editor in 1.53 ms, found 2 plugins.
Preloading 1 native plugins for Editor in 1.18 ms.
Unloading 43 Unused Serialized files (Serialized files now loaded: 0)
Unloading 5148 unused Assets / (13.6 MB). Loaded Objects now: 5804.
Memory consumption went from 131.7 MB to 118.0 MB.
Total: 7.305000 ms (FindLiveObjects: 0.176375 ms CreateObjectMapping: 0.072542 ms MarkObjects: 5.944166 ms  DeleteObjects: 1.111625 ms)

Prepare: number of updated asset objects reloaded= 0
========================================================================
Received Prepare
Refreshing native plugins compatible for Editor in 1.45 ms, found 2 plugins.
Preloading 1 native plugins for Editor in 1.18 ms.
Unloading 43 Unused Serialized files (Serialized files now loaded: 0)
Unloading 5148 unused Assets / (13.8 MB). Loaded Objects now: 5804.
Memory consumption went from 131.7 MB to 117.8 MB.
Total: 7.464417 ms (FindLiveObjects: 0.186125 ms CreateObjectMapping: 0.075917 ms MarkObjects: 5.963750 ms  DeleteObjects: 1.238416 ms)

Prepare: number of updated asset objects reloaded= 0
========================================================================
Received Prepare
Refreshing native plugins compatible for Editor in 1.38 ms, found 2 plugins.
Preloading 1 native plugins for Editor in 1.15 ms.
Unloading 43 Unused Serialized files (Serialized files now loaded: 0)
Unloading 5148 unused Assets / (13.7 MB). Loaded Objects now: 5804.
Memory consumption went from 131.7 MB to 117.9 MB.
Total: 7.422334 ms (FindLiveObjects: 0.184500 ms CreateObjectMapping: 0.079875 ms MarkObjects: 5.974042 ms  DeleteObjects: 1.183458 ms)

Prepare: number of updated asset objects reloaded= 0
========================================================================
Received Prepare
Refreshing native plugins compatible for Editor in 1.46 ms, found 2 plugins.
Preloading 1 native plugins for Editor in 1.12 ms.
Unloading 43 Unused Serialized files (Serialized files now loaded: 0)
Unloading 5148 unused Assets / (13.7 MB). Loaded Objects now: 5804.
Memory consumption went from 131.7 MB to 117.9 MB.
Total: 8.001417 ms (FindLiveObjects: 0.195292 ms CreateObjectMapping: 0.069875 ms MarkObjects: 6.454125 ms  DeleteObjects: 1.282042 ms)

Prepare: number of updated asset objects reloaded= 0
========================================================================
Received Prepare
Refreshing native plugins compatible for Editor in 1.46 ms, found 2 plugins.
Preloading 1 native plugins for Editor in 1.17 ms.
Unloading 43 Unused Serialized files (Serialized files now loaded: 0)
Unloading 5148 unused Assets / (14.1 MB). Loaded Objects now: 5804.
Memory consumption went from 131.7 MB to 117.5 MB.
Total: 7.797750 ms (FindLiveObjects: 0.204792 ms CreateObjectMapping: 0.078167 ms MarkObjects: 6.241417 ms  DeleteObjects: 1.273084 ms)

Prepare: number of updated asset objects reloaded= 0
========================================================================
Received Prepare
Refreshing native plugins compatible for Editor in 1.51 ms, found 2 plugins.
Preloading 1 native plugins for Editor in 1.26 ms.
Unloading 43 Unused Serialized files (Serialized files now loaded: 0)
Unloading 5148 unused Assets / (13.9 MB). Loaded Objects now: 5804.
Memory consumption went from 131.7 MB to 117.8 MB.
Total: 7.941709 ms (FindLiveObjects: 0.182250 ms CreateObjectMapping: 0.069041 ms MarkObjects: 6.402417 ms  DeleteObjects: 1.287917 ms)

Prepare: number of updated asset objects reloaded= 0
========================================================================
Received Prepare
Refreshing native plugins compatible for Editor in 1.39 ms, found 2 plugins.
Preloading 1 native plugins for Editor in 1.18 ms.
Unloading 43 Unused Serialized files (Serialized files now loaded: 0)
Unloading 5148 unused Assets / (13.6 MB). Loaded Objects now: 5804.
Memory consumption went from 131.7 MB to 118.0 MB.
Total: 7.352000 ms (FindLiveObjects: 0.181667 ms CreateObjectMapping: 0.076917 ms MarkObjects: 5.954125 ms  DeleteObjects: 1.139083 ms)

Prepare: number of updated asset objects reloaded= 0
========================================================================
Received Prepare
Refreshing native plugins compatible for Editor in 1.49 ms, found 2 plugins.
Preloading 1 native plugins for Editor in 1.18 ms.
Unloading 43 Unused Serialized files (Serialized files now loaded: 0)
Unloading 5148 unused Assets / (13.6 MB). Loaded Objects now: 5804.
Memory consumption went from 131.7 MB to 118.0 MB.
Total: 7.583750 ms (FindLiveObjects: 0.180625 ms CreateObjectMapping: 0.076167 ms MarkObjects: 6.188542 ms  DeleteObjects: 1.138250 ms)

Prepare: number of updated asset objects reloaded= 0
========================================================================
Received Prepare
Refreshing native plugins compatible for Editor in 1.50 ms, found 2 plugins.
Preloading 1 native plugins for Editor in 1.18 ms.
Unloading 43 Unused Serialized files (Serialized files now loaded: 0)
Unloading 5148 unused Assets / (14.3 MB). Loaded Objects now: 5804.
Memory consumption went from 131.7 MB to 117.4 MB.
Total: 7.533084 ms (FindLiveObjects: 0.181292 ms CreateObjectMapping: 0.075583 ms MarkObjects: 5.984458 ms  DeleteObjects: 1.291542 ms)

Prepare: number of updated asset objects reloaded= 0
========================================================================
Received Prepare
Refreshing native plugins compatible for Editor in 1.51 ms, found 2 plugins.
Preloading 1 native plugins for Editor in 1.17 ms.
Unloading 43 Unused Serialized files (Serialized files now loaded: 0)
Unloading 5148 unused Assets / (13.6 MB). Loaded Objects now: 5804.
Memory consumption went from 131.7 MB to 118.0 MB.
Total: 7.302209 ms (FindLiveObjects: 0.181583 ms CreateObjectMapping: 0.076375 ms MarkObjects: 5.867875 ms  DeleteObjects: 1.176208 ms)

Prepare: number of updated asset objects reloaded= 0
========================================================================
Received Prepare
Begin MonoManager ReloadAssembly
[Licensing::Client] Successfully resolved entitlement details
[Licensing::Module] License group:
  Id: F4-85AS-8ZW6-XMRF-425Z-XXXX
  Product: Unity Personal
  Type: ULF
  Expiration: Unlimited
[Licensing::Module] License group:
  Id: 6872810951280-UnityPersXXXX
  Product: Unity Personal
  Type: Assigned
  Expiration: Unlimited
Thread 0x16b737000 may have been prematurely finalized
Symbol file LoadedFromMemory is not a mono symbol file
Symbol file LoadedFromMemory is not a mono symbol file
- Loaded All Assemblies, in  0.364 seconds
Refreshing native plugins compatible for Editor in 1.24 ms, found 2 plugins.
Native extension for OSXStandalone target not found
Native extension for WebGL target not found
Refreshing native plugins compatible for Editor in 1.13 ms, found 2 plugins.
[Package Manager] Failed to launch server process. Reason: Unity was launched with the -noUpm command-line argument
[Package Manager] Unable to send message (not connected to server process).
[Package Manager] Cannot connect to Unity Package Manager local server
ScheduleIndexationOnStartup MainProcess:False IndexOnStartup:True
Mono: successfully reloaded assembly
- Finished resetting the current domain, in  0.392 seconds
Domain Reload Profiling: 757ms
	BeginReloadAssembly (93ms)
		ExecutionOrderSort (0ms)
		DisableScriptedObjects (3ms)
		BackupInstance (0ms)
		ReleaseScriptingObjects (0ms)
		CreateAndSetChildDomain (26ms)
	RebuildCommonClasses (16ms)
	RebuildNativeTypeToScriptingClass (6ms)
	initialDomainReloadingComplete (9ms)
	LoadAllAssembliesAndSetupDomain (241ms)
		LoadAssemblies (210ms)
		RebuildTransferFunctionScriptingTraits (0ms)
		AnalyzeDomain (68ms)
			TypeCache.Refresh (7ms)
				TypeCache.ScanAssembly (0ms)
			BuildScriptInfoCaches (58ms)
			ResolveRequiredComponents (1ms)
	FinalizeReload (392ms)
		ReleaseScriptCaches (0ms)
		RebuildScriptCaches (0ms)
		SetupLoadedEditorAssemblies (345ms)
			LogAssemblyErrors (0ms)
			InitializePlatformSupportModulesInManaged (1ms)
			SetLoadedEditorAssemblies (2ms)
			BeforeProcessingInitializeOnLoad (84ms)
			ProcessInitializeOnLoadAttributes (161ms)
			ProcessInitializeOnLoadMethodAttributes (97ms)
			AfterProcessingInitializeOnLoad (0ms)
			EditorAssembliesLoaded (0ms)
		ExecutionOrderSort2 (0ms)
		AwakeInstancesAfterBackupRestoration (1ms)
Refreshing native plugins compatible for Editor in 1.14 ms, found 2 plugins.
Preloading 1 native plugins for Editor in 1.15 ms.
Unloading 43 Unused Serialized files (Serialized files now loaded: 0)
Unloading 5193 unused Assets / (13.8 MB). Loaded Objects now: 5808.
Memory consumption went from 145.2 MB to 131.5 MB.
Total: 7.795875 ms (FindLiveObjects: 0.183125 ms CreateObjectMapping: 0.077583 ms MarkObjects: 6.312250 ms  DeleteObjects: 1.222709 ms)

Prepare: number of updated asset objects reloaded= 0
========================================================================
Received Prepare
Refreshing native plugins compatible for Editor in 1.56 ms, found 2 plugins.
Preloading 1 native plugins for Editor in 1.20 ms.
Unloading 43 Unused Serialized files (Serialized files now loaded: 0)
Unloading 5148 unused Assets / (13.6 MB). Loaded Objects now: 5808.
Memory consumption went from 131.7 MB to 118.1 MB.
Total: 8.091166 ms (FindLiveObjects: 0.186250 ms CreateObjectMapping: 0.076125 ms MarkObjects: 6.639708 ms  DeleteObjects: 1.188833 ms)

Prepare: number of updated asset objects reloaded= 0
========================================================================
Received Prepare
Begin MonoManager ReloadAssembly
[Licensing::Client] Successfully resolved entitlement details
[Licensing::Module] License group:
  Id: F4-85AS-8ZW6-XMRF-425Z-XXXX
  Product: Unity Personal
  Type: ULF
  Expiration: Unlimited
[Licensing::Module] License group:
  Id: 6872810951280-UnityPersXXXX
  Product: Unity Personal
  Type: Assigned
  Expiration: Unlimited
Thread 0x16b737000 may have been prematurely finalized
Symbol file LoadedFromMemory is not a mono symbol file
Symbol file LoadedFromMemory is not a mono symbol file
- Loaded All Assemblies, in  0.321 seconds
Refreshing native plugins compatible for Editor in 1.17 ms, found 2 plugins.
Native extension for OSXStandalone target not found
Native extension for WebGL target not found
Refreshing native plugins compatible for Editor in 1.02 ms, found 2 plugins.
[Package Manager] Failed to launch server process. Reason: Unity was launched with the -noUpm command-line argument
[Package Manager] Unable to send message (not connected to server process).
[Package Manager] Cannot connect to Unity Package Manager local server
ScheduleIndexationOnStartup MainProcess:False IndexOnStartup:True
Mono: successfully reloaded assembly
- Finished resetting the current domain, in  0.390 seconds
Domain Reload Profiling: 713ms
	BeginReloadAssembly (74ms)
		ExecutionOrderSort (0ms)
		DisableScriptedObjects (3ms)
		BackupInstance (0ms)
		ReleaseScriptingObjects (0ms)
		CreateAndSetChildDomain (21ms)
	RebuildCommonClasses (16ms)
	RebuildNativeTypeToScriptingClass (6ms)
	initialDomainReloadingComplete (9ms)
	LoadAllAssembliesAndSetupDomain (217ms)
		LoadAssemblies (175ms)
		RebuildTransferFunctionScriptingTraits (0ms)
		AnalyzeDomain (67ms)
			TypeCache.Refresh (7ms)
				TypeCache.ScanAssembly (0ms)
			BuildScriptInfoCaches (57ms)
			ResolveRequiredComponents (1ms)
	FinalizeReload (391ms)
		ReleaseScriptCaches (0ms)
		RebuildScriptCaches (0ms)
		SetupLoadedEditorAssemblies (343ms)
			LogAssemblyErrors (0ms)
			InitializePlatformSupportModulesInManaged (1ms)
			SetLoadedEditorAssemblies (2ms)
			BeforeProcessingInitializeOnLoad (82ms)
			ProcessInitializeOnLoadAttributes (159ms)
			ProcessInitializeOnLoadMethodAttributes (99ms)
			AfterProcessingInitializeOnLoad (0ms)
			EditorAssembliesLoaded (0ms)
		ExecutionOrderSort2 (0ms)
		AwakeInstancesAfterBackupRestoration (1ms)
Refreshing native plugins compatible for Editor in 1.30 ms, found 2 plugins.
Preloading 1 native plugins for Editor in 1.23 ms.
Unloading 43 Unused Serialized files (Serialized files now loaded: 0)
Unloading 5193 unused Assets / (13.4 MB). Loaded Objects now: 5812.
Memory consumption went from 145.3 MB to 131.9 MB.
Total: 7.753541 ms (FindLiveObjects: 0.180708 ms CreateObjectMapping: 0.075208 ms MarkObjects: 6.287583 ms  DeleteObjects: 1.209875 ms)

Prepare: number of updated asset objects reloaded= 0
========================================================================
Received Prepare
Refreshing native plugins compatible for Editor in 1.26 ms, found 2 plugins.
Preloading 1 native plugins for Editor in 1.21 ms.
Unloading 43 Unused Serialized files (Serialized files now loaded: 0)
Unloading 5148 unused Assets / (13.7 MB). Loaded Objects now: 5812.
Memory consumption went from 131.7 MB to 117.9 MB.
Total: 7.752500 ms (FindLiveObjects: 0.174750 ms CreateObjectMapping: 0.084500 ms MarkObjects: 6.251250 ms  DeleteObjects: 1.241791 ms)

Prepare: number of updated asset objects reloaded= 0
========================================================================
Received Prepare
Refreshing native plugins compatible for Editor in 1.32 ms, found 2 plugins.
Preloading 1 native plugins for Editor in 1.16 ms.
Unloading 43 Unused Serialized files (Serialized files now loaded: 0)
Unloading 5148 unused Assets / (13.9 MB). Loaded Objects now: 5812.
Memory consumption went from 131.7 MB to 117.8 MB.
Total: 7.566166 ms (FindLiveObjects: 0.183708 ms CreateObjectMapping: 0.065542 ms MarkObjects: 6.085417 ms  DeleteObjects: 1.231292 ms)

Prepare: number of updated asset objects reloaded= 0
========================================================================
Received Prepare
Begin MonoManager ReloadAssembly
Thread 0x16b737000 may have been prematurely finalized
Symbol file LoadedFromMemory is not a mono symbol file
Symbol file LoadedFromMemory is not a mono symbol file
- Loaded All Assemblies, in  0.305 seconds
Refreshing native plugins compatible for Editor in 1.12 ms, found 2 plugins.
Native extension for OSXStandalone target not found
Native extension for WebGL target not found
Refreshing native plugins compatible for Editor in 0.99 ms, found 2 plugins.
[Package Manager] Failed to launch server process. Reason: Unity was launched with the -noUpm command-line argument
[Package Manager] Unable to send message (not connected to server process).
[Package Manager] Cannot connect to Unity Package Manager local server
ScheduleIndexationOnStartup MainProcess:False IndexOnStartup:True
Mono: successfully reloaded assembly
- Finished resetting the current domain, in  0.393 seconds
Domain Reload Profiling: 700ms
	BeginReloadAssembly (71ms)
		ExecutionOrderSort (0ms)
		DisableScriptedObjects (3ms)
		BackupInstance (0ms)
		ReleaseScriptingObjects (0ms)
		CreateAndSetChildDomain (21ms)
	RebuildCommonClasses (15ms)
	RebuildNativeTypeToScriptingClass (6ms)
	initialDomainReloadingComplete (9ms)
	LoadAllAssembliesAndSetupDomain (205ms)
		LoadAssemblies (159ms)
		RebuildTransferFunctionScriptingTraits (0ms)
		AnalyzeDomain (68ms)
			TypeCache.Refresh (6ms)
				TypeCache.ScanAssembly (0ms)
			BuildScriptInfoCaches (59ms)
			ResolveRequiredComponents (1ms)
	FinalizeReload (393ms)
		ReleaseScriptCaches (0ms)
		RebuildScriptCaches (0ms)
		SetupLoadedEditorAssemblies (347ms)
			LogAssemblyErrors (0ms)
			InitializePlatformSupportModulesInManaged (1ms)
			SetLoadedEditorAssemblies (2ms)
			BeforeProcessingInitializeOnLoad (85ms)
			ProcessInitializeOnLoadAttributes (163ms)
			ProcessInitializeOnLoadMethodAttributes (96ms)
			AfterProcessingInitializeOnLoad (0ms)
			EditorAssembliesLoaded (0ms)
		ExecutionOrderSort2 (0ms)
		AwakeInstancesAfterBackupRestoration (1ms)
Refreshing native plugins compatible for Editor in 1.53 ms, found 2 plugins.
Preloading 1 native plugins for Editor in 1.20 ms.
Unloading 43 Unused Serialized files (Serialized files now loaded: 0)
Unloading 5193 unused Assets / (13.3 MB). Loaded Objects now: 5816.
Memory consumption went from 145.3 MB to 132.0 MB.
Total: 7.874667 ms (FindLiveObjects: 0.226541 ms CreateObjectMapping: 0.086792 ms MarkObjects: 6.451458 ms  DeleteObjects: 1.109417 ms)

Prepare: number of updated asset objects reloaded= 0
========================================================================
Received Prepare
Refreshing native plugins compatible for Editor in 1.48 ms, found 2 plugins.
Preloading 1 native plugins for Editor in 1.20 ms.
Unloading 43 Unused Serialized files (Serialized files now loaded: 0)
Unloading 5148 unused Assets / (13.8 MB). Loaded Objects now: 5816.
Memory consumption went from 131.7 MB to 117.8 MB.
Total: 7.649416 ms (FindLiveObjects: 0.180458 ms CreateObjectMapping: 0.072792 ms MarkObjects: 6.153916 ms  DeleteObjects: 1.242083 ms)

Prepare: number of updated asset objects reloaded= 0
========================================================================
Received Prepare
Refreshing native plugins compatible for Editor in 1.50 ms, found 2 plugins.
Preloading 1 native plugins for Editor in 1.18 ms.
Unloading 43 Unused Serialized files (Serialized files now loaded: 0)
Unloading 5148 unused Assets / (13.6 MB). Loaded Objects now: 5816.
Memory consumption went from 131.7 MB to 118.1 MB.
Total: 7.457375 ms (FindLiveObjects: 0.183875 ms CreateObjectMapping: 0.072209 ms MarkObjects: 6.017875 ms  DeleteObjects: 1.183084 ms)

Prepare: number of updated asset objects reloaded= 0
========================================================================
Received Prepare
Refreshing native plugins compatible for Editor in 1.50 ms, found 2 plugins.
Preloading 1 native plugins for Editor in 1.18 ms.
Unloading 43 Unused Serialized files (Serialized files now loaded: 0)
Unloading 5148 unused Assets / (13.6 MB). Loaded Objects now: 5816.
Memory consumption went from 131.7 MB to 118.1 MB.
Total: 7.344167 ms (FindLiveObjects: 0.179417 ms CreateObjectMapping: 0.074541 ms MarkObjects: 5.906250 ms  DeleteObjects: 1.183791 ms)

Prepare: number of updated asset objects reloaded= 0
========================================================================
Received Prepare
Refreshing native plugins compatible for Editor in 1.44 ms, found 2 plugins.
Preloading 1 native plugins for Editor in 1.16 ms.
Unloading 43 Unused Serialized files (Serialized files now loaded: 0)
Unloading 5148 unused Assets / (13.7 MB). Loaded Objects now: 5816.
Memory consumption went from 131.7 MB to 118.0 MB.
Total: 7.013042 ms (FindLiveObjects: 0.180250 ms CreateObjectMapping: 0.076625 ms MarkObjects: 5.602792 ms  DeleteObjects: 1.153250 ms)

Prepare: number of updated asset objects reloaded= 0
========================================================================
Received Prepare
Refreshing native plugins compatible for Editor in 1.40 ms, found 2 plugins.
Preloading 1 native plugins for Editor in 1.19 ms.
Unloading 43 Unused Serialized files (Serialized files now loaded: 0)
Unloading 5148 unused Assets / (13.7 MB). Loaded Objects now: 5816.
Memory consumption went from 131.7 MB to 118.0 MB.
Total: 7.490334 ms (FindLiveObjects: 0.181458 ms CreateObjectMapping: 0.073208 ms MarkObjects: 6.042208 ms  DeleteObjects: 1.193334 ms)

Prepare: number of updated asset objects reloaded= 0
========================================================================
Received Prepare
Begin MonoManager ReloadAssembly
Thread 0x16b737000 may have been prematurely finalized
Symbol file LoadedFromMemory is not a mono symbol file
Symbol file LoadedFromMemory is not a mono symbol file
- Loaded All Assemblies, in  0.309 seconds
Refreshing native plugins compatible for Editor in 1.09 ms, found 2 plugins.
Native extension for OSXStandalone target not found
Native extension for WebGL target not found
Refreshing native plugins compatible for Editor in 1.36 ms, found 2 plugins.
[Package Manager] Failed to launch server process. Reason: Unity was launched with the -noUpm command-line argument
[Package Manager] Unable to send message (not connected to server process).
[Package Manager] Cannot connect to Unity Package Manager local server
ScheduleIndexationOnStartup MainProcess:False IndexOnStartup:True
Mono: successfully reloaded assembly
- Finished resetting the current domain, in  0.389 seconds
Domain Reload Profiling: 700ms
	BeginReloadAssembly (69ms)
		ExecutionOrderSort (0ms)
		DisableScriptedObjects (3ms)
		BackupInstance (0ms)
		ReleaseScriptingObjects (0ms)
		CreateAndSetChildDomain (20ms)
	RebuildCommonClasses (15ms)
	RebuildNativeTypeToScriptingClass (6ms)
	initialDomainReloadingComplete (9ms)
	LoadAllAssembliesAndSetupDomain (211ms)
		LoadAssemblies (166ms)
		RebuildTransferFunctionScriptingTraits (0ms)
		AnalyzeDomain (66ms)
			TypeCache.Refresh (7ms)
				TypeCache.ScanAssembly (0ms)
			BuildScriptInfoCaches (57ms)
			ResolveRequiredComponents (1ms)
	FinalizeReload (389ms)
		ReleaseScriptCaches (0ms)
		RebuildScriptCaches (0ms)
		SetupLoadedEditorAssemblies (343ms)
			LogAssemblyErrors (0ms)
			InitializePlatformSupportModulesInManaged (1ms)
			SetLoadedEditorAssemblies (2ms)
			BeforeProcessingInitializeOnLoad (82ms)
			ProcessInitializeOnLoadAttributes (161ms)
			ProcessInitializeOnLoadMethodAttributes (97ms)
			AfterProcessingInitializeOnLoad (0ms)
			EditorAssembliesLoaded (0ms)
		ExecutionOrderSort2 (0ms)
		AwakeInstancesAfterBackupRestoration (1ms)
Refreshing native plugins compatible for Editor in 1.21 ms, found 2 plugins.
Preloading 1 native plugins for Editor in 1.19 ms.
Unloading 43 Unused Serialized files (Serialized files now loaded: 0)
Unloading 5193 unused Assets / (13.7 MB). Loaded Objects now: 5820.
Memory consumption went from 145.3 MB to 131.5 MB.
Total: 7.475625 ms (FindLiveObjects: 0.182291 ms CreateObjectMapping: 0.081083 ms MarkObjects: 6.039667 ms  DeleteObjects: 1.172417 ms)

Prepare: number of updated asset objects reloaded= 0
========================================================================
Received Prepare
Refreshing native plugins compatible for Editor in 1.56 ms, found 2 plugins.
Preloading 1 native plugins for Editor in 1.18 ms.
Unloading 43 Unused Serialized files (Serialized files now loaded: 0)
Unloading 5148 unused Assets / (12.6 MB). Loaded Objects now: 5820.
Memory consumption went from 131.7 MB to 119.1 MB.
Total: 7.886083 ms (FindLiveObjects: 0.185709 ms CreateObjectMapping: 0.076541 ms MarkObjects: 6.526167 ms  DeleteObjects: 1.097583 ms)

Prepare: number of updated asset objects reloaded= 0
========================================================================
Received Prepare
Begin MonoManager ReloadAssembly
[Licensing::Client] Successfully resolved entitlement details
[Licensing::Module] License group:
  Id: F4-85AS-8ZW6-XMRF-425Z-XXXX
  Product: Unity Personal
  Type: ULF
  Expiration: Unlimited
[Licensing::Module] License group:
  Id: 6872810951280-UnityPersXXXX
  Product: Unity Personal
  Type: Assigned
  Expiration: Unlimited
Thread 0x16b737000 may have been prematurely finalized
Symbol file LoadedFromMemory is not a mono symbol file
Symbol file LoadedFromMemory is not a mono symbol file
- Loaded All Assemblies, in  0.327 seconds
Refreshing native plugins compatible for Editor in 1.78 ms, found 2 plugins.
Native extension for OSXStandalone target not found
Native extension for WebGL target not found
Refreshing native plugins compatible for Editor in 1.15 ms, found 2 plugins.
[Package Manager] Failed to launch server process. Reason: Unity was launched with the -noUpm command-line argument
[Package Manager] Unable to send message (not connected to server process).
[Package Manager] Cannot connect to Unity Package Manager local server
ScheduleIndexationOnStartup MainProcess:False IndexOnStartup:True
Mono: successfully reloaded assembly
- Finished resetting the current domain, in  0.467 seconds
Domain Reload Profiling: 795ms
	BeginReloadAssembly (71ms)
		ExecutionOrderSort (0ms)
		DisableScriptedObjects (3ms)
		BackupInstance (0ms)
		ReleaseScriptingObjects (0ms)
		CreateAndSetChildDomain (21ms)
	RebuildCommonClasses (16ms)
	RebuildNativeTypeToScriptingClass (6ms)
	initialDomainReloadingComplete (9ms)
	LoadAllAssembliesAndSetupDomain (227ms)
		LoadAssemblies (182ms)
		RebuildTransferFunctionScriptingTraits (0ms)
		AnalyzeDomain (67ms)
			TypeCache.Refresh (7ms)
				TypeCache.ScanAssembly (0ms)
			BuildScriptInfoCaches (57ms)
			ResolveRequiredComponents (1ms)
	FinalizeReload (467ms)
		ReleaseScriptCaches (0ms)
		RebuildScriptCaches (0ms)
		SetupLoadedEditorAssemblies (419ms)
			LogAssemblyErrors (0ms)
			InitializePlatformSupportModulesInManaged (1ms)
			SetLoadedEditorAssemblies (2ms)
			BeforeProcessingInitializeOnLoad (115ms)
			ProcessInitializeOnLoadAttributes (196ms)
			ProcessInitializeOnLoadMethodAttributes (105ms)
			AfterProcessingInitializeOnLoad (1ms)
			EditorAssembliesLoaded (0ms)
		ExecutionOrderSort2 (0ms)
		AwakeInstancesAfterBackupRestoration (1ms)
Refreshing native plugins compatible for Editor in 1.87 ms, found 2 plugins.
Preloading 1 native plugins for Editor in 1.23 ms.
Unloading 43 Unused Serialized files (Serialized files now loaded: 0)
Unloading 5193 unused Assets / (11.5 MB). Loaded Objects now: 5824.
Memory consumption went from 145.3 MB to 133.8 MB.
Total: 7.855916 ms (FindLiveObjects: 0.194750 ms CreateObjectMapping: 0.077625 ms MarkObjects: 6.580417 ms  DeleteObjects: 1.003000 ms)

Prepare: number of updated asset objects reloaded= 0
========================================================================
Received Prepare
Refreshing native plugins compatible for Editor in 1.27 ms, found 2 plugins.
Preloading 1 native plugins for Editor in 1.22 ms.
Unloading 43 Unused Serialized files (Serialized files now loaded: 0)
Unloading 5148 unused Assets / (11.8 MB). Loaded Objects now: 5824.
Memory consumption went from 131.7 MB to 119.9 MB.
Total: 7.498167 ms (FindLiveObjects: 0.184750 ms CreateObjectMapping: 0.075916 ms MarkObjects: 6.289625 ms  DeleteObjects: 0.947375 ms)

Prepare: number of updated asset objects reloaded= 0
========================================================================
Received Prepare
Refreshing native plugins compatible for Editor in 1.43 ms, found 2 plugins.
Preloading 1 native plugins for Editor in 1.16 ms.
Unloading 43 Unused Serialized files (Serialized files now loaded: 0)
Unloading 5148 unused Assets / (13.9 MB). Loaded Objects now: 5824.
Memory consumption went from 131.7 MB to 117.8 MB.
Total: 7.414708 ms (FindLiveObjects: 0.187167 ms CreateObjectMapping: 0.073708 ms MarkObjects: 5.893916 ms  DeleteObjects: 1.259542 ms)

Prepare: number of updated asset objects reloaded= 0
========================================================================
Received Prepare
Refreshing native plugins compatible for Editor in 1.71 ms, found 2 plugins.
Preloading 1 native plugins for Editor in 1.17 ms.
Unloading 43 Unused Serialized files (Serialized files now loaded: 0)
Unloading 5148 unused Assets / (13.8 MB). Loaded Objects now: 5824.
Memory consumption went from 131.7 MB to 117.9 MB.
Total: 7.516541 ms (FindLiveObjects: 0.179750 ms CreateObjectMapping: 0.071709 ms MarkObjects: 6.017375 ms  DeleteObjects: 1.247500 ms)

Prepare: number of updated asset objects reloaded= 0
========================================================================
Received Prepare
Begin MonoManager ReloadAssembly
Thread 0x16b737000 may have been prematurely finalized
Symbol file LoadedFromMemory is not a mono symbol file
Symbol file LoadedFromMemory is not a mono symbol file
- Loaded All Assemblies, in  0.316 seconds
Refreshing native plugins compatible for Editor in 1.24 ms, found 2 plugins.
Native extension for OSXStandalone target not found
Native extension for WebGL target not found
Refreshing native plugins compatible for Editor in 1.17 ms, found 2 plugins.
[Package Manager] Failed to launch server process. Reason: Unity was launched with the -noUpm command-line argument
[Package Manager] Unable to send message (not connected to server process).
[Package Manager] Cannot connect to Unity Package Manager local server
ScheduleIndexationOnStartup MainProcess:False IndexOnStartup:True
Mono: successfully reloaded assembly
- Finished resetting the current domain, in  0.400 seconds
Domain Reload Profiling: 717ms
	BeginReloadAssembly (72ms)
		ExecutionOrderSort (0ms)
		DisableScriptedObjects (3ms)
		BackupInstance (0ms)
		ReleaseScriptingObjects (0ms)
		CreateAndSetChildDomain (21ms)
	RebuildCommonClasses (16ms)
	RebuildNativeTypeToScriptingClass (6ms)
	initialDomainReloadingComplete (10ms)
	LoadAllAssembliesAndSetupDomain (214ms)
		LoadAssemblies (168ms)
		RebuildTransferFunctionScriptingTraits (0ms)
		AnalyzeDomain (69ms)
			TypeCache.Refresh (8ms)
				TypeCache.ScanAssembly (0ms)
			BuildScriptInfoCaches (58ms)
			ResolveRequiredComponents (1ms)
	FinalizeReload (400ms)
		ReleaseScriptCaches (0ms)
		RebuildScriptCaches (0ms)
		SetupLoadedEditorAssemblies (348ms)
			LogAssemblyErrors (0ms)
			InitializePlatformSupportModulesInManaged (1ms)
			SetLoadedEditorAssemblies (2ms)
			BeforeProcessingInitializeOnLoad (81ms)
			ProcessInitializeOnLoadAttributes (168ms)
			ProcessInitializeOnLoadMethodAttributes (96ms)
			AfterProcessingInitializeOnLoad (1ms)
			EditorAssembliesLoaded (0ms)
		ExecutionOrderSort2 (0ms)
		AwakeInstancesAfterBackupRestoration (1ms)
Refreshing native plugins compatible for Editor in 1.59 ms, found 2 plugins.
Preloading 1 native plugins for Editor in 1.17 ms.
Unloading 43 Unused Serialized files (Serialized files now loaded: 0)
Unloading 5193 unused Assets / (13.7 MB). Loaded Objects now: 5828.
Memory consumption went from 145.3 MB to 131.6 MB.
Total: 7.562459 ms (FindLiveObjects: 0.178292 ms CreateObjectMapping: 0.079167 ms MarkObjects: 6.137833 ms  DeleteObjects: 1.166917 ms)

Prepare: number of updated asset objects reloaded= 0
========================================================================
Received Prepare
Refreshing native plugins compatible for Editor in 1.48 ms, found 2 plugins.
Preloading 1 native plugins for Editor in 1.17 ms.
Unloading 43 Unused Serialized files (Serialized files now loaded: 0)
Unloading 5148 unused Assets / (13.7 MB). Loaded Objects now: 5828.
Memory consumption went from 131.7 MB to 118.0 MB.
Total: 7.870458 ms (FindLiveObjects: 0.184583 ms CreateObjectMapping: 0.076000 ms MarkObjects: 6.423000 ms  DeleteObjects: 1.186625 ms)

Prepare: number of updated asset objects reloaded= 0
========================================================================
Received Prepare
Begin MonoManager ReloadAssembly
Thread 0x16b737000 may have been prematurely finalized
Symbol file LoadedFromMemory is not a mono symbol file
Symbol file LoadedFromMemory is not a mono symbol file
- Loaded All Assemblies, in  0.339 seconds
Refreshing native plugins compatible for Editor in 0.94 ms, found 2 plugins.
Native extension for OSXStandalone target not found
Native extension for WebGL target not found
Refreshing native plugins compatible for Editor in 1.00 ms, found 2 plugins.
[Package Manager] Failed to launch server process. Reason: Unity was launched with the -noUpm command-line argument
[Package Manager] Unable to send message (not connected to server process).
[Package Manager] Cannot connect to Unity Package Manager local server
ScheduleIndexationOnStartup MainProcess:False IndexOnStartup:True
Mono: successfully reloaded assembly
- Finished resetting the current domain, in  0.392 seconds
Domain Reload Profiling: 733ms
	BeginReloadAssembly (80ms)
		ExecutionOrderSort (0ms)
		DisableScriptedObjects (3ms)
		BackupInstance (0ms)
		ReleaseScriptingObjects (0ms)
		CreateAndSetChildDomain (27ms)
	RebuildCommonClasses (16ms)
	RebuildNativeTypeToScriptingClass (6ms)
	initialDomainReloadingComplete (9ms)
	LoadAllAssembliesAndSetupDomain (230ms)
		LoadAssemblies (175ms)
		RebuildTransferFunctionScriptingTraits (0ms)
		AnalyzeDomain (80ms)
			TypeCache.Refresh (7ms)
				TypeCache.ScanAssembly (0ms)
			BuildScriptInfoCaches (69ms)
			ResolveRequiredComponents (1ms)
	FinalizeReload (392ms)
		ReleaseScriptCaches (0ms)
		RebuildScriptCaches (0ms)
		SetupLoadedEditorAssemblies (345ms)
			LogAssemblyErrors (0ms)
			InitializePlatformSupportModulesInManaged (1ms)
			SetLoadedEditorAssemblies (2ms)
			BeforeProcessingInitializeOnLoad (83ms)
			ProcessInitializeOnLoadAttributes (162ms)
			ProcessInitializeOnLoadMethodAttributes (96ms)
			AfterProcessingInitializeOnLoad (0ms)
			EditorAssembliesLoaded (0ms)
		ExecutionOrderSort2 (0ms)
		AwakeInstancesAfterBackupRestoration (1ms)
Refreshing native plugins compatible for Editor in 1.44 ms, found 2 plugins.
Preloading 1 native plugins for Editor in 1.17 ms.
Unloading 43 Unused Serialized files (Serialized files now loaded: 0)
Unloading 5193 unused Assets / (13.9 MB). Loaded Objects now: 5832.
Memory consumption went from 145.3 MB to 131.4 MB.
Total: 7.528667 ms (FindLiveObjects: 0.178708 ms CreateObjectMapping: 0.073709 ms MarkObjects: 5.995541 ms  DeleteObjects: 1.280542 ms)

Prepare: number of updated asset objects reloaded= 0
========================================================================
Received Prepare
Refreshing native plugins compatible for Editor in 1.56 ms, found 2 plugins.
Preloading 1 native plugins for Editor in 1.16 ms.
Unloading 43 Unused Serialized files (Serialized files now loaded: 0)
Unloading 5148 unused Assets / (13.7 MB). Loaded Objects now: 5832.
Memory consumption went from 131.7 MB to 118.0 MB.
Total: 7.518291 ms (FindLiveObjects: 0.187459 ms CreateObjectMapping: 0.075791 ms MarkObjects: 6.095042 ms  DeleteObjects: 1.159916 ms)

Prepare: number of updated asset objects reloaded= 0
========================================================================
Received Prepare
Begin MonoManager ReloadAssembly
Thread 0x16b737000 may have been prematurely finalized
Symbol file LoadedFromMemory is not a mono symbol file
Symbol file LoadedFromMemory is not a mono symbol file
- Loaded All Assemblies, in  0.294 seconds
Refreshing native plugins compatible for Editor in 1.14 ms, found 2 plugins.
Native extension for OSXStandalone target not found
Native extension for WebGL target not found
Refreshing native plugins compatible for Editor in 1.09 ms, found 2 plugins.
[Package Manager] Failed to launch server process. Reason: Unity was launched with the -noUpm command-line argument
[Package Manager] Unable to send message (not connected to server process).
[Package Manager] Cannot connect to Unity Package Manager local server
ScheduleIndexationOnStartup MainProcess:False IndexOnStartup:True
Mono: successfully reloaded assembly
- Finished resetting the current domain, in  0.390 seconds
Domain Reload Profiling: 686ms
	BeginReloadAssembly (71ms)
		ExecutionOrderSort (0ms)
		DisableScriptedObjects (3ms)
		BackupInstance (0ms)
		ReleaseScriptingObjects (0ms)
		CreateAndSetChildDomain (21ms)
	RebuildCommonClasses (16ms)
	RebuildNativeTypeToScriptingClass (6ms)
	initialDomainReloadingComplete (10ms)
	LoadAllAssembliesAndSetupDomain (193ms)
		LoadAssemblies (148ms)
		RebuildTransferFunctionScriptingTraits (0ms)
		AnalyzeDomain (67ms)
			TypeCache.Refresh (6ms)
				TypeCache.ScanAssembly (0ms)
			BuildScriptInfoCaches (59ms)
			ResolveRequiredComponents (1ms)
	FinalizeReload (390ms)
		ReleaseScriptCaches (0ms)
		RebuildScriptCaches (0ms)
		SetupLoadedEditorAssemblies (343ms)
			LogAssemblyErrors (0ms)
			InitializePlatformSupportModulesInManaged (1ms)
			SetLoadedEditorAssemblies (2ms)
			BeforeProcessingInitializeOnLoad (82ms)
			ProcessInitializeOnLoadAttributes (163ms)
			ProcessInitializeOnLoadMethodAttributes (95ms)
			AfterProcessingInitializeOnLoad (1ms)
			EditorAssembliesLoaded (0ms)
		ExecutionOrderSort2 (0ms)
		AwakeInstancesAfterBackupRestoration (1ms)
Refreshing native plugins compatible for Editor in 1.40 ms, found 2 plugins.
Preloading 1 native plugins for Editor in 1.20 ms.
Unloading 43 Unused Serialized files (Serialized files now loaded: 0)
Unloading 5193 unused Assets / (13.4 MB). Loaded Objects now: 5836.
Memory consumption went from 145.3 MB to 131.9 MB.
Total: 7.628542 ms (FindLiveObjects: 0.188084 ms CreateObjectMapping: 0.073500 ms MarkObjects: 6.281834 ms  DeleteObjects: 1.085000 ms)

Prepare: number of updated asset objects reloaded= 0
========================================================================
Received Prepare
Refreshing native plugins compatible for Editor in 1.77 ms, found 2 plugins.
Preloading 1 native plugins for Editor in 1.21 ms.
Unloading 43 Unused Serialized files (Serialized files now loaded: 0)
Unloading 5148 unused Assets / (13.7 MB). Loaded Objects now: 5836.
Memory consumption went from 131.7 MB to 118.1 MB.
Total: 7.579542 ms (FindLiveObjects: 0.181666 ms CreateObjectMapping: 0.074292 ms MarkObjects: 6.152041 ms  DeleteObjects: 1.171459 ms)

Prepare: number of updated asset objects reloaded= 0
========================================================================
Received Prepare
Begin MonoManager ReloadAssembly
[Licensing::Client] Successfully resolved entitlement details
[Licensing::Module] License group:
  Id: F4-85AS-8ZW6-XMRF-425Z-XXXX
  Product: Unity Personal
  Type: ULF
  Expiration: Unlimited
[Licensing::Module] License group:
  Id: 6872810951280-UnityPersXXXX
  Product: Unity Personal
  Type: Assigned
  Expiration: Unlimited
Thread 0x16b737000 may have been prematurely finalized
Symbol file LoadedFromMemory is not a mono symbol file
Symbol file LoadedFromMemory is not a mono symbol file
- Loaded All Assemblies, in  0.302 seconds
Refreshing native plugins compatible for Editor in 1.10 ms, found 2 plugins.
Native extension for OSXStandalone target not found
Native extension for WebGL target not found
Refreshing native plugins compatible for Editor in 1.21 ms, found 2 plugins.
[Package Manager] Failed to launch server process. Reason: Unity was launched with the -noUpm command-line argument
[Package Manager] Unable to send message (not connected to server process).
[Package Manager] Cannot connect to Unity Package Manager local server
ScheduleIndexationOnStartup MainProcess:False IndexOnStartup:True
Mono: successfully reloaded assembly
- Finished resetting the current domain, in  0.394 seconds
Domain Reload Profiling: 697ms
	BeginReloadAssembly (75ms)
		ExecutionOrderSort (0ms)
		DisableScriptedObjects (3ms)
		BackupInstance (0ms)
		ReleaseScriptingObjects (0ms)
		CreateAndSetChildDomain (23ms)
	RebuildCommonClasses (16ms)
	RebuildNativeTypeToScriptingClass (6ms)
	initialDomainReloadingComplete (10ms)
	LoadAllAssembliesAndSetupDomain (196ms)
		LoadAssemblies (151ms)
		RebuildTransferFunctionScriptingTraits (0ms)
		AnalyzeDomain (68ms)
			TypeCache.Refresh (5ms)
				TypeCache.ScanAssembly (0ms)
			BuildScriptInfoCaches (60ms)
			ResolveRequiredComponents (1ms)
	FinalizeReload (394ms)
		ReleaseScriptCaches (0ms)
		RebuildScriptCaches (0ms)
		SetupLoadedEditorAssemblies (345ms)
			LogAssemblyErrors (0ms)
			InitializePlatformSupportModulesInManaged (1ms)
			SetLoadedEditorAssemblies (2ms)
			BeforeProcessingInitializeOnLoad (84ms)
			ProcessInitializeOnLoadAttributes (161ms)
			ProcessInitializeOnLoadMethodAttributes (96ms)
			AfterProcessingInitializeOnLoad (0ms)
			EditorAssembliesLoaded (0ms)
		ExecutionOrderSort2 (0ms)
		AwakeInstancesAfterBackupRestoration (1ms)
Refreshing native plugins compatible for Editor in 1.00 ms, found 2 plugins.
Preloading 1 native plugins for Editor in 1.15 ms.
Unloading 43 Unused Serialized files (Serialized files now loaded: 0)
Unloading 5193 unused Assets / (13.5 MB). Loaded Objects now: 5840.
Memory consumption went from 145.3 MB to 131.8 MB.
Total: 7.299167 ms (FindLiveObjects: 0.162125 ms CreateObjectMapping: 0.089375 ms MarkObjects: 6.135000 ms  DeleteObjects: 0.912584 ms)

Prepare: number of updated asset objects reloaded= 0
========================================================================
Received Prepare
Refreshing native plugins compatible for Editor in 1.06 ms, found 2 plugins.
Preloading 1 native plugins for Editor in 1.12 ms.
Unloading 43 Unused Serialized files (Serialized files now loaded: 0)
Unloading 5148 unused Assets / (13.7 MB). Loaded Objects now: 5840.
Memory consumption went from 131.7 MB to 118.0 MB.
Total: 7.604833 ms (FindLiveObjects: 0.179125 ms CreateObjectMapping: 0.088708 ms MarkObjects: 6.117292 ms  DeleteObjects: 1.219500 ms)

Prepare: number of updated asset objects reloaded= 0
========================================================================
Received Prepare
Refreshing native plugins compatible for Editor in 1.48 ms, found 2 plugins.
Preloading 1 native plugins for Editor in 1.22 ms.
Unloading 43 Unused Serialized files (Serialized files now loaded: 0)
Unloading 5148 unused Assets / (13.5 MB). Loaded Objects now: 5840.
Memory consumption went from 131.7 MB to 118.2 MB.
Total: 7.558167 ms (FindLiveObjects: 0.186166 ms CreateObjectMapping: 0.084042 ms MarkObjects: 6.013375 ms  DeleteObjects: 1.274292 ms)

Prepare: number of updated asset objects reloaded= 0
========================================================================
Received Prepare
Refreshing native plugins compatible for Editor in 1.41 ms, found 2 plugins.
Preloading 1 native plugins for Editor in 1.15 ms.
Unloading 43 Unused Serialized files (Serialized files now loaded: 0)
Unloading 5148 unused Assets / (13.7 MB). Loaded Objects now: 5840.
Memory consumption went from 131.7 MB to 118.1 MB.
Total: 7.420959 ms (FindLiveObjects: 0.185917 ms CreateObjectMapping: 0.079791 ms MarkObjects: 5.987792 ms  DeleteObjects: 1.167208 ms)

Prepare: number of updated asset objects reloaded= 0
========================================================================
Received Prepare
Refreshing native plugins compatible for Editor in 1.09 ms, found 2 plugins.
Preloading 1 native plugins for Editor in 1.18 ms.
Unloading 43 Unused Serialized files (Serialized files now loaded: 0)
Unloading 5148 unused Assets / (11.2 MB). Loaded Objects now: 5840.
Memory consumption went from 131.7 MB to 120.5 MB.
Total: 7.881708 ms (FindLiveObjects: 0.192917 ms CreateObjectMapping: 0.077291 ms MarkObjects: 6.727542 ms  DeleteObjects: 0.883625 ms)

Prepare: number of updated asset objects reloaded= 0
========================================================================
Received Prepare
Begin MonoManager ReloadAssembly
[Licensing::Client] Successfully resolved entitlement details
[Licensing::Module] License group:
  Id: F4-85AS-8ZW6-XMRF-425Z-XXXX
  Product: Unity Personal
  Type: ULF
  Expiration: Unlimited
[Licensing::Module] License group:
  Id: 6872810951280-UnityPersXXXX
  Product: Unity Personal
  Type: Assigned
  Expiration: Unlimited
Thread 0x16b737000 may have been prematurely finalized
Symbol file LoadedFromMemory is not a mono symbol file
Symbol file LoadedFromMemory is not a mono symbol file
- Loaded All Assemblies, in  0.323 seconds
Refreshing native plugins compatible for Editor in 1.45 ms, found 2 plugins.
Native extension for OSXStandalone target not found
Native extension for WebGL target not found
Refreshing native plugins compatible for Editor in 1.13 ms, found 2 plugins.
[Package Manager] Failed to launch server process. Reason: Unity was launched with the -noUpm command-line argument
[Package Manager] Unable to send message (not connected to server process).
[Package Manager] Cannot connect to Unity Package Manager local server
ScheduleIndexationOnStartup MainProcess:False IndexOnStartup:True
Mono: successfully reloaded assembly
- Finished resetting the current domain, in  0.389 seconds
Domain Reload Profiling: 713ms
	BeginReloadAssembly (71ms)
		ExecutionOrderSort (0ms)
		DisableScriptedObjects (3ms)
		BackupInstance (0ms)
		ReleaseScriptingObjects (0ms)
		CreateAndSetChildDomain (21ms)
	RebuildCommonClasses (16ms)
	RebuildNativeTypeToScriptingClass (6ms)
	initialDomainReloadingComplete (9ms)
	LoadAllAssembliesAndSetupDomain (221ms)
		LoadAssemblies (178ms)
		RebuildTransferFunctionScriptingTraits (0ms)
		AnalyzeDomain (66ms)
			TypeCache.Refresh (7ms)
				TypeCache.ScanAssembly (0ms)
			BuildScriptInfoCaches (56ms)
			ResolveRequiredComponents (1ms)
	FinalizeReload (389ms)
		ReleaseScriptCaches (0ms)
		RebuildScriptCaches (0ms)
		SetupLoadedEditorAssemblies (342ms)
			LogAssemblyErrors (0ms)
			InitializePlatformSupportModulesInManaged (1ms)
			SetLoadedEditorAssemblies (2ms)
			BeforeProcessingInitializeOnLoad (83ms)
			ProcessInitializeOnLoadAttributes (160ms)
			ProcessInitializeOnLoadMethodAttributes (96ms)
			AfterProcessingInitializeOnLoad (0ms)
			EditorAssembliesLoaded (0ms)
		ExecutionOrderSort2 (0ms)
		AwakeInstancesAfterBackupRestoration (1ms)
Refreshing native plugins compatible for Editor in 0.97 ms, found 2 plugins.
Preloading 1 native plugins for Editor in 1.15 ms.
Unloading 43 Unused Serialized files (Serialized files now loaded: 0)
Unloading 5193 unused Assets / (13.4 MB). Loaded Objects now: 5844.
Memory consumption went from 145.3 MB to 131.9 MB.
Total: 7.418916 ms (FindLiveObjects: 0.164167 ms CreateObjectMapping: 0.097791 ms MarkObjects: 6.235500 ms  DeleteObjects: 0.921375 ms)

Prepare: number of updated asset objects reloaded= 0
========================================================================
Received Prepare
Refreshing native plugins compatible for Editor in 1.49 ms, found 2 plugins.
Preloading 1 native plugins for Editor in 1.18 ms.
Unloading 43 Unused Serialized files (Serialized files now loaded: 0)
Unloading 5148 unused Assets / (13.6 MB). Loaded Objects now: 5844.
Memory consumption went from 131.8 MB to 118.1 MB.
Total: 7.662333 ms (FindLiveObjects: 0.184375 ms CreateObjectMapping: 0.074250 ms MarkObjects: 6.200125 ms  DeleteObjects: 1.203416 ms)

Prepare: number of updated asset objects reloaded= 0
========================================================================
Received Prepare
Refreshing native plugins compatible for Editor in 1.47 ms, found 2 plugins.
Preloading 1 native plugins for Editor in 1.16 ms.
Unloading 43 Unused Serialized files (Serialized files now loaded: 0)
Unloading 5148 unused Assets / (13.5 MB). Loaded Objects now: 5844.
Memory consumption went from 131.7 MB to 118.2 MB.
Total: 7.519833 ms (FindLiveObjects: 0.179916 ms CreateObjectMapping: 0.078334 ms MarkObjects: 6.146833 ms  DeleteObjects: 1.114334 ms)

Prepare: number of updated asset objects reloaded= 0
========================================================================
Received Prepare
Refreshing native plugins compatible for Editor in 1.51 ms, found 2 plugins.
Preloading 1 native plugins for Editor in 1.19 ms.
Unloading 43 Unused Serialized files (Serialized files now loaded: 0)
Unloading 5148 unused Assets / (13.6 MB). Loaded Objects now: 5844.
Memory consumption went from 131.7 MB to 118.2 MB.
Total: 7.021666 ms (FindLiveObjects: 0.185500 ms CreateObjectMapping: 0.083583 ms MarkObjects: 5.644375 ms  DeleteObjects: 1.108041 ms)

Prepare: number of updated asset objects reloaded= 0
========================================================================
Received Prepare
Refreshing native plugins compatible for Editor in 1.52 ms, found 2 plugins.
Preloading 1 native plugins for Editor in 1.17 ms.
Unloading 43 Unused Serialized files (Serialized files now loaded: 0)
Unloading 5148 unused Assets / (13.7 MB). Loaded Objects now: 5844.
Memory consumption went from 131.8 MB to 118.0 MB.
Total: 7.408291 ms (FindLiveObjects: 0.182167 ms CreateObjectMapping: 0.072667 ms MarkObjects: 5.976041 ms  DeleteObjects: 1.177083 ms)

Prepare: number of updated asset objects reloaded= 0
========================================================================
Received Prepare
Refreshing native plugins compatible for Editor in 1.47 ms, found 2 plugins.
Preloading 1 native plugins for Editor in 1.20 ms.
Unloading 43 Unused Serialized files (Serialized files now loaded: 0)
Unloading 5148 unused Assets / (13.7 MB). Loaded Objects now: 5844.
Memory consumption went from 131.7 MB to 118.1 MB.
Total: 7.486417 ms (FindLiveObjects: 0.186000 ms CreateObjectMapping: 0.082375 ms MarkObjects: 6.043625 ms  DeleteObjects: 1.174208 ms)

Prepare: number of updated asset objects reloaded= 0
========================================================================
Received Prepare
Refreshing native plugins compatible for Editor in 1.47 ms, found 2 plugins.
Preloading 1 native plugins for Editor in 1.17 ms.
Unloading 43 Unused Serialized files (Serialized files now loaded: 0)
Unloading 5148 unused Assets / (13.6 MB). Loaded Objects now: 5844.
Memory consumption went from 131.7 MB to 118.1 MB.
Total: 7.422917 ms (FindLiveObjects: 0.192250 ms CreateObjectMapping: 0.075916 ms MarkObjects: 5.982292 ms  DeleteObjects: 1.172334 ms)

Prepare: number of updated asset objects reloaded= 0
========================================================================
Received Prepare
Begin MonoManager ReloadAssembly
[Licensing::Client] Successfully resolved entitlement details
[Licensing::Module] License group:
  Id: F4-85AS-8ZW6-XMRF-425Z-XXXX
  Product: Unity Personal
  Type: ULF
  Expiration: Unlimited
[Licensing::Module] License group:
  Id: 6872810951280-UnityPersXXXX
  Product: Unity Personal
  Type: Assigned
  Expiration: Unlimited
Thread 0x16b737000 may have been prematurely finalized
Symbol file LoadedFromMemory is not a mono symbol file
Symbol file LoadedFromMemory is not a mono symbol file
- Loaded All Assemblies, in  0.302 seconds
Refreshing native plugins compatible for Editor in 1.09 ms, found 2 plugins.
Native extension for OSXStandalone target not found
Native extension for WebGL target not found
Refreshing native plugins compatible for Editor in 1.11 ms, found 2 plugins.
[Package Manager] Failed to launch server process. Reason: Unity was launched with the -noUpm command-line argument
[Package Manager] Unable to send message (not connected to server process).
[Package Manager] Cannot connect to Unity Package Manager local server
ScheduleIndexationOnStartup MainProcess:False IndexOnStartup:True
Mono: successfully reloaded assembly
- Finished resetting the current domain, in  0.392 seconds
Domain Reload Profiling: 695ms
	BeginReloadAssembly (72ms)
		ExecutionOrderSort (0ms)
		DisableScriptedObjects (3ms)
		BackupInstance (0ms)
		ReleaseScriptingObjects (0ms)
		CreateAndSetChildDomain (22ms)
	RebuildCommonClasses (16ms)
	RebuildNativeTypeToScriptingClass (6ms)
	initialDomainReloadingComplete (9ms)
	LoadAllAssembliesAndSetupDomain (199ms)
		LoadAssemblies (155ms)
		RebuildTransferFunctionScriptingTraits (0ms)
		AnalyzeDomain (66ms)
			TypeCache.Refresh (6ms)
				TypeCache.ScanAssembly (0ms)
			BuildScriptInfoCaches (57ms)
			ResolveRequiredComponents (1ms)
	FinalizeReload (392ms)
		ReleaseScriptCaches (0ms)
		RebuildScriptCaches (0ms)
		SetupLoadedEditorAssemblies (346ms)
			LogAssemblyErrors (0ms)
			InitializePlatformSupportModulesInManaged (1ms)
			SetLoadedEditorAssemblies (2ms)
			BeforeProcessingInitializeOnLoad (85ms)
			ProcessInitializeOnLoadAttributes (161ms)
			ProcessInitializeOnLoadMethodAttributes (97ms)
			AfterProcessingInitializeOnLoad (0ms)
			EditorAssembliesLoaded (0ms)
		ExecutionOrderSort2 (0ms)
		AwakeInstancesAfterBackupRestoration (1ms)
Refreshing native plugins compatible for Editor in 1.11 ms, found 2 plugins.
Preloading 1 native plugins for Editor in 1.12 ms.
Unloading 43 Unused Serialized files (Serialized files now loaded: 0)
Unloading 5193 unused Assets / (13.8 MB). Loaded Objects now: 5848.
Memory consumption went from 145.3 MB to 131.6 MB.
Total: 7.547709 ms (FindLiveObjects: 0.176708 ms CreateObjectMapping: 0.076167 ms MarkObjects: 6.045458 ms  DeleteObjects: 1.249042 ms)

Prepare: number of updated asset objects reloaded= 0
========================================================================
Received Prepare
Refreshing native plugins compatible for Editor in 1.49 ms, found 2 plugins.
Preloading 1 native plugins for Editor in 1.24 ms.
Unloading 43 Unused Serialized files (Serialized files now loaded: 0)
Unloading 5148 unused Assets / (13.0 MB). Loaded Objects now: 5848.
Memory consumption went from 131.8 MB to 118.8 MB.
Total: 8.454416 ms (FindLiveObjects: 0.190042 ms CreateObjectMapping: 0.102791 ms MarkObjects: 6.843459 ms  DeleteObjects: 1.317916 ms)

Prepare: number of updated asset objects reloaded= 0
========================================================================
Received Prepare
Begin MonoManager ReloadAssembly
Thread 0x16b737000 may have been prematurely finalized
Symbol file LoadedFromMemory is not a mono symbol file
Symbol file LoadedFromMemory is not a mono symbol file
- Loaded All Assemblies, in  0.322 seconds
Refreshing native plugins compatible for Editor in 1.26 ms, found 2 plugins.
Native extension for OSXStandalone target not found
Native extension for WebGL target not found
Refreshing native plugins compatible for Editor in 1.08 ms, found 2 plugins.
[Package Manager] Failed to launch server process. Reason: Unity was launched with the -noUpm command-line argument
[Package Manager] Unable to send message (not connected to server process).
[Package Manager] Cannot connect to Unity Package Manager local server
ScheduleIndexationOnStartup MainProcess:False IndexOnStartup:True
Mono: successfully reloaded assembly
- Finished resetting the current domain, in  0.381 seconds
Domain Reload Profiling: 705ms
	BeginReloadAssembly (72ms)
		ExecutionOrderSort (0ms)
		DisableScriptedObjects (3ms)
		BackupInstance (0ms)
		ReleaseScriptingObjects (0ms)
		CreateAndSetChildDomain (21ms)
	RebuildCommonClasses (16ms)
	RebuildNativeTypeToScriptingClass (6ms)
	initialDomainReloadingComplete (9ms)
	LoadAllAssembliesAndSetupDomain (220ms)
		LoadAssemblies (177ms)
		RebuildTransferFunctionScriptingTraits (0ms)
		AnalyzeDomain (66ms)
			TypeCache.Refresh (7ms)
				TypeCache.ScanAssembly (0ms)
			BuildScriptInfoCaches (56ms)
			ResolveRequiredComponents (1ms)
	FinalizeReload (381ms)
		ReleaseScriptCaches (0ms)
		RebuildScriptCaches (0ms)
		SetupLoadedEditorAssemblies (335ms)
			LogAssemblyErrors (0ms)
			InitializePlatformSupportModulesInManaged (1ms)
			SetLoadedEditorAssemblies (2ms)
			BeforeProcessingInitializeOnLoad (80ms)
			ProcessInitializeOnLoadAttributes (160ms)
			ProcessInitializeOnLoadMethodAttributes (92ms)
			AfterProcessingInitializeOnLoad (0ms)
			EditorAssembliesLoaded (0ms)
		ExecutionOrderSort2 (0ms)
		AwakeInstancesAfterBackupRestoration (1ms)
Refreshing native plugins compatible for Editor in 1.51 ms, found 2 plugins.
Preloading 1 native plugins for Editor in 1.19 ms.
Unloading 43 Unused Serialized files (Serialized files now loaded: 0)
Unloading 5193 unused Assets / (14.3 MB). Loaded Objects now: 5852.
Memory consumption went from 145.3 MB to 131.1 MB.
Total: 7.656875 ms (FindLiveObjects: 0.175584 ms CreateObjectMapping: 0.070750 ms MarkObjects: 6.079959 ms  DeleteObjects: 1.330334 ms)

Prepare: number of updated asset objects reloaded= 0
========================================================================
Received Prepare
Refreshing native plugins compatible for Editor in 1.43 ms, found 2 plugins.
Preloading 1 native plugins for Editor in 1.18 ms.
Unloading 43 Unused Serialized files (Serialized files now loaded: 0)
Unloading 5148 unused Assets / (13.7 MB). Loaded Objects now: 5852.
Memory consumption went from 131.8 MB to 118.1 MB.
Total: 7.764875 ms (FindLiveObjects: 0.185750 ms CreateObjectMapping: 0.072125 ms MarkObjects: 6.206833 ms  DeleteObjects: 1.299959 ms)

Prepare: number of updated asset objects reloaded= 0
========================================================================
Received Prepare
Refreshing native plugins compatible for Editor in 1.53 ms, found 2 plugins.
Preloading 1 native plugins for Editor in 1.18 ms.
Unloading 43 Unused Serialized files (Serialized files now loaded: 0)
Unloading 5148 unused Assets / (13.7 MB). Loaded Objects now: 5852.
Memory consumption went from 131.8 MB to 118.1 MB.
Total: 7.233792 ms (FindLiveObjects: 0.181041 ms CreateObjectMapping: 0.068750 ms MarkObjects: 5.833667 ms  DeleteObjects: 1.150166 ms)

Prepare: number of updated asset objects reloaded= 0
========================================================================
Received Prepare
Refreshing native plugins compatible for Editor in 1.54 ms, found 2 plugins.
Preloading 1 native plugins for Editor in 1.16 ms.
Unloading 43 Unused Serialized files (Serialized files now loaded: 0)
Unloading 5148 unused Assets / (13.6 MB). Loaded Objects now: 5852.
Memory consumption went from 131.8 MB to 118.2 MB.
Total: 7.482625 ms (FindLiveObjects: 0.182667 ms CreateObjectMapping: 0.087291 ms MarkObjects: 5.961000 ms  DeleteObjects: 1.251500 ms)

Prepare: number of updated asset objects reloaded= 0
========================================================================
Received Prepare
Refreshing native plugins compatible for Editor in 1.45 ms, found 2 plugins.
Preloading 1 native plugins for Editor in 1.15 ms.
Unloading 43 Unused Serialized files (Serialized files now loaded: 0)
Unloading 5148 unused Assets / (13.8 MB). Loaded Objects now: 5852.
Memory consumption went from 131.8 MB to 118.0 MB.
Total: 7.428541 ms (FindLiveObjects: 0.188750 ms CreateObjectMapping: 0.069541 ms MarkObjects: 5.928334 ms  DeleteObjects: 1.241791 ms)

Prepare: number of updated asset objects reloaded= 0
========================================================================
Received Prepare
Refreshing native plugins compatible for Editor in 1.48 ms, found 2 plugins.
Preloading 1 native plugins for Editor in 1.17 ms.
Unloading 43 Unused Serialized files (Serialized files now loaded: 0)
Unloading 5148 unused Assets / (13.6 MB). Loaded Objects now: 5852.
Memory consumption went from 131.8 MB to 118.2 MB.
Total: 7.314167 ms (FindLiveObjects: 0.187167 ms CreateObjectMapping: 0.073416 ms MarkObjects: 5.919917 ms  DeleteObjects: 1.133417 ms)

Prepare: number of updated asset objects reloaded= 0
========================================================================
Received Prepare
Refreshing native plugins compatible for Editor in 1.43 ms, found 2 plugins.
Preloading 1 native plugins for Editor in 1.16 ms.
Unloading 43 Unused Serialized files (Serialized files now loaded: 0)
Unloading 5148 unused Assets / (13.6 MB). Loaded Objects now: 5852.
Memory consumption went from 131.8 MB to 118.1 MB.
Total: 7.436459 ms (FindLiveObjects: 0.194042 ms CreateObjectMapping: 0.082417 ms MarkObjects: 6.016833 ms  DeleteObjects: 1.143000 ms)

Prepare: number of updated asset objects reloaded= 0
========================================================================
Received Prepare
Refreshing native plugins compatible for Editor in 1.51 ms, found 2 plugins.
Preloading 1 native plugins for Editor in 1.18 ms.
Unloading 43 Unused Serialized files (Serialized files now loaded: 0)
Unloading 5148 unused Assets / (14.0 MB). Loaded Objects now: 5852.
Memory consumption went from 131.8 MB to 117.7 MB.
Total: 7.692750 ms (FindLiveObjects: 0.186791 ms CreateObjectMapping: 0.079917 ms MarkObjects: 6.105167 ms  DeleteObjects: 1.320667 ms)

Prepare: number of updated asset objects reloaded= 0
========================================================================
Received Prepare
Refreshing native plugins compatible for Editor in 1.43 ms, found 2 plugins.
Preloading 1 native plugins for Editor in 1.26 ms.
Unloading 43 Unused Serialized files (Serialized files now loaded: 0)
Unloading 5148 unused Assets / (12.4 MB). Loaded Objects now: 5852.
Memory consumption went from 131.8 MB to 119.4 MB.
Total: 7.907916 ms (FindLiveObjects: 0.195000 ms CreateObjectMapping: 0.082667 ms MarkObjects: 6.545000 ms  DeleteObjects: 1.084958 ms)

Prepare: number of updated asset objects reloaded= 0
========================================================================
Received Prepare
Refreshing native plugins compatible for Editor in 1.55 ms, found 2 plugins.
Preloading 1 native plugins for Editor in 1.17 ms.
Unloading 43 Unused Serialized files (Serialized files now loaded: 0)
Unloading 5148 unused Assets / (13.5 MB). Loaded Objects now: 5852.
Memory consumption went from 131.8 MB to 118.3 MB.
Total: 7.398833 ms (FindLiveObjects: 0.187458 ms CreateObjectMapping: 0.072750 ms MarkObjects: 5.990167 ms  DeleteObjects: 1.148417 ms)

Prepare: number of updated asset objects reloaded= 0
========================================================================
Received Prepare
Refreshing native plugins compatible for Editor in 1.29 ms, found 2 plugins.
Preloading 1 native plugins for Editor in 1.17 ms.
Unloading 43 Unused Serialized files (Serialized files now loaded: 0)
Unloading 5148 unused Assets / (13.5 MB). Loaded Objects now: 5852.
Memory consumption went from 131.8 MB to 118.3 MB.
Total: 7.500167 ms (FindLiveObjects: 0.185208 ms CreateObjectMapping: 0.075709 ms MarkObjects: 6.059166 ms  DeleteObjects: 1.180000 ms)

Prepare: number of updated asset objects reloaded= 0
========================================================================
Received Prepare
Refreshing native plugins compatible for Editor in 1.72 ms, found 2 plugins.
Preloading 1 native plugins for Editor in 1.26 ms.
Unloading 43 Unused Serialized files (Serialized files now loaded: 0)
Unloading 5148 unused Assets / (12.4 MB). Loaded Objects now: 5852.
Memory consumption went from 131.8 MB to 119.4 MB.
Total: 7.910500 ms (FindLiveObjects: 0.185583 ms CreateObjectMapping: 0.073667 ms MarkObjects: 6.510625 ms  DeleteObjects: 1.140417 ms)

Prepare: number of updated asset objects reloaded= 0
========================================================================
Received Prepare
Refreshing native plugins compatible for Editor in 1.53 ms, found 2 plugins.
Preloading 1 native plugins for Editor in 1.19 ms.
Unloading 43 Unused Serialized files (Serialized files now loaded: 0)
Unloading 5148 unused Assets / (13.7 MB). Loaded Objects now: 5852.
Memory consumption went from 131.8 MB to 118.0 MB.
Total: 7.549292 ms (FindLiveObjects: 0.182333 ms CreateObjectMapping: 0.068833 ms MarkObjects: 6.092375 ms  DeleteObjects: 1.205583 ms)

Prepare: number of updated asset objects reloaded= 0
========================================================================
Received Prepare
Refreshing native plugins compatible for Editor in 1.52 ms, found 2 plugins.
Preloading 1 native plugins for Editor in 1.17 ms.
Unloading 43 Unused Serialized files (Serialized files now loaded: 0)
Unloading 5148 unused Assets / (13.8 MB). Loaded Objects now: 5852.
Memory consumption went from 131.8 MB to 117.9 MB.
Total: 7.648333 ms (FindLiveObjects: 0.181625 ms CreateObjectMapping: 0.106083 ms MarkObjects: 6.098834 ms  DeleteObjects: 1.261583 ms)

Prepare: number of updated asset objects reloaded= 0
========================================================================
Received Prepare
Refreshing native plugins compatible for Editor in 1.53 ms, found 2 plugins.
Preloading 1 native plugins for Editor in 1.17 ms.
Unloading 43 Unused Serialized files (Serialized files now loaded: 0)
Unloading 5148 unused Assets / (13.6 MB). Loaded Objects now: 5852.
Memory consumption went from 131.8 MB to 118.2 MB.
Total: 7.389166 ms (FindLiveObjects: 0.184625 ms CreateObjectMapping: 0.072000 ms MarkObjects: 5.985042 ms  DeleteObjects: 1.147292 ms)

Prepare: number of updated asset objects reloaded= 0
========================================================================
Received Prepare
Refreshing native plugins compatible for Editor in 1.36 ms, found 2 plugins.
Preloading 1 native plugins for Editor in 1.19 ms.
Unloading 43 Unused Serialized files (Serialized files now loaded: 0)
Unloading 5148 unused Assets / (13.7 MB). Loaded Objects now: 5852.
Memory consumption went from 131.8 MB to 118.1 MB.
Total: 7.425542 ms (FindLiveObjects: 0.184333 ms CreateObjectMapping: 0.073125 ms MarkObjects: 5.988875 ms  DeleteObjects: 1.178958 ms)

Prepare: number of updated asset objects reloaded= 0
========================================================================
Received Prepare
Begin MonoManager ReloadAssembly
[Licensing::Client] Successfully resolved entitlement details
[Licensing::Module] License group:
  Id: F4-85AS-8ZW6-XMRF-425Z-XXXX
  Product: Unity Personal
  Type: ULF
  Expiration: Unlimited
[Licensing::Module] License group:
  Id: 6872810951280-UnityPersXXXX
  Product: Unity Personal
  Type: Assigned
  Expiration: Unlimited
Thread 0x16b737000 may have been prematurely finalized
Symbol file LoadedFromMemory is not a mono symbol file
Symbol file LoadedFromMemory is not a mono symbol file
- Loaded All Assemblies, in  0.305 seconds
Refreshing native plugins compatible for Editor in 1.51 ms, found 2 plugins.
Native extension for OSXStandalone target not found
Native extension for WebGL target not found
Refreshing native plugins compatible for Editor in 1.15 ms, found 2 plugins.
[Package Manager] Failed to launch server process. Reason: Unity was launched with the -noUpm command-line argument
[Package Manager] Unable to send message (not connected to server process).
[Package Manager] Cannot connect to Unity Package Manager local server
ScheduleIndexationOnStartup MainProcess:False IndexOnStartup:True
Mono: successfully reloaded assembly
- Finished resetting the current domain, in  0.392 seconds
Domain Reload Profiling: 699ms
	BeginReloadAssembly (70ms)
		ExecutionOrderSort (0ms)
		DisableScriptedObjects (3ms)
		BackupInstance (0ms)
		ReleaseScriptingObjects (0ms)
		CreateAndSetChildDomain (21ms)
	RebuildCommonClasses (16ms)
	RebuildNativeTypeToScriptingClass (6ms)
	initialDomainReloadingComplete (9ms)
	LoadAllAssembliesAndSetupDomain (206ms)
		LoadAssemblies (158ms)
		RebuildTransferFunctionScriptingTraits (0ms)
		AnalyzeDomain (68ms)
			TypeCache.Refresh (7ms)
				TypeCache.ScanAssembly (0ms)
			BuildScriptInfoCaches (58ms)
			ResolveRequiredComponents (1ms)
	FinalizeReload (392ms)
		ReleaseScriptCaches (0ms)
		RebuildScriptCaches (0ms)
		SetupLoadedEditorAssemblies (345ms)
			LogAssemblyErrors (0ms)
			InitializePlatformSupportModulesInManaged (1ms)
			SetLoadedEditorAssemblies (2ms)
			BeforeProcessingInitializeOnLoad (81ms)
			ProcessInitializeOnLoadAttributes (163ms)
			ProcessInitializeOnLoadMethodAttributes (97ms)
			AfterProcessingInitializeOnLoad (0ms)
			EditorAssembliesLoaded (0ms)
		ExecutionOrderSort2 (0ms)
		AwakeInstancesAfterBackupRestoration (1ms)
Refreshing native plugins compatible for Editor in 1.07 ms, found 2 plugins.
Preloading 1 native plugins for Editor in 1.16 ms.
Unloading 43 Unused Serialized files (Serialized files now loaded: 0)
Unloading 5193 unused Assets / (13.5 MB). Loaded Objects now: 5856.
Memory consumption went from 145.4 MB to 131.8 MB.
Total: 7.541542 ms (FindLiveObjects: 0.192875 ms CreateObjectMapping: 0.072041 ms MarkObjects: 6.110042 ms  DeleteObjects: 1.166458 ms)

Prepare: number of updated asset objects reloaded= 0
========================================================================
Received Prepare
Refreshing native plugins compatible for Editor in 0.96 ms, found 2 plugins.
Preloading 1 native plugins for Editor in 1.14 ms.
Unloading 43 Unused Serialized files (Serialized files now loaded: 0)
Unloading 5148 unused Assets / (13.5 MB). Loaded Objects now: 5856.
Memory consumption went from 131.8 MB to 118.3 MB.
Total: 7.614750 ms (FindLiveObjects: 0.167541 ms CreateObjectMapping: 0.096709 ms MarkObjects: 6.405083 ms  DeleteObjects: 0.945292 ms)

Prepare: number of updated asset objects reloaded= 0
========================================================================
Received Prepare
Refreshing native plugins compatible for Editor in 1.55 ms, found 2 plugins.
Preloading 1 native plugins for Editor in 1.18 ms.
Unloading 43 Unused Serialized files (Serialized files now loaded: 0)
Unloading 5148 unused Assets / (12.1 MB). Loaded Objects now: 5856.
Memory consumption went from 131.8 MB to 119.7 MB.
Total: 7.809458 ms (FindLiveObjects: 0.180167 ms CreateObjectMapping: 0.077042 ms MarkObjects: 6.421375 ms  DeleteObjects: 1.130625 ms)

Prepare: number of updated asset objects reloaded= 0
========================================================================
Received Prepare
Refreshing native plugins compatible for Editor in 1.40 ms, found 2 plugins.
Preloading 1 native plugins for Editor in 1.17 ms.
Unloading 43 Unused Serialized files (Serialized files now loaded: 0)
Unloading 5148 unused Assets / (13.6 MB). Loaded Objects now: 5856.
Memory consumption went from 131.8 MB to 118.2 MB.
Total: 7.514542 ms (FindLiveObjects: 0.181875 ms CreateObjectMapping: 0.078584 ms MarkObjects: 6.027959 ms  DeleteObjects: 1.225875 ms)

Prepare: number of updated asset objects reloaded= 0
========================================================================
Received Prepare
Refreshing native plugins compatible for Editor in 1.48 ms, found 2 plugins.
Preloading 1 native plugins for Editor in 1.15 ms.
Unloading 43 Unused Serialized files (Serialized files now loaded: 0)
Unloading 5148 unused Assets / (13.6 MB). Loaded Objects now: 5856.
Memory consumption went from 131.8 MB to 118.2 MB.
Total: 7.452958 ms (FindLiveObjects: 0.184667 ms CreateObjectMapping: 0.082167 ms MarkObjects: 6.016416 ms  DeleteObjects: 1.169542 ms)

Prepare: number of updated asset objects reloaded= 0
========================================================================
Received Prepare
Begin MonoManager ReloadAssembly
Thread 0x16b737000 may have been prematurely finalized
Symbol file LoadedFromMemory is not a mono symbol file
Symbol file LoadedFromMemory is not a mono symbol file
- Loaded All Assemblies, in  0.305 seconds
Refreshing native plugins compatible for Editor in 1.47 ms, found 2 plugins.
Native extension for OSXStandalone target not found
Native extension for WebGL target not found
Refreshing native plugins compatible for Editor in 1.22 ms, found 2 plugins.
[Package Manager] Failed to launch server process. Reason: Unity was launched with the -noUpm command-line argument
[Package Manager] Unable to send message (not connected to server process).
[Package Manager] Cannot connect to Unity Package Manager local server
ScheduleIndexationOnStartup MainProcess:False IndexOnStartup:True
Mono: successfully reloaded assembly
- Finished resetting the current domain, in  0.396 seconds
Domain Reload Profiling: 703ms
	BeginReloadAssembly (71ms)
		ExecutionOrderSort (0ms)
		DisableScriptedObjects (3ms)
		BackupInstance (0ms)
		ReleaseScriptingObjects (0ms)
		CreateAndSetChildDomain (21ms)
	RebuildCommonClasses (15ms)
	RebuildNativeTypeToScriptingClass (6ms)
	initialDomainReloadingComplete (9ms)
	LoadAllAssembliesAndSetupDomain (206ms)
		LoadAssemblies (159ms)
		RebuildTransferFunctionScriptingTraits (0ms)
		AnalyzeDomain (68ms)
			TypeCache.Refresh (7ms)
				TypeCache.ScanAssembly (0ms)
			BuildScriptInfoCaches (59ms)
			ResolveRequiredComponents (1ms)
	FinalizeReload (396ms)
		ReleaseScriptCaches (0ms)
		RebuildScriptCaches (0ms)
		SetupLoadedEditorAssemblies (347ms)
			LogAssemblyErrors (0ms)
			InitializePlatformSupportModulesInManaged (1ms)
			SetLoadedEditorAssemblies (2ms)
			BeforeProcessingInitializeOnLoad (81ms)
			ProcessInitializeOnLoadAttributes (164ms)
			ProcessInitializeOnLoadMethodAttributes (98ms)
			AfterProcessingInitializeOnLoad (1ms)
			EditorAssembliesLoaded (0ms)
		ExecutionOrderSort2 (0ms)
		AwakeInstancesAfterBackupRestoration (1ms)
Refreshing native plugins compatible for Editor in 0.98 ms, found 2 plugins.
Preloading 1 native plugins for Editor in 1.17 ms.
Unloading 43 Unused Serialized files (Serialized files now loaded: 0)
Unloading 5193 unused Assets / (13.7 MB). Loaded Objects now: 5860.
Memory consumption went from 145.4 MB to 131.7 MB.
Total: 7.505958 ms (FindLiveObjects: 0.170541 ms CreateObjectMapping: 0.110834 ms MarkObjects: 6.216542 ms  DeleteObjects: 1.007791 ms)

Prepare: number of updated asset objects reloaded= 0
========================================================================
Received Prepare
Refreshing native plugins compatible for Editor in 1.36 ms, found 2 plugins.
Preloading 1 native plugins for Editor in 1.18 ms.
Unloading 43 Unused Serialized files (Serialized files now loaded: 0)
Unloading 5148 unused Assets / (14.0 MB). Loaded Objects now: 5860.
Memory consumption went from 131.8 MB to 117.8 MB.
Total: 7.564125 ms (FindLiveObjects: 0.183250 ms CreateObjectMapping: 0.072459 ms MarkObjects: 6.056750 ms  DeleteObjects: 1.251541 ms)

Prepare: number of updated asset objects reloaded= 0
========================================================================
Received Prepare
Begin MonoManager ReloadAssembly
Thread 0x16b737000 may have been prematurely finalized
Symbol file LoadedFromMemory is not a mono symbol file
Symbol file LoadedFromMemory is not a mono symbol file
- Loaded All Assemblies, in  0.291 seconds
Refreshing native plugins compatible for Editor in 1.33 ms, found 2 plugins.
Native extension for OSXStandalone target not found
Native extension for WebGL target not found
Refreshing native plugins compatible for Editor in 1.28 ms, found 2 plugins.
[Package Manager] Failed to launch server process. Reason: Unity was launched with the -noUpm command-line argument
[Package Manager] Unable to send message (not connected to server process).
[Package Manager] Cannot connect to Unity Package Manager local server
ScheduleIndexationOnStartup MainProcess:False IndexOnStartup:True
Mono: successfully reloaded assembly
- Finished resetting the current domain, in  0.397 seconds
Domain Reload Profiling: 689ms
	BeginReloadAssembly (69ms)
		ExecutionOrderSort (0ms)
		DisableScriptedObjects (2ms)
		BackupInstance (0ms)
		ReleaseScriptingObjects (0ms)
		CreateAndSetChildDomain (20ms)
	RebuildCommonClasses (16ms)
	RebuildNativeTypeToScriptingClass (6ms)
	initialDomainReloadingComplete (9ms)
	LoadAllAssembliesAndSetupDomain (191ms)
		LoadAssemblies (146ms)
		RebuildTransferFunctionScriptingTraits (0ms)
		AnalyzeDomain (66ms)
			TypeCache.Refresh (6ms)
				TypeCache.ScanAssembly (0ms)
			BuildScriptInfoCaches (58ms)
			ResolveRequiredComponents (1ms)
	FinalizeReload (397ms)
		ReleaseScriptCaches (0ms)
		RebuildScriptCaches (0ms)
		SetupLoadedEditorAssemblies (350ms)
			LogAssemblyErrors (0ms)
			InitializePlatformSupportModulesInManaged (1ms)
			SetLoadedEditorAssemblies (2ms)
			BeforeProcessingInitializeOnLoad (81ms)
			ProcessInitializeOnLoadAttributes (166ms)
			ProcessInitializeOnLoadMethodAttributes (99ms)
			AfterProcessingInitializeOnLoad (0ms)
			EditorAssembliesLoaded (0ms)
		ExecutionOrderSort2 (0ms)
		AwakeInstancesAfterBackupRestoration (1ms)
Refreshing native plugins compatible for Editor in 1.58 ms, found 2 plugins.
Preloading 1 native plugins for Editor in 1.25 ms.
Unloading 43 Unused Serialized files (Serialized files now loaded: 0)
Unloading 5193 unused Assets / (13.6 MB). Loaded Objects now: 5864.
Memory consumption went from 145.4 MB to 131.8 MB.
Total: 7.468417 ms (FindLiveObjects: 0.187625 ms CreateObjectMapping: 0.094167 ms MarkObjects: 6.012166 ms  DeleteObjects: 1.174292 ms)

Prepare: number of updated asset objects reloaded= 0
========================================================================
Received Prepare
Refreshing native plugins compatible for Editor in 1.33 ms, found 2 plugins.
Preloading 1 native plugins for Editor in 1.18 ms.
Unloading 43 Unused Serialized files (Serialized files now loaded: 0)
Unloading 5148 unused Assets / (13.9 MB). Loaded Objects now: 5864.
Memory consumption went from 131.8 MB to 117.9 MB.
Total: 7.581416 ms (FindLiveObjects: 0.179708 ms CreateObjectMapping: 0.102833 ms MarkObjects: 6.058333 ms  DeleteObjects: 1.240375 ms)

Prepare: number of updated asset objects reloaded= 0
========================================================================
Received Prepare
Begin MonoManager ReloadAssembly
[Licensing::Client] Successfully resolved entitlement details
[Licensing::Module] License group:
  Id: F4-85AS-8ZW6-XMRF-425Z-XXXX
  Product: Unity Personal
  Type: ULF
  Expiration: Unlimited
[Licensing::Module] License group:
  Id: 6872810951280-UnityPersXXXX
  Product: Unity Personal
  Type: Assigned
  Expiration: Unlimited
Thread 0x16b737000 may have been prematurely finalized
Symbol file LoadedFromMemory is not a mono symbol file
Symbol file LoadedFromMemory is not a mono symbol file
- Loaded All Assemblies, in  0.302 seconds
Refreshing native plugins compatible for Editor in 1.21 ms, found 2 plugins.
Native extension for OSXStandalone target not found
Native extension for WebGL target not found
Refreshing native plugins compatible for Editor in 1.13 ms, found 2 plugins.
[Package Manager] Failed to launch server process. Reason: Unity was launched with the -noUpm command-line argument
[Package Manager] Unable to send message (not connected to server process).
[Package Manager] Cannot connect to Unity Package Manager local server
ScheduleIndexationOnStartup MainProcess:False IndexOnStartup:True
Mono: successfully reloaded assembly
- Finished resetting the current domain, in  0.404 seconds
Domain Reload Profiling: 707ms
	BeginReloadAssembly (72ms)
		ExecutionOrderSort (0ms)
		DisableScriptedObjects (3ms)
		BackupInstance (0ms)
		ReleaseScriptingObjects (0ms)
		CreateAndSetChildDomain (21ms)
	RebuildCommonClasses (16ms)
	RebuildNativeTypeToScriptingClass (6ms)
	initialDomainReloadingComplete (9ms)
	LoadAllAssembliesAndSetupDomain (200ms)
		LoadAssemblies (153ms)
		RebuildTransferFunctionScriptingTraits (0ms)
		AnalyzeDomain (70ms)
			TypeCache.Refresh (6ms)
				TypeCache.ScanAssembly (0ms)
			BuildScriptInfoCaches (61ms)
			ResolveRequiredComponents (1ms)
	FinalizeReload (404ms)
		ReleaseScriptCaches (0ms)
		RebuildScriptCaches (0ms)
		SetupLoadedEditorAssemblies (356ms)
			LogAssemblyErrors (0ms)
			InitializePlatformSupportModulesInManaged (1ms)
			SetLoadedEditorAssemblies (2ms)
			BeforeProcessingInitializeOnLoad (84ms)
			ProcessInitializeOnLoadAttributes (167ms)
			ProcessInitializeOnLoadMethodAttributes (102ms)
			AfterProcessingInitializeOnLoad (0ms)
			EditorAssembliesLoaded (0ms)
		ExecutionOrderSort2 (0ms)
		AwakeInstancesAfterBackupRestoration (1ms)
Refreshing native plugins compatible for Editor in 1.01 ms, found 2 plugins.
Preloading 1 native plugins for Editor in 1.16 ms.
Unloading 43 Unused Serialized files (Serialized files now loaded: 0)
Unloading 5193 unused Assets / (12.9 MB). Loaded Objects now: 5868.
Memory consumption went from 145.4 MB to 132.5 MB.
Total: 7.855417 ms (FindLiveObjects: 0.178333 ms CreateObjectMapping: 0.074208 ms MarkObjects: 6.522375 ms  DeleteObjects: 1.080292 ms)

Prepare: number of updated asset objects reloaded= 0
========================================================================
Received Import Request.
  Time since last request: 1269.097063 seconds.
  path: Assets/Prefabs/Player1-Stone.prefab
  artifactKey: Guid(21b2e42baf17c594fab50572e63543ae) Importer(815301076,1909f56bfc062723c751e8b465ee728b)
Start importing Assets/Prefabs/Player1-Stone.prefab using Guid(21b2e42baf17c594fab50572e63543ae) Importer(815301076,1909f56bfc062723c751e8b465ee728b) (PreviewImporter) -> (artifact id: '417bc810da5305e629a913776e39dcdb') in 0.027837916 seconds
Number of updated asset objects reloaded before import = 0Number of asset objects unloaded after import = 14

========================================================================
Received Prepare
Begin MonoManager ReloadAssembly
Thread 0x16b737000 may have been prematurely finalized
Symbol file LoadedFromMemory is not a mono symbol file
Symbol file LoadedFromMemory is not a mono symbol file
- Loaded All Assemblies, in  0.293 seconds
Refreshing native plugins compatible for Editor in 1.12 ms, found 2 plugins.
Native extension for OSXStandalone target not found
Native extension for WebGL target not found
Refreshing native plugins compatible for Editor in 1.35 ms, found 2 plugins.
[Package Manager] Failed to launch server process. Reason: Unity was launched with the -noUpm command-line argument
[Package Manager] Unable to send message (not connected to server process).
[Package Manager] Cannot connect to Unity Package Manager local server
ScheduleIndexationOnStartup MainProcess:False IndexOnStartup:True
Mono: successfully reloaded assembly
- Finished resetting the current domain, in  0.441 seconds
Domain Reload Profiling: 736ms
	BeginReloadAssembly (73ms)
		ExecutionOrderSort (0ms)
		DisableScriptedObjects (3ms)
		BackupInstance (0ms)
		ReleaseScriptingObjects (0ms)
		CreateAndSetChildDomain (22ms)
	RebuildCommonClasses (16ms)
	RebuildNativeTypeToScriptingClass (6ms)
	initialDomainReloadingComplete (9ms)
	LoadAllAssembliesAndSetupDomain (190ms)
		LoadAssemblies (146ms)
		RebuildTransferFunctionScriptingTraits (0ms)
		AnalyzeDomain (66ms)
			TypeCache.Refresh (5ms)
				TypeCache.ScanAssembly (0ms)
			BuildScriptInfoCaches (58ms)
			ResolveRequiredComponents (1ms)
	FinalizeReload (442ms)
		ReleaseScriptCaches (0ms)
		RebuildScriptCaches (0ms)
		SetupLoadedEditorAssemblies (390ms)
			LogAssemblyErrors (0ms)
			InitializePlatformSupportModulesInManaged (1ms)
			SetLoadedEditorAssemblies (2ms)
			BeforeProcessingInitializeOnLoad (92ms)
			ProcessInitializeOnLoadAttributes (186ms)
			ProcessInitializeOnLoadMethodAttributes (109ms)
			AfterProcessingInitializeOnLoad (1ms)
			EditorAssembliesLoaded (0ms)
		ExecutionOrderSort2 (0ms)
		AwakeInstancesAfterBackupRestoration (1ms)
Refreshing native plugins compatible for Editor in 1.50 ms, found 2 plugins.
Preloading 1 native plugins for Editor in 1.34 ms.
Unloading 43 Unused Serialized files (Serialized files now loaded: 0)
Unloading 5193 unused Assets / (12.7 MB). Loaded Objects now: 5872.
Memory consumption went from 145.7 MB to 133.0 MB.
Total: 8.688041 ms (FindLiveObjects: 0.221708 ms CreateObjectMapping: 0.082333 ms MarkObjects: 6.995542 ms  DeleteObjects: 1.388041 ms)

Prepare: number of updated asset objects reloaded= 0
========================================================================
Received Prepare
Begin MonoManager ReloadAssembly
[Licensing::Client] Successfully resolved entitlement details
[Licensing::Module] License group:
  Id: F4-85AS-8ZW6-XMRF-425Z-XXXX
  Product: Unity Personal
  Type: ULF
  Expiration: Unlimited
[Licensing::Module] License group:
  Id: 6872810951280-UnityPersXXXX
  Product: Unity Personal
  Type: Assigned
  Expiration: Unlimited
Thread 0x16b737000 may have been prematurely finalized
Symbol file LoadedFromMemory is not a mono symbol file
Symbol file LoadedFromMemory is not a mono symbol file
- Loaded All Assemblies, in  0.342 seconds
Refreshing native plugins compatible for Editor in 1.33 ms, found 2 plugins.
Native extension for OSXStandalone target not found
Native extension for WebGL target not found
Refreshing native plugins compatible for Editor in 1.32 ms, found 2 plugins.
[Package Manager] Failed to launch server process. Reason: Unity was launched with the -noUpm command-line argument
[Package Manager] Unable to send message (not connected to server process).
[Package Manager] Cannot connect to Unity Package Manager local server
ScheduleIndexationOnStartup MainProcess:False IndexOnStartup:True
Mono: successfully reloaded assembly
- Finished resetting the current domain, in  0.451 seconds
Domain Reload Profiling: 795ms
	BeginReloadAssembly (70ms)
		ExecutionOrderSort (0ms)
		DisableScriptedObjects (2ms)
		BackupInstance (0ms)
		ReleaseScriptingObjects (0ms)
		CreateAndSetChildDomain (21ms)
	RebuildCommonClasses (16ms)
	RebuildNativeTypeToScriptingClass (6ms)
	initialDomainReloadingComplete (10ms)
	LoadAllAssembliesAndSetupDomain (241ms)
		LoadAssemblies (196ms)
		RebuildTransferFunctionScriptingTraits (0ms)
		AnalyzeDomain (66ms)
			TypeCache.Refresh (4ms)
				TypeCache.ScanAssembly (0ms)
			BuildScriptInfoCaches (59ms)
			ResolveRequiredComponents (1ms)
	FinalizeReload (452ms)
		ReleaseScriptCaches (0ms)
		RebuildScriptCaches (0ms)
		SetupLoadedEditorAssemblies (397ms)
			LogAssemblyErrors (0ms)
			InitializePlatformSupportModulesInManaged (1ms)
			SetLoadedEditorAssemblies (2ms)
			BeforeProcessingInitializeOnLoad (93ms)
			ProcessInitializeOnLoadAttributes (191ms)
			ProcessInitializeOnLoadMethodAttributes (109ms)
			AfterProcessingInitializeOnLoad (1ms)
			EditorAssembliesLoaded (0ms)
		ExecutionOrderSort2 (0ms)
		AwakeInstancesAfterBackupRestoration (1ms)
Refreshing native plugins compatible for Editor in 1.76 ms, found 2 plugins.
Preloading 1 native plugins for Editor in 1.23 ms.
Unloading 43 Unused Serialized files (Serialized files now loaded: 0)
Unloading 5193 unused Assets / (13.3 MB). Loaded Objects now: 5876.
Memory consumption went from 145.5 MB to 132.2 MB.
Total: 8.493458 ms (FindLiveObjects: 0.199000 ms CreateObjectMapping: 0.077792 ms MarkObjects: 6.974125 ms  DeleteObjects: 1.242083 ms)

Prepare: number of updated asset objects reloaded= 0
========================================================================
Received Prepare
Refreshing native plugins compatible for Editor in 1.57 ms, found 2 plugins.
Preloading 1 native plugins for Editor in 1.26 ms.
Unloading 43 Unused Serialized files (Serialized files now loaded: 0)
Unloading 5148 unused Assets / (12.8 MB). Loaded Objects now: 5876.
Memory consumption went from 131.8 MB to 119.0 MB.
Total: 8.496375 ms (FindLiveObjects: 0.189583 ms CreateObjectMapping: 0.079917 ms MarkObjects: 6.891250 ms  DeleteObjects: 1.335500 ms)

Prepare: number of updated asset objects reloaded= 0
========================================================================
Received Prepare
Begin MonoManager ReloadAssembly
[Licensing::Client] Successfully resolved entitlement details
[Licensing::Module] License group:
  Id: F4-85AS-8ZW6-XMRF-425Z-XXXX
  Product: Unity Personal
  Type: ULF
  Expiration: Unlimited
[Licensing::Module] License group:
  Id: 6872810951280-UnityPersXXXX
  Product: Unity Personal
  Type: Assigned
  Expiration: Unlimited
Thread 0x16b737000 may have been prematurely finalized
Symbol file LoadedFromMemory is not a mono symbol file
Symbol file LoadedFromMemory is not a mono symbol file
- Loaded All Assemblies, in  0.337 seconds
Refreshing native plugins compatible for Editor in 1.17 ms, found 2 plugins.
Native extension for OSXStandalone target not found
Native extension for WebGL target not found
Refreshing native plugins compatible for Editor in 1.21 ms, found 2 plugins.
[Package Manager] Failed to launch server process. Reason: Unity was launched with the -noUpm command-line argument
[Package Manager] Unable to send message (not connected to server process).
[Package Manager] Cannot connect to Unity Package Manager local server
ScheduleIndexationOnStartup MainProcess:False IndexOnStartup:True
Mono: successfully reloaded assembly
- Finished resetting the current domain, in  0.388 seconds
Domain Reload Profiling: 727ms
	BeginReloadAssembly (71ms)
		ExecutionOrderSort (0ms)
		DisableScriptedObjects (3ms)
		BackupInstance (0ms)
		ReleaseScriptingObjects (0ms)
		CreateAndSetChildDomain (21ms)
	RebuildCommonClasses (16ms)
	RebuildNativeTypeToScriptingClass (6ms)
	initialDomainReloadingComplete (9ms)
	LoadAllAssembliesAndSetupDomain (236ms)
		LoadAssemblies (193ms)
		RebuildTransferFunctionScriptingTraits (0ms)
		AnalyzeDomain (64ms)
			TypeCache.Refresh (6ms)
				TypeCache.ScanAssembly (0ms)
			BuildScriptInfoCaches (55ms)
			ResolveRequiredComponents (1ms)
	FinalizeReload (389ms)
		ReleaseScriptCaches (0ms)
		RebuildScriptCaches (0ms)
		SetupLoadedEditorAssemblies (342ms)
			LogAssemblyErrors (0ms)
			InitializePlatformSupportModulesInManaged (1ms)
			SetLoadedEditorAssemblies (2ms)
			BeforeProcessingInitializeOnLoad (81ms)
			ProcessInitializeOnLoadAttributes (161ms)
			ProcessInitializeOnLoadMethodAttributes (96ms)
			AfterProcessingInitializeOnLoad (0ms)
			EditorAssembliesLoaded (0ms)
		ExecutionOrderSort2 (0ms)
		AwakeInstancesAfterBackupRestoration (1ms)
Refreshing native plugins compatible for Editor in 1.54 ms, found 2 plugins.
Preloading 1 native plugins for Editor in 1.18 ms.
Unloading 43 Unused Serialized files (Serialized files now loaded: 0)
Unloading 5193 unused Assets / (13.7 MB). Loaded Objects now: 5880.
Memory consumption went from 145.3 MB to 131.6 MB.
Total: 7.422459 ms (FindLiveObjects: 0.190041 ms CreateObjectMapping: 0.077750 ms MarkObjects: 6.004542 ms  DeleteObjects: 1.149750 ms)

Prepare: number of updated asset objects reloaded= 0
========================================================================
Received Prepare
Refreshing native plugins compatible for Editor in 1.19 ms, found 2 plugins.
Preloading 1 native plugins for Editor in 1.18 ms.
Unloading 43 Unused Serialized files (Serialized files now loaded: 0)
Unloading 5148 unused Assets / (13.6 MB). Loaded Objects now: 5880.
Memory consumption went from 131.8 MB to 118.3 MB.
Total: 7.435750 ms (FindLiveObjects: 0.163083 ms CreateObjectMapping: 0.070875 ms MarkObjects: 6.066042 ms  DeleteObjects: 1.135458 ms)

Prepare: number of updated asset objects reloaded= 0
========================================================================
Received Prepare
Begin MonoManager ReloadAssembly
Thread 0x16b737000 may have been prematurely finalized
Symbol file LoadedFromMemory is not a mono symbol file
Symbol file LoadedFromMemory is not a mono symbol file
- Loaded All Assemblies, in  0.334 seconds
Refreshing native plugins compatible for Editor in 1.33 ms, found 2 plugins.
Native extension for OSXStandalone target not found
Native extension for WebGL target not found
Refreshing native plugins compatible for Editor in 0.99 ms, found 2 plugins.
[Package Manager] Failed to launch server process. Reason: Unity was launched with the -noUpm command-line argument
[Package Manager] Unable to send message (not connected to server process).
[Package Manager] Cannot connect to Unity Package Manager local server
ScheduleIndexationOnStartup MainProcess:False IndexOnStartup:True
Mono: successfully reloaded assembly
- Finished resetting the current domain, in  0.398 seconds
Domain Reload Profiling: 734ms
	BeginReloadAssembly (72ms)
		ExecutionOrderSort (0ms)
		DisableScriptedObjects (3ms)
		BackupInstance (0ms)
		ReleaseScriptingObjects (0ms)
		CreateAndSetChildDomain (21ms)
	RebuildCommonClasses (16ms)
	RebuildNativeTypeToScriptingClass (6ms)
	initialDomainReloadingComplete (10ms)
	LoadAllAssembliesAndSetupDomain (231ms)
		LoadAssemblies (179ms)
		RebuildTransferFunctionScriptingTraits (0ms)
		AnalyzeDomain (74ms)
			TypeCache.Refresh (9ms)
				TypeCache.ScanAssembly (0ms)
			BuildScriptInfoCaches (62ms)
			ResolveRequiredComponents (1ms)
	FinalizeReload (398ms)
		ReleaseScriptCaches (0ms)
		RebuildScriptCaches (0ms)
		SetupLoadedEditorAssemblies (351ms)
			LogAssemblyErrors (0ms)
			InitializePlatformSupportModulesInManaged (1ms)
			SetLoadedEditorAssemblies (2ms)
			BeforeProcessingInitializeOnLoad (82ms)
			ProcessInitializeOnLoadAttributes (166ms)
			ProcessInitializeOnLoadMethodAttributes (100ms)
			AfterProcessingInitializeOnLoad (1ms)
			EditorAssembliesLoaded (0ms)
		ExecutionOrderSort2 (0ms)
		AwakeInstancesAfterBackupRestoration (1ms)
Refreshing native plugins compatible for Editor in 1.52 ms, found 2 plugins.
Preloading 1 native plugins for Editor in 1.25 ms.
Unloading 43 Unused Serialized files (Serialized files now loaded: 0)
Unloading 5193 unused Assets / (13.4 MB). Loaded Objects now: 5884.
Memory consumption went from 145.3 MB to 131.9 MB.
Total: 7.948625 ms (FindLiveObjects: 0.196584 ms CreateObjectMapping: 0.078541 ms MarkObjects: 6.551834 ms  DeleteObjects: 1.121166 ms)

Prepare: number of updated asset objects reloaded= 0
========================================================================
Received Prepare
Refreshing native plugins compatible for Editor in 1.31 ms, found 2 plugins.
Preloading 1 native plugins for Editor in 1.27 ms.
Unloading 43 Unused Serialized files (Serialized files now loaded: 0)
Unloading 5148 unused Assets / (13.2 MB). Loaded Objects now: 5884.
Memory consumption went from 131.8 MB to 118.7 MB.
Total: 8.371708 ms (FindLiveObjects: 0.206167 ms CreateObjectMapping: 0.083375 ms MarkObjects: 6.934666 ms  DeleteObjects: 1.147250 ms)

Prepare: number of updated asset objects reloaded= 0
========================================================================
Received Prepare
Begin MonoManager ReloadAssembly
Thread 0x16b737000 may have been prematurely finalized
Symbol file LoadedFromMemory is not a mono symbol file
Symbol file LoadedFromMemory is not a mono symbol file
- Loaded All Assemblies, in  0.324 seconds
Refreshing native plugins compatible for Editor in 1.03 ms, found 2 plugins.
Native extension for OSXStandalone target not found
Native extension for WebGL target not found
Refreshing native plugins compatible for Editor in 1.24 ms, found 2 plugins.
[Package Manager] Failed to launch server process. Reason: Unity was launched with the -noUpm command-line argument
[Package Manager] Unable to send message (not connected to server process).
[Package Manager] Cannot connect to Unity Package Manager local server
ScheduleIndexationOnStartup MainProcess:False IndexOnStartup:True
Mono: successfully reloaded assembly
- Finished resetting the current domain, in  0.415 seconds
Domain Reload Profiling: 742ms
	BeginReloadAssembly (76ms)
		ExecutionOrderSort (0ms)
		DisableScriptedObjects (3ms)
		BackupInstance (0ms)
		ReleaseScriptingObjects (0ms)
		CreateAndSetChildDomain (25ms)
	RebuildCommonClasses (16ms)
	RebuildNativeTypeToScriptingClass (6ms)
	initialDomainReloadingComplete (9ms)
	LoadAllAssembliesAndSetupDomain (219ms)
		LoadAssemblies (174ms)
		RebuildTransferFunctionScriptingTraits (0ms)
		AnalyzeDomain (67ms)
			TypeCache.Refresh (7ms)
				TypeCache.ScanAssembly (0ms)
			BuildScriptInfoCaches (56ms)
			ResolveRequiredComponents (1ms)
	FinalizeReload (415ms)
		ReleaseScriptCaches (0ms)
		RebuildScriptCaches (0ms)
		SetupLoadedEditorAssemblies (363ms)
			LogAssemblyErrors (0ms)
			InitializePlatformSupportModulesInManaged (1ms)
			SetLoadedEditorAssemblies (2ms)
			BeforeProcessingInitializeOnLoad (84ms)
			ProcessInitializeOnLoadAttributes (173ms)
			ProcessInitializeOnLoadMethodAttributes (103ms)
			AfterProcessingInitializeOnLoad (0ms)
			EditorAssembliesLoaded (0ms)
		ExecutionOrderSort2 (0ms)
		AwakeInstancesAfterBackupRestoration (1ms)
Refreshing native plugins compatible for Editor in 1.02 ms, found 2 plugins.
Preloading 1 native plugins for Editor in 1.20 ms.
Unloading 43 Unused Serialized files (Serialized files now loaded: 0)
Unloading 5193 unused Assets / (13.5 MB). Loaded Objects now: 5888.
Memory consumption went from 145.3 MB to 131.8 MB.
Total: 7.326541 ms (FindLiveObjects: 0.198542 ms CreateObjectMapping: 0.078500 ms MarkObjects: 6.111916 ms  DeleteObjects: 0.937458 ms)

Prepare: number of updated asset objects reloaded= 0
========================================================================
Received Prepare
Refreshing native plugins compatible for Editor in 1.43 ms, found 2 plugins.
Preloading 1 native plugins for Editor in 1.19 ms.
Unloading 43 Unused Serialized files (Serialized files now loaded: 0)
Unloading 5148 unused Assets / (13.9 MB). Loaded Objects now: 5888.
Memory consumption went from 131.8 MB to 117.9 MB.
Total: 7.604667 ms (FindLiveObjects: 0.189792 ms CreateObjectMapping: 0.075583 ms MarkObjects: 6.076083 ms  DeleteObjects: 1.263000 ms)

Prepare: number of updated asset objects reloaded= 0
========================================================================
Received Prepare
Begin MonoManager ReloadAssembly
Thread 0x16b737000 may have been prematurely finalized
Symbol file LoadedFromMemory is not a mono symbol file
Symbol file LoadedFromMemory is not a mono symbol file
- Loaded All Assemblies, in  0.290 seconds
Refreshing native plugins compatible for Editor in 1.39 ms, found 2 plugins.
Native extension for OSXStandalone target not found
Native extension for WebGL target not found
Refreshing native plugins compatible for Editor in 1.01 ms, found 2 plugins.
[Package Manager] Failed to launch server process. Reason: Unity was launched with the -noUpm command-line argument
[Package Manager] Unable to send message (not connected to server process).
[Package Manager] Cannot connect to Unity Package Manager local server
ScheduleIndexationOnStartup MainProcess:False IndexOnStartup:True
Mono: successfully reloaded assembly
- Finished resetting the current domain, in  0.394 seconds
Domain Reload Profiling: 686ms
	BeginReloadAssembly (71ms)
		ExecutionOrderSort (0ms)
		DisableScriptedObjects (3ms)
		BackupInstance (0ms)
		ReleaseScriptingObjects (0ms)
		CreateAndSetChildDomain (21ms)
	RebuildCommonClasses (16ms)
	RebuildNativeTypeToScriptingClass (6ms)
	initialDomainReloadingComplete (9ms)
	LoadAllAssembliesAndSetupDomain (189ms)
		LoadAssemblies (146ms)
		RebuildTransferFunctionScriptingTraits (0ms)
		AnalyzeDomain (66ms)
			TypeCache.Refresh (6ms)
				TypeCache.ScanAssembly (0ms)
			BuildScriptInfoCaches (57ms)
			ResolveRequiredComponents (1ms)
	FinalizeReload (394ms)
		ReleaseScriptCaches (0ms)
		RebuildScriptCaches (0ms)
		SetupLoadedEditorAssemblies (347ms)
			LogAssemblyErrors (0ms)
			InitializePlatformSupportModulesInManaged (1ms)
			SetLoadedEditorAssemblies (2ms)
			BeforeProcessingInitializeOnLoad (81ms)
			ProcessInitializeOnLoadAttributes (165ms)
			ProcessInitializeOnLoadMethodAttributes (98ms)
			AfterProcessingInitializeOnLoad (0ms)
			EditorAssembliesLoaded (0ms)
		ExecutionOrderSort2 (0ms)
		AwakeInstancesAfterBackupRestoration (1ms)
Refreshing native plugins compatible for Editor in 1.58 ms, found 2 plugins.
Preloading 1 native plugins for Editor in 1.21 ms.
Unloading 43 Unused Serialized files (Serialized files now loaded: 0)
Unloading 5193 unused Assets / (11.4 MB). Loaded Objects now: 5892.
Memory consumption went from 145.3 MB to 133.9 MB.
Total: 8.098875 ms (FindLiveObjects: 0.194625 ms CreateObjectMapping: 0.088125 ms MarkObjects: 6.804209 ms  DeleteObjects: 1.011792 ms)

Prepare: number of updated asset objects reloaded= 0
========================================================================
Received Prepare
Refreshing native plugins compatible for Editor in 1.39 ms, found 2 plugins.
Preloading 1 native plugins for Editor in 1.20 ms.
Unloading 43 Unused Serialized files (Serialized files now loaded: 0)
Unloading 5148 unused Assets / (13.7 MB). Loaded Objects now: 5892.
Memory consumption went from 131.9 MB to 118.1 MB.
Total: 7.567375 ms (FindLiveObjects: 0.187167 ms CreateObjectMapping: 0.074167 ms MarkObjects: 6.115459 ms  DeleteObjects: 1.190292 ms)

Prepare: number of updated asset objects reloaded= 0
========================================================================
Received Prepare
Begin MonoManager ReloadAssembly
Thread 0x16b737000 may have been prematurely finalized
Symbol file LoadedFromMemory is not a mono symbol file
Symbol file LoadedFromMemory is not a mono symbol file
- Loaded All Assemblies, in  0.299 seconds
Refreshing native plugins compatible for Editor in 1.36 ms, found 2 plugins.
Native extension for OSXStandalone target not found
Native extension for WebGL target not found
Refreshing native plugins compatible for Editor in 1.67 ms, found 2 plugins.
[Package Manager] Failed to launch server process. Reason: Unity was launched with the -noUpm command-line argument
[Package Manager] Unable to send message (not connected to server process).
[Package Manager] Cannot connect to Unity Package Manager local server
ScheduleIndexationOnStartup MainProcess:False IndexOnStartup:True
Mono: successfully reloaded assembly
- Finished resetting the current domain, in  0.399 seconds
Domain Reload Profiling: 700ms
	BeginReloadAssembly (72ms)
		ExecutionOrderSort (0ms)
		DisableScriptedObjects (3ms)
		BackupInstance (0ms)
		ReleaseScriptingObjects (0ms)
		CreateAndSetChildDomain (21ms)
	RebuildCommonClasses (16ms)
	RebuildNativeTypeToScriptingClass (6ms)
	initialDomainReloadingComplete (9ms)
	LoadAllAssembliesAndSetupDomain (198ms)
		LoadAssemblies (152ms)
		RebuildTransferFunctionScriptingTraits (0ms)
		AnalyzeDomain (68ms)
			TypeCache.Refresh (7ms)
				TypeCache.ScanAssembly (0ms)
			BuildScriptInfoCaches (58ms)
			ResolveRequiredComponents (1ms)
	FinalizeReload (399ms)
		ReleaseScriptCaches (0ms)
		RebuildScriptCaches (0ms)
		SetupLoadedEditorAssemblies (352ms)
			LogAssemblyErrors (0ms)
			InitializePlatformSupportModulesInManaged (1ms)
			SetLoadedEditorAssemblies (2ms)
			BeforeProcessingInitializeOnLoad (83ms)
			ProcessInitializeOnLoadAttributes (166ms)
			ProcessInitializeOnLoadMethodAttributes (99ms)
			AfterProcessingInitializeOnLoad (0ms)
			EditorAssembliesLoaded (0ms)
		ExecutionOrderSort2 (0ms)
		AwakeInstancesAfterBackupRestoration (1ms)
Refreshing native plugins compatible for Editor in 1.48 ms, found 2 plugins.
Preloading 1 native plugins for Editor in 1.25 ms.
Unloading 43 Unused Serialized files (Serialized files now loaded: 0)
Unloading 5193 unused Assets / (12.8 MB). Loaded Objects now: 5896.
Memory consumption went from 145.2 MB to 132.4 MB.
Total: 7.863458 ms (FindLiveObjects: 0.215583 ms CreateObjectMapping: 0.088542 ms MarkObjects: 6.435000 ms  DeleteObjects: 1.124250 ms)

Prepare: number of updated asset objects reloaded= 0
========================================================================
Received Prepare
Refreshing native plugins compatible for Editor in 1.43 ms, found 2 plugins.
Preloading 1 native plugins for Editor in 1.16 ms.
Unloading 43 Unused Serialized files (Serialized files now loaded: 0)
Unloading 5148 unused Assets / (14.2 MB). Loaded Objects now: 5896.
Memory consumption went from 131.9 MB to 117.7 MB.
Total: 7.693041 ms (FindLiveObjects: 0.186000 ms CreateObjectMapping: 0.067917 ms MarkObjects: 6.183000 ms  DeleteObjects: 1.255916 ms)

Prepare: number of updated asset objects reloaded= 0
========================================================================
Received Prepare
Begin MonoManager ReloadAssembly
Thread 0x16b737000 may have been prematurely finalized
Symbol file LoadedFromMemory is not a mono symbol file
Symbol file LoadedFromMemory is not a mono symbol file
- Loaded All Assemblies, in  0.306 seconds
Refreshing native plugins compatible for Editor in 1.13 ms, found 2 plugins.
Native extension for OSXStandalone target not found
Native extension for WebGL target not found
Refreshing native plugins compatible for Editor in 1.23 ms, found 2 plugins.
[Package Manager] Failed to launch server process. Reason: Unity was launched with the -noUpm command-line argument
[Package Manager] Unable to send message (not connected to server process).
[Package Manager] Cannot connect to Unity Package Manager local server
ScheduleIndexationOnStartup MainProcess:False IndexOnStartup:True
Mono: successfully reloaded assembly
- Finished resetting the current domain, in  0.401 seconds
Domain Reload Profiling: 709ms
	BeginReloadAssembly (70ms)
		ExecutionOrderSort (0ms)
		DisableScriptedObjects (3ms)
		BackupInstance (0ms)
		ReleaseScriptingObjects (0ms)
		CreateAndSetChildDomain (21ms)
	RebuildCommonClasses (16ms)
	RebuildNativeTypeToScriptingClass (6ms)
	initialDomainReloadingComplete (9ms)
	LoadAllAssembliesAndSetupDomain (206ms)
		LoadAssemblies (159ms)
		RebuildTransferFunctionScriptingTraits (0ms)
		AnalyzeDomain (67ms)
			TypeCache.Refresh (6ms)
				TypeCache.ScanAssembly (0ms)
			BuildScriptInfoCaches (58ms)
			ResolveRequiredComponents (1ms)
	FinalizeReload (401ms)
		ReleaseScriptCaches (0ms)
		RebuildScriptCaches (0ms)
		SetupLoadedEditorAssemblies (353ms)
			LogAssemblyErrors (0ms)
			InitializePlatformSupportModulesInManaged (1ms)
			SetLoadedEditorAssemblies (2ms)
			BeforeProcessingInitializeOnLoad (83ms)
			ProcessInitializeOnLoadAttributes (166ms)
			ProcessInitializeOnLoadMethodAttributes (100ms)
			AfterProcessingInitializeOnLoad (2ms)
			EditorAssembliesLoaded (0ms)
		ExecutionOrderSort2 (0ms)
		AwakeInstancesAfterBackupRestoration (1ms)
Refreshing native plugins compatible for Editor in 1.56 ms, found 2 plugins.
Preloading 1 native plugins for Editor in 1.26 ms.
Unloading 43 Unused Serialized files (Serialized files now loaded: 0)
Unloading 5193 unused Assets / (12.2 MB). Loaded Objects now: 5900.
Memory consumption went from 145.2 MB to 133.0 MB.
Total: 8.210291 ms (FindLiveObjects: 0.194583 ms CreateObjectMapping: 0.080292 ms MarkObjects: 6.702708 ms  DeleteObjects: 1.232625 ms)

Prepare: number of updated asset objects reloaded= 0
========================================================================
Received Import Request.
  Time since last request: 360.419957 seconds.
  path: Assets/Prefabs/AIPlayer.prefab
  artifactKey: Guid(4f84fb7cbaaef4a4fb7a80af80df250b) Importer(815301076,1909f56bfc062723c751e8b465ee728b)
Start importing Assets/Prefabs/AIPlayer.prefab using Guid(4f84fb7cbaaef4a4fb7a80af80df250b) Importer(815301076,1909f56bfc062723c751e8b465ee728b) (PreviewImporter) -> (artifact id: 'c3805018095362ff431d2fa35e929193') in 0.0111995 seconds
Number of updated asset objects reloaded before import = 0Number of asset objects unloaded after import = 6

========================================================================
Received Prepare
Refreshing native plugins compatible for Editor in 1.52 ms, found 2 plugins.
Preloading 1 native plugins for Editor in 1.34 ms.
Unloading 43 Unused Serialized files (Serialized files now loaded: 0)
Unloading 5148 unused Assets / (12.6 MB). Loaded Objects now: 5900.
Memory consumption went from 131.9 MB to 119.3 MB.
Total: 8.961958 ms (FindLiveObjects: 0.200334 ms CreateObjectMapping: 0.088833 ms MarkObjects: 7.520750 ms  DeleteObjects: 1.151541 ms)

Prepare: number of updated asset objects reloaded= 0
========================================================================
Received Prepare
Begin MonoManager ReloadAssembly
[Licensing::Client] Successfully resolved entitlement details
[Licensing::Module] License group:
  Id: F4-85AS-8ZW6-XMRF-425Z-XXXX
  Product: Unity Personal
  Type: ULF
  Expiration: Unlimited
[Licensing::Module] License group:
  Id: 6872810951280-UnityPersXXXX
  Product: Unity Personal
  Type: Assigned
  Expiration: Unlimited
Thread 0x16b737000 may have been prematurely finalized
Symbol file LoadedFromMemory is not a mono symbol file
Symbol file LoadedFromMemory is not a mono symbol file
- Loaded All Assemblies, in  0.333 seconds
Refreshing native plugins compatible for Editor in 1.20 ms, found 2 plugins.
Native extension for OSXStandalone target not found
Native extension for WebGL target not found
Refreshing native plugins compatible for Editor in 1.47 ms, found 2 plugins.
[Package Manager] Failed to launch server process. Reason: Unity was launched with the -noUpm command-line argument
[Package Manager] Unable to send message (not connected to server process).
[Package Manager] Cannot connect to Unity Package Manager local server
ScheduleIndexationOnStartup MainProcess:False IndexOnStartup:True
Mono: successfully reloaded assembly
- Finished resetting the current domain, in  0.385 seconds
Domain Reload Profiling: 719ms
	BeginReloadAssembly (75ms)
		ExecutionOrderSort (0ms)
		DisableScriptedObjects (3ms)
		BackupInstance (0ms)
		ReleaseScriptingObjects (0ms)
		CreateAndSetChildDomain (22ms)
	RebuildCommonClasses (16ms)
	RebuildNativeTypeToScriptingClass (6ms)
	initialDomainReloadingComplete (10ms)
	LoadAllAssembliesAndSetupDomain (227ms)
		LoadAssemblies (184ms)
		RebuildTransferFunctionScriptingTraits (0ms)
		AnalyzeDomain (68ms)
			TypeCache.Refresh (7ms)
				TypeCache.ScanAssembly (0ms)
			BuildScriptInfoCaches (58ms)
			ResolveRequiredComponents (1ms)
	FinalizeReload (385ms)
		ReleaseScriptCaches (0ms)
		RebuildScriptCaches (0ms)
		SetupLoadedEditorAssemblies (338ms)
			LogAssemblyErrors (0ms)
			InitializePlatformSupportModulesInManaged (1ms)
			SetLoadedEditorAssemblies (2ms)
			BeforeProcessingInitializeOnLoad (81ms)
			ProcessInitializeOnLoadAttributes (162ms)
			ProcessInitializeOnLoadMethodAttributes (92ms)
			AfterProcessingInitializeOnLoad (0ms)
			EditorAssembliesLoaded (0ms)
		ExecutionOrderSort2 (0ms)
		AwakeInstancesAfterBackupRestoration (1ms)
Refreshing native plugins compatible for Editor in 1.26 ms, found 2 plugins.
Preloading 1 native plugins for Editor in 1.18 ms.
Unloading 43 Unused Serialized files (Serialized files now loaded: 0)
Unloading 5193 unused Assets / (13.6 MB). Loaded Objects now: 5904.
Memory consumption went from 145.1 MB to 131.6 MB.
Total: 7.556250 ms (FindLiveObjects: 0.193542 ms CreateObjectMapping: 0.076417 ms MarkObjects: 6.137667 ms  DeleteObjects: 1.148250 ms)

Prepare: number of updated asset objects reloaded= 0
========================================================================
Received Prepare
Refreshing native plugins compatible for Editor in 1.23 ms, found 2 plugins.
Preloading 1 native plugins for Editor in 1.17 ms.
Unloading 43 Unused Serialized files (Serialized files now loaded: 0)
Unloading 5148 unused Assets / (13.6 MB). Loaded Objects now: 5904.
Memory consumption went from 131.9 MB to 118.3 MB.
Total: 7.547792 ms (FindLiveObjects: 0.189833 ms CreateObjectMapping: 0.075000 ms MarkObjects: 6.133417 ms  DeleteObjects: 1.149500 ms)

Prepare: number of updated asset objects reloaded= 0
========================================================================
Received Prepare
Refreshing native plugins compatible for Editor in 1.43 ms, found 2 plugins.
Preloading 1 native plugins for Editor in 1.19 ms.
Unloading 43 Unused Serialized files (Serialized files now loaded: 0)
Unloading 5148 unused Assets / (13.7 MB). Loaded Objects now: 5904.
Memory consumption went from 131.9 MB to 118.1 MB.
Total: 7.662208 ms (FindLiveObjects: 0.198750 ms CreateObjectMapping: 0.072667 ms MarkObjects: 6.093458 ms  DeleteObjects: 1.296958 ms)

Prepare: number of updated asset objects reloaded= 0
========================================================================
Received Prepare
Refreshing native plugins compatible for Editor in 1.43 ms, found 2 plugins.
Preloading 1 native plugins for Editor in 1.18 ms.
Unloading 43 Unused Serialized files (Serialized files now loaded: 0)
Unloading 5148 unused Assets / (13.7 MB). Loaded Objects now: 5904.
Memory consumption went from 131.9 MB to 118.1 MB.
Total: 7.566667 ms (FindLiveObjects: 0.194542 ms CreateObjectMapping: 0.078416 ms MarkObjects: 6.084584 ms  DeleteObjects: 1.209000 ms)

Prepare: number of updated asset objects reloaded= 0
========================================================================
Received Prepare
Begin MonoManager ReloadAssembly
Thread 0x16b737000 may have been prematurely finalized
Symbol file LoadedFromMemory is not a mono symbol file
Symbol file LoadedFromMemory is not a mono symbol file
- Loaded All Assemblies, in  0.317 seconds
Refreshing native plugins compatible for Editor in 1.42 ms, found 2 plugins.
Native extension for OSXStandalone target not found
Native extension for WebGL target not found
Refreshing native plugins compatible for Editor in 1.22 ms, found 2 plugins.
[Package Manager] Failed to launch server process. Reason: Unity was launched with the -noUpm command-line argument
[Package Manager] Unable to send message (not connected to server process).
[Package Manager] Cannot connect to Unity Package Manager local server
ScheduleIndexationOnStartup MainProcess:False IndexOnStartup:True
Mono: successfully reloaded assembly
- Finished resetting the current domain, in  0.402 seconds
Domain Reload Profiling: 721ms
	BeginReloadAssembly (72ms)
		ExecutionOrderSort (0ms)
		DisableScriptedObjects (3ms)
		BackupInstance (0ms)
		ReleaseScriptingObjects (0ms)
		CreateAndSetChildDomain (21ms)
	RebuildCommonClasses (16ms)
	RebuildNativeTypeToScriptingClass (6ms)
	initialDomainReloadingComplete (9ms)
	LoadAllAssembliesAndSetupDomain (216ms)
		LoadAssemblies (171ms)
		RebuildTransferFunctionScriptingTraits (0ms)
		AnalyzeDomain (67ms)
			TypeCache.Refresh (6ms)
				TypeCache.ScanAssembly (0ms)
			BuildScriptInfoCaches (58ms)
			ResolveRequiredComponents (1ms)
	FinalizeReload (403ms)
		ReleaseScriptCaches (0ms)
		RebuildScriptCaches (0ms)
		SetupLoadedEditorAssemblies (352ms)
			LogAssemblyErrors (0ms)
			InitializePlatformSupportModulesInManaged (1ms)
			SetLoadedEditorAssemblies (2ms)
			BeforeProcessingInitializeOnLoad (83ms)
			ProcessInitializeOnLoadAttributes (168ms)
			ProcessInitializeOnLoadMethodAttributes (98ms)
			AfterProcessingInitializeOnLoad (0ms)
			EditorAssembliesLoaded (0ms)
		ExecutionOrderSort2 (0ms)
		AwakeInstancesAfterBackupRestoration (1ms)
Refreshing native plugins compatible for Editor in 0.97 ms, found 2 plugins.
Preloading 1 native plugins for Editor in 1.19 ms.
Unloading 43 Unused Serialized files (Serialized files now loaded: 0)
Unloading 5193 unused Assets / (13.8 MB). Loaded Objects now: 5908.
Memory consumption went from 145.1 MB to 131.4 MB.
Total: 7.674667 ms (FindLiveObjects: 0.173209 ms CreateObjectMapping: 0.077000 ms MarkObjects: 6.280750 ms  DeleteObjects: 1.143500 ms)

Prepare: number of updated asset objects reloaded= 0
========================================================================
Received Prepare
Refreshing native plugins compatible for Editor in 1.57 ms, found 2 plugins.
Preloading 1 native plugins for Editor in 1.21 ms.
Unloading 43 Unused Serialized files (Serialized files now loaded: 0)
Unloading 5148 unused Assets / (13.2 MB). Loaded Objects now: 5908.
Memory consumption went from 131.9 MB to 118.7 MB.
Total: 8.181583 ms (FindLiveObjects: 0.189584 ms CreateObjectMapping: 0.082083 ms MarkObjects: 6.670375 ms  DeleteObjects: 1.239166 ms)

Prepare: number of updated asset objects reloaded= 0
========================================================================
Received Prepare
Begin MonoManager ReloadAssembly
Thread 0x16b737000 may have been prematurely finalized
Symbol file LoadedFromMemory is not a mono symbol file
Symbol file LoadedFromMemory is not a mono symbol file
- Loaded All Assemblies, in  0.296 seconds
Refreshing native plugins compatible for Editor in 1.05 ms, found 2 plugins.
Native extension for OSXStandalone target not found
Native extension for WebGL target not found
Refreshing native plugins compatible for Editor in 1.15 ms, found 2 plugins.
[Package Manager] Failed to launch server process. Reason: Unity was launched with the -noUpm command-line argument
[Package Manager] Unable to send message (not connected to server process).
[Package Manager] Cannot connect to Unity Package Manager local server
ScheduleIndexationOnStartup MainProcess:False IndexOnStartup:True
Mono: successfully reloaded assembly
- Finished resetting the current domain, in  0.382 seconds
Domain Reload Profiling: 679ms
	BeginReloadAssembly (72ms)
		ExecutionOrderSort (0ms)
		DisableScriptedObjects (3ms)
		BackupInstance (0ms)
		ReleaseScriptingObjects (0ms)
		CreateAndSetChildDomain (22ms)
	RebuildCommonClasses (16ms)
	RebuildNativeTypeToScriptingClass (6ms)
	initialDomainReloadingComplete (9ms)
	LoadAllAssembliesAndSetupDomain (193ms)
		LoadAssemblies (149ms)
		RebuildTransferFunctionScriptingTraits (0ms)
		AnalyzeDomain (66ms)
			TypeCache.Refresh (6ms)
				TypeCache.ScanAssembly (0ms)
			BuildScriptInfoCaches (57ms)
			ResolveRequiredComponents (1ms)
	FinalizeReload (382ms)
		ReleaseScriptCaches (0ms)
		RebuildScriptCaches (0ms)
		SetupLoadedEditorAssemblies (335ms)
			LogAssemblyErrors (0ms)
			InitializePlatformSupportModulesInManaged (1ms)
			SetLoadedEditorAssemblies (2ms)
			BeforeProcessingInitializeOnLoad (80ms)
			ProcessInitializeOnLoadAttributes (161ms)
			ProcessInitializeOnLoadMethodAttributes (91ms)
			AfterProcessingInitializeOnLoad (1ms)
			EditorAssembliesLoaded (0ms)
		ExecutionOrderSort2 (0ms)
		AwakeInstancesAfterBackupRestoration (1ms)
Refreshing native plugins compatible for Editor in 1.29 ms, found 2 plugins.
Preloading 1 native plugins for Editor in 1.19 ms.
Unloading 43 Unused Serialized files (Serialized files now loaded: 0)
Unloading 5193 unused Assets / (13.6 MB). Loaded Objects now: 5912.
Memory consumption went from 145.1 MB to 131.6 MB.
Total: 7.521333 ms (FindLiveObjects: 0.181666 ms CreateObjectMapping: 0.077750 ms MarkObjects: 6.106125 ms  DeleteObjects: 1.155541 ms)

Prepare: number of updated asset objects reloaded= 0
========================================================================
Received Prepare
Refreshing native plugins compatible for Editor in 1.41 ms, found 2 plugins.
Preloading 1 native plugins for Editor in 1.16 ms.
Unloading 43 Unused Serialized files (Serialized files now loaded: 0)
Unloading 5148 unused Assets / (13.6 MB). Loaded Objects now: 5912.
Memory consumption went from 131.9 MB to 118.3 MB.
Total: 7.548541 ms (FindLiveObjects: 0.183958 ms CreateObjectMapping: 0.078792 ms MarkObjects: 6.077708 ms  DeleteObjects: 1.208000 ms)

Prepare: number of updated asset objects reloaded= 0
========================================================================
Received Prepare
Refreshing native plugins compatible for Editor in 1.46 ms, found 2 plugins.
Preloading 1 native plugins for Editor in 1.17 ms.
Unloading 43 Unused Serialized files (Serialized files now loaded: 0)
Unloading 5148 unused Assets / (13.7 MB). Loaded Objects now: 5912.
Memory consumption went from 131.9 MB to 118.2 MB.
Total: 7.540375 ms (FindLiveObjects: 0.185584 ms CreateObjectMapping: 0.077916 ms MarkObjects: 6.085834 ms  DeleteObjects: 1.190916 ms)

Prepare: number of updated asset objects reloaded= 0
========================================================================
Received Prepare
Refreshing native plugins compatible for Editor in 1.48 ms, found 2 plugins.
Preloading 1 native plugins for Editor in 1.18 ms.
Unloading 43 Unused Serialized files (Serialized files now loaded: 0)
Unloading 5148 unused Assets / (13.6 MB). Loaded Objects now: 5912.
Memory consumption went from 131.9 MB to 118.3 MB.
Total: 7.439208 ms (FindLiveObjects: 0.190583 ms CreateObjectMapping: 0.075583 ms MarkObjects: 5.988875 ms  DeleteObjects: 1.183917 ms)

Prepare: number of updated asset objects reloaded= 0
========================================================================
Received Prepare
Refreshing native plugins compatible for Editor in 1.45 ms, found 2 plugins.
Preloading 1 native plugins for Editor in 1.23 ms.
Unloading 43 Unused Serialized files (Serialized files now loaded: 0)
Unloading 5148 unused Assets / (13.9 MB). Loaded Objects now: 5912.
Memory consumption went from 131.9 MB to 118.0 MB.
Total: 7.580625 ms (FindLiveObjects: 0.189000 ms CreateObjectMapping: 0.081583 ms MarkObjects: 6.038375 ms  DeleteObjects: 1.271458 ms)

Prepare: number of updated asset objects reloaded= 0
========================================================================
Received Prepare
Refreshing native plugins compatible for Editor in 1.48 ms, found 2 plugins.
Preloading 1 native plugins for Editor in 1.16 ms.
Unloading 43 Unused Serialized files (Serialized files now loaded: 0)
Unloading 5148 unused Assets / (13.7 MB). Loaded Objects now: 5912.
Memory consumption went from 131.9 MB to 118.2 MB.
Total: 7.542750 ms (FindLiveObjects: 0.190959 ms CreateObjectMapping: 0.076583 ms MarkObjects: 6.074708 ms  DeleteObjects: 1.200334 ms)

Prepare: number of updated asset objects reloaded= 0
========================================================================
Received Prepare
Refreshing native plugins compatible for Editor in 1.43 ms, found 2 plugins.
Preloading 1 native plugins for Editor in 1.18 ms.
Unloading 43 Unused Serialized files (Serialized files now loaded: 0)
Unloading 5148 unused Assets / (13.8 MB). Loaded Objects now: 5912.
Memory consumption went from 131.9 MB to 118.1 MB.
Total: 7.640625 ms (FindLiveObjects: 0.187000 ms CreateObjectMapping: 0.073417 ms MarkObjects: 6.132875 ms  DeleteObjects: 1.247250 ms)

Prepare: number of updated asset objects reloaded= 0
========================================================================
Received Prepare
Refreshing native plugins compatible for Editor in 1.45 ms, found 2 plugins.
Preloading 1 native plugins for Editor in 1.19 ms.
Unloading 43 Unused Serialized files (Serialized files now loaded: 0)
Unloading 5148 unused Assets / (13.6 MB). Loaded Objects now: 5912.
Memory consumption went from 131.9 MB to 118.3 MB.
Total: 7.447666 ms (FindLiveObjects: 0.183000 ms CreateObjectMapping: 0.082333 ms MarkObjects: 6.025625 ms  DeleteObjects: 1.156500 ms)

Prepare: number of updated asset objects reloaded= 0
========================================================================
Received Prepare
Refreshing native plugins compatible for Editor in 1.39 ms, found 2 plugins.
Preloading 1 native plugins for Editor in 1.17 ms.
Unloading 43 Unused Serialized files (Serialized files now loaded: 0)
Unloading 5148 unused Assets / (14.2 MB). Loaded Objects now: 5912.
Memory consumption went from 131.9 MB to 117.7 MB.
Total: 7.564333 ms (FindLiveObjects: 0.189958 ms CreateObjectMapping: 0.088167 ms MarkObjects: 5.990083 ms  DeleteObjects: 1.295792 ms)

Prepare: number of updated asset objects reloaded= 0
========================================================================
Received Prepare
Refreshing native plugins compatible for Editor in 1.53 ms, found 2 plugins.
Preloading 1 native plugins for Editor in 1.24 ms.
Unloading 43 Unused Serialized files (Serialized files now loaded: 0)
Unloading 5148 unused Assets / (13.7 MB). Loaded Objects now: 5912.
Memory consumption went from 131.9 MB to 118.2 MB.
Total: 7.576709 ms (FindLiveObjects: 0.190708 ms CreateObjectMapping: 0.078417 ms MarkObjects: 6.138250 ms  DeleteObjects: 1.169167 ms)

Prepare: number of updated asset objects reloaded= 0
========================================================================
Received Prepare
Refreshing native plugins compatible for Editor in 1.45 ms, found 2 plugins.
Preloading 1 native plugins for Editor in 1.28 ms.
Unloading 43 Unused Serialized files (Serialized files now loaded: 0)
Unloading 5148 unused Assets / (13.9 MB). Loaded Objects now: 5912.
Memory consumption went from 131.9 MB to 118.0 MB.
Total: 7.896708 ms (FindLiveObjects: 0.198333 ms CreateObjectMapping: 0.089500 ms MarkObjects: 6.165917 ms  DeleteObjects: 1.442583 ms)

Prepare: number of updated asset objects reloaded= 0
========================================================================
Received Prepare
Refreshing native plugins compatible for Editor in 1.32 ms, found 2 plugins.
Preloading 1 native plugins for Editor in 1.23 ms.
Unloading 43 Unused Serialized files (Serialized files now loaded: 0)
Unloading 5148 unused Assets / (13.6 MB). Loaded Objects now: 5912.
Memory consumption went from 131.9 MB to 118.3 MB.
Total: 8.026459 ms (FindLiveObjects: 0.188625 ms CreateObjectMapping: 0.081875 ms MarkObjects: 6.580583 ms  DeleteObjects: 1.175084 ms)

Prepare: number of updated asset objects reloaded= 0
========================================================================
Received Prepare
Refreshing native plugins compatible for Editor in 1.47 ms, found 2 plugins.
Preloading 1 native plugins for Editor in 1.16 ms.
Unloading 43 Unused Serialized files (Serialized files now loaded: 0)
Unloading 5148 unused Assets / (13.6 MB). Loaded Objects now: 5912.
Memory consumption went from 131.9 MB to 118.3 MB.
Total: 7.452667 ms (FindLiveObjects: 0.196750 ms CreateObjectMapping: 0.074917 ms MarkObjects: 5.997458 ms  DeleteObjects: 1.183417 ms)

Prepare: number of updated asset objects reloaded= 0
========================================================================
Received Prepare
Refreshing native plugins compatible for Editor in 1.45 ms, found 2 plugins.
Preloading 1 native plugins for Editor in 1.19 ms.
Unloading 43 Unused Serialized files (Serialized files now loaded: 0)
Unloading 5148 unused Assets / (13.6 MB). Loaded Objects now: 5912.
Memory consumption went from 131.9 MB to 118.3 MB.
Total: 7.677625 ms (FindLiveObjects: 0.183208 ms CreateObjectMapping: 0.083750 ms MarkObjects: 6.231542 ms  DeleteObjects: 1.178541 ms)

Prepare: number of updated asset objects reloaded= 0
========================================================================
Received Prepare
Refreshing native plugins compatible for Editor in 1.53 ms, found 2 plugins.
Preloading 1 native plugins for Editor in 1.16 ms.
Unloading 43 Unused Serialized files (Serialized files now loaded: 0)
Unloading 5148 unused Assets / (13.5 MB). Loaded Objects now: 5912.
Memory consumption went from 131.9 MB to 118.4 MB.
Total: 7.521792 ms (FindLiveObjects: 0.182208 ms CreateObjectMapping: 0.074708 ms MarkObjects: 6.126875 ms  DeleteObjects: 1.137917 ms)

Prepare: number of updated asset objects reloaded= 0
========================================================================
Received Prepare
Refreshing native plugins compatible for Editor in 1.44 ms, found 2 plugins.
Preloading 1 native plugins for Editor in 1.25 ms.
Unloading 43 Unused Serialized files (Serialized files now loaded: 0)
Unloading 5148 unused Assets / (12.9 MB). Loaded Objects now: 5912.
Memory consumption went from 131.9 MB to 119.0 MB.
Total: 7.649125 ms (FindLiveObjects: 0.184125 ms CreateObjectMapping: 0.077666 ms MarkObjects: 6.195667 ms  DeleteObjects: 1.191500 ms)

Prepare: number of updated asset objects reloaded= 0
========================================================================
Received Prepare
Refreshing native plugins compatible for Editor in 1.31 ms, found 2 plugins.
Preloading 1 native plugins for Editor in 1.17 ms.
Unloading 43 Unused Serialized files (Serialized files now loaded: 0)
Unloading 5148 unused Assets / (13.7 MB). Loaded Objects now: 5912.
Memory consumption went from 131.9 MB to 118.2 MB.
Total: 7.858042 ms (FindLiveObjects: 0.181000 ms CreateObjectMapping: 0.080208 ms MarkObjects: 6.335292 ms  DeleteObjects: 1.261500 ms)

Prepare: number of updated asset objects reloaded= 0
========================================================================
Received Prepare
Refreshing native plugins compatible for Editor in 1.27 ms, found 2 plugins.
Preloading 1 native plugins for Editor in 1.19 ms.
Unloading 43 Unused Serialized files (Serialized files now loaded: 0)
Unloading 5148 unused Assets / (13.7 MB). Loaded Objects now: 5912.
Memory consumption went from 131.9 MB to 118.2 MB.
Total: 7.435125 ms (FindLiveObjects: 0.187666 ms CreateObjectMapping: 0.074292 ms MarkObjects: 6.004917 ms  DeleteObjects: 1.168000 ms)

Prepare: number of updated asset objects reloaded= 0
========================================================================
Received Prepare
Refreshing native plugins compatible for Editor in 1.52 ms, found 2 plugins.
Preloading 1 native plugins for Editor in 1.18 ms.
Unloading 43 Unused Serialized files (Serialized files now loaded: 0)
Unloading 5148 unused Assets / (13.6 MB). Loaded Objects now: 5912.
Memory consumption went from 131.9 MB to 118.3 MB.
Total: 7.540125 ms (FindLiveObjects: 0.191250 ms CreateObjectMapping: 0.077666 ms MarkObjects: 6.115584 ms  DeleteObjects: 1.155416 ms)

Prepare: number of updated asset objects reloaded= 0
========================================================================
Received Prepare
Refreshing native plugins compatible for Editor in 1.54 ms, found 2 plugins.
Preloading 1 native plugins for Editor in 1.18 ms.
Unloading 43 Unused Serialized files (Serialized files now loaded: 0)
Unloading 5148 unused Assets / (13.6 MB). Loaded Objects now: 5912.
Memory consumption went from 131.9 MB to 118.3 MB.
Total: 7.536167 ms (FindLiveObjects: 0.185875 ms CreateObjectMapping: 0.077209 ms MarkObjects: 6.110459 ms  DeleteObjects: 1.162500 ms)

Prepare: number of updated asset objects reloaded= 0
========================================================================
Received Prepare
Refreshing native plugins compatible for Editor in 1.49 ms, found 2 plugins.
Preloading 1 native plugins for Editor in 1.14 ms.
Unloading 43 Unused Serialized files (Serialized files now loaded: 0)
Unloading 5148 unused Assets / (13.8 MB). Loaded Objects now: 5912.
Memory consumption went from 131.9 MB to 118.1 MB.
Total: 7.552584 ms (FindLiveObjects: 0.190209 ms CreateObjectMapping: 0.075083 ms MarkObjects: 6.036792 ms  DeleteObjects: 1.250334 ms)

Prepare: number of updated asset objects reloaded= 0
========================================================================
Received Prepare
Refreshing native plugins compatible for Editor in 1.45 ms, found 2 plugins.
Preloading 1 native plugins for Editor in 1.16 ms.
Unloading 43 Unused Serialized files (Serialized files now loaded: 0)
Unloading 5148 unused Assets / (13.6 MB). Loaded Objects now: 5912.
Memory consumption went from 131.9 MB to 118.3 MB.
Total: 7.504417 ms (FindLiveObjects: 0.187292 ms CreateObjectMapping: 0.077041 ms MarkObjects: 6.101667 ms  DeleteObjects: 1.138083 ms)

Prepare: number of updated asset objects reloaded= 0
========================================================================
Received Prepare
Refreshing native plugins compatible for Editor in 1.54 ms, found 2 plugins.
Preloading 1 native plugins for Editor in 1.17 ms.
Unloading 43 Unused Serialized files (Serialized files now loaded: 0)
Unloading 5148 unused Assets / (13.6 MB). Loaded Objects now: 5912.
Memory consumption went from 131.9 MB to 118.3 MB.
Total: 7.390667 ms (FindLiveObjects: 0.184625 ms CreateObjectMapping: 0.078125 ms MarkObjects: 5.953750 ms  DeleteObjects: 1.174000 ms)

Prepare: number of updated asset objects reloaded= 0
========================================================================
Received Prepare
Refreshing native plugins compatible for Editor in 1.52 ms, found 2 plugins.
Preloading 1 native plugins for Editor in 1.16 ms.
Unloading 43 Unused Serialized files (Serialized files now loaded: 0)
Unloading 5148 unused Assets / (13.7 MB). Loaded Objects now: 5912.
Memory consumption went from 131.9 MB to 118.2 MB.
Total: 7.413084 ms (FindLiveObjects: 0.186250 ms CreateObjectMapping: 0.072625 ms MarkObjects: 5.954084 ms  DeleteObjects: 1.199875 ms)

Prepare: number of updated asset objects reloaded= 0
========================================================================
Received Prepare
Refreshing native plugins compatible for Editor in 1.49 ms, found 2 plugins.
Preloading 1 native plugins for Editor in 1.19 ms.
Unloading 43 Unused Serialized files (Serialized files now loaded: 0)
Unloading 5148 unused Assets / (13.6 MB). Loaded Objects now: 5912.
Memory consumption went from 131.9 MB to 118.3 MB.
Total: 7.491041 ms (FindLiveObjects: 0.186125 ms CreateObjectMapping: 0.079583 ms MarkObjects: 6.029667 ms  DeleteObjects: 1.195500 ms)

Prepare: number of updated asset objects reloaded= 0
========================================================================
Received Prepare
Refreshing native plugins compatible for Editor in 1.20 ms, found 2 plugins.
Preloading 1 native plugins for Editor in 1.17 ms.
Unloading 43 Unused Serialized files (Serialized files now loaded: 0)
Unloading 5148 unused Assets / (13.7 MB). Loaded Objects now: 5912.
Memory consumption went from 131.9 MB to 118.2 MB.
Total: 7.450625 ms (FindLiveObjects: 0.176083 ms CreateObjectMapping: 0.084500 ms MarkObjects: 6.049541 ms  DeleteObjects: 1.140167 ms)

Prepare: number of updated asset objects reloaded= 0
========================================================================
Received Prepare
Refreshing native plugins compatible for Editor in 1.24 ms, found 2 plugins.
Preloading 1 native plugins for Editor in 1.15 ms.
Unloading 43 Unused Serialized files (Serialized files now loaded: 0)
Unloading 5148 unused Assets / (13.6 MB). Loaded Objects now: 5912.
Memory consumption went from 131.9 MB to 118.3 MB.
Total: 7.425625 ms (FindLiveObjects: 0.186541 ms CreateObjectMapping: 0.075292 ms MarkObjects: 6.011000 ms  DeleteObjects: 1.152667 ms)

Prepare: number of updated asset objects reloaded= 0
========================================================================
Received Prepare
Refreshing native plugins compatible for Editor in 1.35 ms, found 2 plugins.
Preloading 1 native plugins for Editor in 1.17 ms.
Unloading 43 Unused Serialized files (Serialized files now loaded: 0)
Unloading 5148 unused Assets / (14.1 MB). Loaded Objects now: 5912.
Memory consumption went from 131.9 MB to 117.8 MB.
Total: 7.559708 ms (FindLiveObjects: 0.189750 ms CreateObjectMapping: 0.072750 ms MarkObjects: 6.008500 ms  DeleteObjects: 1.288542 ms)

Prepare: number of updated asset objects reloaded= 0
========================================================================
Received Prepare
Refreshing native plugins compatible for Editor in 1.18 ms, found 2 plugins.
Preloading 1 native plugins for Editor in 1.20 ms.
Unloading 43 Unused Serialized files (Serialized files now loaded: 0)
Unloading 5148 unused Assets / (13.6 MB). Loaded Objects now: 5912.
Memory consumption went from 131.9 MB to 118.3 MB.
Total: 7.427208 ms (FindLiveObjects: 0.179875 ms CreateObjectMapping: 0.078458 ms MarkObjects: 5.992209 ms  DeleteObjects: 1.176375 ms)

Prepare: number of updated asset objects reloaded= 0
========================================================================
Received Prepare
Refreshing native plugins compatible for Editor in 1.53 ms, found 2 plugins.
Preloading 1 native plugins for Editor in 1.16 ms.
Unloading 43 Unused Serialized files (Serialized files now loaded: 0)
Unloading 5148 unused Assets / (13.6 MB). Loaded Objects now: 5912.
Memory consumption went from 131.9 MB to 118.3 MB.
Total: 7.483292 ms (FindLiveObjects: 0.199333 ms CreateObjectMapping: 0.076417 ms MarkObjects: 6.024375 ms  DeleteObjects: 1.183000 ms)

Prepare: number of updated asset objects reloaded= 0
========================================================================
Received Prepare
Refreshing native plugins compatible for Editor in 1.45 ms, found 2 plugins.
Preloading 1 native plugins for Editor in 1.17 ms.
Unloading 43 Unused Serialized files (Serialized files now loaded: 0)
Unloading 5148 unused Assets / (13.7 MB). Loaded Objects now: 5912.
Memory consumption went from 131.9 MB to 118.2 MB.
Total: 7.320584 ms (FindLiveObjects: 0.190375 ms CreateObjectMapping: 0.073792 ms MarkObjects: 5.902042 ms  DeleteObjects: 1.154084 ms)

Prepare: number of updated asset objects reloaded= 0
========================================================================
Received Prepare
Refreshing native plugins compatible for Editor in 1.51 ms, found 2 plugins.
Preloading 1 native plugins for Editor in 1.17 ms.
Unloading 43 Unused Serialized files (Serialized files now loaded: 0)
Unloading 5148 unused Assets / (13.6 MB). Loaded Objects now: 5912.
Memory consumption went from 131.9 MB to 118.3 MB.
Total: 7.475167 ms (FindLiveObjects: 0.184042 ms CreateObjectMapping: 0.076875 ms MarkObjects: 6.041791 ms  DeleteObjects: 1.172125 ms)

Prepare: number of updated asset objects reloaded= 0
========================================================================
Received Prepare
Refreshing native plugins compatible for Editor in 1.36 ms, found 2 plugins.
Preloading 1 native plugins for Editor in 1.20 ms.
Unloading 43 Unused Serialized files (Serialized files now loaded: 0)
Unloading 5148 unused Assets / (13.6 MB). Loaded Objects now: 5912.
Memory consumption went from 131.9 MB to 118.3 MB.
Total: 7.399375 ms (FindLiveObjects: 0.186250 ms CreateObjectMapping: 0.077333 ms MarkObjects: 6.002875 ms  DeleteObjects: 1.132750 ms)

Prepare: number of updated asset objects reloaded= 0
========================================================================
Received Prepare
Refreshing native plugins compatible for Editor in 1.52 ms, found 2 plugins.
Preloading 1 native plugins for Editor in 1.18 ms.
Unloading 43 Unused Serialized files (Serialized files now loaded: 0)
Unloading 5148 unused Assets / (14.2 MB). Loaded Objects now: 5912.
Memory consumption went from 131.9 MB to 117.7 MB.
Total: 7.682250 ms (FindLiveObjects: 0.196000 ms CreateObjectMapping: 0.079500 ms MarkObjects: 6.136792 ms  DeleteObjects: 1.269625 ms)

Prepare: number of updated asset objects reloaded= 0
========================================================================
Received Prepare
Refreshing native plugins compatible for Editor in 1.51 ms, found 2 plugins.
Preloading 1 native plugins for Editor in 1.17 ms.
Unloading 43 Unused Serialized files (Serialized files now loaded: 0)
Unloading 5148 unused Assets / (13.8 MB). Loaded Objects now: 5912.
Memory consumption went from 131.9 MB to 118.1 MB.
Total: 7.599250 ms (FindLiveObjects: 0.188875 ms CreateObjectMapping: 0.075375 ms MarkObjects: 6.057666 ms  DeleteObjects: 1.277250 ms)

Prepare: number of updated asset objects reloaded= 0
========================================================================
Received Prepare
Refreshing native plugins compatible for Editor in 1.55 ms, found 2 plugins.
Preloading 1 native plugins for Editor in 1.24 ms.
Unloading 43 Unused Serialized files (Serialized files now loaded: 0)
Unloading 5148 unused Assets / (13.3 MB). Loaded Objects now: 5912.
Memory consumption went from 131.9 MB to 118.6 MB.
Total: 8.946750 ms (FindLiveObjects: 0.194750 ms CreateObjectMapping: 0.075917 ms MarkObjects: 7.442666 ms  DeleteObjects: 1.233292 ms)

Prepare: number of updated asset objects reloaded= 0
========================================================================
Received Prepare
Refreshing native plugins compatible for Editor in 1.43 ms, found 2 plugins.
Preloading 1 native plugins for Editor in 1.16 ms.
Unloading 43 Unused Serialized files (Serialized files now loaded: 0)
Unloading 5148 unused Assets / (13.7 MB). Loaded Objects now: 5912.
Memory consumption went from 131.9 MB to 118.2 MB.
Total: 7.893291 ms (FindLiveObjects: 0.192125 ms CreateObjectMapping: 0.078209 ms MarkObjects: 6.291208 ms  DeleteObjects: 1.331583 ms)

Prepare: number of updated asset objects reloaded= 0
========================================================================
Received Prepare
Refreshing native plugins compatible for Editor in 1.50 ms, found 2 plugins.
Preloading 1 native plugins for Editor in 1.16 ms.
Unloading 43 Unused Serialized files (Serialized files now loaded: 0)
Unloading 5148 unused Assets / (13.9 MB). Loaded Objects now: 5912.
Memory consumption went from 131.9 MB to 118.0 MB.
Total: 7.712625 ms (FindLiveObjects: 0.189792 ms CreateObjectMapping: 0.080000 ms MarkObjects: 6.144916 ms  DeleteObjects: 1.297750 ms)

Prepare: number of updated asset objects reloaded= 0
========================================================================
Received Prepare
Refreshing native plugins compatible for Editor in 1.26 ms, found 2 plugins.
Preloading 1 native plugins for Editor in 1.17 ms.
Unloading 43 Unused Serialized files (Serialized files now loaded: 0)
Unloading 5148 unused Assets / (13.7 MB). Loaded Objects now: 5912.
Memory consumption went from 131.9 MB to 118.2 MB.
Total: 7.533167 ms (FindLiveObjects: 0.188583 ms CreateObjectMapping: 0.085042 ms MarkObjects: 6.046208 ms  DeleteObjects: 1.213125 ms)

Prepare: number of updated asset objects reloaded= 0
========================================================================
Received Prepare
Refreshing native plugins compatible for Editor in 1.56 ms, found 2 plugins.
Preloading 1 native plugins for Editor in 1.18 ms.
Unloading 43 Unused Serialized files (Serialized files now loaded: 0)
Unloading 5148 unused Assets / (13.6 MB). Loaded Objects now: 5912.
Memory consumption went from 131.9 MB to 118.3 MB.
Total: 7.296875 ms (FindLiveObjects: 0.186958 ms CreateObjectMapping: 0.071000 ms MarkObjects: 5.896000 ms  DeleteObjects: 1.142667 ms)

Prepare: number of updated asset objects reloaded= 0
========================================================================
Received Prepare
Refreshing native plugins compatible for Editor in 1.41 ms, found 2 plugins.
Preloading 1 native plugins for Editor in 1.16 ms.
Unloading 43 Unused Serialized files (Serialized files now loaded: 0)
Unloading 5148 unused Assets / (13.7 MB). Loaded Objects now: 5912.
Memory consumption went from 131.9 MB to 118.2 MB.
Total: 7.496166 ms (FindLiveObjects: 0.183000 ms CreateObjectMapping: 0.076541 ms MarkObjects: 6.049292 ms  DeleteObjects: 1.187083 ms)

Prepare: number of updated asset objects reloaded= 0
========================================================================
Received Prepare
Refreshing native plugins compatible for Editor in 1.20 ms, found 2 plugins.
Preloading 1 native plugins for Editor in 1.12 ms.
Unloading 43 Unused Serialized files (Serialized files now loaded: 0)
Unloading 5148 unused Assets / (13.6 MB). Loaded Objects now: 5912.
Memory consumption went from 131.9 MB to 118.3 MB.
Total: 7.468292 ms (FindLiveObjects: 0.186750 ms CreateObjectMapping: 0.084833 ms MarkObjects: 5.996584 ms  DeleteObjects: 1.200000 ms)

Prepare: number of updated asset objects reloaded= 0
========================================================================
Received Prepare
Refreshing native plugins compatible for Editor in 1.29 ms, found 2 plugins.
Preloading 1 native plugins for Editor in 1.17 ms.
Unloading 43 Unused Serialized files (Serialized files now loaded: 0)
Unloading 5148 unused Assets / (13.5 MB). Loaded Objects now: 5912.
Memory consumption went from 131.9 MB to 118.4 MB.
Total: 7.705125 ms (FindLiveObjects: 0.186375 ms CreateObjectMapping: 0.082625 ms MarkObjects: 6.323292 ms  DeleteObjects: 1.112667 ms)

Prepare: number of updated asset objects reloaded= 0
========================================================================
Received Prepare
Refreshing native plugins compatible for Editor in 1.49 ms, found 2 plugins.
Preloading 1 native plugins for Editor in 1.22 ms.
Unloading 43 Unused Serialized files (Serialized files now loaded: 0)
Unloading 5148 unused Assets / (13.9 MB). Loaded Objects now: 5912.
Memory consumption went from 131.9 MB to 118.0 MB.
Total: 7.548250 ms (FindLiveObjects: 0.186625 ms CreateObjectMapping: 0.077958 ms MarkObjects: 6.062250 ms  DeleteObjects: 1.221250 ms)

Prepare: number of updated asset objects reloaded= 0
========================================================================
Received Prepare
Refreshing native plugins compatible for Editor in 1.82 ms, found 2 plugins.
Preloading 1 native plugins for Editor in 1.18 ms.
Unloading 43 Unused Serialized files (Serialized files now loaded: 0)
Unloading 5148 unused Assets / (13.7 MB). Loaded Objects now: 5912.
Memory consumption went from 131.9 MB to 118.2 MB.
Total: 7.515333 ms (FindLiveObjects: 0.182583 ms CreateObjectMapping: 0.074667 ms MarkObjects: 6.040750 ms  DeleteObjects: 1.217166 ms)

Prepare: number of updated asset objects reloaded= 0
========================================================================
Received Prepare
Refreshing native plugins compatible for Editor in 1.51 ms, found 2 plugins.
Preloading 1 native plugins for Editor in 1.24 ms.
Unloading 43 Unused Serialized files (Serialized files now loaded: 0)
Unloading 5148 unused Assets / (13.5 MB). Loaded Objects now: 5912.
Memory consumption went from 131.9 MB to 118.4 MB.
Total: 7.554125 ms (FindLiveObjects: 0.188083 ms CreateObjectMapping: 0.071667 ms MarkObjects: 6.187084 ms  DeleteObjects: 1.106958 ms)

Prepare: number of updated asset objects reloaded= 0
========================================================================
Received Prepare
Refreshing native plugins compatible for Editor in 1.47 ms, found 2 plugins.
Preloading 1 native plugins for Editor in 1.18 ms.
Unloading 43 Unused Serialized files (Serialized files now loaded: 0)
Unloading 5148 unused Assets / (13.6 MB). Loaded Objects now: 5912.
Memory consumption went from 131.9 MB to 118.3 MB.
Total: 7.486500 ms (FindLiveObjects: 0.191166 ms CreateObjectMapping: 0.070875 ms MarkObjects: 6.047167 ms  DeleteObjects: 1.177208 ms)

Prepare: number of updated asset objects reloaded= 0
========================================================================
Received Prepare
Refreshing native plugins compatible for Editor in 1.41 ms, found 2 plugins.
Preloading 1 native plugins for Editor in 1.17 ms.
Unloading 43 Unused Serialized files (Serialized files now loaded: 0)
Unloading 5148 unused Assets / (14.2 MB). Loaded Objects now: 5912.
Memory consumption went from 131.9 MB to 117.7 MB.
Total: 7.507125 ms (FindLiveObjects: 0.190500 ms CreateObjectMapping: 0.080833 ms MarkObjects: 5.954209 ms  DeleteObjects: 1.281125 ms)

Prepare: number of updated asset objects reloaded= 0
========================================================================
Received Prepare
Refreshing native plugins compatible for Editor in 1.36 ms, found 2 plugins.
Preloading 1 native plugins for Editor in 1.18 ms.
Unloading 43 Unused Serialized files (Serialized files now loaded: 0)
Unloading 5148 unused Assets / (13.7 MB). Loaded Objects now: 5912.
Memory consumption went from 131.9 MB to 118.2 MB.
Total: 7.841875 ms (FindLiveObjects: 0.191625 ms CreateObjectMapping: 0.072833 ms MarkObjects: 6.386375 ms  DeleteObjects: 1.190917 ms)

Prepare: number of updated asset objects reloaded= 0
========================================================================
Received Prepare
Refreshing native plugins compatible for Editor in 1.42 ms, found 2 plugins.
Preloading 1 native plugins for Editor in 1.18 ms.
Unloading 43 Unused Serialized files (Serialized files now loaded: 0)
Unloading 5148 unused Assets / (13.6 MB). Loaded Objects now: 5912.
Memory consumption went from 131.9 MB to 118.3 MB.
Total: 7.435917 ms (FindLiveObjects: 0.189000 ms CreateObjectMapping: 0.077417 ms MarkObjects: 5.990667 ms  DeleteObjects: 1.178375 ms)

Prepare: number of updated asset objects reloaded= 0
========================================================================
Received Prepare
Refreshing native plugins compatible for Editor in 1.46 ms, found 2 plugins.
Preloading 1 native plugins for Editor in 1.19 ms.
Unloading 43 Unused Serialized files (Serialized files now loaded: 0)
Unloading 5148 unused Assets / (13.6 MB). Loaded Objects now: 5912.
Memory consumption went from 131.9 MB to 118.3 MB.
Total: 7.460583 ms (FindLiveObjects: 0.186459 ms CreateObjectMapping: 0.070583 ms MarkObjects: 6.048708 ms  DeleteObjects: 1.154667 ms)

Prepare: number of updated asset objects reloaded= 0
========================================================================
Received Prepare
Refreshing native plugins compatible for Editor in 1.41 ms, found 2 plugins.
Preloading 1 native plugins for Editor in 1.25 ms.
Unloading 43 Unused Serialized files (Serialized files now loaded: 0)
Unloading 5148 unused Assets / (13.6 MB). Loaded Objects now: 5912.
Memory consumption went from 131.9 MB to 118.3 MB.
Total: 7.441792 ms (FindLiveObjects: 0.184000 ms CreateObjectMapping: 0.072125 ms MarkObjects: 6.047208 ms  DeleteObjects: 1.138209 ms)

Prepare: number of updated asset objects reloaded= 0
========================================================================
Received Prepare
Refreshing native plugins compatible for Editor in 1.14 ms, found 2 plugins.
Preloading 1 native plugins for Editor in 1.20 ms.
Unloading 43 Unused Serialized files (Serialized files now loaded: 0)
Unloading 5148 unused Assets / (13.6 MB). Loaded Objects now: 5912.
Memory consumption went from 131.9 MB to 118.3 MB.
Total: 7.464792 ms (FindLiveObjects: 0.186084 ms CreateObjectMapping: 0.073125 ms MarkObjects: 6.000708 ms  DeleteObjects: 1.204666 ms)

Prepare: number of updated asset objects reloaded= 0
========================================================================
Received Prepare
Refreshing native plugins compatible for Editor in 1.48 ms, found 2 plugins.
Preloading 1 native plugins for Editor in 1.25 ms.
Unloading 43 Unused Serialized files (Serialized files now loaded: 0)
Unloading 5148 unused Assets / (13.6 MB). Loaded Objects now: 5912.
Memory consumption went from 131.9 MB to 118.3 MB.
Total: 7.789834 ms (FindLiveObjects: 0.196083 ms CreateObjectMapping: 0.084125 ms MarkObjects: 6.299084 ms  DeleteObjects: 1.210458 ms)

Prepare: number of updated asset objects reloaded= 0
========================================================================
Received Prepare
Refreshing native plugins compatible for Editor in 1.61 ms, found 2 plugins.
Preloading 1 native plugins for Editor in 1.23 ms.
Unloading 43 Unused Serialized files (Serialized files now loaded: 0)
Unloading 5148 unused Assets / (13.1 MB). Loaded Objects now: 5912.
Memory consumption went from 131.9 MB to 118.8 MB.
Total: 7.832000 ms (FindLiveObjects: 0.185833 ms CreateObjectMapping: 0.080250 ms MarkObjects: 6.427125 ms  DeleteObjects: 1.138500 ms)

Prepare: number of updated asset objects reloaded= 0
========================================================================
Received Prepare
Refreshing native plugins compatible for Editor in 1.44 ms, found 2 plugins.
Preloading 1 native plugins for Editor in 1.23 ms.
Unloading 43 Unused Serialized files (Serialized files now loaded: 0)
Unloading 5148 unused Assets / (13.6 MB). Loaded Objects now: 5912.
Memory consumption went from 131.9 MB to 118.3 MB.
Total: 7.325041 ms (FindLiveObjects: 0.182709 ms CreateObjectMapping: 0.068541 ms MarkObjects: 5.893459 ms  DeleteObjects: 1.180000 ms)

Prepare: number of updated asset objects reloaded= 0
========================================================================
Received Prepare
Begin MonoManager ReloadAssembly
[Licensing::Client] Successfully resolved entitlement details
[Licensing::Module] License group:
  Id: F4-85AS-8ZW6-XMRF-425Z-XXXX
  Product: Unity Personal
  Type: ULF
  Expiration: Unlimited
[Licensing::Module] License group:
  Id: 6872810951280-UnityPersXXXX
  Product: Unity Personal
  Type: Assigned
  Expiration: Unlimited
Thread 0x16b737000 may have been prematurely finalized
Symbol file LoadedFromMemory is not a mono symbol file
Symbol file LoadedFromMemory is not a mono symbol file
- Loaded All Assemblies, in  0.370 seconds
Refreshing native plugins compatible for Editor in 1.25 ms, found 2 plugins.
Native extension for OSXStandalone target not found
Native extension for WebGL target not found
Refreshing native plugins compatible for Editor in 1.29 ms, found 2 plugins.
[Package Manager] Failed to launch server process. Reason: Unity was launched with the -noUpm command-line argument
[Package Manager] Unable to send message (not connected to server process).
[Package Manager] Cannot connect to Unity Package Manager local server
ScheduleIndexationOnStartup MainProcess:False IndexOnStartup:True
Mono: successfully reloaded assembly
- Finished resetting the current domain, in  0.392 seconds
Domain Reload Profiling: 764ms
	BeginReloadAssembly (94ms)
		ExecutionOrderSort (0ms)
		DisableScriptedObjects (3ms)
		BackupInstance (0ms)
		ReleaseScriptingObjects (0ms)
		CreateAndSetChildDomain (31ms)
	RebuildCommonClasses (16ms)
	RebuildNativeTypeToScriptingClass (6ms)
	initialDomainReloadingComplete (10ms)
	LoadAllAssembliesAndSetupDomain (246ms)
		LoadAssemblies (205ms)
		RebuildTransferFunctionScriptingTraits (0ms)
		AnalyzeDomain (72ms)
			TypeCache.Refresh (8ms)
				TypeCache.ScanAssembly (0ms)
			BuildScriptInfoCaches (61ms)
			ResolveRequiredComponents (1ms)
	FinalizeReload (392ms)
		ReleaseScriptCaches (0ms)
		RebuildScriptCaches (0ms)
		SetupLoadedEditorAssemblies (346ms)
			LogAssemblyErrors (0ms)
			InitializePlatformSupportModulesInManaged (1ms)
			SetLoadedEditorAssemblies (2ms)
			BeforeProcessingInitializeOnLoad (84ms)
			ProcessInitializeOnLoadAttributes (161ms)
			ProcessInitializeOnLoadMethodAttributes (98ms)
			AfterProcessingInitializeOnLoad (0ms)
			EditorAssembliesLoaded (0ms)
		ExecutionOrderSort2 (0ms)
		AwakeInstancesAfterBackupRestoration (1ms)
Refreshing native plugins compatible for Editor in 1.48 ms, found 2 plugins.
Preloading 1 native plugins for Editor in 1.20 ms.
Unloading 43 Unused Serialized files (Serialized files now loaded: 0)
Unloading 5193 unused Assets / (13.8 MB). Loaded Objects now: 5916.
Memory consumption went from 145.2 MB to 131.4 MB.
Total: 7.733709 ms (FindLiveObjects: 0.192750 ms CreateObjectMapping: 0.076167 ms MarkObjects: 6.179250 ms  DeleteObjects: 1.285084 ms)

Prepare: number of updated asset objects reloaded= 0
========================================================================
Received Prepare
Refreshing native plugins compatible for Editor in 1.14 ms, found 2 plugins.
Preloading 1 native plugins for Editor in 1.16 ms.
Unloading 43 Unused Serialized files (Serialized files now loaded: 0)
Unloading 5148 unused Assets / (14.0 MB). Loaded Objects now: 5916.
Memory consumption went from 131.9 MB to 118.0 MB.
Total: 7.414750 ms (FindLiveObjects: 0.171875 ms CreateObjectMapping: 0.077625 ms MarkObjects: 6.018583 ms  DeleteObjects: 1.146208 ms)

Prepare: number of updated asset objects reloaded= 0
========================================================================
Received Prepare
Refreshing native plugins compatible for Editor in 1.49 ms, found 2 plugins.
Preloading 1 native plugins for Editor in 1.17 ms.
Unloading 43 Unused Serialized files (Serialized files now loaded: 0)
Unloading 5148 unused Assets / (13.7 MB). Loaded Objects now: 5916.
Memory consumption went from 131.9 MB to 118.3 MB.
Total: 7.431625 ms (FindLiveObjects: 0.185959 ms CreateObjectMapping: 0.070959 ms MarkObjects: 6.041708 ms  DeleteObjects: 1.132792 ms)

Prepare: number of updated asset objects reloaded= 0
========================================================================
Received Prepare
Refreshing native plugins compatible for Editor in 1.39 ms, found 2 plugins.
Preloading 1 native plugins for Editor in 1.23 ms.
Unloading 43 Unused Serialized files (Serialized files now loaded: 0)
Unloading 5148 unused Assets / (11.9 MB). Loaded Objects now: 5916.
Memory consumption went from 131.9 MB to 120.1 MB.
Total: 7.672250 ms (FindLiveObjects: 0.188625 ms CreateObjectMapping: 0.074250 ms MarkObjects: 6.416250 ms  DeleteObjects: 0.992875 ms)

Prepare: number of updated asset objects reloaded= 0
========================================================================
Received Prepare
Refreshing native plugins compatible for Editor in 1.55 ms, found 2 plugins.
Preloading 1 native plugins for Editor in 1.18 ms.
Unloading 43 Unused Serialized files (Serialized files now loaded: 0)
Unloading 5148 unused Assets / (13.6 MB). Loaded Objects now: 5916.
Memory consumption went from 131.9 MB to 118.3 MB.
Total: 7.217208 ms (FindLiveObjects: 0.189041 ms CreateObjectMapping: 0.078209 ms MarkObjects: 5.827041 ms  DeleteObjects: 1.122542 ms)

Prepare: number of updated asset objects reloaded= 0
========================================================================
Received Prepare
Refreshing native plugins compatible for Editor in 1.47 ms, found 2 plugins.
Preloading 1 native plugins for Editor in 1.18 ms.
Unloading 43 Unused Serialized files (Serialized files now loaded: 0)
Unloading 5148 unused Assets / (13.7 MB). Loaded Objects now: 5916.
Memory consumption went from 131.9 MB to 118.3 MB.
Total: 7.431083 ms (FindLiveObjects: 0.186458 ms CreateObjectMapping: 0.071792 ms MarkObjects: 5.997291 ms  DeleteObjects: 1.175250 ms)

Prepare: number of updated asset objects reloaded= 0
========================================================================
Received Prepare
Refreshing native plugins compatible for Editor in 1.28 ms, found 2 plugins.
Preloading 1 native plugins for Editor in 1.16 ms.
Unloading 43 Unused Serialized files (Serialized files now loaded: 0)
Unloading 5148 unused Assets / (13.8 MB). Loaded Objects now: 5916.
Memory consumption went from 131.9 MB to 118.2 MB.
Total: 7.556667 ms (FindLiveObjects: 0.186166 ms CreateObjectMapping: 0.074292 ms MarkObjects: 6.086042 ms  DeleteObjects: 1.209917 ms)

Prepare: number of updated asset objects reloaded= 0
========================================================================
Received Prepare
Refreshing native plugins compatible for Editor in 1.46 ms, found 2 plugins.
Preloading 1 native plugins for Editor in 1.18 ms.
Unloading 43 Unused Serialized files (Serialized files now loaded: 0)
Unloading 5148 unused Assets / (13.6 MB). Loaded Objects now: 5916.
Memory consumption went from 131.9 MB to 118.4 MB.
Total: 7.374500 ms (FindLiveObjects: 0.188542 ms CreateObjectMapping: 0.080250 ms MarkObjects: 5.953667 ms  DeleteObjects: 1.151708 ms)

Prepare: number of updated asset objects reloaded= 0
========================================================================
Received Prepare
Begin MonoManager ReloadAssembly
[Licensing::Client] Successfully resolved entitlement details
[Licensing::Module] License group:
  Id: F4-85AS-8ZW6-XMRF-425Z-XXXX
  Product: Unity Personal
  Type: ULF
  Expiration: Unlimited
[Licensing::Module] License group:
  Id: 6872810951280-UnityPersXXXX
  Product: Unity Personal
  Type: Assigned
  Expiration: Unlimited
Thread 0x16b737000 may have been prematurely finalized
Symbol file LoadedFromMemory is not a mono symbol file
Symbol file LoadedFromMemory is not a mono symbol file
- Loaded All Assemblies, in  0.339 seconds
Refreshing native plugins compatible for Editor in 1.19 ms, found 2 plugins.
Native extension for OSXStandalone target not found
Native extension for WebGL target not found
Refreshing native plugins compatible for Editor in 1.58 ms, found 2 plugins.
[Package Manager] Failed to launch server process. Reason: Unity was launched with the -noUpm command-line argument
[Package Manager] Unable to send message (not connected to server process).
[Package Manager] Cannot connect to Unity Package Manager local server
ScheduleIndexationOnStartup MainProcess:False IndexOnStartup:True
Mono: successfully reloaded assembly
- Finished resetting the current domain, in  0.397 seconds
Domain Reload Profiling: 737ms
	BeginReloadAssembly (70ms)
		ExecutionOrderSort (0ms)
		DisableScriptedObjects (3ms)
		BackupInstance (0ms)
		ReleaseScriptingObjects (0ms)
		CreateAndSetChildDomain (21ms)
	RebuildCommonClasses (16ms)
	RebuildNativeTypeToScriptingClass (6ms)
	initialDomainReloadingComplete (9ms)
	LoadAllAssembliesAndSetupDomain (239ms)
		LoadAssemblies (182ms)
		RebuildTransferFunctionScriptingTraits (0ms)
		AnalyzeDomain (78ms)
			TypeCache.Refresh (7ms)
				TypeCache.ScanAssembly (0ms)
			BuildScriptInfoCaches (68ms)
			ResolveRequiredComponents (1ms)
	FinalizeReload (397ms)
		ReleaseScriptCaches (0ms)
		RebuildScriptCaches (0ms)
		SetupLoadedEditorAssemblies (349ms)
			LogAssemblyErrors (0ms)
			InitializePlatformSupportModulesInManaged (1ms)
			SetLoadedEditorAssemblies (2ms)
			BeforeProcessingInitializeOnLoad (82ms)
			ProcessInitializeOnLoadAttributes (165ms)
			ProcessInitializeOnLoadMethodAttributes (98ms)
			AfterProcessingInitializeOnLoad (0ms)
			EditorAssembliesLoaded (0ms)
		ExecutionOrderSort2 (0ms)
		AwakeInstancesAfterBackupRestoration (1ms)
Refreshing native plugins compatible for Editor in 1.14 ms, found 2 plugins.
Preloading 1 native plugins for Editor in 1.15 ms.
Unloading 43 Unused Serialized files (Serialized files now loaded: 0)
Unloading 5193 unused Assets / (13.7 MB). Loaded Objects now: 5920.
Memory consumption went from 145.1 MB to 131.4 MB.
Total: 7.489625 ms (FindLiveObjects: 0.182459 ms CreateObjectMapping: 0.065750 ms MarkObjects: 6.087416 ms  DeleteObjects: 1.153791 ms)

Prepare: number of updated asset objects reloaded= 0
========================================================================
Received Prepare
Refreshing native plugins compatible for Editor in 1.14 ms, found 2 plugins.
Preloading 1 native plugins for Editor in 1.16 ms.
Unloading 43 Unused Serialized files (Serialized files now loaded: 0)
Unloading 5148 unused Assets / (13.9 MB). Loaded Objects now: 5920.
Memory consumption went from 131.9 MB to 118.1 MB.
Total: 7.720500 ms (FindLiveObjects: 0.169667 ms CreateObjectMapping: 0.111792 ms MarkObjects: 6.308250 ms  DeleteObjects: 1.130625 ms)

Prepare: number of updated asset objects reloaded= 0
========================================================================
Received Prepare
Begin MonoManager ReloadAssembly
Thread 0x16b737000 may have been prematurely finalized
Symbol file LoadedFromMemory is not a mono symbol file
Symbol file LoadedFromMemory is not a mono symbol file
- Loaded All Assemblies, in  0.298 seconds
Refreshing native plugins compatible for Editor in 1.48 ms, found 2 plugins.
Native extension for OSXStandalone target not found
Native extension for WebGL target not found
Refreshing native plugins compatible for Editor in 1.16 ms, found 2 plugins.
[Package Manager] Failed to launch server process. Reason: Unity was launched with the -noUpm command-line argument
[Package Manager] Unable to send message (not connected to server process).
[Package Manager] Cannot connect to Unity Package Manager local server
ScheduleIndexationOnStartup MainProcess:False IndexOnStartup:True
Mono: successfully reloaded assembly
- Finished resetting the current domain, in  0.392 seconds
Domain Reload Profiling: 692ms
	BeginReloadAssembly (71ms)
		ExecutionOrderSort (0ms)
		DisableScriptedObjects (3ms)
		BackupInstance (0ms)
		ReleaseScriptingObjects (0ms)
		CreateAndSetChildDomain (21ms)
	RebuildCommonClasses (16ms)
	RebuildNativeTypeToScriptingClass (6ms)
	initialDomainReloadingComplete (9ms)
	LoadAllAssembliesAndSetupDomain (197ms)
		LoadAssemblies (152ms)
		RebuildTransferFunctionScriptingTraits (0ms)
		AnalyzeDomain (67ms)
			TypeCache.Refresh (7ms)
				TypeCache.ScanAssembly (0ms)
			BuildScriptInfoCaches (57ms)
			ResolveRequiredComponents (1ms)
	FinalizeReload (393ms)
		ReleaseScriptCaches (0ms)
		RebuildScriptCaches (0ms)
		SetupLoadedEditorAssemblies (346ms)
			LogAssemblyErrors (0ms)
			InitializePlatformSupportModulesInManaged (1ms)
			SetLoadedEditorAssemblies (2ms)
			BeforeProcessingInitializeOnLoad (82ms)
			ProcessInitializeOnLoadAttributes (164ms)
			ProcessInitializeOnLoadMethodAttributes (98ms)
			AfterProcessingInitializeOnLoad (0ms)
			EditorAssembliesLoaded (0ms)
		ExecutionOrderSort2 (0ms)
		AwakeInstancesAfterBackupRestoration (1ms)
Refreshing native plugins compatible for Editor in 1.67 ms, found 2 plugins.
Preloading 1 native plugins for Editor in 1.26 ms.
Unloading 43 Unused Serialized files (Serialized files now loaded: 0)
Unloading 5193 unused Assets / (13.1 MB). Loaded Objects now: 5924.
Memory consumption went from 145.1 MB to 132.0 MB.
Total: 8.381833 ms (FindLiveObjects: 0.218584 ms CreateObjectMapping: 0.077875 ms MarkObjects: 6.764375 ms  DeleteObjects: 1.320750 ms)

Prepare: number of updated asset objects reloaded= 0
========================================================================
Received Prepare
Begin MonoManager ReloadAssembly
Thread 0x16b737000 may have been prematurely finalized
Symbol file LoadedFromMemory is not a mono symbol file
Symbol file LoadedFromMemory is not a mono symbol file
- Loaded All Assemblies, in  0.321 seconds
Refreshing native plugins compatible for Editor in 1.20 ms, found 2 plugins.
Native extension for OSXStandalone target not found
Native extension for WebGL target not found
Refreshing native plugins compatible for Editor in 1.29 ms, found 2 plugins.
[Package Manager] Failed to launch server process. Reason: Unity was launched with the -noUpm command-line argument
[Package Manager] Unable to send message (not connected to server process).
[Package Manager] Cannot connect to Unity Package Manager local server
ScheduleIndexationOnStartup MainProcess:False IndexOnStartup:True
Mono: successfully reloaded assembly
- Finished resetting the current domain, in  0.461 seconds
Domain Reload Profiling: 784ms
	BeginReloadAssembly (70ms)
		ExecutionOrderSort (0ms)
		DisableScriptedObjects (2ms)
		BackupInstance (0ms)
		ReleaseScriptingObjects (0ms)
		CreateAndSetChildDomain (21ms)
	RebuildCommonClasses (16ms)
	RebuildNativeTypeToScriptingClass (6ms)
	initialDomainReloadingComplete (9ms)
	LoadAllAssembliesAndSetupDomain (221ms)
		LoadAssemblies (177ms)
		RebuildTransferFunctionScriptingTraits (0ms)
		AnalyzeDomain (65ms)
			TypeCache.Refresh (5ms)
				TypeCache.ScanAssembly (0ms)
			BuildScriptInfoCaches (58ms)
			ResolveRequiredComponents (1ms)
	FinalizeReload (462ms)
		ReleaseScriptCaches (0ms)
		RebuildScriptCaches (0ms)
		SetupLoadedEditorAssemblies (409ms)
			LogAssemblyErrors (0ms)
			InitializePlatformSupportModulesInManaged (1ms)
			SetLoadedEditorAssemblies (2ms)
			BeforeProcessingInitializeOnLoad (95ms)
			ProcessInitializeOnLoadAttributes (197ms)
			ProcessInitializeOnLoadMethodAttributes (114ms)
			AfterProcessingInitializeOnLoad (1ms)
			EditorAssembliesLoaded (0ms)
		ExecutionOrderSort2 (0ms)
		AwakeInstancesAfterBackupRestoration (1ms)
Refreshing native plugins compatible for Editor in 1.67 ms, found 2 plugins.
Preloading 1 native plugins for Editor in 1.28 ms.
Unloading 43 Unused Serialized files (Serialized files now loaded: 0)
Unloading 5193 unused Assets / (12.5 MB). Loaded Objects now: 5928.
Memory consumption went from 145.1 MB to 132.5 MB.
Total: 8.927334 ms (FindLiveObjects: 0.214125 ms CreateObjectMapping: 0.087000 ms MarkObjects: 7.362834 ms  DeleteObjects: 1.263000 ms)

Prepare: number of updated asset objects reloaded= 0
========================================================================
Received Prepare
Refreshing native plugins compatible for Editor in 1.26 ms, found 2 plugins.
Preloading 1 native plugins for Editor in 1.19 ms.
Unloading 43 Unused Serialized files (Serialized files now loaded: 0)
Unloading 5148 unused Assets / (13.5 MB). Loaded Objects now: 5928.
Memory consumption went from 132.0 MB to 118.5 MB.
Total: 7.530459 ms (FindLiveObjects: 0.190959 ms CreateObjectMapping: 0.073291 ms MarkObjects: 6.167625 ms  DeleteObjects: 1.098459 ms)

Prepare: number of updated asset objects reloaded= 0
========================================================================
Received Prepare
Refreshing native plugins compatible for Editor in 1.51 ms, found 2 plugins.
Preloading 1 native plugins for Editor in 1.18 ms.
Unloading 43 Unused Serialized files (Serialized files now loaded: 0)
Unloading 5148 unused Assets / (13.7 MB). Loaded Objects now: 5928.
Memory consumption went from 132.0 MB to 118.2 MB.
Total: 7.497583 ms (FindLiveObjects: 0.185459 ms CreateObjectMapping: 0.080083 ms MarkObjects: 6.056917 ms  DeleteObjects: 1.175041 ms)

Prepare: number of updated asset objects reloaded= 0
========================================================================
Received Prepare
Refreshing native plugins compatible for Editor in 1.15 ms, found 2 plugins.
Preloading 1 native plugins for Editor in 1.16 ms.
Unloading 43 Unused Serialized files (Serialized files now loaded: 0)
Unloading 5148 unused Assets / (13.7 MB). Loaded Objects now: 5928.
Memory consumption went from 132.0 MB to 118.3 MB.
Total: 7.458083 ms (FindLiveObjects: 0.187333 ms CreateObjectMapping: 0.077833 ms MarkObjects: 6.017875 ms  DeleteObjects: 1.174792 ms)

Prepare: number of updated asset objects reloaded= 0
========================================================================
Received Prepare
Refreshing native plugins compatible for Editor in 1.38 ms, found 2 plugins.
Preloading 1 native plugins for Editor in 1.16 ms.
Unloading 43 Unused Serialized files (Serialized files now loaded: 0)
Unloading 5148 unused Assets / (13.6 MB). Loaded Objects now: 5928.
Memory consumption went from 132.0 MB to 118.3 MB.
Total: 7.052750 ms (FindLiveObjects: 0.202291 ms CreateObjectMapping: 0.077917 ms MarkObjects: 5.627167 ms  DeleteObjects: 1.145167 ms)

Prepare: number of updated asset objects reloaded= 0
========================================================================
Received Prepare
Refreshing native plugins compatible for Editor in 1.46 ms, found 2 plugins.
Preloading 1 native plugins for Editor in 1.19 ms.
Unloading 43 Unused Serialized files (Serialized files now loaded: 0)
Unloading 5148 unused Assets / (13.5 MB). Loaded Objects now: 5928.
Memory consumption went from 132.0 MB to 118.4 MB.
Total: 7.564250 ms (FindLiveObjects: 0.190000 ms CreateObjectMapping: 0.079333 ms MarkObjects: 6.152125 ms  DeleteObjects: 1.142667 ms)

Prepare: number of updated asset objects reloaded= 0
========================================================================
Received Prepare
Begin MonoManager ReloadAssembly
[Licensing::Client] Successfully resolved entitlement details
[Licensing::Module] License group:
  Id: F4-85AS-8ZW6-XMRF-425Z-XXXX
  Product: Unity Personal
  Type: ULF
  Expiration: Unlimited
[Licensing::Module] License group:
  Id: 6872810951280-UnityPersXXXX
  Product: Unity Personal
  Type: Assigned
  Expiration: Unlimited
Thread 0x16b737000 may have been prematurely finalized
Symbol file LoadedFromMemory is not a mono symbol file
Symbol file LoadedFromMemory is not a mono symbol file
- Loaded All Assemblies, in  0.347 seconds
Refreshing native plugins compatible for Editor in 1.12 ms, found 2 plugins.
Native extension for OSXStandalone target not found
Native extension for WebGL target not found
Refreshing native plugins compatible for Editor in 1.53 ms, found 2 plugins.
[Package Manager] Failed to launch server process. Reason: Unity was launched with the -noUpm command-line argument
[Package Manager] Unable to send message (not connected to server process).
[Package Manager] Cannot connect to Unity Package Manager local server
ScheduleIndexationOnStartup MainProcess:False IndexOnStartup:True
Mono: successfully reloaded assembly
- Finished resetting the current domain, in  0.390 seconds
Domain Reload Profiling: 738ms
	BeginReloadAssembly (70ms)
		ExecutionOrderSort (0ms)
		DisableScriptedObjects (2ms)
		BackupInstance (0ms)
		ReleaseScriptingObjects (0ms)
		CreateAndSetChildDomain (21ms)
	RebuildCommonClasses (15ms)
	RebuildNativeTypeToScriptingClass (6ms)
	initialDomainReloadingComplete (9ms)
	LoadAllAssembliesAndSetupDomain (247ms)
		LoadAssemblies (200ms)
		RebuildTransferFunctionScriptingTraits (0ms)
		AnalyzeDomain (68ms)
			TypeCache.Refresh (7ms)
				TypeCache.ScanAssembly (0ms)
			BuildScriptInfoCaches (57ms)
			ResolveRequiredComponents (1ms)
	FinalizeReload (390ms)
		ReleaseScriptCaches (0ms)
		RebuildScriptCaches (0ms)
		SetupLoadedEditorAssemblies (343ms)
			LogAssemblyErrors (0ms)
			InitializePlatformSupportModulesInManaged (1ms)
			SetLoadedEditorAssemblies (2ms)
			BeforeProcessingInitializeOnLoad (81ms)
			ProcessInitializeOnLoadAttributes (162ms)
			ProcessInitializeOnLoadMethodAttributes (96ms)
			AfterProcessingInitializeOnLoad (0ms)
			EditorAssembliesLoaded (0ms)
		ExecutionOrderSort2 (0ms)
		AwakeInstancesAfterBackupRestoration (1ms)
Refreshing native plugins compatible for Editor in 1.37 ms, found 2 plugins.
Preloading 1 native plugins for Editor in 1.19 ms.
Unloading 43 Unused Serialized files (Serialized files now loaded: 0)
Unloading 5193 unused Assets / (13.6 MB). Loaded Objects now: 5932.
Memory consumption went from 145.1 MB to 131.5 MB.
Total: 7.770166 ms (FindLiveObjects: 0.182000 ms CreateObjectMapping: 0.077750 ms MarkObjects: 6.349333 ms  DeleteObjects: 1.160917 ms)

Prepare: number of updated asset objects reloaded= 0
========================================================================
Received Prepare
Refreshing native plugins compatible for Editor in 0.98 ms, found 2 plugins.
Preloading 1 native plugins for Editor in 1.12 ms.
Unloading 43 Unused Serialized files (Serialized files now loaded: 0)
Unloading 5148 unused Assets / (13.9 MB). Loaded Objects now: 5932.
Memory consumption went from 132.0 MB to 118.1 MB.
Total: 7.669333 ms (FindLiveObjects: 0.170625 ms CreateObjectMapping: 0.074000 ms MarkObjects: 6.329500 ms  DeleteObjects: 1.094958 ms)

Prepare: number of updated asset objects reloaded= 0
========================================================================
Received Prepare
Refreshing native plugins compatible for Editor in 1.40 ms, found 2 plugins.
Preloading 1 native plugins for Editor in 1.18 ms.
Unloading 43 Unused Serialized files (Serialized files now loaded: 0)
Unloading 5148 unused Assets / (13.6 MB). Loaded Objects now: 5932.
Memory consumption went from 132.0 MB to 118.4 MB.
Total: 7.430417 ms (FindLiveObjects: 0.190041 ms CreateObjectMapping: 0.079000 ms MarkObjects: 5.998042 ms  DeleteObjects: 1.163041 ms)

Prepare: number of updated asset objects reloaded= 0
========================================================================
Received Prepare
Refreshing native plugins compatible for Editor in 1.53 ms, found 2 plugins.
Preloading 1 native plugins for Editor in 1.17 ms.
Unloading 43 Unused Serialized files (Serialized files now loaded: 0)
Unloading 5148 unused Assets / (13.7 MB). Loaded Objects now: 5932.
Memory consumption went from 132.0 MB to 118.2 MB.
Total: 7.631917 ms (FindLiveObjects: 0.186875 ms CreateObjectMapping: 0.087750 ms MarkObjects: 6.121083 ms  DeleteObjects: 1.235750 ms)

Prepare: number of updated asset objects reloaded= 0
========================================================================
Received Prepare
Refreshing native plugins compatible for Editor in 1.35 ms, found 2 plugins.
Preloading 1 native plugins for Editor in 1.20 ms.
Unloading 43 Unused Serialized files (Serialized files now loaded: 0)
Unloading 5148 unused Assets / (13.7 MB). Loaded Objects now: 5932.
Memory consumption went from 132.0 MB to 118.2 MB.
Total: 7.718375 ms (FindLiveObjects: 0.184209 ms CreateObjectMapping: 0.082666 ms MarkObjects: 6.145959 ms  DeleteObjects: 1.305459 ms)

Prepare: number of updated asset objects reloaded= 0
========================================================================
Received Prepare
Refreshing native plugins compatible for Editor in 1.55 ms, found 2 plugins.
Preloading 1 native plugins for Editor in 1.17 ms.
Unloading 43 Unused Serialized files (Serialized files now loaded: 0)
Unloading 5148 unused Assets / (13.7 MB). Loaded Objects now: 5932.
Memory consumption went from 132.0 MB to 118.3 MB.
Total: 7.540459 ms (FindLiveObjects: 0.190125 ms CreateObjectMapping: 0.079041 ms MarkObjects: 6.111084 ms  DeleteObjects: 1.160000 ms)

Prepare: number of updated asset objects reloaded= 0
========================================================================
Received Prepare
Refreshing native plugins compatible for Editor in 1.47 ms, found 2 plugins.
Preloading 1 native plugins for Editor in 1.19 ms.
Unloading 43 Unused Serialized files (Serialized files now loaded: 0)
Unloading 5148 unused Assets / (13.6 MB). Loaded Objects now: 5932.
Memory consumption went from 132.0 MB to 118.4 MB.
Total: 7.527917 ms (FindLiveObjects: 0.215875 ms CreateObjectMapping: 0.075542 ms MarkObjects: 6.065041 ms  DeleteObjects: 1.171250 ms)

Prepare: number of updated asset objects reloaded= 0
========================================================================
Received Prepare
Refreshing native plugins compatible for Editor in 1.54 ms, found 2 plugins.
Preloading 1 native plugins for Editor in 1.18 ms.
Unloading 43 Unused Serialized files (Serialized files now loaded: 0)
Unloading 5148 unused Assets / (13.7 MB). Loaded Objects now: 5932.
Memory consumption went from 132.0 MB to 118.3 MB.
Total: 7.856625 ms (FindLiveObjects: 0.181417 ms CreateObjectMapping: 0.076416 ms MarkObjects: 6.337125 ms  DeleteObjects: 1.261458 ms)

Prepare: number of updated asset objects reloaded= 0
========================================================================
Received Prepare
Begin MonoManager ReloadAssembly
Thread 0x16b737000 may have been prematurely finalized
Symbol file LoadedFromMemory is not a mono symbol file
Symbol file LoadedFromMemory is not a mono symbol file
- Loaded All Assemblies, in  0.334 seconds
Refreshing native plugins compatible for Editor in 1.17 ms, found 2 plugins.
Native extension for OSXStandalone target not found
Native extension for WebGL target not found
Refreshing native plugins compatible for Editor in 1.14 ms, found 2 plugins.
[Package Manager] Failed to launch server process. Reason: Unity was launched with the -noUpm command-line argument
[Package Manager] Unable to send message (not connected to server process).
[Package Manager] Cannot connect to Unity Package Manager local server
ScheduleIndexationOnStartup MainProcess:False IndexOnStartup:True
Mono: successfully reloaded assembly
- Finished resetting the current domain, in  0.386 seconds
Domain Reload Profiling: 721ms
	BeginReloadAssembly (73ms)
		ExecutionOrderSort (0ms)
		DisableScriptedObjects (3ms)
		BackupInstance (0ms)
		ReleaseScriptingObjects (0ms)
		CreateAndSetChildDomain (22ms)
	RebuildCommonClasses (16ms)
	RebuildNativeTypeToScriptingClass (6ms)
	initialDomainReloadingComplete (9ms)
	LoadAllAssembliesAndSetupDomain (232ms)
		LoadAssemblies (188ms)
		RebuildTransferFunctionScriptingTraits (0ms)
		AnalyzeDomain (66ms)
			TypeCache.Refresh (7ms)
				TypeCache.ScanAssembly (0ms)
			BuildScriptInfoCaches (56ms)
			ResolveRequiredComponents (1ms)
	FinalizeReload (386ms)
		ReleaseScriptCaches (0ms)
		RebuildScriptCaches (0ms)
		SetupLoadedEditorAssemblies (339ms)
			LogAssemblyErrors (0ms)
			InitializePlatformSupportModulesInManaged (1ms)
			SetLoadedEditorAssemblies (2ms)
			BeforeProcessingInitializeOnLoad (81ms)
			ProcessInitializeOnLoadAttributes (162ms)
			ProcessInitializeOnLoadMethodAttributes (92ms)
			AfterProcessingInitializeOnLoad (0ms)
			EditorAssembliesLoaded (0ms)
		ExecutionOrderSort2 (0ms)
		AwakeInstancesAfterBackupRestoration (1ms)
Refreshing native plugins compatible for Editor in 1.45 ms, found 2 plugins.
Preloading 1 native plugins for Editor in 1.19 ms.
Unloading 43 Unused Serialized files (Serialized files now loaded: 0)
Unloading 5193 unused Assets / (13.8 MB). Loaded Objects now: 5936.
Memory consumption went from 145.1 MB to 131.3 MB.
Total: 7.634500 ms (FindLiveObjects: 0.181917 ms CreateObjectMapping: 0.078791 ms MarkObjects: 6.181167 ms  DeleteObjects: 1.192500 ms)

Prepare: number of updated asset objects reloaded= 0
========================================================================
Received Prepare
Refreshing native plugins compatible for Editor in 0.90 ms, found 2 plugins.
Preloading 1 native plugins for Editor in 1.15 ms.
Unloading 43 Unused Serialized files (Serialized files now loaded: 0)
Unloading 5148 unused Assets / (13.6 MB). Loaded Objects now: 5936.
Memory consumption went from 132.0 MB to 118.4 MB.
Total: 7.774125 ms (FindLiveObjects: 0.174959 ms CreateObjectMapping: 0.073791 ms MarkObjects: 6.445709 ms  DeleteObjects: 1.079500 ms)

Prepare: number of updated asset objects reloaded= 0
========================================================================
Received Prepare
Refreshing native plugins compatible for Editor in 1.37 ms, found 2 plugins.
Preloading 1 native plugins for Editor in 1.24 ms.
Unloading 43 Unused Serialized files (Serialized files now loaded: 0)
Unloading 5148 unused Assets / (12.8 MB). Loaded Objects now: 5936.
Memory consumption went from 132.0 MB to 119.2 MB.
Total: 7.789000 ms (FindLiveObjects: 0.193458 ms CreateObjectMapping: 0.084375 ms MarkObjects: 6.448125 ms  DeleteObjects: 1.062792 ms)

Prepare: number of updated asset objects reloaded= 0
========================================================================
Received Prepare
Refreshing native plugins compatible for Editor in 1.45 ms, found 2 plugins.
Preloading 1 native plugins for Editor in 1.16 ms.
Unloading 43 Unused Serialized files (Serialized files now loaded: 0)
Unloading 5148 unused Assets / (13.9 MB). Loaded Objects now: 5936.
Memory consumption went from 132.0 MB to 118.1 MB.
Total: 7.486208 ms (FindLiveObjects: 0.189709 ms CreateObjectMapping: 0.077875 ms MarkObjects: 5.985500 ms  DeleteObjects: 1.232875 ms)

Prepare: number of updated asset objects reloaded= 0
========================================================================
Received Prepare
Begin MonoManager ReloadAssembly
[Licensing::Client] Successfully resolved entitlement details
[Licensing::Module] License group:
  Id: F4-85AS-8ZW6-XMRF-425Z-XXXX
  Product: Unity Personal
  Type: ULF
  Expiration: Unlimited
[Licensing::Module] License group:
  Id: 6872810951280-UnityPersXXXX
  Product: Unity Personal
  Type: Assigned
  Expiration: Unlimited
Thread 0x16b737000 may have been prematurely finalized
Symbol file LoadedFromMemory is not a mono symbol file
Symbol file LoadedFromMemory is not a mono symbol file
- Loaded All Assemblies, in  0.328 seconds
Refreshing native plugins compatible for Editor in 1.21 ms, found 2 plugins.
Native extension for OSXStandalone target not found
Native extension for WebGL target not found
Refreshing native plugins compatible for Editor in 1.10 ms, found 2 plugins.
[Package Manager] Failed to launch server process. Reason: Unity was launched with the -noUpm command-line argument
[Package Manager] Unable to send message (not connected to server process).
[Package Manager] Cannot connect to Unity Package Manager local server
ScheduleIndexationOnStartup MainProcess:False IndexOnStartup:True
Mono: successfully reloaded assembly
- Finished resetting the current domain, in  0.391 seconds
Domain Reload Profiling: 721ms
	BeginReloadAssembly (71ms)
		ExecutionOrderSort (0ms)
		DisableScriptedObjects (3ms)
		BackupInstance (0ms)
		ReleaseScriptingObjects (0ms)
		CreateAndSetChildDomain (21ms)
	RebuildCommonClasses (16ms)
	RebuildNativeTypeToScriptingClass (6ms)
	initialDomainReloadingComplete (9ms)
	LoadAllAssembliesAndSetupDomain (227ms)
		LoadAssemblies (179ms)
		RebuildTransferFunctionScriptingTraits (0ms)
		AnalyzeDomain (69ms)
			TypeCache.Refresh (7ms)
				TypeCache.ScanAssembly (0ms)
			BuildScriptInfoCaches (59ms)
			ResolveRequiredComponents (1ms)
	FinalizeReload (391ms)
		ReleaseScriptCaches (0ms)
		RebuildScriptCaches (0ms)
		SetupLoadedEditorAssemblies (344ms)
			LogAssemblyErrors (0ms)
			InitializePlatformSupportModulesInManaged (1ms)
			SetLoadedEditorAssemblies (2ms)
			BeforeProcessingInitializeOnLoad (81ms)
			ProcessInitializeOnLoadAttributes (162ms)
			ProcessInitializeOnLoadMethodAttributes (99ms)
			AfterProcessingInitializeOnLoad (0ms)
			EditorAssembliesLoaded (0ms)
		ExecutionOrderSort2 (0ms)
		AwakeInstancesAfterBackupRestoration (1ms)
Refreshing native plugins compatible for Editor in 0.94 ms, found 2 plugins.
Preloading 1 native plugins for Editor in 1.19 ms.
Unloading 43 Unused Serialized files (Serialized files now loaded: 0)
Unloading 5193 unused Assets / (13.7 MB). Loaded Objects now: 5940.
Memory consumption went from 145.1 MB to 131.4 MB.
Total: 7.465875 ms (FindLiveObjects: 0.172875 ms CreateObjectMapping: 0.076500 ms MarkObjects: 6.110500 ms  DeleteObjects: 1.105708 ms)

Prepare: number of updated asset objects reloaded= 0
========================================================================
Received Prepare
Refreshing native plugins compatible for Editor in 1.54 ms, found 2 plugins.
Preloading 1 native plugins for Editor in 1.17 ms.
Unloading 43 Unused Serialized files (Serialized files now loaded: 0)
Unloading 5148 unused Assets / (13.6 MB). Loaded Objects now: 5940.
Memory consumption went from 132.0 MB to 118.3 MB.
Total: 7.683542 ms (FindLiveObjects: 0.185875 ms CreateObjectMapping: 0.072833 ms MarkObjects: 6.257917 ms  DeleteObjects: 1.166708 ms)

Prepare: number of updated asset objects reloaded= 0
========================================================================
Received Prepare
Refreshing native plugins compatible for Editor in 1.56 ms, found 2 plugins.
Preloading 1 native plugins for Editor in 1.17 ms.
Unloading 43 Unused Serialized files (Serialized files now loaded: 0)
Unloading 5148 unused Assets / (12.9 MB). Loaded Objects now: 5940.
Memory consumption went from 132.0 MB to 119.1 MB.
Total: 7.789041 ms (FindLiveObjects: 0.189750 ms CreateObjectMapping: 0.074291 ms MarkObjects: 6.415834 ms  DeleteObjects: 1.109041 ms)

Prepare: number of updated asset objects reloaded= 0
========================================================================
Received Prepare
Refreshing native plugins compatible for Editor in 1.17 ms, found 2 plugins.
Preloading 1 native plugins for Editor in 1.16 ms.
Unloading 43 Unused Serialized files (Serialized files now loaded: 0)
Unloading 5148 unused Assets / (13.7 MB). Loaded Objects now: 5940.
Memory consumption went from 132.0 MB to 118.3 MB.
Total: 7.458458 ms (FindLiveObjects: 0.183375 ms CreateObjectMapping: 0.073417 ms MarkObjects: 6.036833 ms  DeleteObjects: 1.164583 ms)

Prepare: number of updated asset objects reloaded= 0
========================================================================
Received Prepare
Refreshing native plugins compatible for Editor in 1.46 ms, found 2 plugins.
Preloading 1 native plugins for Editor in 1.16 ms.
Unloading 43 Unused Serialized files (Serialized files now loaded: 0)
Unloading 5148 unused Assets / (13.6 MB). Loaded Objects now: 5940.
Memory consumption went from 132.0 MB to 118.4 MB.
Total: 7.355458 ms (FindLiveObjects: 0.197875 ms CreateObjectMapping: 0.082542 ms MarkObjects: 5.935792 ms  DeleteObjects: 1.138917 ms)

Prepare: number of updated asset objects reloaded= 0
========================================================================
Received Prepare
Begin MonoManager ReloadAssembly
[Licensing::Client] Successfully resolved entitlement details
[Licensing::Module] License group:
  Id: F4-85AS-8ZW6-XMRF-425Z-XXXX
  Product: Unity Personal
  Type: ULF
  Expiration: Unlimited
[Licensing::Module] License group:
  Id: 6872810951280-UnityPersXXXX
  Product: Unity Personal
  Type: Assigned
  Expiration: Unlimited
Thread 0x16b737000 may have been prematurely finalized
Symbol file LoadedFromMemory is not a mono symbol file
Symbol file LoadedFromMemory is not a mono symbol file
- Loaded All Assemblies, in  0.336 seconds
Refreshing native plugins compatible for Editor in 1.19 ms, found 2 plugins.
Native extension for OSXStandalone target not found
Native extension for WebGL target not found
Refreshing native plugins compatible for Editor in 1.24 ms, found 2 plugins.
[Package Manager] Failed to launch server process. Reason: Unity was launched with the -noUpm command-line argument
[Package Manager] Unable to send message (not connected to server process).
[Package Manager] Cannot connect to Unity Package Manager local server
ScheduleIndexationOnStartup MainProcess:False IndexOnStartup:True
Mono: successfully reloaded assembly
- Finished resetting the current domain, in  0.395 seconds
Domain Reload Profiling: 732ms
	BeginReloadAssembly (71ms)
		ExecutionOrderSort (0ms)
		DisableScriptedObjects (3ms)
		BackupInstance (0ms)
		ReleaseScriptingObjects (0ms)
		CreateAndSetChildDomain (21ms)
	RebuildCommonClasses (16ms)
	RebuildNativeTypeToScriptingClass (6ms)
	initialDomainReloadingComplete (9ms)
	LoadAllAssembliesAndSetupDomain (235ms)
		LoadAssemblies (187ms)
		RebuildTransferFunctionScriptingTraits (0ms)
		AnalyzeDomain (70ms)
			TypeCache.Refresh (8ms)
				TypeCache.ScanAssembly (0ms)
			BuildScriptInfoCaches (59ms)
			ResolveRequiredComponents (1ms)
	FinalizeReload (395ms)
		ReleaseScriptCaches (0ms)
		RebuildScriptCaches (0ms)
		SetupLoadedEditorAssemblies (348ms)
			LogAssemblyErrors (0ms)
			InitializePlatformSupportModulesInManaged (1ms)
			SetLoadedEditorAssemblies (2ms)
			BeforeProcessingInitializeOnLoad (82ms)
			ProcessInitializeOnLoadAttributes (164ms)
			ProcessInitializeOnLoadMethodAttributes (99ms)
			AfterProcessingInitializeOnLoad (0ms)
			EditorAssembliesLoaded (0ms)
		ExecutionOrderSort2 (0ms)
		AwakeInstancesAfterBackupRestoration (1ms)
Refreshing native plugins compatible for Editor in 1.49 ms, found 2 plugins.
Preloading 1 native plugins for Editor in 1.17 ms.
Unloading 43 Unused Serialized files (Serialized files now loaded: 0)
Unloading 5193 unused Assets / (14.3 MB). Loaded Objects now: 5944.
Memory consumption went from 145.1 MB to 130.8 MB.
Total: 7.559625 ms (FindLiveObjects: 0.185208 ms CreateObjectMapping: 0.072750 ms MarkObjects: 6.010500 ms  DeleteObjects: 1.290958 ms)

Prepare: number of updated asset objects reloaded= 0
========================================================================
Received Prepare
Refreshing native plugins compatible for Editor in 1.32 ms, found 2 plugins.
Preloading 1 native plugins for Editor in 1.17 ms.
Unloading 43 Unused Serialized files (Serialized files now loaded: 0)
Unloading 5148 unused Assets / (13.7 MB). Loaded Objects now: 5944.
Memory consumption went from 132.0 MB to 118.3 MB.
Total: 7.640542 ms (FindLiveObjects: 0.191125 ms CreateObjectMapping: 0.076958 ms MarkObjects: 6.167083 ms  DeleteObjects: 1.205167 ms)

Prepare: number of updated asset objects reloaded= 0
========================================================================
Received Prepare
Begin MonoManager ReloadAssembly
Thread 0x16b737000 may have been prematurely finalized
Symbol file LoadedFromMemory is not a mono symbol file
Symbol file LoadedFromMemory is not a mono symbol file
- Loaded All Assemblies, in  0.307 seconds
Refreshing native plugins compatible for Editor in 1.16 ms, found 2 plugins.
Native extension for OSXStandalone target not found
Native extension for WebGL target not found
Refreshing native plugins compatible for Editor in 1.28 ms, found 2 plugins.
[Package Manager] Failed to launch server process. Reason: Unity was launched with the -noUpm command-line argument
[Package Manager] Unable to send message (not connected to server process).
[Package Manager] Cannot connect to Unity Package Manager local server
ScheduleIndexationOnStartup MainProcess:False IndexOnStartup:True
Mono: successfully reloaded assembly
- Finished resetting the current domain, in  0.399 seconds
Domain Reload Profiling: 708ms
	BeginReloadAssembly (74ms)
		ExecutionOrderSort (0ms)
		DisableScriptedObjects (3ms)
		BackupInstance (0ms)
		ReleaseScriptingObjects (0ms)
		CreateAndSetChildDomain (22ms)
	RebuildCommonClasses (15ms)
	RebuildNativeTypeToScriptingClass (6ms)
	initialDomainReloadingComplete (10ms)
	LoadAllAssembliesAndSetupDomain (202ms)
		LoadAssemblies (157ms)
		RebuildTransferFunctionScriptingTraits (0ms)
		AnalyzeDomain (70ms)
			TypeCache.Refresh (7ms)
				TypeCache.ScanAssembly (0ms)
			BuildScriptInfoCaches (59ms)
			ResolveRequiredComponents (1ms)
	FinalizeReload (399ms)
		ReleaseScriptCaches (0ms)
		RebuildScriptCaches (0ms)
		SetupLoadedEditorAssemblies (351ms)
			LogAssemblyErrors (0ms)
			InitializePlatformSupportModulesInManaged (1ms)
			SetLoadedEditorAssemblies (2ms)
			BeforeProcessingInitializeOnLoad (82ms)
			ProcessInitializeOnLoadAttributes (165ms)
			ProcessInitializeOnLoadMethodAttributes (101ms)
			AfterProcessingInitializeOnLoad (1ms)
			EditorAssembliesLoaded (0ms)
		ExecutionOrderSort2 (0ms)
		AwakeInstancesAfterBackupRestoration (1ms)
Refreshing native plugins compatible for Editor in 1.37 ms, found 2 plugins.
Preloading 1 native plugins for Editor in 1.24 ms.
Unloading 43 Unused Serialized files (Serialized files now loaded: 0)
Unloading 5193 unused Assets / (12.7 MB). Loaded Objects now: 5948.
Memory consumption went from 145.1 MB to 132.4 MB.
Total: 8.008000 ms (FindLiveObjects: 0.203625 ms CreateObjectMapping: 0.089000 ms MarkObjects: 6.530375 ms  DeleteObjects: 1.184833 ms)

Prepare: number of updated asset objects reloaded= 0
========================================================================
Received Prepare
Refreshing native plugins compatible for Editor in 1.26 ms, found 2 plugins.
Preloading 1 native plugins for Editor in 1.19 ms.
Unloading 43 Unused Serialized files (Serialized files now loaded: 0)
Unloading 5148 unused Assets / (13.8 MB). Loaded Objects now: 5948.
Memory consumption went from 132.0 MB to 118.2 MB.
Total: 7.688458 ms (FindLiveObjects: 0.189042 ms CreateObjectMapping: 0.076916 ms MarkObjects: 6.142417 ms  DeleteObjects: 1.279958 ms)

Prepare: number of updated asset objects reloaded= 0
========================================================================
Received Prepare
Begin MonoManager ReloadAssembly
Thread 0x16b737000 may have been prematurely finalized
Symbol file LoadedFromMemory is not a mono symbol file
Symbol file LoadedFromMemory is not a mono symbol file
- Loaded All Assemblies, in  0.320 seconds
Refreshing native plugins compatible for Editor in 1.27 ms, found 2 plugins.
Native extension for OSXStandalone target not found
Native extension for WebGL target not found
Refreshing native plugins compatible for Editor in 1.21 ms, found 2 plugins.
[Package Manager] Failed to launch server process. Reason: Unity was launched with the -noUpm command-line argument
[Package Manager] Unable to send message (not connected to server process).
[Package Manager] Cannot connect to Unity Package Manager local server
ScheduleIndexationOnStartup MainProcess:False IndexOnStartup:True
Mono: successfully reloaded assembly
- Finished resetting the current domain, in  0.443 seconds
Domain Reload Profiling: 764ms
	BeginReloadAssembly (72ms)
		ExecutionOrderSort (0ms)
		DisableScriptedObjects (3ms)
		BackupInstance (0ms)
		ReleaseScriptingObjects (0ms)
		CreateAndSetChildDomain (22ms)
	RebuildCommonClasses (16ms)
	RebuildNativeTypeToScriptingClass (6ms)
	initialDomainReloadingComplete (9ms)
	LoadAllAssembliesAndSetupDomain (217ms)
		LoadAssemblies (172ms)
		RebuildTransferFunctionScriptingTraits (0ms)
		AnalyzeDomain (68ms)
			TypeCache.Refresh (7ms)
				TypeCache.ScanAssembly (0ms)
			BuildScriptInfoCaches (59ms)
			ResolveRequiredComponents (1ms)
	FinalizeReload (444ms)
		ReleaseScriptCaches (0ms)
		RebuildScriptCaches (0ms)
		SetupLoadedEditorAssemblies (386ms)
			LogAssemblyErrors (0ms)
			InitializePlatformSupportModulesInManaged (1ms)
			SetLoadedEditorAssemblies (2ms)
			BeforeProcessingInitializeOnLoad (99ms)
			ProcessInitializeOnLoadAttributes (180ms)
			ProcessInitializeOnLoadMethodAttributes (104ms)
			AfterProcessingInitializeOnLoad (1ms)
			EditorAssembliesLoaded (0ms)
		ExecutionOrderSort2 (0ms)
		AwakeInstancesAfterBackupRestoration (1ms)
Refreshing native plugins compatible for Editor in 1.43 ms, found 2 plugins.
Preloading 1 native plugins for Editor in 1.22 ms.
Unloading 43 Unused Serialized files (Serialized files now loaded: 0)
Unloading 5193 unused Assets / (12.9 MB). Loaded Objects now: 5952.
Memory consumption went from 145.1 MB to 132.3 MB.
Total: 8.195500 ms (FindLiveObjects: 0.195292 ms CreateObjectMapping: 0.088916 ms MarkObjects: 6.603584 ms  DeleteObjects: 1.307333 ms)

Prepare: number of updated asset objects reloaded= 0
========================================================================
Received Prepare
Refreshing native plugins compatible for Editor in 1.24 ms, found 2 plugins.
Preloading 1 native plugins for Editor in 1.23 ms.
Unloading 43 Unused Serialized files (Serialized files now loaded: 0)
Unloading 5148 unused Assets / (12.4 MB). Loaded Objects now: 5952.
Memory consumption went from 132.0 MB to 119.6 MB.
Total: 7.612625 ms (FindLiveObjects: 0.186083 ms CreateObjectMapping: 0.078000 ms MarkObjects: 6.303250 ms  DeleteObjects: 1.044750 ms)

Prepare: number of updated asset objects reloaded= 0
========================================================================
Received Prepare
Begin MonoManager ReloadAssembly
Thread 0x16b737000 may have been prematurely finalized
Symbol file LoadedFromMemory is not a mono symbol file
Symbol file LoadedFromMemory is not a mono symbol file
- Loaded All Assemblies, in  0.288 seconds
Refreshing native plugins compatible for Editor in 1.20 ms, found 2 plugins.
Native extension for OSXStandalone target not found
Native extension for WebGL target not found
Refreshing native plugins compatible for Editor in 1.20 ms, found 2 plugins.
[Package Manager] Failed to launch server process. Reason: Unity was launched with the -noUpm command-line argument
[Package Manager] Unable to send message (not connected to server process).
[Package Manager] Cannot connect to Unity Package Manager local server
ScheduleIndexationOnStartup MainProcess:False IndexOnStartup:True
Mono: successfully reloaded assembly
- Finished resetting the current domain, in  0.398 seconds
Domain Reload Profiling: 688ms
	BeginReloadAssembly (70ms)
		ExecutionOrderSort (0ms)
		DisableScriptedObjects (3ms)
		BackupInstance (0ms)
		ReleaseScriptingObjects (0ms)
		CreateAndSetChildDomain (21ms)
	RebuildCommonClasses (16ms)
	RebuildNativeTypeToScriptingClass (6ms)
	initialDomainReloadingComplete (9ms)
	LoadAllAssembliesAndSetupDomain (189ms)
		LoadAssemblies (145ms)
		RebuildTransferFunctionScriptingTraits (0ms)
		AnalyzeDomain (65ms)
			TypeCache.Refresh (5ms)
				TypeCache.ScanAssembly (0ms)
			BuildScriptInfoCaches (57ms)
			ResolveRequiredComponents (1ms)
	FinalizeReload (398ms)
		ReleaseScriptCaches (0ms)
		RebuildScriptCaches (0ms)
		SetupLoadedEditorAssemblies (350ms)
			LogAssemblyErrors (0ms)
			InitializePlatformSupportModulesInManaged (1ms)
			SetLoadedEditorAssemblies (2ms)
			BeforeProcessingInitializeOnLoad (81ms)
			ProcessInitializeOnLoadAttributes (165ms)
			ProcessInitializeOnLoadMethodAttributes (100ms)
			AfterProcessingInitializeOnLoad (1ms)
			EditorAssembliesLoaded (0ms)
		ExecutionOrderSort2 (0ms)
		AwakeInstancesAfterBackupRestoration (1ms)
Refreshing native plugins compatible for Editor in 1.54 ms, found 2 plugins.
Preloading 1 native plugins for Editor in 1.24 ms.
Unloading 43 Unused Serialized files (Serialized files now loaded: 0)
Unloading 5193 unused Assets / (12.1 MB). Loaded Objects now: 5956.
Memory consumption went from 145.3 MB to 133.2 MB.
Total: 7.841084 ms (FindLiveObjects: 0.192709 ms CreateObjectMapping: 0.084000 ms MarkObjects: 6.462958 ms  DeleteObjects: 1.101292 ms)

Prepare: number of updated asset objects reloaded= 0
========================================================================
Received Prepare
Begin MonoManager ReloadAssembly
[Licensing::Client] Successfully resolved entitlement details
[Licensing::Module] License group:
  Id: F4-85AS-8ZW6-XMRF-425Z-XXXX
  Product: Unity Personal
  Type: ULF
  Expiration: Unlimited
[Licensing::Module] License group:
  Id: 6872810951280-UnityPersXXXX
  Product: Unity Personal
  Type: Assigned
  Expiration: Unlimited
Thread 0x16b737000 may have been prematurely finalized
Symbol file LoadedFromMemory is not a mono symbol file
Symbol file LoadedFromMemory is not a mono symbol file
- Loaded All Assemblies, in  0.297 seconds
Refreshing native plugins compatible for Editor in 1.16 ms, found 2 plugins.
Native extension for OSXStandalone target not found
Native extension for WebGL target not found
Refreshing native plugins compatible for Editor in 1.06 ms, found 2 plugins.
[Package Manager] Failed to launch server process. Reason: Unity was launched with the -noUpm command-line argument
[Package Manager] Unable to send message (not connected to server process).
[Package Manager] Cannot connect to Unity Package Manager local server
ScheduleIndexationOnStartup MainProcess:False IndexOnStartup:True
Mono: successfully reloaded assembly
- Finished resetting the current domain, in  0.457 seconds
Domain Reload Profiling: 754ms
	BeginReloadAssembly (70ms)
		ExecutionOrderSort (0ms)
		DisableScriptedObjects (3ms)
		BackupInstance (0ms)
		ReleaseScriptingObjects (0ms)
		CreateAndSetChildDomain (21ms)
	RebuildCommonClasses (16ms)
	RebuildNativeTypeToScriptingClass (6ms)
	initialDomainReloadingComplete (10ms)
	LoadAllAssembliesAndSetupDomain (196ms)
		LoadAssemblies (153ms)
		RebuildTransferFunctionScriptingTraits (0ms)
		AnalyzeDomain (65ms)
			TypeCache.Refresh (5ms)
				TypeCache.ScanAssembly (0ms)
			BuildScriptInfoCaches (57ms)
			ResolveRequiredComponents (1ms)
	FinalizeReload (457ms)
		ReleaseScriptCaches (0ms)
		RebuildScriptCaches (0ms)
		SetupLoadedEditorAssemblies (403ms)
			LogAssemblyErrors (0ms)
			InitializePlatformSupportModulesInManaged (1ms)
			SetLoadedEditorAssemblies (2ms)
			BeforeProcessingInitializeOnLoad (93ms)
			ProcessInitializeOnLoadAttributes (195ms)
			ProcessInitializeOnLoadMethodAttributes (111ms)
			AfterProcessingInitializeOnLoad (1ms)
			EditorAssembliesLoaded (0ms)
		ExecutionOrderSort2 (0ms)
		AwakeInstancesAfterBackupRestoration (2ms)
Refreshing native plugins compatible for Editor in 1.58 ms, found 2 plugins.
Preloading 1 native plugins for Editor in 1.30 ms.
Unloading 43 Unused Serialized files (Serialized files now loaded: 0)
Unloading 5193 unused Assets / (12.7 MB). Loaded Objects now: 5960.
Memory consumption went from 145.3 MB to 132.5 MB.
Total: 9.031334 ms (FindLiveObjects: 0.216334 ms CreateObjectMapping: 0.082750 ms MarkObjects: 7.379167 ms  DeleteObjects: 1.352667 ms)

Prepare: number of updated asset objects reloaded= 0
========================================================================
Received Prepare
Refreshing native plugins compatible for Editor in 1.48 ms, found 2 plugins.
Preloading 1 native plugins for Editor in 1.19 ms.
Unloading 43 Unused Serialized files (Serialized files now loaded: 0)
Unloading 5148 unused Assets / (14.1 MB). Loaded Objects now: 5960.
Memory consumption went from 132.2 MB to 118.0 MB.
Total: 7.804375 ms (FindLiveObjects: 0.199917 ms CreateObjectMapping: 0.077250 ms MarkObjects: 6.225084 ms  DeleteObjects: 1.302083 ms)

Prepare: number of updated asset objects reloaded= 0
========================================================================
Received Prepare
Begin MonoManager ReloadAssembly
[Licensing::Client] Successfully resolved entitlement details
[Licensing::Module] License group:
  Id: F4-85AS-8ZW6-XMRF-425Z-XXXX
  Product: Unity Personal
  Type: ULF
  Expiration: Unlimited
[Licensing::Module] License group:
  Id: 6872810951280-UnityPersXXXX
  Product: Unity Personal
  Type: Assigned
  Expiration: Unlimited
Thread 0x16b737000 may have been prematurely finalized
Symbol file LoadedFromMemory is not a mono symbol file
Symbol file LoadedFromMemory is not a mono symbol file
- Loaded All Assemblies, in  0.327 seconds
Refreshing native plugins compatible for Editor in 1.29 ms, found 2 plugins.
Native extension for OSXStandalone target not found
Native extension for WebGL target not found
Refreshing native plugins compatible for Editor in 1.29 ms, found 2 plugins.
[Package Manager] Failed to launch server process. Reason: Unity was launched with the -noUpm command-line argument
[Package Manager] Unable to send message (not connected to server process).
[Package Manager] Cannot connect to Unity Package Manager local server
ScheduleIndexationOnStartup MainProcess:False IndexOnStartup:True
Mono: successfully reloaded assembly
- Finished resetting the current domain, in  0.394 seconds
Domain Reload Profiling: 722ms
	BeginReloadAssembly (71ms)
		ExecutionOrderSort (0ms)
		DisableScriptedObjects (3ms)
		BackupInstance (0ms)
		ReleaseScriptingObjects (0ms)
		CreateAndSetChildDomain (22ms)
	RebuildCommonClasses (16ms)
	RebuildNativeTypeToScriptingClass (6ms)
	initialDomainReloadingComplete (10ms)
	LoadAllAssembliesAndSetupDomain (226ms)
		LoadAssemblies (180ms)
		RebuildTransferFunctionScriptingTraits (0ms)
		AnalyzeDomain (67ms)
			TypeCache.Refresh (6ms)
				TypeCache.ScanAssembly (0ms)
			BuildScriptInfoCaches (57ms)
			ResolveRequiredComponents (1ms)
	FinalizeReload (394ms)
		ReleaseScriptCaches (0ms)
		RebuildScriptCaches (0ms)
		SetupLoadedEditorAssemblies (346ms)
			LogAssemblyErrors (0ms)
			InitializePlatformSupportModulesInManaged (1ms)
			SetLoadedEditorAssemblies (2ms)
			BeforeProcessingInitializeOnLoad (81ms)
			ProcessInitializeOnLoadAttributes (164ms)
			ProcessInitializeOnLoadMethodAttributes (97ms)
			AfterProcessingInitializeOnLoad (1ms)
			EditorAssembliesLoaded (0ms)
		ExecutionOrderSort2 (0ms)
		AwakeInstancesAfterBackupRestoration (1ms)
Refreshing native plugins compatible for Editor in 1.44 ms, found 2 plugins.
Preloading 1 native plugins for Editor in 1.17 ms.
Unloading 43 Unused Serialized files (Serialized files now loaded: 0)
Unloading 5193 unused Assets / (13.7 MB). Loaded Objects now: 5964.
Memory consumption went from 145.3 MB to 131.6 MB.
Total: 7.540958 ms (FindLiveObjects: 0.191333 ms CreateObjectMapping: 0.076250 ms MarkObjects: 6.073875 ms  DeleteObjects: 1.199291 ms)

Prepare: number of updated asset objects reloaded= 0
========================================================================
Received Prepare
Refreshing native plugins compatible for Editor in 1.15 ms, found 2 plugins.
Preloading 1 native plugins for Editor in 1.17 ms.
Unloading 43 Unused Serialized files (Serialized files now loaded: 0)
Unloading 5148 unused Assets / (13.7 MB). Loaded Objects now: 5964.
Memory consumption went from 132.2 MB to 118.4 MB.
Total: 7.776459 ms (FindLiveObjects: 0.186291 ms CreateObjectMapping: 0.071334 ms MarkObjects: 6.244625 ms  DeleteObjects: 1.273959 ms)

Prepare: number of updated asset objects reloaded= 0
========================================================================
Received Prepare
Begin MonoManager ReloadAssembly
Thread 0x16b737000 may have been prematurely finalized
Symbol file LoadedFromMemory is not a mono symbol file
Symbol file LoadedFromMemory is not a mono symbol file
- Loaded All Assemblies, in  0.300 seconds
Refreshing native plugins compatible for Editor in 1.36 ms, found 2 plugins.
Native extension for OSXStandalone target not found
Native extension for WebGL target not found
Refreshing native plugins compatible for Editor in 1.50 ms, found 2 plugins.
[Package Manager] Failed to launch server process. Reason: Unity was launched with the -noUpm command-line argument
[Package Manager] Unable to send message (not connected to server process).
[Package Manager] Cannot connect to Unity Package Manager local server
ScheduleIndexationOnStartup MainProcess:False IndexOnStartup:True
Mono: successfully reloaded assembly
- Finished resetting the current domain, in  0.406 seconds
Domain Reload Profiling: 708ms
	BeginReloadAssembly (72ms)
		ExecutionOrderSort (0ms)
		DisableScriptedObjects (3ms)
		BackupInstance (0ms)
		ReleaseScriptingObjects (0ms)
		CreateAndSetChildDomain (21ms)
	RebuildCommonClasses (16ms)
	RebuildNativeTypeToScriptingClass (6ms)
	initialDomainReloadingComplete (10ms)
	LoadAllAssembliesAndSetupDomain (198ms)
		LoadAssemblies (152ms)
		RebuildTransferFunctionScriptingTraits (0ms)
		AnalyzeDomain (68ms)
			TypeCache.Refresh (7ms)
				TypeCache.ScanAssembly (0ms)
			BuildScriptInfoCaches (58ms)
			ResolveRequiredComponents (1ms)
	FinalizeReload (406ms)
		ReleaseScriptCaches (0ms)
		RebuildScriptCaches (0ms)
		SetupLoadedEditorAssemblies (356ms)
			LogAssemblyErrors (0ms)
			InitializePlatformSupportModulesInManaged (1ms)
			SetLoadedEditorAssemblies (2ms)
			BeforeProcessingInitializeOnLoad (84ms)
			ProcessInitializeOnLoadAttributes (172ms)
			ProcessInitializeOnLoadMethodAttributes (97ms)
			AfterProcessingInitializeOnLoad (0ms)
			EditorAssembliesLoaded (0ms)
		ExecutionOrderSort2 (0ms)
		AwakeInstancesAfterBackupRestoration (1ms)
Refreshing native plugins compatible for Editor in 1.36 ms, found 2 plugins.
Preloading 1 native plugins for Editor in 1.19 ms.
Unloading 43 Unused Serialized files (Serialized files now loaded: 0)
Unloading 5193 unused Assets / (13.6 MB). Loaded Objects now: 5968.
Memory consumption went from 145.3 MB to 131.7 MB.
Total: 7.586167 ms (FindLiveObjects: 0.188750 ms CreateObjectMapping: 0.072959 ms MarkObjects: 6.167000 ms  DeleteObjects: 1.157250 ms)

Prepare: number of updated asset objects reloaded= 0
========================================================================
Received Prepare
Refreshing native plugins compatible for Editor in 1.19 ms, found 2 plugins.
Preloading 1 native plugins for Editor in 1.16 ms.
Unloading 43 Unused Serialized files (Serialized files now loaded: 0)
Unloading 5148 unused Assets / (13.5 MB). Loaded Objects now: 5968.
Memory consumption went from 132.2 MB to 118.7 MB.
Total: 8.006041 ms (FindLiveObjects: 0.177916 ms CreateObjectMapping: 0.089084 ms MarkObjects: 6.648458 ms  DeleteObjects: 1.090458 ms)

Prepare: number of updated asset objects reloaded= 0
========================================================================
Received Prepare
Refreshing native plugins compatible for Editor in 1.41 ms, found 2 plugins.
Preloading 1 native plugins for Editor in 1.17 ms.
Unloading 43 Unused Serialized files (Serialized files now loaded: 0)
Unloading 5148 unused Assets / (13.6 MB). Loaded Objects now: 5968.
Memory consumption went from 132.2 MB to 118.5 MB.
Total: 7.468041 ms (FindLiveObjects: 0.186458 ms CreateObjectMapping: 0.073416 ms MarkObjects: 6.058459 ms  DeleteObjects: 1.149500 ms)

Prepare: number of updated asset objects reloaded= 0
========================================================================
Received Prepare
Begin MonoManager ReloadAssembly
Thread 0x16b737000 may have been prematurely finalized
Symbol file LoadedFromMemory is not a mono symbol file
Symbol file LoadedFromMemory is not a mono symbol file
- Loaded All Assemblies, in  0.324 seconds
Refreshing native plugins compatible for Editor in 1.24 ms, found 2 plugins.
Native extension for OSXStandalone target not found
Native extension for WebGL target not found
Refreshing native plugins compatible for Editor in 1.26 ms, found 2 plugins.
[Package Manager] Failed to launch server process. Reason: Unity was launched with the -noUpm command-line argument
[Package Manager] Unable to send message (not connected to server process).
[Package Manager] Cannot connect to Unity Package Manager local server
ScheduleIndexationOnStartup MainProcess:False IndexOnStartup:True
Mono: successfully reloaded assembly
- Finished resetting the current domain, in  0.405 seconds
Domain Reload Profiling: 730ms
	BeginReloadAssembly (73ms)
		ExecutionOrderSort (0ms)
		DisableScriptedObjects (3ms)
		BackupInstance (0ms)
		ReleaseScriptingObjects (0ms)
		CreateAndSetChildDomain (22ms)
	RebuildCommonClasses (15ms)
	RebuildNativeTypeToScriptingClass (6ms)
	initialDomainReloadingComplete (10ms)
	LoadAllAssembliesAndSetupDomain (221ms)
		LoadAssemblies (175ms)
		RebuildTransferFunctionScriptingTraits (0ms)
		AnalyzeDomain (68ms)
			TypeCache.Refresh (7ms)
				TypeCache.ScanAssembly (0ms)
			BuildScriptInfoCaches (59ms)
			ResolveRequiredComponents (1ms)
	FinalizeReload (405ms)
		ReleaseScriptCaches (0ms)
		RebuildScriptCaches (0ms)
		SetupLoadedEditorAssemblies (355ms)
			LogAssemblyErrors (0ms)
			InitializePlatformSupportModulesInManaged (1ms)
			SetLoadedEditorAssemblies (2ms)
			BeforeProcessingInitializeOnLoad (85ms)
			ProcessInitializeOnLoadAttributes (170ms)
			ProcessInitializeOnLoadMethodAttributes (96ms)
			AfterProcessingInitializeOnLoad (1ms)
			EditorAssembliesLoaded (0ms)
		ExecutionOrderSort2 (0ms)
		AwakeInstancesAfterBackupRestoration (1ms)
Refreshing native plugins compatible for Editor in 1.49 ms, found 2 plugins.
Preloading 1 native plugins for Editor in 1.21 ms.
Unloading 43 Unused Serialized files (Serialized files now loaded: 0)
Unloading 5193 unused Assets / (13.8 MB). Loaded Objects now: 5972.
Memory consumption went from 145.3 MB to 131.5 MB.
Total: 7.575584 ms (FindLiveObjects: 0.191750 ms CreateObjectMapping: 0.084791 ms MarkObjects: 6.095917 ms  DeleteObjects: 1.202792 ms)

Prepare: number of updated asset objects reloaded= 0
========================================================================
Received Prepare
Begin MonoManager ReloadAssembly
Thread 0x16b737000 may have been prematurely finalized
Symbol file LoadedFromMemory is not a mono symbol file
Symbol file LoadedFromMemory is not a mono symbol file
- Loaded All Assemblies, in  0.296 seconds
Refreshing native plugins compatible for Editor in 1.45 ms, found 2 plugins.
Native extension for OSXStandalone target not found
Native extension for WebGL target not found
Refreshing native plugins compatible for Editor in 1.30 ms, found 2 plugins.
[Package Manager] Failed to launch server process. Reason: Unity was launched with the -noUpm command-line argument
[Package Manager] Unable to send message (not connected to server process).
[Package Manager] Cannot connect to Unity Package Manager local server
ScheduleIndexationOnStartup MainProcess:False IndexOnStartup:True
Mono: successfully reloaded assembly
- Finished resetting the current domain, in  0.442 seconds
Domain Reload Profiling: 739ms
	BeginReloadAssembly (73ms)
		ExecutionOrderSort (0ms)
		DisableScriptedObjects (3ms)
		BackupInstance (0ms)
		ReleaseScriptingObjects (0ms)
		CreateAndSetChildDomain (21ms)
	RebuildCommonClasses (15ms)
	RebuildNativeTypeToScriptingClass (6ms)
	initialDomainReloadingComplete (9ms)
	LoadAllAssembliesAndSetupDomain (194ms)
		LoadAssemblies (151ms)
		RebuildTransferFunctionScriptingTraits (0ms)
		AnalyzeDomain (67ms)
			TypeCache.Refresh (5ms)
				TypeCache.ScanAssembly (0ms)
			BuildScriptInfoCaches (58ms)
			ResolveRequiredComponents (1ms)
	FinalizeReload (442ms)
		ReleaseScriptCaches (0ms)
		RebuildScriptCaches (0ms)
		SetupLoadedEditorAssemblies (387ms)
			LogAssemblyErrors (0ms)
			InitializePlatformSupportModulesInManaged (1ms)
			SetLoadedEditorAssemblies (2ms)
			BeforeProcessingInitializeOnLoad (90ms)
			ProcessInitializeOnLoadAttributes (190ms)
			ProcessInitializeOnLoadMethodAttributes (104ms)
			AfterProcessingInitializeOnLoad (0ms)
			EditorAssembliesLoaded (0ms)
		ExecutionOrderSort2 (0ms)
		AwakeInstancesAfterBackupRestoration (1ms)
Refreshing native plugins compatible for Editor in 1.43 ms, found 2 plugins.
Preloading 1 native plugins for Editor in 1.23 ms.
Unloading 43 Unused Serialized files (Serialized files now loaded: 0)
Unloading 5193 unused Assets / (13.7 MB). Loaded Objects now: 5976.
Memory consumption went from 145.3 MB to 131.6 MB.
Total: 7.526583 ms (FindLiveObjects: 0.187166 ms CreateObjectMapping: 0.077500 ms MarkObjects: 6.075084 ms  DeleteObjects: 1.186625 ms)

Prepare: number of updated asset objects reloaded= 0
========================================================================
Received Prepare
Begin MonoManager ReloadAssembly
Thread 0x16b737000 may have been prematurely finalized
Symbol file LoadedFromMemory is not a mono symbol file
Symbol file LoadedFromMemory is not a mono symbol file
- Loaded All Assemblies, in  0.284 seconds
Refreshing native plugins compatible for Editor in 1.20 ms, found 2 plugins.
Native extension for OSXStandalone target not found
Native extension for WebGL target not found
Refreshing native plugins compatible for Editor in 1.25 ms, found 2 plugins.
[Package Manager] Failed to launch server process. Reason: Unity was launched with the -noUpm command-line argument
[Package Manager] Unable to send message (not connected to server process).
[Package Manager] Cannot connect to Unity Package Manager local server
ScheduleIndexationOnStartup MainProcess:False IndexOnStartup:True
Mono: successfully reloaded assembly
- Finished resetting the current domain, in  0.439 seconds
Domain Reload Profiling: 725ms
	BeginReloadAssembly (71ms)
		ExecutionOrderSort (0ms)
		DisableScriptedObjects (3ms)
		BackupInstance (0ms)
		ReleaseScriptingObjects (0ms)
		CreateAndSetChildDomain (22ms)
	RebuildCommonClasses (16ms)
	RebuildNativeTypeToScriptingClass (6ms)
	initialDomainReloadingComplete (9ms)
	LoadAllAssembliesAndSetupDomain (184ms)
		LoadAssemblies (140ms)
		RebuildTransferFunctionScriptingTraits (0ms)
		AnalyzeDomain (65ms)
			TypeCache.Refresh (5ms)
				TypeCache.ScanAssembly (0ms)
			BuildScriptInfoCaches (57ms)
			ResolveRequiredComponents (1ms)
	FinalizeReload (439ms)
		ReleaseScriptCaches (0ms)
		RebuildScriptCaches (0ms)
		SetupLoadedEditorAssemblies (386ms)
			LogAssemblyErrors (0ms)
			InitializePlatformSupportModulesInManaged (1ms)
			SetLoadedEditorAssemblies (2ms)
			BeforeProcessingInitializeOnLoad (95ms)
			ProcessInitializeOnLoadAttributes (185ms)
			ProcessInitializeOnLoadMethodAttributes (103ms)
			AfterProcessingInitializeOnLoad (1ms)
			EditorAssembliesLoaded (0ms)
		ExecutionOrderSort2 (0ms)
		AwakeInstancesAfterBackupRestoration (1ms)
Refreshing native plugins compatible for Editor in 1.45 ms, found 2 plugins.
Preloading 1 native plugins for Editor in 1.25 ms.
Unloading 43 Unused Serialized files (Serialized files now loaded: 0)
Unloading 5193 unused Assets / (12.4 MB). Loaded Objects now: 5980.
Memory consumption went from 145.3 MB to 132.9 MB.
Total: 8.457792 ms (FindLiveObjects: 0.187375 ms CreateObjectMapping: 0.080583 ms MarkObjects: 7.068000 ms  DeleteObjects: 1.121250 ms)

Prepare: number of updated asset objects reloaded= 0
========================================================================
Received Prepare
Refreshing native plugins compatible for Editor in 1.36 ms, found 2 plugins.
Preloading 1 native plugins for Editor in 1.21 ms.
Unloading 43 Unused Serialized files (Serialized files now loaded: 0)
Unloading 5148 unused Assets / (13.5 MB). Loaded Objects now: 5980.
Memory consumption went from 132.2 MB to 118.7 MB.
Total: 7.344084 ms (FindLiveObjects: 0.188125 ms CreateObjectMapping: 0.077625 ms MarkObjects: 5.965500 ms  DeleteObjects: 1.112584 ms)

Prepare: number of updated asset objects reloaded= 0
========================================================================
Received Prepare
Refreshing native plugins compatible for Editor in 1.47 ms, found 2 plugins.
Preloading 1 native plugins for Editor in 1.17 ms.
Unloading 43 Unused Serialized files (Serialized files now loaded: 0)
Unloading 5148 unused Assets / (13.7 MB). Loaded Objects now: 5980.
Memory consumption went from 132.2 MB to 118.5 MB.
Total: 7.530750 ms (FindLiveObjects: 0.191750 ms CreateObjectMapping: 0.079833 ms MarkObjects: 6.037458 ms  DeleteObjects: 1.221292 ms)

Prepare: number of updated asset objects reloaded= 0
========================================================================
Received Prepare
Refreshing native plugins compatible for Editor in 1.39 ms, found 2 plugins.
Preloading 1 native plugins for Editor in 1.18 ms.
Unloading 43 Unused Serialized files (Serialized files now loaded: 0)
Unloading 5148 unused Assets / (13.7 MB). Loaded Objects now: 5980.
Memory consumption went from 132.2 MB to 118.5 MB.
Total: 7.139417 ms (FindLiveObjects: 0.185667 ms CreateObjectMapping: 0.074917 ms MarkObjects: 5.693833 ms  DeleteObjects: 1.184667 ms)

Prepare: number of updated asset objects reloaded= 0
========================================================================
Received Prepare
Refreshing native plugins compatible for Editor in 1.46 ms, found 2 plugins.
Preloading 1 native plugins for Editor in 1.14 ms.
Unloading 43 Unused Serialized files (Serialized files now loaded: 0)
Unloading 5148 unused Assets / (13.6 MB). Loaded Objects now: 5980.
Memory consumption went from 132.2 MB to 118.6 MB.
Total: 7.375542 ms (FindLiveObjects: 0.190458 ms CreateObjectMapping: 0.077542 ms MarkObjects: 5.957333 ms  DeleteObjects: 1.150042 ms)

Prepare: number of updated asset objects reloaded= 0
========================================================================
Received Prepare
Refreshing native plugins compatible for Editor in 1.38 ms, found 2 plugins.
Preloading 1 native plugins for Editor in 1.15 ms.
Unloading 43 Unused Serialized files (Serialized files now loaded: 0)
Unloading 5148 unused Assets / (13.9 MB). Loaded Objects now: 5980.
Memory consumption went from 132.2 MB to 118.3 MB.
Total: 7.401375 ms (FindLiveObjects: 0.193125 ms CreateObjectMapping: 0.072833 ms MarkObjects: 5.885417 ms  DeleteObjects: 1.249542 ms)

Prepare: number of updated asset objects reloaded= 0
========================================================================
Received Prepare
Begin MonoManager ReloadAssembly
[Licensing::Client] Successfully resolved entitlement details
[Licensing::Module] License group:
  Id: F4-85AS-8ZW6-XMRF-425Z-XXXX
  Product: Unity Personal
  Type: ULF
  Expiration: Unlimited
[Licensing::Module] License group:
  Id: 6872810951280-UnityPersXXXX
  Product: Unity Personal
  Type: Assigned
  Expiration: Unlimited
Thread 0x16b737000 may have been prematurely finalized
Symbol file LoadedFromMemory is not a mono symbol file
Symbol file LoadedFromMemory is not a mono symbol file
- Loaded All Assemblies, in  0.325 seconds
Refreshing native plugins compatible for Editor in 1.51 ms, found 2 plugins.
Native extension for OSXStandalone target not found
Native extension for WebGL target not found
Refreshing native plugins compatible for Editor in 1.10 ms, found 2 plugins.
[Package Manager] Failed to launch server process. Reason: Unity was launched with the -noUpm command-line argument
[Package Manager] Unable to send message (not connected to server process).
[Package Manager] Cannot connect to Unity Package Manager local server
ScheduleIndexationOnStartup MainProcess:False IndexOnStartup:True
Mono: successfully reloaded assembly
- Finished resetting the current domain, in  0.391 seconds
Domain Reload Profiling: 718ms
	BeginReloadAssembly (70ms)
		ExecutionOrderSort (0ms)
		DisableScriptedObjects (2ms)
		BackupInstance (0ms)
		ReleaseScriptingObjects (0ms)
		CreateAndSetChildDomain (21ms)
	RebuildCommonClasses (16ms)
	RebuildNativeTypeToScriptingClass (6ms)
	initialDomainReloadingComplete (9ms)
	LoadAllAssembliesAndSetupDomain (226ms)
		LoadAssemblies (178ms)
		RebuildTransferFunctionScriptingTraits (0ms)
		AnalyzeDomain (68ms)
			TypeCache.Refresh (7ms)
				TypeCache.ScanAssembly (0ms)
			BuildScriptInfoCaches (58ms)
			ResolveRequiredComponents (1ms)
	FinalizeReload (392ms)
		ReleaseScriptCaches (0ms)
		RebuildScriptCaches (0ms)
		SetupLoadedEditorAssemblies (344ms)
			LogAssemblyErrors (0ms)
			InitializePlatformSupportModulesInManaged (1ms)
			SetLoadedEditorAssemblies (2ms)
			BeforeProcessingInitializeOnLoad (83ms)
			ProcessInitializeOnLoadAttributes (163ms)
			ProcessInitializeOnLoadMethodAttributes (95ms)
			AfterProcessingInitializeOnLoad (0ms)
			EditorAssembliesLoaded (0ms)
		ExecutionOrderSort2 (0ms)
		AwakeInstancesAfterBackupRestoration (1ms)
Refreshing native plugins compatible for Editor in 1.23 ms, found 2 plugins.
Preloading 1 native plugins for Editor in 1.24 ms.
Unloading 43 Unused Serialized files (Serialized files now loaded: 0)
Unloading 5193 unused Assets / (12.6 MB). Loaded Objects now: 5984.
Memory consumption went from 145.3 MB to 132.8 MB.
Total: 8.130791 ms (FindLiveObjects: 0.188459 ms CreateObjectMapping: 0.100500 ms MarkObjects: 6.728542 ms  DeleteObjects: 1.113041 ms)

Prepare: number of updated asset objects reloaded= 0
========================================================================
Received Prepare
Refreshing native plugins compatible for Editor in 1.36 ms, found 2 plugins.
Preloading 1 native plugins for Editor in 1.19 ms.
Unloading 43 Unused Serialized files (Serialized files now loaded: 0)
Unloading 5148 unused Assets / (13.7 MB). Loaded Objects now: 5984.
Memory consumption went from 132.2 MB to 118.5 MB.
Total: 7.509000 ms (FindLiveObjects: 0.195333 ms CreateObjectMapping: 0.086250 ms MarkObjects: 6.046084 ms  DeleteObjects: 1.181209 ms)

Prepare: number of updated asset objects reloaded= 0
========================================================================
Received Prepare
Begin MonoManager ReloadAssembly
Thread 0x16b737000 may have been prematurely finalized
Symbol file LoadedFromMemory is not a mono symbol file
Symbol file LoadedFromMemory is not a mono symbol file
- Loaded All Assemblies, in  0.312 seconds
Refreshing native plugins compatible for Editor in 1.48 ms, found 2 plugins.
Native extension for OSXStandalone target not found
Native extension for WebGL target not found
Refreshing native plugins compatible for Editor in 1.08 ms, found 2 plugins.
[Package Manager] Failed to launch server process. Reason: Unity was launched with the -noUpm command-line argument
[Package Manager] Unable to send message (not connected to server process).
[Package Manager] Cannot connect to Unity Package Manager local server
ScheduleIndexationOnStartup MainProcess:False IndexOnStartup:True
Mono: successfully reloaded assembly
- Finished resetting the current domain, in  0.399 seconds
Domain Reload Profiling: 712ms
	BeginReloadAssembly (71ms)
		ExecutionOrderSort (0ms)
		DisableScriptedObjects (3ms)
		BackupInstance (0ms)
		ReleaseScriptingObjects (0ms)
		CreateAndSetChildDomain (22ms)
	RebuildCommonClasses (16ms)
	RebuildNativeTypeToScriptingClass (6ms)
	initialDomainReloadingComplete (10ms)
	LoadAllAssembliesAndSetupDomain (209ms)
		LoadAssemblies (163ms)
		RebuildTransferFunctionScriptingTraits (0ms)
		AnalyzeDomain (68ms)
			TypeCache.Refresh (7ms)
				TypeCache.ScanAssembly (0ms)
			BuildScriptInfoCaches (59ms)
			ResolveRequiredComponents (1ms)
	FinalizeReload (399ms)
		ReleaseScriptCaches (0ms)
		RebuildScriptCaches (0ms)
		SetupLoadedEditorAssemblies (348ms)
			LogAssemblyErrors (0ms)
			InitializePlatformSupportModulesInManaged (1ms)
			SetLoadedEditorAssemblies (2ms)
			BeforeProcessingInitializeOnLoad (84ms)
			ProcessInitializeOnLoadAttributes (169ms)
			ProcessInitializeOnLoadMethodAttributes (93ms)
			AfterProcessingInitializeOnLoad (1ms)
			EditorAssembliesLoaded (0ms)
		ExecutionOrderSort2 (0ms)
		AwakeInstancesAfterBackupRestoration (1ms)
Refreshing native plugins compatible for Editor in 1.47 ms, found 2 plugins.
Preloading 1 native plugins for Editor in 1.16 ms.
Unloading 43 Unused Serialized files (Serialized files now loaded: 0)
Unloading 5193 unused Assets / (13.8 MB). Loaded Objects now: 5988.
Memory consumption went from 145.3 MB to 131.6 MB.
Total: 7.606834 ms (FindLiveObjects: 0.191042 ms CreateObjectMapping: 0.074333 ms MarkObjects: 6.139042 ms  DeleteObjects: 1.202167 ms)

Prepare: number of updated asset objects reloaded= 0
========================================================================
Received Prepare
Refreshing native plugins compatible for Editor in 1.40 ms, found 2 plugins.
Preloading 1 native plugins for Editor in 1.17 ms.
Unloading 43 Unused Serialized files (Serialized files now loaded: 0)
Unloading 5148 unused Assets / (13.6 MB). Loaded Objects now: 5988.
Memory consumption went from 132.2 MB to 118.7 MB.
Total: 7.593625 ms (FindLiveObjects: 0.193459 ms CreateObjectMapping: 0.078541 ms MarkObjects: 6.189167 ms  DeleteObjects: 1.132375 ms)

Prepare: number of updated asset objects reloaded= 0
========================================================================
Received Prepare
Begin MonoManager ReloadAssembly
Thread 0x16b737000 may have been prematurely finalized
Symbol file LoadedFromMemory is not a mono symbol file
Symbol file LoadedFromMemory is not a mono symbol file
- Loaded All Assemblies, in  0.300 seconds
Refreshing native plugins compatible for Editor in 1.60 ms, found 2 plugins.
Native extension for OSXStandalone target not found
Native extension for WebGL target not found
Refreshing native plugins compatible for Editor in 1.37 ms, found 2 plugins.
[Package Manager] Failed to launch server process. Reason: Unity was launched with the -noUpm command-line argument
[Package Manager] Unable to send message (not connected to server process).
[Package Manager] Cannot connect to Unity Package Manager local server
ScheduleIndexationOnStartup MainProcess:False IndexOnStartup:True
Mono: successfully reloaded assembly
- Finished resetting the current domain, in  0.415 seconds
Domain Reload Profiling: 716ms
	BeginReloadAssembly (73ms)
		ExecutionOrderSort (0ms)
		DisableScriptedObjects (3ms)
		BackupInstance (0ms)
		ReleaseScriptingObjects (0ms)
		CreateAndSetChildDomain (23ms)
	RebuildCommonClasses (16ms)
	RebuildNativeTypeToScriptingClass (6ms)
	initialDomainReloadingComplete (10ms)
	LoadAllAssembliesAndSetupDomain (195ms)
		LoadAssemblies (150ms)
		RebuildTransferFunctionScriptingTraits (0ms)
		AnalyzeDomain (67ms)
			TypeCache.Refresh (7ms)
				TypeCache.ScanAssembly (0ms)
			BuildScriptInfoCaches (58ms)
			ResolveRequiredComponents (1ms)
	FinalizeReload (415ms)
		ReleaseScriptCaches (0ms)
		RebuildScriptCaches (0ms)
		SetupLoadedEditorAssemblies (364ms)
			LogAssemblyErrors (0ms)
			InitializePlatformSupportModulesInManaged (1ms)
			SetLoadedEditorAssemblies (2ms)
			BeforeProcessingInitializeOnLoad (84ms)
			ProcessInitializeOnLoadAttributes (174ms)
			ProcessInitializeOnLoadMethodAttributes (102ms)
			AfterProcessingInitializeOnLoad (0ms)
			EditorAssembliesLoaded (0ms)
		ExecutionOrderSort2 (0ms)
		AwakeInstancesAfterBackupRestoration (1ms)
Refreshing native plugins compatible for Editor in 1.38 ms, found 2 plugins.
Preloading 1 native plugins for Editor in 1.23 ms.
Unloading 43 Unused Serialized files (Serialized files now loaded: 0)
Unloading 5193 unused Assets / (13.7 MB). Loaded Objects now: 5992.
Memory consumption went from 145.3 MB to 131.6 MB.
Total: 7.438375 ms (FindLiveObjects: 0.195709 ms CreateObjectMapping: 0.082208 ms MarkObjects: 5.968750 ms  DeleteObjects: 1.191500 ms)

Prepare: number of updated asset objects reloaded= 0
========================================================================
Received Prepare
Begin MonoManager ReloadAssembly
Thread 0x16b737000 may have been prematurely finalized
Symbol file LoadedFromMemory is not a mono symbol file
Symbol file LoadedFromMemory is not a mono symbol file
- Loaded All Assemblies, in  0.292 seconds
Refreshing native plugins compatible for Editor in 1.23 ms, found 2 plugins.
Native extension for OSXStandalone target not found
Native extension for WebGL target not found
Refreshing native plugins compatible for Editor in 1.14 ms, found 2 plugins.
[Package Manager] Failed to launch server process. Reason: Unity was launched with the -noUpm command-line argument
[Package Manager] Unable to send message (not connected to server process).
[Package Manager] Cannot connect to Unity Package Manager local server
ScheduleIndexationOnStartup MainProcess:False IndexOnStartup:True
Mono: successfully reloaded assembly
- Finished resetting the current domain, in  0.448 seconds
Domain Reload Profiling: 741ms
	BeginReloadAssembly (70ms)
		ExecutionOrderSort (0ms)
		DisableScriptedObjects (3ms)
		BackupInstance (0ms)
		ReleaseScriptingObjects (0ms)
		CreateAndSetChildDomain (21ms)
	RebuildCommonClasses (16ms)
	RebuildNativeTypeToScriptingClass (6ms)
	initialDomainReloadingComplete (10ms)
	LoadAllAssembliesAndSetupDomain (191ms)
		LoadAssemblies (148ms)
		RebuildTransferFunctionScriptingTraits (0ms)
		AnalyzeDomain (65ms)
			TypeCache.Refresh (4ms)
				TypeCache.ScanAssembly (0ms)
			BuildScriptInfoCaches (57ms)
			ResolveRequiredComponents (1ms)
	FinalizeReload (448ms)
		ReleaseScriptCaches (0ms)
		RebuildScriptCaches (0ms)
		SetupLoadedEditorAssemblies (395ms)
			LogAssemblyErrors (0ms)
			InitializePlatformSupportModulesInManaged (1ms)
			SetLoadedEditorAssemblies (2ms)
			BeforeProcessingInitializeOnLoad (94ms)
			ProcessInitializeOnLoadAttributes (190ms)
			ProcessInitializeOnLoadMethodAttributes (108ms)
			AfterProcessingInitializeOnLoad (0ms)
			EditorAssembliesLoaded (0ms)
		ExecutionOrderSort2 (0ms)
		AwakeInstancesAfterBackupRestoration (1ms)
Refreshing native plugins compatible for Editor in 1.70 ms, found 2 plugins.
Preloading 1 native plugins for Editor in 1.24 ms.
Unloading 43 Unused Serialized files (Serialized files now loaded: 0)
Unloading 5193 unused Assets / (13.6 MB). Loaded Objects now: 5996.
Memory consumption went from 145.4 MB to 131.8 MB.
Total: 8.560708 ms (FindLiveObjects: 0.221500 ms CreateObjectMapping: 0.077083 ms MarkObjects: 7.007583 ms  DeleteObjects: 1.254167 ms)

Prepare: number of updated asset objects reloaded= 0
========================================================================
Received Prepare
Begin MonoManager ReloadAssembly
[Licensing::Client] Successfully resolved entitlement details
[Licensing::Module] License group:
  Id: F4-85AS-8ZW6-XMRF-425Z-XXXX
  Product: Unity Personal
  Type: ULF
  Expiration: Unlimited
[Licensing::Module] License group:
  Id: 6872810951280-UnityPersXXXX
  Product: Unity Personal
  Type: Assigned
  Expiration: Unlimited
Thread 0x16b737000 may have been prematurely finalized
Symbol file LoadedFromMemory is not a mono symbol file
Symbol file LoadedFromMemory is not a mono symbol file
- Loaded All Assemblies, in  0.387 seconds
Refreshing native plugins compatible for Editor in 1.32 ms, found 2 plugins.
Native extension for OSXStandalone target not found
Native extension for WebGL target not found
Refreshing native plugins compatible for Editor in 1.16 ms, found 2 plugins.
[Package Manager] Failed to launch server process. Reason: Unity was launched with the -noUpm command-line argument
[Package Manager] Unable to send message (not connected to server process).
[Package Manager] Cannot connect to Unity Package Manager local server
ScheduleIndexationOnStartup MainProcess:False IndexOnStartup:True
Mono: successfully reloaded assembly
- Finished resetting the current domain, in  0.435 seconds
Domain Reload Profiling: 824ms
	BeginReloadAssembly (99ms)
		ExecutionOrderSort (0ms)
		DisableScriptedObjects (4ms)
		BackupInstance (0ms)
		ReleaseScriptingObjects (0ms)
		CreateAndSetChildDomain (34ms)
	RebuildCommonClasses (16ms)
	RebuildNativeTypeToScriptingClass (6ms)
	initialDomainReloadingComplete (13ms)
	LoadAllAssembliesAndSetupDomain (255ms)
		LoadAssemblies (219ms)
		RebuildTransferFunctionScriptingTraits (0ms)
		AnalyzeDomain (67ms)
			TypeCache.Refresh (5ms)
				TypeCache.ScanAssembly (0ms)
			BuildScriptInfoCaches (59ms)
			ResolveRequiredComponents (1ms)
	FinalizeReload (435ms)
		ReleaseScriptCaches (0ms)
		RebuildScriptCaches (0ms)
		SetupLoadedEditorAssemblies (383ms)
			LogAssemblyErrors (0ms)
			InitializePlatformSupportModulesInManaged (1ms)
			SetLoadedEditorAssemblies (2ms)
			BeforeProcessingInitializeOnLoad (88ms)
			ProcessInitializeOnLoadAttributes (185ms)
			ProcessInitializeOnLoadMethodAttributes (107ms)
			AfterProcessingInitializeOnLoad (1ms)
			EditorAssembliesLoaded (0ms)
		ExecutionOrderSort2 (0ms)
		AwakeInstancesAfterBackupRestoration (1ms)
Refreshing native plugins compatible for Editor in 1.73 ms, found 2 plugins.
Preloading 1 native plugins for Editor in 1.27 ms.
Unloading 43 Unused Serialized files (Serialized files now loaded: 0)
Unloading 5193 unused Assets / (12.8 MB). Loaded Objects now: 6000.
Memory consumption went from 145.4 MB to 132.6 MB.
Total: 8.811417 ms (FindLiveObjects: 0.216834 ms CreateObjectMapping: 0.080708 ms MarkObjects: 7.252917 ms  DeleteObjects: 1.254792 ms)

Prepare: number of updated asset objects reloaded= 0
========================================================================
Received Prepare
Refreshing native plugins compatible for Editor in 1.48 ms, found 2 plugins.
Preloading 1 native plugins for Editor in 1.23 ms.
Unloading 43 Unused Serialized files (Serialized files now loaded: 0)
Unloading 5148 unused Assets / (13.3 MB). Loaded Objects now: 6000.
Memory consumption went from 132.2 MB to 119.0 MB.
Total: 20.251375 ms (FindLiveObjects: 0.273500 ms CreateObjectMapping: 0.080625 ms MarkObjects: 18.391375 ms  DeleteObjects: 1.505791 ms)

Prepare: number of updated asset objects reloaded= 0
========================================================================
Received Prepare
Begin MonoManager ReloadAssembly
[Licensing::Client] Successfully resolved entitlement details
[Licensing::Module] License group:
  Id: F4-85AS-8ZW6-XMRF-425Z-XXXX
  Product: Unity Personal
  Type: ULF
  Expiration: Unlimited
[Licensing::Module] License group:
  Id: 6872810951280-UnityPersXXXX
  Product: Unity Personal
  Type: Assigned
  Expiration: Unlimited
Thread 0x16bdc7000 may have been prematurely finalized
Symbol file LoadedFromMemory is not a mono symbol file
Symbol file LoadedFromMemory is not a mono symbol file
- Loaded All Assemblies, in  0.437 seconds
Refreshing native plugins compatible for Editor in 1.27 ms, found 2 plugins.
Native extension for OSXStandalone target not found
Native extension for WebGL target not found
Refreshing native plugins compatible for Editor in 0.99 ms, found 2 plugins.
[Package Manager] Failed to launch server process. Reason: Unity was launched with the -noUpm command-line argument
[Package Manager] Unable to send message (not connected to server process).
[Package Manager] Cannot connect to Unity Package Manager local server
ScheduleIndexationOnStartup MainProcess:False IndexOnStartup:True
Mono: successfully reloaded assembly
- Finished resetting the current domain, in  0.396 seconds
Domain Reload Profiling: 835ms
	BeginReloadAssembly (130ms)
		ExecutionOrderSort (0ms)
		DisableScriptedObjects (6ms)
		BackupInstance (0ms)
		ReleaseScriptingObjects (0ms)
		CreateAndSetChildDomain (49ms)
	RebuildCommonClasses (18ms)
	RebuildNativeTypeToScriptingClass (7ms)
	initialDomainReloadingComplete (17ms)
	LoadAllAssembliesAndSetupDomain (267ms)
		LoadAssemblies (237ms)
		RebuildTransferFunctionScriptingTraits (0ms)
		AnalyzeDomain (73ms)
			TypeCache.Refresh (7ms)
				TypeCache.ScanAssembly (0ms)
			BuildScriptInfoCaches (62ms)
			ResolveRequiredComponents (1ms)
	FinalizeReload (396ms)
		ReleaseScriptCaches (0ms)
		RebuildScriptCaches (0ms)
		SetupLoadedEditorAssemblies (348ms)
			LogAssemblyErrors (0ms)
			InitializePlatformSupportModulesInManaged (1ms)
			SetLoadedEditorAssemblies (2ms)
			BeforeProcessingInitializeOnLoad (84ms)
			ProcessInitializeOnLoadAttributes (164ms)
			ProcessInitializeOnLoadMethodAttributes (97ms)
			AfterProcessingInitializeOnLoad (0ms)
			EditorAssembliesLoaded (0ms)
		ExecutionOrderSort2 (0ms)
		AwakeInstancesAfterBackupRestoration (1ms)
Refreshing native plugins compatible for Editor in 1.11 ms, found 2 plugins.
Preloading 1 native plugins for Editor in 1.11 ms.
Unloading 43 Unused Serialized files (Serialized files now loaded: 0)
Unloading 5193 unused Assets / (13.7 MB). Loaded Objects now: 6004.
Memory consumption went from 145.4 MB to 131.7 MB.
Total: 7.440500 ms (FindLiveObjects: 0.189750 ms CreateObjectMapping: 0.076167 ms MarkObjects: 6.006666 ms  DeleteObjects: 1.167625 ms)

Prepare: number of updated asset objects reloaded= 0
========================================================================
Received Prepare
Refreshing native plugins compatible for Editor in 1.47 ms, found 2 plugins.
Preloading 1 native plugins for Editor in 1.18 ms.
Unloading 43 Unused Serialized files (Serialized files now loaded: 0)
Unloading 5148 unused Assets / (13.1 MB). Loaded Objects now: 6004.
Memory consumption went from 132.2 MB to 119.1 MB.
Total: 7.892500 ms (FindLiveObjects: 0.188958 ms CreateObjectMapping: 0.072375 ms MarkObjects: 6.404042 ms  DeleteObjects: 1.226958 ms)

Prepare: number of updated asset objects reloaded= 0
========================================================================
Received Prepare
Begin MonoManager ReloadAssembly
Thread 0x16b737000 may have been prematurely finalized
Symbol file LoadedFromMemory is not a mono symbol file
Symbol file LoadedFromMemory is not a mono symbol file
- Loaded All Assemblies, in  0.342 seconds
Refreshing native plugins compatible for Editor in 1.48 ms, found 2 plugins.
Native extension for OSXStandalone target not found
Native extension for WebGL target not found
Refreshing native plugins compatible for Editor in 1.29 ms, found 2 plugins.
[Package Manager] Failed to launch server process. Reason: Unity was launched with the -noUpm command-line argument
[Package Manager] Unable to send message (not connected to server process).
[Package Manager] Cannot connect to Unity Package Manager local server
ScheduleIndexationOnStartup MainProcess:False IndexOnStartup:True
Mono: successfully reloaded assembly
- Finished resetting the current domain, in  0.430 seconds
Domain Reload Profiling: 773ms
	BeginReloadAssembly (74ms)
		ExecutionOrderSort (0ms)
		DisableScriptedObjects (3ms)
		BackupInstance (0ms)
		ReleaseScriptingObjects (0ms)
		CreateAndSetChildDomain (23ms)
	RebuildCommonClasses (16ms)
	RebuildNativeTypeToScriptingClass (6ms)
	initialDomainReloadingComplete (10ms)
	LoadAllAssembliesAndSetupDomain (237ms)
		LoadAssemblies (187ms)
		RebuildTransferFunctionScriptingTraits (0ms)
		AnalyzeDomain (72ms)
			TypeCache.Refresh (8ms)
				TypeCache.ScanAssembly (0ms)
			BuildScriptInfoCaches (61ms)
			ResolveRequiredComponents (1ms)
	FinalizeReload (431ms)
		ReleaseScriptCaches (0ms)
		RebuildScriptCaches (0ms)
		SetupLoadedEditorAssemblies (382ms)
			LogAssemblyErrors (0ms)
			InitializePlatformSupportModulesInManaged (1ms)
			SetLoadedEditorAssemblies (2ms)
			BeforeProcessingInitializeOnLoad (83ms)
			ProcessInitializeOnLoadAttributes (185ms)
			ProcessInitializeOnLoadMethodAttributes (111ms)
			AfterProcessingInitializeOnLoad (1ms)
			EditorAssembliesLoaded (0ms)
		ExecutionOrderSort2 (0ms)
		AwakeInstancesAfterBackupRestoration (1ms)
Refreshing native plugins compatible for Editor in 1.12 ms, found 2 plugins.
Preloading 1 native plugins for Editor in 1.20 ms.
Unloading 43 Unused Serialized files (Serialized files now loaded: 0)
Unloading 5193 unused Assets / (12.7 MB). Loaded Objects now: 6008.
Memory consumption went from 145.4 MB to 132.6 MB.
Total: 8.296292 ms (FindLiveObjects: 0.198959 ms CreateObjectMapping: 0.079334 ms MarkObjects: 6.846791 ms  DeleteObjects: 1.171000 ms)

Prepare: number of updated asset objects reloaded= 0
========================================================================
Received Prepare
Refreshing native plugins compatible for Editor in 1.53 ms, found 2 plugins.
Preloading 1 native plugins for Editor in 1.23 ms.
Unloading 43 Unused Serialized files (Serialized files now loaded: 0)
Unloading 5148 unused Assets / (12.5 MB). Loaded Objects now: 6008.
Memory consumption went from 132.3 MB to 119.7 MB.
Total: 8.313542 ms (FindLiveObjects: 0.208875 ms CreateObjectMapping: 0.088208 ms MarkObjects: 6.875709 ms  DeleteObjects: 1.140500 ms)

Prepare: number of updated asset objects reloaded= 0
========================================================================
Received Prepare
Begin MonoManager ReloadAssembly
Thread 0x16b737000 may have been prematurely finalized
Symbol file LoadedFromMemory is not a mono symbol file
Symbol file LoadedFromMemory is not a mono symbol file
- Loaded All Assemblies, in  0.301 seconds
Refreshing native plugins compatible for Editor in 1.17 ms, found 2 plugins.
Native extension for OSXStandalone target not found
Native extension for WebGL target not found
Refreshing native plugins compatible for Editor in 1.14 ms, found 2 plugins.
[Package Manager] Failed to launch server process. Reason: Unity was launched with the -noUpm command-line argument
[Package Manager] Unable to send message (not connected to server process).
[Package Manager] Cannot connect to Unity Package Manager local server
ScheduleIndexationOnStartup MainProcess:False IndexOnStartup:True
Mono: successfully reloaded assembly
- Finished resetting the current domain, in  0.397 seconds
Domain Reload Profiling: 700ms
	BeginReloadAssembly (72ms)
		ExecutionOrderSort (0ms)
		DisableScriptedObjects (3ms)
		BackupInstance (0ms)
		ReleaseScriptingObjects (0ms)
		CreateAndSetChildDomain (21ms)
	RebuildCommonClasses (16ms)
	RebuildNativeTypeToScriptingClass (6ms)
	initialDomainReloadingComplete (10ms)
	LoadAllAssembliesAndSetupDomain (198ms)
		LoadAssemblies (152ms)
		RebuildTransferFunctionScriptingTraits (0ms)
		AnalyzeDomain (68ms)
			TypeCache.Refresh (6ms)
				TypeCache.ScanAssembly (0ms)
			BuildScriptInfoCaches (58ms)
			ResolveRequiredComponents (1ms)
	FinalizeReload (397ms)
		ReleaseScriptCaches (0ms)
		RebuildScriptCaches (0ms)
		SetupLoadedEditorAssemblies (350ms)
			LogAssemblyErrors (0ms)
			InitializePlatformSupportModulesInManaged (1ms)
			SetLoadedEditorAssemblies (2ms)
			BeforeProcessingInitializeOnLoad (82ms)
			ProcessInitializeOnLoadAttributes (163ms)
			ProcessInitializeOnLoadMethodAttributes (102ms)
			AfterProcessingInitializeOnLoad (1ms)
			EditorAssembliesLoaded (0ms)
		ExecutionOrderSort2 (0ms)
		AwakeInstancesAfterBackupRestoration (1ms)
Refreshing native plugins compatible for Editor in 1.01 ms, found 2 plugins.
Preloading 1 native plugins for Editor in 1.19 ms.
Unloading 43 Unused Serialized files (Serialized files now loaded: 0)
Unloading 5193 unused Assets / (13.6 MB). Loaded Objects now: 6012.
Memory consumption went from 145.4 MB to 131.8 MB.
Total: 7.879875 ms (FindLiveObjects: 0.181166 ms CreateObjectMapping: 0.071709 ms MarkObjects: 6.580291 ms  DeleteObjects: 1.046333 ms)

Prepare: number of updated asset objects reloaded= 0
========================================================================
Received Prepare
Refreshing native plugins compatible for Editor in 1.58 ms, found 2 plugins.
Preloading 1 native plugins for Editor in 1.22 ms.
Unloading 43 Unused Serialized files (Serialized files now loaded: 0)
Unloading 5148 unused Assets / (13.3 MB). Loaded Objects now: 6012.
Memory consumption went from 132.3 MB to 119.0 MB.
Total: 8.548500 ms (FindLiveObjects: 0.197667 ms CreateObjectMapping: 0.082750 ms MarkObjects: 6.778334 ms  DeleteObjects: 1.489375 ms)

Prepare: number of updated asset objects reloaded= 0
========================================================================
Received Prepare
Begin MonoManager ReloadAssembly
[Licensing::Client] Successfully resolved entitlement details
[Licensing::Module] License group:
  Id: F4-85AS-8ZW6-XMRF-425Z-XXXX
  Product: Unity Personal
  Type: ULF
  Expiration: Unlimited
[Licensing::Module] License group:
  Id: 6872810951280-UnityPersXXXX
  Product: Unity Personal
  Type: Assigned
  Expiration: Unlimited
Thread 0x16b737000 may have been prematurely finalized
Symbol file LoadedFromMemory is not a mono symbol file
Symbol file LoadedFromMemory is not a mono symbol file
- Loaded All Assemblies, in  0.399 seconds
Refreshing native plugins compatible for Editor in 1.70 ms, found 2 plugins.
Native extension for OSXStandalone target not found
Native extension for WebGL target not found
Refreshing native plugins compatible for Editor in 1.17 ms, found 2 plugins.
[Package Manager] Failed to launch server process. Reason: Unity was launched with the -noUpm command-line argument
[Package Manager] Unable to send message (not connected to server process).
[Package Manager] Cannot connect to Unity Package Manager local server
ScheduleIndexationOnStartup MainProcess:False IndexOnStartup:True
Mono: successfully reloaded assembly
- Finished resetting the current domain, in  0.403 seconds
Domain Reload Profiling: 804ms
	BeginReloadAssembly (89ms)
		ExecutionOrderSort (0ms)
		DisableScriptedObjects (4ms)
		BackupInstance (0ms)
		ReleaseScriptingObjects (0ms)
		CreateAndSetChildDomain (26ms)
	RebuildCommonClasses (16ms)
	RebuildNativeTypeToScriptingClass (6ms)
	initialDomainReloadingComplete (11ms)
	LoadAllAssembliesAndSetupDomain (278ms)
		LoadAssemblies (230ms)
		RebuildTransferFunctionScriptingTraits (0ms)
		AnalyzeDomain (80ms)
			TypeCache.Refresh (9ms)
				TypeCache.ScanAssembly (0ms)
			BuildScriptInfoCaches (67ms)
			ResolveRequiredComponents (1ms)
	FinalizeReload (403ms)
		ReleaseScriptCaches (0ms)
		RebuildScriptCaches (0ms)
		SetupLoadedEditorAssemblies (352ms)
			LogAssemblyErrors (0ms)
			InitializePlatformSupportModulesInManaged (1ms)
			SetLoadedEditorAssemblies (2ms)
			BeforeProcessingInitializeOnLoad (85ms)
			ProcessInitializeOnLoadAttributes (165ms)
			ProcessInitializeOnLoadMethodAttributes (99ms)
			AfterProcessingInitializeOnLoad (0ms)
			EditorAssembliesLoaded (0ms)
		ExecutionOrderSort2 (0ms)
		AwakeInstancesAfterBackupRestoration (1ms)
Refreshing native plugins compatible for Editor in 1.50 ms, found 2 plugins.
Preloading 1 native plugins for Editor in 1.18 ms.
Unloading 43 Unused Serialized files (Serialized files now loaded: 0)
Unloading 5193 unused Assets / (14.0 MB). Loaded Objects now: 6016.
Memory consumption went from 145.4 MB to 131.4 MB.
Total: 7.619792 ms (FindLiveObjects: 0.190625 ms CreateObjectMapping: 0.077500 ms MarkObjects: 6.071250 ms  DeleteObjects: 1.280125 ms)

Prepare: number of updated asset objects reloaded= 0
========================================================================
Received Prepare
Refreshing native plugins compatible for Editor in 1.59 ms, found 2 plugins.
Preloading 1 native plugins for Editor in 1.24 ms.
Unloading 43 Unused Serialized files (Serialized files now loaded: 0)
Unloading 5148 unused Assets / (13.0 MB). Loaded Objects now: 6016.
Memory consumption went from 132.3 MB to 119.3 MB.
Total: 8.064542 ms (FindLiveObjects: 0.189875 ms CreateObjectMapping: 0.083375 ms MarkObjects: 6.664958 ms  DeleteObjects: 1.126125 ms)

Prepare: number of updated asset objects reloaded= 0
========================================================================
Received Prepare
Begin MonoManager ReloadAssembly
Thread 0x16b737000 may have been prematurely finalized
Symbol file LoadedFromMemory is not a mono symbol file
Symbol file LoadedFromMemory is not a mono symbol file
- Loaded All Assemblies, in  0.340 seconds
Refreshing native plugins compatible for Editor in 1.32 ms, found 2 plugins.
Native extension for OSXStandalone target not found
Native extension for WebGL target not found
Refreshing native plugins compatible for Editor in 1.18 ms, found 2 plugins.
[Package Manager] Failed to launch server process. Reason: Unity was launched with the -noUpm command-line argument
[Package Manager] Unable to send message (not connected to server process).
[Package Manager] Cannot connect to Unity Package Manager local server
ScheduleIndexationOnStartup MainProcess:False IndexOnStartup:True
Mono: successfully reloaded assembly
- Finished resetting the current domain, in  0.406 seconds
Domain Reload Profiling: 747ms
	BeginReloadAssembly (77ms)
		ExecutionOrderSort (0ms)
		DisableScriptedObjects (3ms)
		BackupInstance (0ms)
		ReleaseScriptingObjects (0ms)
		CreateAndSetChildDomain (24ms)
	RebuildCommonClasses (16ms)
	RebuildNativeTypeToScriptingClass (6ms)
	initialDomainReloadingComplete (9ms)
	LoadAllAssembliesAndSetupDomain (232ms)
		LoadAssemblies (184ms)
		RebuildTransferFunctionScriptingTraits (0ms)
		AnalyzeDomain (72ms)
			TypeCache.Refresh (9ms)
				TypeCache.ScanAssembly (0ms)
			BuildScriptInfoCaches (59ms)
			ResolveRequiredComponents (1ms)
	FinalizeReload (406ms)
		ReleaseScriptCaches (0ms)
		RebuildScriptCaches (0ms)
		SetupLoadedEditorAssemblies (358ms)
			LogAssemblyErrors (0ms)
			InitializePlatformSupportModulesInManaged (1ms)
			SetLoadedEditorAssemblies (2ms)
			BeforeProcessingInitializeOnLoad (85ms)
			ProcessInitializeOnLoadAttributes (167ms)
			ProcessInitializeOnLoadMethodAttributes (102ms)
			AfterProcessingInitializeOnLoad (0ms)
			EditorAssembliesLoaded (0ms)
		ExecutionOrderSort2 (0ms)
		AwakeInstancesAfterBackupRestoration (1ms)
Refreshing native plugins compatible for Editor in 1.58 ms, found 2 plugins.
Preloading 1 native plugins for Editor in 1.24 ms.
Unloading 43 Unused Serialized files (Serialized files now loaded: 0)
Unloading 5193 unused Assets / (12.7 MB). Loaded Objects now: 6020.
Memory consumption went from 145.4 MB to 132.7 MB.
Total: 7.940500 ms (FindLiveObjects: 0.197334 ms CreateObjectMapping: 0.085541 ms MarkObjects: 6.386125 ms  DeleteObjects: 1.271375 ms)

Prepare: number of updated asset objects reloaded= 0
========================================================================
Received Prepare
Refreshing native plugins compatible for Editor in 1.45 ms, found 2 plugins.
Preloading 1 native plugins for Editor in 1.16 ms.
Unloading 43 Unused Serialized files (Serialized files now loaded: 0)
Unloading 5148 unused Assets / (13.7 MB). Loaded Objects now: 6020.
Memory consumption went from 132.3 MB to 118.6 MB.
Total: 7.550542 ms (FindLiveObjects: 0.193792 ms CreateObjectMapping: 0.079250 ms MarkObjects: 6.070791 ms  DeleteObjects: 1.206084 ms)

Prepare: number of updated asset objects reloaded= 0
========================================================================
Received Prepare
Begin MonoManager ReloadAssembly
Thread 0x16b737000 may have been prematurely finalized
Symbol file LoadedFromMemory is not a mono symbol file
Symbol file LoadedFromMemory is not a mono symbol file
- Loaded All Assemblies, in  0.306 seconds
Refreshing native plugins compatible for Editor in 1.24 ms, found 2 plugins.
Native extension for OSXStandalone target not found
Native extension for WebGL target not found
Refreshing native plugins compatible for Editor in 1.43 ms, found 2 plugins.
[Package Manager] Failed to launch server process. Reason: Unity was launched with the -noUpm command-line argument
[Package Manager] Unable to send message (not connected to server process).
[Package Manager] Cannot connect to Unity Package Manager local server
ScheduleIndexationOnStartup MainProcess:False IndexOnStartup:True
Mono: successfully reloaded assembly
- Finished resetting the current domain, in  0.409 seconds
Domain Reload Profiling: 717ms
	BeginReloadAssembly (72ms)
		ExecutionOrderSort (0ms)
		DisableScriptedObjects (3ms)
		BackupInstance (0ms)
		ReleaseScriptingObjects (0ms)
		CreateAndSetChildDomain (22ms)
	RebuildCommonClasses (16ms)
	RebuildNativeTypeToScriptingClass (6ms)
	initialDomainReloadingComplete (10ms)
	LoadAllAssembliesAndSetupDomain (204ms)
		LoadAssemblies (155ms)
		RebuildTransferFunctionScriptingTraits (0ms)
		AnalyzeDomain (70ms)
			TypeCache.Refresh (7ms)
				TypeCache.ScanAssembly (0ms)
			BuildScriptInfoCaches (61ms)
			ResolveRequiredComponents (1ms)
	FinalizeReload (409ms)
		ReleaseScriptCaches (0ms)
		RebuildScriptCaches (0ms)
		SetupLoadedEditorAssemblies (356ms)
			LogAssemblyErrors (0ms)
			InitializePlatformSupportModulesInManaged (1ms)
			SetLoadedEditorAssemblies (2ms)
			BeforeProcessingInitializeOnLoad (85ms)
			ProcessInitializeOnLoadAttributes (170ms)
			ProcessInitializeOnLoadMethodAttributes (97ms)
			AfterProcessingInitializeOnLoad (1ms)
			EditorAssembliesLoaded (0ms)
		ExecutionOrderSort2 (0ms)
		AwakeInstancesAfterBackupRestoration (1ms)
Refreshing native plugins compatible for Editor in 1.49 ms, found 2 plugins.
Preloading 1 native plugins for Editor in 1.18 ms.
Unloading 43 Unused Serialized files (Serialized files now loaded: 0)
Unloading 5193 unused Assets / (13.8 MB). Loaded Objects now: 6024.
Memory consumption went from 145.4 MB to 131.7 MB.
Total: 7.585292 ms (FindLiveObjects: 0.189083 ms CreateObjectMapping: 0.078542 ms MarkObjects: 6.095209 ms  DeleteObjects: 1.222209 ms)

Prepare: number of updated asset objects reloaded= 0
========================================================================
Received Prepare
Refreshing native plugins compatible for Editor in 1.54 ms, found 2 plugins.
Preloading 1 native plugins for Editor in 1.25 ms.
Unloading 43 Unused Serialized files (Serialized files now loaded: 0)
Unloading 5148 unused Assets / (13.6 MB). Loaded Objects now: 6024.
Memory consumption went from 132.3 MB to 118.7 MB.
Total: 8.250334 ms (FindLiveObjects: 0.198084 ms CreateObjectMapping: 0.078125 ms MarkObjects: 6.677750 ms  DeleteObjects: 1.296250 ms)

Prepare: number of updated asset objects reloaded= 0
========================================================================
Received Prepare
Begin MonoManager ReloadAssembly
Thread 0x16b737000 may have been prematurely finalized
Symbol file LoadedFromMemory is not a mono symbol file
Symbol file LoadedFromMemory is not a mono symbol file
- Loaded All Assemblies, in  0.345 seconds
Refreshing native plugins compatible for Editor in 1.29 ms, found 2 plugins.
Native extension for OSXStandalone target not found
Native extension for WebGL target not found
Refreshing native plugins compatible for Editor in 1.18 ms, found 2 plugins.
[Package Manager] Failed to launch server process. Reason: Unity was launched with the -noUpm command-line argument
[Package Manager] Unable to send message (not connected to server process).
[Package Manager] Cannot connect to Unity Package Manager local server
ScheduleIndexationOnStartup MainProcess:False IndexOnStartup:True
Mono: successfully reloaded assembly
- Finished resetting the current domain, in  0.397 seconds
Domain Reload Profiling: 744ms
	BeginReloadAssembly (72ms)
		ExecutionOrderSort (0ms)
		DisableScriptedObjects (3ms)
		BackupInstance (0ms)
		ReleaseScriptingObjects (0ms)
		CreateAndSetChildDomain (23ms)
	RebuildCommonClasses (16ms)
	RebuildNativeTypeToScriptingClass (6ms)
	initialDomainReloadingComplete (9ms)
	LoadAllAssembliesAndSetupDomain (243ms)
		LoadAssemblies (197ms)
		RebuildTransferFunctionScriptingTraits (0ms)
		AnalyzeDomain (67ms)
			TypeCache.Refresh (7ms)
				TypeCache.ScanAssembly (0ms)
			BuildScriptInfoCaches (57ms)
			ResolveRequiredComponents (1ms)
	FinalizeReload (398ms)
		ReleaseScriptCaches (0ms)
		RebuildScriptCaches (0ms)
		SetupLoadedEditorAssemblies (349ms)
			LogAssemblyErrors (0ms)
			InitializePlatformSupportModulesInManaged (1ms)
			SetLoadedEditorAssemblies (2ms)
			BeforeProcessingInitializeOnLoad (84ms)
			ProcessInitializeOnLoadAttributes (163ms)
			ProcessInitializeOnLoadMethodAttributes (98ms)
			AfterProcessingInitializeOnLoad (1ms)
			EditorAssembliesLoaded (0ms)
		ExecutionOrderSort2 (0ms)
		AwakeInstancesAfterBackupRestoration (1ms)
Refreshing native plugins compatible for Editor in 1.30 ms, found 2 plugins.
Preloading 1 native plugins for Editor in 1.16 ms.
Unloading 43 Unused Serialized files (Serialized files now loaded: 0)
Unloading 5193 unused Assets / (13.8 MB). Loaded Objects now: 6028.
Memory consumption went from 145.4 MB to 131.6 MB.
Total: 7.470208 ms (FindLiveObjects: 0.197417 ms CreateObjectMapping: 0.077791 ms MarkObjects: 5.970250 ms  DeleteObjects: 1.224541 ms)

Prepare: number of updated asset objects reloaded= 0
========================================================================
Received Prepare
Refreshing native plugins compatible for Editor in 1.51 ms, found 2 plugins.
Preloading 1 native plugins for Editor in 1.19 ms.
Unloading 43 Unused Serialized files (Serialized files now loaded: 0)
Unloading 5148 unused Assets / (13.3 MB). Loaded Objects now: 6028.
Memory consumption went from 132.3 MB to 119.0 MB.
Total: 7.979792 ms (FindLiveObjects: 0.193958 ms CreateObjectMapping: 0.078250 ms MarkObjects: 6.430333 ms  DeleteObjects: 1.277084 ms)

Prepare: number of updated asset objects reloaded= 0
========================================================================
Received Prepare
Begin MonoManager ReloadAssembly
[Licensing::Client] Successfully resolved entitlement details
[Licensing::Module] License group:
  Id: F4-85AS-8ZW6-XMRF-425Z-XXXX
  Product: Unity Personal
  Type: ULF
  Expiration: Unlimited
[Licensing::Module] License group:
  Id: 6872810951280-UnityPersXXXX
  Product: Unity Personal
  Type: Assigned
  Expiration: Unlimited
Thread 0x16b737000 may have been prematurely finalized
Symbol file LoadedFromMemory is not a mono symbol file
Symbol file LoadedFromMemory is not a mono symbol file
- Loaded All Assemblies, in  0.356 seconds
Refreshing native plugins compatible for Editor in 1.21 ms, found 2 plugins.
Native extension for OSXStandalone target not found
Native extension for WebGL target not found
Refreshing native plugins compatible for Editor in 1.17 ms, found 2 plugins.
[Package Manager] Failed to launch server process. Reason: Unity was launched with the -noUpm command-line argument
[Package Manager] Unable to send message (not connected to server process).
[Package Manager] Cannot connect to Unity Package Manager local server
ScheduleIndexationOnStartup MainProcess:False IndexOnStartup:True
Mono: successfully reloaded assembly
- Finished resetting the current domain, in  0.394 seconds
Domain Reload Profiling: 752ms
	BeginReloadAssembly (74ms)
		ExecutionOrderSort (0ms)
		DisableScriptedObjects (3ms)
		BackupInstance (0ms)
		ReleaseScriptingObjects (0ms)
		CreateAndSetChildDomain (22ms)
	RebuildCommonClasses (16ms)
	RebuildNativeTypeToScriptingClass (6ms)
	initialDomainReloadingComplete (10ms)
	LoadAllAssembliesAndSetupDomain (251ms)
		LoadAssemblies (203ms)
		RebuildTransferFunctionScriptingTraits (0ms)
		AnalyzeDomain (71ms)
			TypeCache.Refresh (9ms)
				TypeCache.ScanAssembly (0ms)
			BuildScriptInfoCaches (59ms)
			ResolveRequiredComponents (1ms)
	FinalizeReload (394ms)
		ReleaseScriptCaches (0ms)
		RebuildScriptCaches (0ms)
		SetupLoadedEditorAssemblies (346ms)
			LogAssemblyErrors (0ms)
			InitializePlatformSupportModulesInManaged (1ms)
			SetLoadedEditorAssemblies (2ms)
			BeforeProcessingInitializeOnLoad (85ms)
			ProcessInitializeOnLoadAttributes (162ms)
			ProcessInitializeOnLoadMethodAttributes (95ms)
			AfterProcessingInitializeOnLoad (1ms)
			EditorAssembliesLoaded (0ms)
		ExecutionOrderSort2 (0ms)
		AwakeInstancesAfterBackupRestoration (1ms)
Refreshing native plugins compatible for Editor in 1.14 ms, found 2 plugins.
Preloading 1 native plugins for Editor in 1.24 ms.
Unloading 43 Unused Serialized files (Serialized files now loaded: 0)
Unloading 5193 unused Assets / (13.6 MB). Loaded Objects now: 6032.
Memory consumption went from 145.4 MB to 131.8 MB.
Total: 7.624709 ms (FindLiveObjects: 0.176042 ms CreateObjectMapping: 0.086250 ms MarkObjects: 6.287458 ms  DeleteObjects: 1.074500 ms)

Prepare: number of updated asset objects reloaded= 0
========================================================================
Received Prepare
Refreshing native plugins compatible for Editor in 1.19 ms, found 2 plugins.
Preloading 1 native plugins for Editor in 1.16 ms.
Unloading 43 Unused Serialized files (Serialized files now loaded: 0)
Unloading 5148 unused Assets / (13.7 MB). Loaded Objects now: 6032.
Memory consumption went from 132.3 MB to 118.6 MB.
Total: 7.564833 ms (FindLiveObjects: 0.182292 ms CreateObjectMapping: 0.074458 ms MarkObjects: 6.126792 ms  DeleteObjects: 1.181083 ms)

Prepare: number of updated asset objects reloaded= 0
========================================================================
Received Prepare
Begin MonoManager ReloadAssembly
Thread 0x16b737000 may have been prematurely finalized
Symbol file LoadedFromMemory is not a mono symbol file
Symbol file LoadedFromMemory is not a mono symbol file
- Loaded All Assemblies, in  0.346 seconds
Refreshing native plugins compatible for Editor in 1.62 ms, found 2 plugins.
Native extension for OSXStandalone target not found
Native extension for WebGL target not found
Refreshing native plugins compatible for Editor in 1.53 ms, found 2 plugins.
[Package Manager] Failed to launch server process. Reason: Unity was launched with the -noUpm command-line argument
[Package Manager] Unable to send message (not connected to server process).
[Package Manager] Cannot connect to Unity Package Manager local server
ScheduleIndexationOnStartup MainProcess:False IndexOnStartup:True
Mono: successfully reloaded assembly
- Finished resetting the current domain, in  0.405 seconds
Domain Reload Profiling: 752ms
	BeginReloadAssembly (72ms)
		ExecutionOrderSort (0ms)
		DisableScriptedObjects (3ms)
		BackupInstance (0ms)
		ReleaseScriptingObjects (0ms)
		CreateAndSetChildDomain (22ms)
	RebuildCommonClasses (16ms)
	RebuildNativeTypeToScriptingClass (6ms)
	initialDomainReloadingComplete (11ms)
	LoadAllAssembliesAndSetupDomain (243ms)
		LoadAssemblies (197ms)
		RebuildTransferFunctionScriptingTraits (0ms)
		AnalyzeDomain (68ms)
			TypeCache.Refresh (7ms)
				TypeCache.ScanAssembly (0ms)
			BuildScriptInfoCaches (58ms)
			ResolveRequiredComponents (1ms)
	FinalizeReload (405ms)
		ReleaseScriptCaches (0ms)
		RebuildScriptCaches (0ms)
		SetupLoadedEditorAssemblies (354ms)
			LogAssemblyErrors (0ms)
			InitializePlatformSupportModulesInManaged (1ms)
			SetLoadedEditorAssemblies (2ms)
			BeforeProcessingInitializeOnLoad (85ms)
			ProcessInitializeOnLoadAttributes (169ms)
			ProcessInitializeOnLoadMethodAttributes (96ms)
			AfterProcessingInitializeOnLoad (1ms)
			EditorAssembliesLoaded (0ms)
		ExecutionOrderSort2 (0ms)
		AwakeInstancesAfterBackupRestoration (1ms)
Refreshing native plugins compatible for Editor in 1.53 ms, found 2 plugins.
Preloading 1 native plugins for Editor in 1.21 ms.
Unloading 43 Unused Serialized files (Serialized files now loaded: 0)
Unloading 5193 unused Assets / (13.6 MB). Loaded Objects now: 6036.
Memory consumption went from 145.4 MB to 131.8 MB.
Total: 7.601875 ms (FindLiveObjects: 0.193375 ms CreateObjectMapping: 0.075375 ms MarkObjects: 6.140125 ms  DeleteObjects: 1.192917 ms)

Prepare: number of updated asset objects reloaded= 0
========================================================================
Received Prepare
Refreshing native plugins compatible for Editor in 1.36 ms, found 2 plugins.
Preloading 1 native plugins for Editor in 1.17 ms.
Unloading 43 Unused Serialized files (Serialized files now loaded: 0)
Unloading 5148 unused Assets / (13.6 MB). Loaded Objects now: 6036.
Memory consumption went from 132.3 MB to 118.7 MB.
Total: 7.401167 ms (FindLiveObjects: 0.196209 ms CreateObjectMapping: 0.073666 ms MarkObjects: 5.945792 ms  DeleteObjects: 1.185250 ms)

Prepare: number of updated asset objects reloaded= 0
========================================================================
Received Prepare
Begin MonoManager ReloadAssembly
Thread 0x16b737000 may have been prematurely finalized
Symbol file LoadedFromMemory is not a mono symbol file
Symbol file LoadedFromMemory is not a mono symbol file
- Loaded All Assemblies, in  0.324 seconds
Refreshing native plugins compatible for Editor in 1.06 ms, found 2 plugins.
Native extension for OSXStandalone target not found
Native extension for WebGL target not found
Refreshing native plugins compatible for Editor in 1.48 ms, found 2 plugins.
[Package Manager] Failed to launch server process. Reason: Unity was launched with the -noUpm command-line argument
[Package Manager] Unable to send message (not connected to server process).
[Package Manager] Cannot connect to Unity Package Manager local server
ScheduleIndexationOnStartup MainProcess:False IndexOnStartup:True
Mono: successfully reloaded assembly
- Finished resetting the current domain, in  0.403 seconds
Domain Reload Profiling: 729ms
	BeginReloadAssembly (71ms)
		ExecutionOrderSort (0ms)
		DisableScriptedObjects (3ms)
		BackupInstance (0ms)
		ReleaseScriptingObjects (0ms)
		CreateAndSetChildDomain (22ms)
	RebuildCommonClasses (15ms)
	RebuildNativeTypeToScriptingClass (6ms)
	initialDomainReloadingComplete (10ms)
	LoadAllAssembliesAndSetupDomain (223ms)
		LoadAssemblies (168ms)
		RebuildTransferFunctionScriptingTraits (0ms)
		AnalyzeDomain (76ms)
			TypeCache.Refresh (8ms)
				TypeCache.ScanAssembly (0ms)
			BuildScriptInfoCaches (64ms)
			ResolveRequiredComponents (1ms)
	FinalizeReload (403ms)
		ReleaseScriptCaches (0ms)
		RebuildScriptCaches (0ms)
		SetupLoadedEditorAssemblies (354ms)
			LogAssemblyErrors (0ms)
			InitializePlatformSupportModulesInManaged (1ms)
			SetLoadedEditorAssemblies (2ms)
			BeforeProcessingInitializeOnLoad (84ms)
			ProcessInitializeOnLoadAttributes (166ms)
			ProcessInitializeOnLoadMethodAttributes (102ms)
			AfterProcessingInitializeOnLoad (0ms)
			EditorAssembliesLoaded (0ms)
		ExecutionOrderSort2 (0ms)
		AwakeInstancesAfterBackupRestoration (1ms)
Refreshing native plugins compatible for Editor in 1.50 ms, found 2 plugins.
Preloading 1 native plugins for Editor in 1.23 ms.
Unloading 43 Unused Serialized files (Serialized files now loaded: 0)
Unloading 5193 unused Assets / (12.8 MB). Loaded Objects now: 6040.
Memory consumption went from 145.4 MB to 132.7 MB.
Total: 7.934000 ms (FindLiveObjects: 0.203834 ms CreateObjectMapping: 0.081416 ms MarkObjects: 6.426084 ms  DeleteObjects: 1.222375 ms)

Prepare: number of updated asset objects reloaded= 0
========================================================================
Received Prepare
Refreshing native plugins compatible for Editor in 1.16 ms, found 2 plugins.
Preloading 1 native plugins for Editor in 1.17 ms.
Unloading 43 Unused Serialized files (Serialized files now loaded: 0)
Unloading 5148 unused Assets / (13.7 MB). Loaded Objects now: 6040.
Memory consumption went from 132.3 MB to 118.6 MB.
Total: 7.531125 ms (FindLiveObjects: 0.174667 ms CreateObjectMapping: 0.081916 ms MarkObjects: 6.085167 ms  DeleteObjects: 1.189125 ms)

Prepare: number of updated asset objects reloaded= 0
========================================================================
Received Prepare
Begin MonoManager ReloadAssembly
Thread 0x16b737000 may have been prematurely finalized
Symbol file LoadedFromMemory is not a mono symbol file
Symbol file LoadedFromMemory is not a mono symbol file
- Loaded All Assemblies, in  0.381 seconds
Refreshing native plugins compatible for Editor in 1.20 ms, found 2 plugins.
Native extension for OSXStandalone target not found
Native extension for WebGL target not found
Refreshing native plugins compatible for Editor in 1.12 ms, found 2 plugins.
[Package Manager] Failed to launch server process. Reason: Unity was launched with the -noUpm command-line argument
[Package Manager] Unable to send message (not connected to server process).
[Package Manager] Cannot connect to Unity Package Manager local server
ScheduleIndexationOnStartup MainProcess:False IndexOnStartup:True
Mono: successfully reloaded assembly
- Finished resetting the current domain, in  0.403 seconds
Domain Reload Profiling: 785ms
	BeginReloadAssembly (71ms)
		ExecutionOrderSort (0ms)
		DisableScriptedObjects (3ms)
		BackupInstance (0ms)
		ReleaseScriptingObjects (0ms)
		CreateAndSetChildDomain (21ms)
	RebuildCommonClasses (16ms)
	RebuildNativeTypeToScriptingClass (6ms)
	initialDomainReloadingComplete (10ms)
	LoadAllAssembliesAndSetupDomain (278ms)
		LoadAssemblies (230ms)
		RebuildTransferFunctionScriptingTraits (0ms)
		AnalyzeDomain (70ms)
			TypeCache.Refresh (8ms)
				TypeCache.ScanAssembly (0ms)
			BuildScriptInfoCaches (60ms)
			ResolveRequiredComponents (1ms)
	FinalizeReload (403ms)
		ReleaseScriptCaches (0ms)
		RebuildScriptCaches (0ms)
		SetupLoadedEditorAssemblies (354ms)
			LogAssemblyErrors (0ms)
			InitializePlatformSupportModulesInManaged (1ms)
			SetLoadedEditorAssemblies (2ms)
			BeforeProcessingInitializeOnLoad (84ms)
			ProcessInitializeOnLoadAttributes (168ms)
			ProcessInitializeOnLoadMethodAttributes (99ms)
			AfterProcessingInitializeOnLoad (1ms)
			EditorAssembliesLoaded (0ms)
		ExecutionOrderSort2 (0ms)
		AwakeInstancesAfterBackupRestoration (1ms)
Refreshing native plugins compatible for Editor in 1.51 ms, found 2 plugins.
Preloading 1 native plugins for Editor in 1.18 ms.
Unloading 43 Unused Serialized files (Serialized files now loaded: 0)
Unloading 5193 unused Assets / (13.7 MB). Loaded Objects now: 6044.
Memory consumption went from 145.5 MB to 131.8 MB.
Total: 7.424959 ms (FindLiveObjects: 0.193209 ms CreateObjectMapping: 0.081459 ms MarkObjects: 5.974000 ms  DeleteObjects: 1.175834 ms)

Prepare: number of updated asset objects reloaded= 0
========================================================================
Received Prepare
Refreshing native plugins compatible for Editor in 1.47 ms, found 2 plugins.
Preloading 1 native plugins for Editor in 1.24 ms.
Unloading 43 Unused Serialized files (Serialized files now loaded: 0)
Unloading 5148 unused Assets / (13.5 MB). Loaded Objects now: 6044.
Memory consumption went from 132.3 MB to 118.8 MB.
Total: 7.592042 ms (FindLiveObjects: 0.200750 ms CreateObjectMapping: 0.070042 ms MarkObjects: 6.088875 ms  DeleteObjects: 1.232083 ms)

Prepare: number of updated asset objects reloaded= 0
========================================================================
Received Prepare
Begin MonoManager ReloadAssembly
Thread 0x16b737000 may have been prematurely finalized
Symbol file LoadedFromMemory is not a mono symbol file
Symbol file LoadedFromMemory is not a mono symbol file
- Loaded All Assemblies, in  0.344 seconds
Refreshing native plugins compatible for Editor in 1.07 ms, found 2 plugins.
Native extension for OSXStandalone target not found
Native extension for WebGL target not found
Refreshing native plugins compatible for Editor in 1.37 ms, found 2 plugins.
[Package Manager] Failed to launch server process. Reason: Unity was launched with the -noUpm command-line argument
[Package Manager] Unable to send message (not connected to server process).
[Package Manager] Cannot connect to Unity Package Manager local server
ScheduleIndexationOnStartup MainProcess:False IndexOnStartup:True
Mono: successfully reloaded assembly
- Finished resetting the current domain, in  0.400 seconds
Domain Reload Profiling: 746ms
	BeginReloadAssembly (74ms)
		ExecutionOrderSort (0ms)
		DisableScriptedObjects (3ms)
		BackupInstance (0ms)
		ReleaseScriptingObjects (0ms)
		CreateAndSetChildDomain (21ms)
	RebuildCommonClasses (16ms)
	RebuildNativeTypeToScriptingClass (6ms)
	initialDomainReloadingComplete (10ms)
	LoadAllAssembliesAndSetupDomain (240ms)
		LoadAssemblies (185ms)
		RebuildTransferFunctionScriptingTraits (0ms)
		AnalyzeDomain (79ms)
			TypeCache.Refresh (8ms)
				TypeCache.ScanAssembly (0ms)
			BuildScriptInfoCaches (66ms)
			ResolveRequiredComponents (1ms)
	FinalizeReload (400ms)
		ReleaseScriptCaches (0ms)
		RebuildScriptCaches (0ms)
		SetupLoadedEditorAssemblies (351ms)
			LogAssemblyErrors (0ms)
			InitializePlatformSupportModulesInManaged (1ms)
			SetLoadedEditorAssemblies (2ms)
			BeforeProcessingInitializeOnLoad (84ms)
			ProcessInitializeOnLoadAttributes (166ms)
			ProcessInitializeOnLoadMethodAttributes (97ms)
			AfterProcessingInitializeOnLoad (1ms)
			EditorAssembliesLoaded (0ms)
		ExecutionOrderSort2 (0ms)
		AwakeInstancesAfterBackupRestoration (1ms)
Refreshing native plugins compatible for Editor in 1.56 ms, found 2 plugins.
Preloading 1 native plugins for Editor in 1.16 ms.
Unloading 43 Unused Serialized files (Serialized files now loaded: 0)
Unloading 5193 unused Assets / (13.7 MB). Loaded Objects now: 6048.
Memory consumption went from 145.5 MB to 131.7 MB.
Total: 7.538083 ms (FindLiveObjects: 0.198542 ms CreateObjectMapping: 0.077750 ms MarkObjects: 6.084166 ms  DeleteObjects: 1.177333 ms)

Prepare: number of updated asset objects reloaded= 0
========================================================================
Received Prepare
Refreshing native plugins compatible for Editor in 1.52 ms, found 2 plugins.
Preloading 1 native plugins for Editor in 1.26 ms.
Unloading 43 Unused Serialized files (Serialized files now loaded: 0)
Unloading 5148 unused Assets / (12.8 MB). Loaded Objects now: 6048.
Memory consumption went from 132.3 MB to 119.6 MB.
Total: 7.941375 ms (FindLiveObjects: 0.200333 ms CreateObjectMapping: 0.084125 ms MarkObjects: 6.540000 ms  DeleteObjects: 1.116708 ms)

Prepare: number of updated asset objects reloaded= 0
========================================================================
Received Prepare
Refreshing native plugins compatible for Editor in 1.59 ms, found 2 plugins.
Preloading 1 native plugins for Editor in 1.24 ms.
Unloading 43 Unused Serialized files (Serialized files now loaded: 0)
Unloading 5148 unused Assets / (13.0 MB). Loaded Objects now: 6048.
Memory consumption went from 132.3 MB to 119.4 MB.
Total: 8.134917 ms (FindLiveObjects: 0.201250 ms CreateObjectMapping: 0.105208 ms MarkObjects: 6.492792 ms  DeleteObjects: 1.335250 ms)

Prepare: number of updated asset objects reloaded= 0
========================================================================
Received Prepare
Begin MonoManager ReloadAssembly
[Licensing::Client] Successfully resolved entitlement details
[Licensing::Module] License group:
  Id: F4-85AS-8ZW6-XMRF-425Z-XXXX
  Product: Unity Personal
  Type: ULF
  Expiration: Unlimited
[Licensing::Module] License group:
  Id: 6872810951280-UnityPersXXXX
  Product: Unity Personal
  Type: Assigned
  Expiration: Unlimited
Thread 0x16b737000 may have been prematurely finalized
Symbol file LoadedFromMemory is not a mono symbol file
Symbol file LoadedFromMemory is not a mono symbol file
- Loaded All Assemblies, in  0.372 seconds
Refreshing native plugins compatible for Editor in 1.73 ms, found 2 plugins.
Native extension for OSXStandalone target not found
Native extension for WebGL target not found
Refreshing native plugins compatible for Editor in 1.11 ms, found 2 plugins.
[Package Manager] Failed to launch server process. Reason: Unity was launched with the -noUpm command-line argument
[Package Manager] Unable to send message (not connected to server process).
[Package Manager] Cannot connect to Unity Package Manager local server
ScheduleIndexationOnStartup MainProcess:False IndexOnStartup:True
Mono: successfully reloaded assembly
- Finished resetting the current domain, in  0.398 seconds
Domain Reload Profiling: 772ms
	BeginReloadAssembly (74ms)
		ExecutionOrderSort (0ms)
		DisableScriptedObjects (3ms)
		BackupInstance (0ms)
		ReleaseScriptingObjects (0ms)
		CreateAndSetChildDomain (23ms)
	RebuildCommonClasses (16ms)
	RebuildNativeTypeToScriptingClass (6ms)
	initialDomainReloadingComplete (10ms)
	LoadAllAssembliesAndSetupDomain (267ms)
		LoadAssemblies (221ms)
		RebuildTransferFunctionScriptingTraits (0ms)
		AnalyzeDomain (69ms)
			TypeCache.Refresh (8ms)
				TypeCache.ScanAssembly (0ms)
			BuildScriptInfoCaches (58ms)
			ResolveRequiredComponents (1ms)
	FinalizeReload (398ms)
		ReleaseScriptCaches (0ms)
		RebuildScriptCaches (0ms)
		SetupLoadedEditorAssemblies (350ms)
			LogAssemblyErrors (0ms)
			InitializePlatformSupportModulesInManaged (1ms)
			SetLoadedEditorAssemblies (2ms)
			BeforeProcessingInitializeOnLoad (85ms)
			ProcessInitializeOnLoadAttributes (164ms)
			ProcessInitializeOnLoadMethodAttributes (98ms)
			AfterProcessingInitializeOnLoad (0ms)
			EditorAssembliesLoaded (0ms)
		ExecutionOrderSort2 (0ms)
		AwakeInstancesAfterBackupRestoration (1ms)
Refreshing native plugins compatible for Editor in 1.53 ms, found 2 plugins.
Preloading 1 native plugins for Editor in 1.20 ms.
Unloading 43 Unused Serialized files (Serialized files now loaded: 0)
Unloading 5193 unused Assets / (14.0 MB). Loaded Objects now: 6052.
Memory consumption went from 145.5 MB to 131.5 MB.
Total: 7.867417 ms (FindLiveObjects: 0.193208 ms CreateObjectMapping: 0.083542 ms MarkObjects: 6.245541 ms  DeleteObjects: 1.345000 ms)

Prepare: number of updated asset objects reloaded= 0
========================================================================
Received Prepare
Refreshing native plugins compatible for Editor in 1.44 ms, found 2 plugins.
Preloading 1 native plugins for Editor in 1.21 ms.
Unloading 43 Unused Serialized files (Serialized files now loaded: 0)
Unloading 5148 unused Assets / (13.8 MB). Loaded Objects now: 6052.
Memory consumption went from 132.3 MB to 118.6 MB.
Total: 7.976750 ms (FindLiveObjects: 0.196250 ms CreateObjectMapping: 0.080334 ms MarkObjects: 6.465541 ms  DeleteObjects: 1.234375 ms)

Prepare: number of updated asset objects reloaded= 0
========================================================================
Received Prepare
Refreshing native plugins compatible for Editor in 1.53 ms, found 2 plugins.
Preloading 1 native plugins for Editor in 1.18 ms.
Unloading 43 Unused Serialized files (Serialized files now loaded: 0)
Unloading 5148 unused Assets / (13.7 MB). Loaded Objects now: 6052.
Memory consumption went from 132.3 MB to 118.7 MB.
Total: 7.493750 ms (FindLiveObjects: 0.191959 ms CreateObjectMapping: 0.075125 ms MarkObjects: 6.029541 ms  DeleteObjects: 1.196833 ms)

Prepare: number of updated asset objects reloaded= 0
========================================================================
Received Prepare
Refreshing native plugins compatible for Editor in 1.53 ms, found 2 plugins.
Preloading 1 native plugins for Editor in 1.25 ms.
Unloading 43 Unused Serialized files (Serialized files now loaded: 0)
Unloading 5148 unused Assets / (12.7 MB). Loaded Objects now: 6052.
Memory consumption went from 132.3 MB to 119.7 MB.
Total: 7.982667 ms (FindLiveObjects: 0.193292 ms CreateObjectMapping: 0.082833 ms MarkObjects: 6.501375 ms  DeleteObjects: 1.204875 ms)

Prepare: number of updated asset objects reloaded= 0
========================================================================
Received Prepare
Refreshing native plugins compatible for Editor in 1.56 ms, found 2 plugins.
Preloading 1 native plugins for Editor in 1.23 ms.
Unloading 43 Unused Serialized files (Serialized files now loaded: 0)
Unloading 5148 unused Assets / (13.5 MB). Loaded Objects now: 6052.
Memory consumption went from 132.4 MB to 118.9 MB.
Total: 7.681792 ms (FindLiveObjects: 0.202667 ms CreateObjectMapping: 0.079208 ms MarkObjects: 6.295750 ms  DeleteObjects: 1.104084 ms)

Prepare: number of updated asset objects reloaded= 0
========================================================================
Received Prepare
Refreshing native plugins compatible for Editor in 1.45 ms, found 2 plugins.
Preloading 1 native plugins for Editor in 1.13 ms.
Unloading 43 Unused Serialized files (Serialized files now loaded: 0)
Unloading 5148 unused Assets / (13.8 MB). Loaded Objects now: 6052.
Memory consumption went from 132.4 MB to 118.5 MB.
Total: 7.499292 ms (FindLiveObjects: 0.197167 ms CreateObjectMapping: 0.075792 ms MarkObjects: 6.025833 ms  DeleteObjects: 1.200333 ms)

Prepare: number of updated asset objects reloaded= 0
========================================================================
Received Prepare
Refreshing native plugins compatible for Editor in 1.51 ms, found 2 plugins.
Preloading 1 native plugins for Editor in 1.16 ms.
Unloading 43 Unused Serialized files (Serialized files now loaded: 0)
Unloading 5148 unused Assets / (13.7 MB). Loaded Objects now: 6052.
Memory consumption went from 132.4 MB to 118.6 MB.
Total: 7.420833 ms (FindLiveObjects: 0.189791 ms CreateObjectMapping: 0.076500 ms MarkObjects: 5.971417 ms  DeleteObjects: 1.182875 ms)

Prepare: number of updated asset objects reloaded= 0
========================================================================
Received Prepare
Refreshing native plugins compatible for Editor in 1.40 ms, found 2 plugins.
Preloading 1 native plugins for Editor in 1.18 ms.
Unloading 43 Unused Serialized files (Serialized files now loaded: 0)
Unloading 5148 unused Assets / (13.7 MB). Loaded Objects now: 6052.
Memory consumption went from 132.4 MB to 118.7 MB.
Total: 7.556625 ms (FindLiveObjects: 0.190291 ms CreateObjectMapping: 0.081584 ms MarkObjects: 6.099791 ms  DeleteObjects: 1.184833 ms)

Prepare: number of updated asset objects reloaded= 0
========================================================================
Received Prepare
Refreshing native plugins compatible for Editor in 1.49 ms, found 2 plugins.
Preloading 1 native plugins for Editor in 1.23 ms.
Unloading 43 Unused Serialized files (Serialized files now loaded: 0)
Unloading 5148 unused Assets / (13.4 MB). Loaded Objects now: 6052.
Memory consumption went from 132.4 MB to 119.0 MB.
Total: 11.739708 ms (FindLiveObjects: 0.243916 ms CreateObjectMapping: 0.078500 ms MarkObjects: 10.311500 ms  DeleteObjects: 1.105541 ms)

Prepare: number of updated asset objects reloaded= 0
========================================================================
Received Prepare
Refreshing native plugins compatible for Editor in 1.57 ms, found 2 plugins.
Preloading 1 native plugins for Editor in 1.22 ms.
Unloading 43 Unused Serialized files (Serialized files now loaded: 0)
Unloading 5148 unused Assets / (13.2 MB). Loaded Objects now: 6052.
Memory consumption went from 132.4 MB to 119.2 MB.
Total: 9.249166 ms (FindLiveObjects: 0.199959 ms CreateObjectMapping: 0.082209 ms MarkObjects: 7.528916 ms  DeleteObjects: 1.437708 ms)

Prepare: number of updated asset objects reloaded= 0
========================================================================
Received Prepare
Begin MonoManager ReloadAssembly
[Licensing::Client] Successfully resolved entitlement details
[Licensing::Module] License group:
  Id: F4-85AS-8ZW6-XMRF-425Z-XXXX
  Product: Unity Personal
  Type: ULF
  Expiration: Unlimited
[Licensing::Module] License group:
  Id: 6872810951280-UnityPersXXXX
  Product: Unity Personal
  Type: Assigned
  Expiration: Unlimited
Thread 0x16b737000 may have been prematurely finalized
Symbol file LoadedFromMemory is not a mono symbol file
Symbol file LoadedFromMemory is not a mono symbol file
- Loaded All Assemblies, in  0.367 seconds
Refreshing native plugins compatible for Editor in 1.07 ms, found 2 plugins.
Native extension for OSXStandalone target not found
Native extension for WebGL target not found
Refreshing native plugins compatible for Editor in 1.29 ms, found 2 plugins.
[Package Manager] Failed to launch server process. Reason: Unity was launched with the -noUpm command-line argument
[Package Manager] Unable to send message (not connected to server process).
[Package Manager] Cannot connect to Unity Package Manager local server
ScheduleIndexationOnStartup MainProcess:False IndexOnStartup:True
Mono: successfully reloaded assembly
- Finished resetting the current domain, in  0.404 seconds
Domain Reload Profiling: 773ms
	BeginReloadAssembly (94ms)
		ExecutionOrderSort (0ms)
		DisableScriptedObjects (3ms)
		BackupInstance (0ms)
		ReleaseScriptingObjects (0ms)
		CreateAndSetChildDomain (29ms)
	RebuildCommonClasses (16ms)
	RebuildNativeTypeToScriptingClass (6ms)
	initialDomainReloadingComplete (11ms)
	LoadAllAssembliesAndSetupDomain (241ms)
		LoadAssemblies (206ms)
		RebuildTransferFunctionScriptingTraits (0ms)
		AnalyzeDomain (68ms)
			TypeCache.Refresh (9ms)
				TypeCache.ScanAssembly (0ms)
			BuildScriptInfoCaches (56ms)
			ResolveRequiredComponents (1ms)
	FinalizeReload (404ms)
		ReleaseScriptCaches (0ms)
		RebuildScriptCaches (0ms)
		SetupLoadedEditorAssemblies (357ms)
			LogAssemblyErrors (0ms)
			InitializePlatformSupportModulesInManaged (1ms)
			SetLoadedEditorAssemblies (2ms)
			BeforeProcessingInitializeOnLoad (84ms)
			ProcessInitializeOnLoadAttributes (167ms)
			ProcessInitializeOnLoadMethodAttributes (102ms)
			AfterProcessingInitializeOnLoad (0ms)
			EditorAssembliesLoaded (0ms)
		ExecutionOrderSort2 (0ms)
		AwakeInstancesAfterBackupRestoration (1ms)
Refreshing native plugins compatible for Editor in 0.94 ms, found 2 plugins.
Preloading 1 native plugins for Editor in 1.14 ms.
Unloading 43 Unused Serialized files (Serialized files now loaded: 0)
Unloading 5193 unused Assets / (13.9 MB). Loaded Objects now: 6056.
Memory consumption went from 145.5 MB to 131.6 MB.
Total: 7.672333 ms (FindLiveObjects: 0.178292 ms CreateObjectMapping: 0.072167 ms MarkObjects: 6.247709 ms  DeleteObjects: 1.173916 ms)

Prepare: number of updated asset objects reloaded= 0
========================================================================
Received Prepare
Refreshing native plugins compatible for Editor in 1.20 ms, found 2 plugins.
Preloading 1 native plugins for Editor in 1.30 ms.
Unloading 43 Unused Serialized files (Serialized files now loaded: 0)
Unloading 5148 unused Assets / (13.3 MB). Loaded Objects now: 6056.
Memory consumption went from 132.4 MB to 119.0 MB.
Total: 8.179167 ms (FindLiveObjects: 0.180292 ms CreateObjectMapping: 0.121583 ms MarkObjects: 6.710459 ms  DeleteObjects: 1.166667 ms)

Prepare: number of updated asset objects reloaded= 0
========================================================================
Received Prepare
Begin MonoManager ReloadAssembly
Thread 0x16b737000 may have been prematurely finalized
Symbol file LoadedFromMemory is not a mono symbol file
Symbol file LoadedFromMemory is not a mono symbol file
- Loaded All Assemblies, in  0.409 seconds
Refreshing native plugins compatible for Editor in 1.06 ms, found 2 plugins.
Native extension for OSXStandalone target not found
Native extension for WebGL target not found
Refreshing native plugins compatible for Editor in 1.57 ms, found 2 plugins.
[Package Manager] Failed to launch server process. Reason: Unity was launched with the -noUpm command-line argument
[Package Manager] Unable to send message (not connected to server process).
[Package Manager] Cannot connect to Unity Package Manager local server
ScheduleIndexationOnStartup MainProcess:False IndexOnStartup:True
Mono: successfully reloaded assembly
- Finished resetting the current domain, in  0.437 seconds
Domain Reload Profiling: 848ms
	BeginReloadAssembly (74ms)
		ExecutionOrderSort (0ms)
		DisableScriptedObjects (3ms)
		BackupInstance (0ms)
		ReleaseScriptingObjects (0ms)
		CreateAndSetChildDomain (22ms)
	RebuildCommonClasses (16ms)
	RebuildNativeTypeToScriptingClass (6ms)
	initialDomainReloadingComplete (10ms)
	LoadAllAssembliesAndSetupDomain (304ms)
		LoadAssemblies (253ms)
		RebuildTransferFunctionScriptingTraits (0ms)
		AnalyzeDomain (72ms)
			TypeCache.Refresh (8ms)
				TypeCache.ScanAssembly (0ms)
			BuildScriptInfoCaches (60ms)
			ResolveRequiredComponents (1ms)
	FinalizeReload (437ms)
		ReleaseScriptCaches (0ms)
		RebuildScriptCaches (0ms)
		SetupLoadedEditorAssemblies (388ms)
			LogAssemblyErrors (0ms)
			InitializePlatformSupportModulesInManaged (1ms)
			SetLoadedEditorAssemblies (2ms)
			BeforeProcessingInitializeOnLoad (90ms)
			ProcessInitializeOnLoadAttributes (189ms)
			ProcessInitializeOnLoadMethodAttributes (106ms)
			AfterProcessingInitializeOnLoad (1ms)
			EditorAssembliesLoaded (0ms)
		ExecutionOrderSort2 (0ms)
		AwakeInstancesAfterBackupRestoration (1ms)
Refreshing native plugins compatible for Editor in 1.52 ms, found 2 plugins.
Preloading 1 native plugins for Editor in 1.19 ms.
Unloading 43 Unused Serialized files (Serialized files now loaded: 0)
Unloading 5193 unused Assets / (13.8 MB). Loaded Objects now: 6060.
Memory consumption went from 145.5 MB to 131.7 MB.
Total: 8.036250 ms (FindLiveObjects: 0.234959 ms CreateObjectMapping: 0.081833 ms MarkObjects: 6.474083 ms  DeleteObjects: 1.245167 ms)

Prepare: number of updated asset objects reloaded= 0
========================================================================
Received Prepare
Begin MonoManager ReloadAssembly
Thread 0x16b737000 may have been prematurely finalized
Symbol file LoadedFromMemory is not a mono symbol file
Symbol file LoadedFromMemory is not a mono symbol file
- Loaded All Assemblies, in  0.302 seconds
Refreshing native plugins compatible for Editor in 1.24 ms, found 2 plugins.
Native extension for OSXStandalone target not found
Native extension for WebGL target not found
Refreshing native plugins compatible for Editor in 1.22 ms, found 2 plugins.
[Package Manager] Failed to launch server process. Reason: Unity was launched with the -noUpm command-line argument
[Package Manager] Unable to send message (not connected to server process).
[Package Manager] Cannot connect to Unity Package Manager local server
ScheduleIndexationOnStartup MainProcess:False IndexOnStartup:True
Mono: successfully reloaded assembly
- Finished resetting the current domain, in  0.448 seconds
Domain Reload Profiling: 752ms
	BeginReloadAssembly (74ms)
		ExecutionOrderSort (0ms)
		DisableScriptedObjects (3ms)
		BackupInstance (0ms)
		ReleaseScriptingObjects (0ms)
		CreateAndSetChildDomain (22ms)
	RebuildCommonClasses (16ms)
	RebuildNativeTypeToScriptingClass (6ms)
	initialDomainReloadingComplete (10ms)
	LoadAllAssembliesAndSetupDomain (197ms)
		LoadAssemblies (151ms)
		RebuildTransferFunctionScriptingTraits (0ms)
		AnalyzeDomain (67ms)
			TypeCache.Refresh (5ms)
				TypeCache.ScanAssembly (0ms)
			BuildScriptInfoCaches (59ms)
			ResolveRequiredComponents (1ms)
	FinalizeReload (449ms)
		ReleaseScriptCaches (0ms)
		RebuildScriptCaches (0ms)
		SetupLoadedEditorAssemblies (396ms)
			LogAssemblyErrors (0ms)
			InitializePlatformSupportModulesInManaged (1ms)
			SetLoadedEditorAssemblies (2ms)
			BeforeProcessingInitializeOnLoad (93ms)
			ProcessInitializeOnLoadAttributes (188ms)
			ProcessInitializeOnLoadMethodAttributes (110ms)
			AfterProcessingInitializeOnLoad (0ms)
			EditorAssembliesLoaded (0ms)
		ExecutionOrderSort2 (0ms)
		AwakeInstancesAfterBackupRestoration (1ms)
Refreshing native plugins compatible for Editor in 1.95 ms, found 2 plugins.
Preloading 1 native plugins for Editor in 1.23 ms.
Unloading 43 Unused Serialized files (Serialized files now loaded: 0)
Unloading 5193 unused Assets / (13.5 MB). Loaded Objects now: 6064.
Memory consumption went from 145.5 MB to 132.0 MB.
Total: 8.735583 ms (FindLiveObjects: 0.201167 ms CreateObjectMapping: 0.081958 ms MarkObjects: 7.046667 ms  DeleteObjects: 1.405541 ms)

Prepare: number of updated asset objects reloaded= 0
========================================================================
Received Prepare
Refreshing native plugins compatible for Editor in 1.37 ms, found 2 plugins.
Preloading 1 native plugins for Editor in 1.17 ms.
Unloading 43 Unused Serialized files (Serialized files now loaded: 0)
Unloading 5148 unused Assets / (13.7 MB). Loaded Objects now: 6064.
Memory consumption went from 132.4 MB to 118.7 MB.
Total: 7.639166 ms (FindLiveObjects: 0.199417 ms CreateObjectMapping: 0.072542 ms MarkObjects: 6.152625 ms  DeleteObjects: 1.214375 ms)

Prepare: number of updated asset objects reloaded= 0
========================================================================
Received Prepare
Begin MonoManager ReloadAssembly
[Licensing::Client] Successfully resolved entitlement details
[Licensing::Module] License group:
  Id: F4-85AS-8ZW6-XMRF-425Z-XXXX
  Product: Unity Personal
  Type: ULF
  Expiration: Unlimited
[Licensing::Module] License group:
  Id: 6872810951280-UnityPersXXXX
  Product: Unity Personal
  Type: Assigned
  Expiration: Unlimited
Thread 0x16b737000 may have been prematurely finalized
Symbol file LoadedFromMemory is not a mono symbol file
Symbol file LoadedFromMemory is not a mono symbol file
- Loaded All Assemblies, in  0.395 seconds
Refreshing native plugins compatible for Editor in 0.94 ms, found 2 plugins.
Native extension for OSXStandalone target not found
Native extension for WebGL target not found
Refreshing native plugins compatible for Editor in 1.07 ms, found 2 plugins.
[Package Manager] Failed to launch server process. Reason: Unity was launched with the -noUpm command-line argument
[Package Manager] Unable to send message (not connected to server process).
[Package Manager] Cannot connect to Unity Package Manager local server
ScheduleIndexationOnStartup MainProcess:False IndexOnStartup:True
Mono: successfully reloaded assembly
- Finished resetting the current domain, in  0.415 seconds
Domain Reload Profiling: 811ms
	BeginReloadAssembly (78ms)
		ExecutionOrderSort (0ms)
		DisableScriptedObjects (3ms)
		BackupInstance (0ms)
		ReleaseScriptingObjects (0ms)
		CreateAndSetChildDomain (22ms)
	RebuildCommonClasses (16ms)
	RebuildNativeTypeToScriptingClass (6ms)
	initialDomainReloadingComplete (10ms)
	LoadAllAssembliesAndSetupDomain (286ms)
		LoadAssemblies (237ms)
		RebuildTransferFunctionScriptingTraits (0ms)
		AnalyzeDomain (73ms)
			TypeCache.Refresh (8ms)
				TypeCache.ScanAssembly (0ms)
			BuildScriptInfoCaches (62ms)
			ResolveRequiredComponents (1ms)
	FinalizeReload (415ms)
		ReleaseScriptCaches (0ms)
		RebuildScriptCaches (0ms)
		SetupLoadedEditorAssemblies (364ms)
			LogAssemblyErrors (0ms)
			InitializePlatformSupportModulesInManaged (1ms)
			SetLoadedEditorAssemblies (2ms)
			BeforeProcessingInitializeOnLoad (89ms)
			ProcessInitializeOnLoadAttributes (172ms)
			ProcessInitializeOnLoadMethodAttributes (99ms)
			AfterProcessingInitializeOnLoad (0ms)
			EditorAssembliesLoaded (0ms)
		ExecutionOrderSort2 (0ms)
		AwakeInstancesAfterBackupRestoration (1ms)
Refreshing native plugins compatible for Editor in 1.53 ms, found 2 plugins.
Preloading 1 native plugins for Editor in 1.23 ms.
Unloading 43 Unused Serialized files (Serialized files now loaded: 0)
Unloading 5193 unused Assets / (13.6 MB). Loaded Objects now: 6068.
Memory consumption went from 145.5 MB to 131.9 MB.
Total: 7.546708 ms (FindLiveObjects: 0.200542 ms CreateObjectMapping: 0.074792 ms MarkObjects: 6.123958 ms  DeleteObjects: 1.147208 ms)

Prepare: number of updated asset objects reloaded= 0
========================================================================
Received Prepare
Refreshing native plugins compatible for Editor in 1.42 ms, found 2 plugins.
Preloading 1 native plugins for Editor in 1.18 ms.
Unloading 43 Unused Serialized files (Serialized files now loaded: 0)
Unloading 5148 unused Assets / (13.7 MB). Loaded Objects now: 6068.
Memory consumption went from 132.4 MB to 118.7 MB.
Total: 7.632000 ms (FindLiveObjects: 0.196209 ms CreateObjectMapping: 0.076666 ms MarkObjects: 6.180917 ms  DeleteObjects: 1.177959 ms)

Prepare: number of updated asset objects reloaded= 0
========================================================================
Received Prepare
Begin MonoManager ReloadAssembly
Thread 0x16b737000 may have been prematurely finalized
Symbol file LoadedFromMemory is not a mono symbol file
Symbol file LoadedFromMemory is not a mono symbol file
- Loaded All Assemblies, in  0.437 seconds
Refreshing native plugins compatible for Editor in 1.12 ms, found 2 plugins.
Native extension for OSXStandalone target not found
Native extension for WebGL target not found
Refreshing native plugins compatible for Editor in 1.50 ms, found 2 plugins.
[Package Manager] Failed to launch server process. Reason: Unity was launched with the -noUpm command-line argument
[Package Manager] Unable to send message (not connected to server process).
[Package Manager] Cannot connect to Unity Package Manager local server
ScheduleIndexationOnStartup MainProcess:False IndexOnStartup:True
Mono: successfully reloaded assembly
- Finished resetting the current domain, in  0.426 seconds
Domain Reload Profiling: 864ms
	BeginReloadAssembly (77ms)
		ExecutionOrderSort (0ms)
		DisableScriptedObjects (3ms)
		BackupInstance (0ms)
		ReleaseScriptingObjects (0ms)
		CreateAndSetChildDomain (25ms)
	RebuildCommonClasses (17ms)
	RebuildNativeTypeToScriptingClass (6ms)
	initialDomainReloadingComplete (11ms)
	LoadAllAssembliesAndSetupDomain (327ms)
		LoadAssemblies (281ms)
		RebuildTransferFunctionScriptingTraits (0ms)
		AnalyzeDomain (69ms)
			TypeCache.Refresh (7ms)
				TypeCache.ScanAssembly (0ms)
			BuildScriptInfoCaches (58ms)
			ResolveRequiredComponents (1ms)
	FinalizeReload (426ms)
		ReleaseScriptCaches (0ms)
		RebuildScriptCaches (0ms)
		SetupLoadedEditorAssemblies (369ms)
			LogAssemblyErrors (0ms)
			InitializePlatformSupportModulesInManaged (1ms)
			SetLoadedEditorAssemblies (2ms)
			BeforeProcessingInitializeOnLoad (88ms)
			ProcessInitializeOnLoadAttributes (179ms)
			ProcessInitializeOnLoadMethodAttributes (99ms)
			AfterProcessingInitializeOnLoad (1ms)
			EditorAssembliesLoaded (0ms)
		ExecutionOrderSort2 (0ms)
		AwakeInstancesAfterBackupRestoration (1ms)
Refreshing native plugins compatible for Editor in 1.47 ms, found 2 plugins.
Preloading 1 native plugins for Editor in 1.18 ms.
Unloading 43 Unused Serialized files (Serialized files now loaded: 0)
Unloading 5193 unused Assets / (13.7 MB). Loaded Objects now: 6072.
Memory consumption went from 145.5 MB to 131.8 MB.
Total: 7.492125 ms (FindLiveObjects: 0.201084 ms CreateObjectMapping: 0.078708 ms MarkObjects: 6.010458 ms  DeleteObjects: 1.201708 ms)

Prepare: number of updated asset objects reloaded= 0
========================================================================
Received Prepare
Refreshing native plugins compatible for Editor in 1.46 ms, found 2 plugins.
Preloading 1 native plugins for Editor in 1.21 ms.
Unloading 43 Unused Serialized files (Serialized files now loaded: 0)
Unloading 5148 unused Assets / (13.7 MB). Loaded Objects now: 6072.
Memory consumption went from 132.4 MB to 118.7 MB.
Total: 7.634333 ms (FindLiveObjects: 0.194000 ms CreateObjectMapping: 0.072958 ms MarkObjects: 6.127208 ms  DeleteObjects: 1.239833 ms)

Prepare: number of updated asset objects reloaded= 0
========================================================================
Received Prepare
Begin MonoManager ReloadAssembly
Thread 0x16b737000 may have been prematurely finalized
Symbol file LoadedFromMemory is not a mono symbol file
Symbol file LoadedFromMemory is not a mono symbol file
- Loaded All Assemblies, in  0.322 seconds
Refreshing native plugins compatible for Editor in 0.99 ms, found 2 plugins.
Native extension for OSXStandalone target not found
Native extension for WebGL target not found
Refreshing native plugins compatible for Editor in 1.04 ms, found 2 plugins.
[Package Manager] Failed to launch server process. Reason: Unity was launched with the -noUpm command-line argument
[Package Manager] Unable to send message (not connected to server process).
[Package Manager] Cannot connect to Unity Package Manager local server
ScheduleIndexationOnStartup MainProcess:False IndexOnStartup:True
Mono: successfully reloaded assembly
- Finished resetting the current domain, in  0.420 seconds
Domain Reload Profiling: 743ms
	BeginReloadAssembly (75ms)
		ExecutionOrderSort (0ms)
		DisableScriptedObjects (3ms)
		BackupInstance (0ms)
		ReleaseScriptingObjects (0ms)
		CreateAndSetChildDomain (24ms)
	RebuildCommonClasses (16ms)
	RebuildNativeTypeToScriptingClass (6ms)
	initialDomainReloadingComplete (10ms)
	LoadAllAssembliesAndSetupDomain (216ms)
		LoadAssemblies (159ms)
		RebuildTransferFunctionScriptingTraits (0ms)
		AnalyzeDomain (80ms)
			TypeCache.Refresh (9ms)
				TypeCache.ScanAssembly (0ms)
			BuildScriptInfoCaches (68ms)
			ResolveRequiredComponents (1ms)
	FinalizeReload (420ms)
		ReleaseScriptCaches (0ms)
		RebuildScriptCaches (0ms)
		SetupLoadedEditorAssemblies (368ms)
			LogAssemblyErrors (0ms)
			InitializePlatformSupportModulesInManaged (1ms)
			SetLoadedEditorAssemblies (2ms)
			BeforeProcessingInitializeOnLoad (87ms)
			ProcessInitializeOnLoadAttributes (175ms)
			ProcessInitializeOnLoadMethodAttributes (102ms)
			AfterProcessingInitializeOnLoad (0ms)
			EditorAssembliesLoaded (0ms)
		ExecutionOrderSort2 (0ms)
		AwakeInstancesAfterBackupRestoration (1ms)
Refreshing native plugins compatible for Editor in 1.52 ms, found 2 plugins.
Preloading 1 native plugins for Editor in 1.20 ms.
Unloading 43 Unused Serialized files (Serialized files now loaded: 0)
Unloading 5193 unused Assets / (13.5 MB). Loaded Objects now: 6076.
Memory consumption went from 145.5 MB to 132.1 MB.
Total: 7.554417 ms (FindLiveObjects: 0.194375 ms CreateObjectMapping: 0.077167 ms MarkObjects: 6.199083 ms  DeleteObjects: 1.083667 ms)

Prepare: number of updated asset objects reloaded= 0
========================================================================
Received Prepare
Begin MonoManager ReloadAssembly
Thread 0x16b737000 may have been prematurely finalized
Symbol file LoadedFromMemory is not a mono symbol file
Symbol file LoadedFromMemory is not a mono symbol file
- Loaded All Assemblies, in  0.307 seconds
Refreshing native plugins compatible for Editor in 1.51 ms, found 2 plugins.
Native extension for OSXStandalone target not found
Native extension for WebGL target not found
Refreshing native plugins compatible for Editor in 1.39 ms, found 2 plugins.
[Package Manager] Failed to launch server process. Reason: Unity was launched with the -noUpm command-line argument
[Package Manager] Unable to send message (not connected to server process).
[Package Manager] Cannot connect to Unity Package Manager local server
ScheduleIndexationOnStartup MainProcess:False IndexOnStartup:True
Mono: successfully reloaded assembly
- Finished resetting the current domain, in  0.447 seconds
Domain Reload Profiling: 756ms
	BeginReloadAssembly (70ms)
		ExecutionOrderSort (0ms)
		DisableScriptedObjects (3ms)
		BackupInstance (0ms)
		ReleaseScriptingObjects (0ms)
		CreateAndSetChildDomain (21ms)
	RebuildCommonClasses (15ms)
	RebuildNativeTypeToScriptingClass (6ms)
	initialDomainReloadingComplete (10ms)
	LoadAllAssembliesAndSetupDomain (207ms)
		LoadAssemblies (152ms)
		RebuildTransferFunctionScriptingTraits (0ms)
		AnalyzeDomain (75ms)
			TypeCache.Refresh (5ms)
				TypeCache.ScanAssembly (0ms)
			BuildScriptInfoCaches (67ms)
			ResolveRequiredComponents (1ms)
	FinalizeReload (447ms)
		ReleaseScriptCaches (0ms)
		RebuildScriptCaches (0ms)
		SetupLoadedEditorAssemblies (392ms)
			LogAssemblyErrors (0ms)
			InitializePlatformSupportModulesInManaged (1ms)
			SetLoadedEditorAssemblies (2ms)
			BeforeProcessingInitializeOnLoad (94ms)
			ProcessInitializeOnLoadAttributes (187ms)
			ProcessInitializeOnLoadMethodAttributes (108ms)
			AfterProcessingInitializeOnLoad (1ms)
			EditorAssembliesLoaded (0ms)
		ExecutionOrderSort2 (0ms)
		AwakeInstancesAfterBackupRestoration (1ms)
Refreshing native plugins compatible for Editor in 1.60 ms, found 2 plugins.
Preloading 1 native plugins for Editor in 1.24 ms.
Unloading 43 Unused Serialized files (Serialized files now loaded: 0)
Unloading 5193 unused Assets / (13.5 MB). Loaded Objects now: 6080.
Memory consumption went from 145.5 MB to 132.0 MB.
Total: 8.530208 ms (FindLiveObjects: 0.199833 ms CreateObjectMapping: 0.074709 ms MarkObjects: 7.026583 ms  DeleteObjects: 1.228375 ms)

Prepare: number of updated asset objects reloaded= 0
========================================================================
Received Prepare
Refreshing native plugins compatible for Editor in 1.39 ms, found 2 plugins.
Preloading 1 native plugins for Editor in 1.24 ms.
Unloading 43 Unused Serialized files (Serialized files now loaded: 0)
Unloading 5148 unused Assets / (13.1 MB). Loaded Objects now: 6080.
Memory consumption went from 132.4 MB to 119.4 MB.
Total: 8.013333 ms (FindLiveObjects: 0.192084 ms CreateObjectMapping: 0.079708 ms MarkObjects: 6.538291 ms  DeleteObjects: 1.203000 ms)

Prepare: number of updated asset objects reloaded= 0
========================================================================
Received Prepare
Begin MonoManager ReloadAssembly
Thread 0x16b737000 may have been prematurely finalized
Symbol file LoadedFromMemory is not a mono symbol file
Symbol file LoadedFromMemory is not a mono symbol file
- Loaded All Assemblies, in  0.313 seconds
Refreshing native plugins compatible for Editor in 1.49 ms, found 2 plugins.
Native extension for OSXStandalone target not found
Native extension for WebGL target not found
Refreshing native plugins compatible for Editor in 1.22 ms, found 2 plugins.
[Package Manager] Failed to launch server process. Reason: Unity was launched with the -noUpm command-line argument
[Package Manager] Unable to send message (not connected to server process).
[Package Manager] Cannot connect to Unity Package Manager local server
ScheduleIndexationOnStartup MainProcess:False IndexOnStartup:True
Mono: successfully reloaded assembly
- Finished resetting the current domain, in  0.425 seconds
Domain Reload Profiling: 740ms
	BeginReloadAssembly (74ms)
		ExecutionOrderSort (0ms)
		DisableScriptedObjects (3ms)
		BackupInstance (0ms)
		ReleaseScriptingObjects (0ms)
		CreateAndSetChildDomain (25ms)
	RebuildCommonClasses (15ms)
	RebuildNativeTypeToScriptingClass (6ms)
	initialDomainReloadingComplete (10ms)
	LoadAllAssembliesAndSetupDomain (209ms)
		LoadAssemblies (160ms)
		RebuildTransferFunctionScriptingTraits (0ms)
		AnalyzeDomain (70ms)
			TypeCache.Refresh (7ms)
				TypeCache.ScanAssembly (0ms)
			BuildScriptInfoCaches (60ms)
			ResolveRequiredComponents (1ms)
	FinalizeReload (425ms)
		ReleaseScriptCaches (0ms)
		RebuildScriptCaches (0ms)
		SetupLoadedEditorAssemblies (373ms)
			LogAssemblyErrors (0ms)
			InitializePlatformSupportModulesInManaged (1ms)
			SetLoadedEditorAssemblies (2ms)
			BeforeProcessingInitializeOnLoad (90ms)
			ProcessInitializeOnLoadAttributes (176ms)
			ProcessInitializeOnLoadMethodAttributes (103ms)
			AfterProcessingInitializeOnLoad (1ms)
			EditorAssembliesLoaded (0ms)
		ExecutionOrderSort2 (0ms)
		AwakeInstancesAfterBackupRestoration (3ms)
Refreshing native plugins compatible for Editor in 1.22 ms, found 2 plugins.
Preloading 1 native plugins for Editor in 1.25 ms.
Unloading 43 Unused Serialized files (Serialized files now loaded: 0)
Unloading 5193 unused Assets / (13.8 MB). Loaded Objects now: 6084.
Memory consumption went from 145.6 MB to 131.7 MB.
Total: 8.136000 ms (FindLiveObjects: 0.194041 ms CreateObjectMapping: 0.092667 ms MarkObjects: 6.703833 ms  DeleteObjects: 1.145292 ms)

Prepare: number of updated asset objects reloaded= 0
========================================================================
Received Prepare
Refreshing native plugins compatible for Editor in 1.16 ms, found 2 plugins.
Preloading 1 native plugins for Editor in 1.24 ms.
Unloading 43 Unused Serialized files (Serialized files now loaded: 0)
Unloading 5148 unused Assets / (13.7 MB). Loaded Objects now: 6084.
Memory consumption went from 132.4 MB to 118.8 MB.
Total: 7.801625 ms (FindLiveObjects: 0.196000 ms CreateObjectMapping: 0.089000 ms MarkObjects: 6.334625 ms  DeleteObjects: 1.181750 ms)

Prepare: number of updated asset objects reloaded= 0
========================================================================
Received Prepare
Begin MonoManager ReloadAssembly
Thread 0x16b737000 may have been prematurely finalized
Symbol file LoadedFromMemory is not a mono symbol file
Symbol file LoadedFromMemory is not a mono symbol file
- Loaded All Assemblies, in  0.326 seconds
Refreshing native plugins compatible for Editor in 1.28 ms, found 2 plugins.
Native extension for OSXStandalone target not found
Native extension for WebGL target not found
Refreshing native plugins compatible for Editor in 1.38 ms, found 2 plugins.
[Package Manager] Failed to launch server process. Reason: Unity was launched with the -noUpm command-line argument
[Package Manager] Unable to send message (not connected to server process).
[Package Manager] Cannot connect to Unity Package Manager local server
ScheduleIndexationOnStartup MainProcess:False IndexOnStartup:True
Mono: successfully reloaded assembly
- Finished resetting the current domain, in  0.412 seconds
Domain Reload Profiling: 740ms
	BeginReloadAssembly (72ms)
		ExecutionOrderSort (0ms)
		DisableScriptedObjects (3ms)
		BackupInstance (0ms)
		ReleaseScriptingObjects (0ms)
		CreateAndSetChildDomain (22ms)
	RebuildCommonClasses (16ms)
	RebuildNativeTypeToScriptingClass (6ms)
	initialDomainReloadingComplete (10ms)
	LoadAllAssembliesAndSetupDomain (223ms)
		LoadAssemblies (177ms)
		RebuildTransferFunctionScriptingTraits (0ms)
		AnalyzeDomain (68ms)
			TypeCache.Refresh (7ms)
				TypeCache.ScanAssembly (0ms)
			BuildScriptInfoCaches (58ms)
			ResolveRequiredComponents (1ms)
	FinalizeReload (412ms)
		ReleaseScriptCaches (0ms)
		RebuildScriptCaches (0ms)
		SetupLoadedEditorAssemblies (362ms)
			LogAssemblyErrors (0ms)
			InitializePlatformSupportModulesInManaged (1ms)
			SetLoadedEditorAssemblies (2ms)
			BeforeProcessingInitializeOnLoad (86ms)
			ProcessInitializeOnLoadAttributes (172ms)
			ProcessInitializeOnLoadMethodAttributes (101ms)
			AfterProcessingInitializeOnLoad (0ms)
			EditorAssembliesLoaded (0ms)
		ExecutionOrderSort2 (0ms)
		AwakeInstancesAfterBackupRestoration (1ms)
Refreshing native plugins compatible for Editor in 1.53 ms, found 2 plugins.
Preloading 1 native plugins for Editor in 1.24 ms.
Unloading 43 Unused Serialized files (Serialized files now loaded: 0)
Unloading 5193 unused Assets / (12.1 MB). Loaded Objects now: 6088.
Memory consumption went from 145.6 MB to 133.4 MB.
Total: 8.138833 ms (FindLiveObjects: 0.204833 ms CreateObjectMapping: 0.082917 ms MarkObjects: 6.698625 ms  DeleteObjects: 1.152167 ms)

Prepare: number of updated asset objects reloaded= 0
========================================================================
Received Prepare
Refreshing native plugins compatible for Editor in 1.53 ms, found 2 plugins.
Preloading 1 native plugins for Editor in 1.25 ms.
Unloading 43 Unused Serialized files (Serialized files now loaded: 0)
Unloading 5148 unused Assets / (13.5 MB). Loaded Objects now: 6088.
Memory consumption went from 132.4 MB to 118.9 MB.
Total: 7.976459 ms (FindLiveObjects: 0.199375 ms CreateObjectMapping: 0.080416 ms MarkObjects: 6.565625 ms  DeleteObjects: 1.130959 ms)

Prepare: number of updated asset objects reloaded= 0
========================================================================
Received Prepare
Refreshing native plugins compatible for Editor in 1.55 ms, found 2 plugins.
Preloading 1 native plugins for Editor in 1.22 ms.
Unloading 43 Unused Serialized files (Serialized files now loaded: 0)
Unloading 5148 unused Assets / (13.3 MB). Loaded Objects now: 6088.
Memory consumption went from 132.4 MB to 119.1 MB.
Total: 7.719584 ms (FindLiveObjects: 0.197167 ms CreateObjectMapping: 0.086833 ms MarkObjects: 6.330958 ms  DeleteObjects: 1.104375 ms)

Prepare: number of updated asset objects reloaded= 0
========================================================================
Received Prepare
Begin MonoManager ReloadAssembly
[Licensing::Client] Successfully resolved entitlement details
[Licensing::Module] License group:
  Id: F4-85AS-8ZW6-XMRF-425Z-XXXX
  Product: Unity Personal
  Type: ULF
  Expiration: Unlimited
[Licensing::Module] License group:
  Id: 6872810951280-UnityPersXXXX
  Product: Unity Personal
  Type: Assigned
  Expiration: Unlimited
Thread 0x16b737000 may have been prematurely finalized
Symbol file LoadedFromMemory is not a mono symbol file
Symbol file LoadedFromMemory is not a mono symbol file
- Loaded All Assemblies, in  0.313 seconds
Refreshing native plugins compatible for Editor in 1.41 ms, found 2 plugins.
Native extension for OSXStandalone target not found
Native extension for WebGL target not found
Refreshing native plugins compatible for Editor in 1.50 ms, found 2 plugins.
[Package Manager] Failed to launch server process. Reason: Unity was launched with the -noUpm command-line argument
[Package Manager] Unable to send message (not connected to server process).
[Package Manager] Cannot connect to Unity Package Manager local server
ScheduleIndexationOnStartup MainProcess:False IndexOnStartup:True
Mono: successfully reloaded assembly
- Finished resetting the current domain, in  0.414 seconds
Domain Reload Profiling: 730ms
	BeginReloadAssembly (74ms)
		ExecutionOrderSort (0ms)
		DisableScriptedObjects (3ms)
		BackupInstance (0ms)
		ReleaseScriptingObjects (0ms)
		CreateAndSetChildDomain (23ms)
	RebuildCommonClasses (15ms)
	RebuildNativeTypeToScriptingClass (6ms)
	initialDomainReloadingComplete (10ms)
	LoadAllAssembliesAndSetupDomain (209ms)
		LoadAssemblies (160ms)
		RebuildTransferFunctionScriptingTraits (0ms)
		AnalyzeDomain (71ms)
			TypeCache.Refresh (7ms)
				TypeCache.ScanAssembly (0ms)
			BuildScriptInfoCaches (60ms)
			ResolveRequiredComponents (1ms)
	FinalizeReload (414ms)
		ReleaseScriptCaches (0ms)
		RebuildScriptCaches (0ms)
		SetupLoadedEditorAssemblies (363ms)
			LogAssemblyErrors (0ms)
			InitializePlatformSupportModulesInManaged (1ms)
			SetLoadedEditorAssemblies (2ms)
			BeforeProcessingInitializeOnLoad (84ms)
			ProcessInitializeOnLoadAttributes (174ms)
			ProcessInitializeOnLoadMethodAttributes (101ms)
			AfterProcessingInitializeOnLoad (1ms)
			EditorAssembliesLoaded (0ms)
		ExecutionOrderSort2 (0ms)
		AwakeInstancesAfterBackupRestoration (1ms)
Refreshing native plugins compatible for Editor in 1.41 ms, found 2 plugins.
Preloading 1 native plugins for Editor in 1.19 ms.
Unloading 43 Unused Serialized files (Serialized files now loaded: 0)
Unloading 5193 unused Assets / (13.3 MB). Loaded Objects now: 6092.
Memory consumption went from 145.6 MB to 132.2 MB.
Total: 8.051125 ms (FindLiveObjects: 0.195083 ms CreateObjectMapping: 0.080125 ms MarkObjects: 6.625625 ms  DeleteObjects: 1.149917 ms)

Prepare: number of updated asset objects reloaded= 0
========================================================================
Received Prepare
Refreshing native plugins compatible for Editor in 1.25 ms, found 2 plugins.
Preloading 1 native plugins for Editor in 1.24 ms.
Unloading 43 Unused Serialized files (Serialized files now loaded: 0)
Unloading 5148 unused Assets / (13.7 MB). Loaded Objects now: 6092.
Memory consumption went from 132.4 MB to 118.8 MB.
Total: 7.826375 ms (FindLiveObjects: 0.188458 ms CreateObjectMapping: 0.085167 ms MarkObjects: 6.349250 ms  DeleteObjects: 1.203375 ms)

Prepare: number of updated asset objects reloaded= 0
========================================================================
Received Prepare
Begin MonoManager ReloadAssembly
Thread 0x16b737000 may have been prematurely finalized
Symbol file LoadedFromMemory is not a mono symbol file
Symbol file LoadedFromMemory is not a mono symbol file
- Loaded All Assemblies, in  0.331 seconds
Refreshing native plugins compatible for Editor in 1.42 ms, found 2 plugins.
Native extension for OSXStandalone target not found
Native extension for WebGL target not found
Refreshing native plugins compatible for Editor in 1.25 ms, found 2 plugins.
[Package Manager] Failed to launch server process. Reason: Unity was launched with the -noUpm command-line argument
[Package Manager] Unable to send message (not connected to server process).
[Package Manager] Cannot connect to Unity Package Manager local server
ScheduleIndexationOnStartup MainProcess:False IndexOnStartup:True
Mono: successfully reloaded assembly
- Finished resetting the current domain, in  0.421 seconds
Domain Reload Profiling: 753ms
	BeginReloadAssembly (74ms)
		ExecutionOrderSort (0ms)
		DisableScriptedObjects (3ms)
		BackupInstance (0ms)
		ReleaseScriptingObjects (0ms)
		CreateAndSetChildDomain (24ms)
	RebuildCommonClasses (16ms)
	RebuildNativeTypeToScriptingClass (6ms)
	initialDomainReloadingComplete (10ms)
	LoadAllAssembliesAndSetupDomain (226ms)
		LoadAssemblies (179ms)
		RebuildTransferFunctionScriptingTraits (0ms)
		AnalyzeDomain (69ms)
			TypeCache.Refresh (7ms)
				TypeCache.ScanAssembly (0ms)
			BuildScriptInfoCaches (58ms)
			ResolveRequiredComponents (1ms)
	FinalizeReload (421ms)
		ReleaseScriptCaches (0ms)
		RebuildScriptCaches (0ms)
		SetupLoadedEditorAssemblies (369ms)
			LogAssemblyErrors (0ms)
			InitializePlatformSupportModulesInManaged (1ms)
			SetLoadedEditorAssemblies (2ms)
			BeforeProcessingInitializeOnLoad (86ms)
			ProcessInitializeOnLoadAttributes (179ms)
			ProcessInitializeOnLoadMethodAttributes (101ms)
			AfterProcessingInitializeOnLoad (0ms)
			EditorAssembliesLoaded (0ms)
		ExecutionOrderSort2 (0ms)
		AwakeInstancesAfterBackupRestoration (1ms)
Refreshing native plugins compatible for Editor in 1.51 ms, found 2 plugins.
Preloading 1 native plugins for Editor in 1.23 ms.
Unloading 43 Unused Serialized files (Serialized files now loaded: 0)
Unloading 5193 unused Assets / (13.9 MB). Loaded Objects now: 6096.
Memory consumption went from 145.6 MB to 131.7 MB.
Total: 7.662917 ms (FindLiveObjects: 0.205917 ms CreateObjectMapping: 0.076333 ms MarkObjects: 6.153792 ms  DeleteObjects: 1.226375 ms)

Prepare: number of updated asset objects reloaded= 0
========================================================================
Received Prepare
Begin MonoManager ReloadAssembly
Thread 0x16b737000 may have been prematurely finalized
Symbol file LoadedFromMemory is not a mono symbol file
Symbol file LoadedFromMemory is not a mono symbol file
- Loaded All Assemblies, in  0.300 seconds
Refreshing native plugins compatible for Editor in 1.57 ms, found 2 plugins.
Native extension for OSXStandalone target not found
Native extension for WebGL target not found
Refreshing native plugins compatible for Editor in 2.16 ms, found 2 plugins.
[Package Manager] Failed to launch server process. Reason: Unity was launched with the -noUpm command-line argument
[Package Manager] Unable to send message (not connected to server process).
[Package Manager] Cannot connect to Unity Package Manager local server
ScheduleIndexationOnStartup MainProcess:False IndexOnStartup:True
Mono: successfully reloaded assembly
- Finished resetting the current domain, in  0.452 seconds
Domain Reload Profiling: 753ms
	BeginReloadAssembly (71ms)
		ExecutionOrderSort (0ms)
		DisableScriptedObjects (3ms)
		BackupInstance (0ms)
		ReleaseScriptingObjects (0ms)
		CreateAndSetChildDomain (21ms)
	RebuildCommonClasses (15ms)
	RebuildNativeTypeToScriptingClass (6ms)
	initialDomainReloadingComplete (11ms)
	LoadAllAssembliesAndSetupDomain (198ms)
		LoadAssemblies (155ms)
		RebuildTransferFunctionScriptingTraits (0ms)
		AnalyzeDomain (65ms)
			TypeCache.Refresh (4ms)
				TypeCache.ScanAssembly (0ms)
			BuildScriptInfoCaches (58ms)
			ResolveRequiredComponents (1ms)
	FinalizeReload (452ms)
		ReleaseScriptCaches (0ms)
		RebuildScriptCaches (0ms)
		SetupLoadedEditorAssemblies (400ms)
			LogAssemblyErrors (0ms)
			InitializePlatformSupportModulesInManaged (1ms)
			SetLoadedEditorAssemblies (2ms)
			BeforeProcessingInitializeOnLoad (97ms)
			ProcessInitializeOnLoadAttributes (189ms)
			ProcessInitializeOnLoadMethodAttributes (110ms)
			AfterProcessingInitializeOnLoad (1ms)
			EditorAssembliesLoaded (0ms)
		ExecutionOrderSort2 (0ms)
		AwakeInstancesAfterBackupRestoration (2ms)
Refreshing native plugins compatible for Editor in 1.82 ms, found 2 plugins.
Preloading 1 native plugins for Editor in 1.26 ms.
Unloading 43 Unused Serialized files (Serialized files now loaded: 0)
Unloading 5193 unused Assets / (12.6 MB). Loaded Objects now: 6100.
Memory consumption went from 145.6 MB to 133.0 MB.
Total: 8.469417 ms (FindLiveObjects: 0.219667 ms CreateObjectMapping: 0.087416 ms MarkObjects: 6.703875 ms  DeleteObjects: 1.458125 ms)

Prepare: number of updated asset objects reloaded= 0
========================================================================
Received Prepare
Begin MonoManager ReloadAssembly
Thread 0x16b737000 may have been prematurely finalized
Symbol file LoadedFromMemory is not a mono symbol file
Symbol file LoadedFromMemory is not a mono symbol file
- Loaded All Assemblies, in  0.301 seconds
Refreshing native plugins compatible for Editor in 1.80 ms, found 2 plugins.
Native extension for OSXStandalone target not found
Native extension for WebGL target not found
Refreshing native plugins compatible for Editor in 2.07 ms, found 2 plugins.
[Package Manager] Failed to launch server process. Reason: Unity was launched with the -noUpm command-line argument
[Package Manager] Unable to send message (not connected to server process).
[Package Manager] Cannot connect to Unity Package Manager local server
ScheduleIndexationOnStartup MainProcess:False IndexOnStartup:True
Mono: successfully reloaded assembly
- Finished resetting the current domain, in  0.454 seconds
Domain Reload Profiling: 757ms
	BeginReloadAssembly (74ms)
		ExecutionOrderSort (0ms)
		DisableScriptedObjects (3ms)
		BackupInstance (0ms)
		ReleaseScriptingObjects (0ms)
		CreateAndSetChildDomain (24ms)
	RebuildCommonClasses (16ms)
	RebuildNativeTypeToScriptingClass (6ms)
	initialDomainReloadingComplete (11ms)
	LoadAllAssembliesAndSetupDomain (196ms)
		LoadAssemblies (152ms)
		RebuildTransferFunctionScriptingTraits (0ms)
		AnalyzeDomain (66ms)
			TypeCache.Refresh (5ms)
				TypeCache.ScanAssembly (0ms)
			BuildScriptInfoCaches (58ms)
			ResolveRequiredComponents (1ms)
	FinalizeReload (454ms)
		ReleaseScriptCaches (0ms)
		RebuildScriptCaches (0ms)
		SetupLoadedEditorAssemblies (401ms)
			LogAssemblyErrors (0ms)
			InitializePlatformSupportModulesInManaged (1ms)
			SetLoadedEditorAssemblies (2ms)
			BeforeProcessingInitializeOnLoad (96ms)
			ProcessInitializeOnLoadAttributes (190ms)
			ProcessInitializeOnLoadMethodAttributes (111ms)
			AfterProcessingInitializeOnLoad (1ms)
			EditorAssembliesLoaded (0ms)
		ExecutionOrderSort2 (0ms)
		AwakeInstancesAfterBackupRestoration (2ms)
Refreshing native plugins compatible for Editor in 1.70 ms, found 2 plugins.
Preloading 1 native plugins for Editor in 1.27 ms.
Unloading 43 Unused Serialized files (Serialized files now loaded: 0)
Unloading 5193 unused Assets / (12.7 MB). Loaded Objects now: 6104.
Memory consumption went from 145.6 MB to 132.9 MB.
Total: 8.540500 ms (FindLiveObjects: 0.236541 ms CreateObjectMapping: 0.088584 ms MarkObjects: 6.881334 ms  DeleteObjects: 1.333167 ms)

Prepare: number of updated asset objects reloaded= 0
========================================================================
Received Prepare
Begin MonoManager ReloadAssembly
[Licensing::Client] Successfully resolved entitlement details
[Licensing::Module] License group:
  Id: F4-85AS-8ZW6-XMRF-425Z-XXXX
  Product: Unity Personal
  Type: ULF
  Expiration: Unlimited
[Licensing::Module] License group:
  Id: 6872810951280-UnityPersXXXX
  Product: Unity Personal
  Type: Assigned
  Expiration: Unlimited
Thread 0x16b737000 may have been prematurely finalized
Symbol file LoadedFromMemory is not a mono symbol file
Symbol file LoadedFromMemory is not a mono symbol file
- Loaded All Assemblies, in  0.311 seconds
Refreshing native plugins compatible for Editor in 1.06 ms, found 2 plugins.
Native extension for OSXStandalone target not found
Native extension for WebGL target not found
Refreshing native plugins compatible for Editor in 2.19 ms, found 2 plugins.
[Package Manager] Failed to launch server process. Reason: Unity was launched with the -noUpm command-line argument
[Package Manager] Unable to send message (not connected to server process).
[Package Manager] Cannot connect to Unity Package Manager local server
ScheduleIndexationOnStartup MainProcess:False IndexOnStartup:True
Mono: successfully reloaded assembly
- Finished resetting the current domain, in  0.448 seconds
Domain Reload Profiling: 761ms
	BeginReloadAssembly (73ms)
		ExecutionOrderSort (0ms)
		DisableScriptedObjects (3ms)
		BackupInstance (0ms)
		ReleaseScriptingObjects (0ms)
		CreateAndSetChildDomain (22ms)
	RebuildCommonClasses (15ms)
	RebuildNativeTypeToScriptingClass (6ms)
	initialDomainReloadingComplete (11ms)
	LoadAllAssembliesAndSetupDomain (207ms)
		LoadAssemblies (157ms)
		RebuildTransferFunctionScriptingTraits (0ms)
		AnalyzeDomain (72ms)
			TypeCache.Refresh (5ms)
				TypeCache.ScanAssembly (0ms)
			BuildScriptInfoCaches (63ms)
			ResolveRequiredComponents (1ms)
	FinalizeReload (449ms)
		ReleaseScriptCaches (0ms)
		RebuildScriptCaches (0ms)
		SetupLoadedEditorAssemblies (395ms)
			LogAssemblyErrors (0ms)
			InitializePlatformSupportModulesInManaged (1ms)
			SetLoadedEditorAssemblies (2ms)
			BeforeProcessingInitializeOnLoad (92ms)
			ProcessInitializeOnLoadAttributes (188ms)
			ProcessInitializeOnLoadMethodAttributes (110ms)
			AfterProcessingInitializeOnLoad (1ms)
			EditorAssembliesLoaded (0ms)
		ExecutionOrderSort2 (0ms)
		AwakeInstancesAfterBackupRestoration (1ms)
Refreshing native plugins compatible for Editor in 1.74 ms, found 2 plugins.
Preloading 1 native plugins for Editor in 1.38 ms.
Unloading 43 Unused Serialized files (Serialized files now loaded: 0)
Unloading 5193 unused Assets / (12.7 MB). Loaded Objects now: 6108.
Memory consumption went from 145.6 MB to 133.0 MB.
Total: 8.357417 ms (FindLiveObjects: 0.222708 ms CreateObjectMapping: 0.086625 ms MarkObjects: 6.727625 ms  DeleteObjects: 1.320167 ms)

Prepare: number of updated asset objects reloaded= 0
========================================================================
Received Prepare
Refreshing native plugins compatible for Editor in 1.24 ms, found 2 plugins.
Preloading 1 native plugins for Editor in 1.20 ms.
Unloading 43 Unused Serialized files (Serialized files now loaded: 0)
Unloading 5148 unused Assets / (13.8 MB). Loaded Objects now: 6108.
Memory consumption went from 132.5 MB to 118.7 MB.
Total: 7.676250 ms (FindLiveObjects: 0.197791 ms CreateObjectMapping: 0.087042 ms MarkObjects: 6.211250 ms  DeleteObjects: 1.179875 ms)

Prepare: number of updated asset objects reloaded= 0
========================================================================
Received Prepare
Begin MonoManager ReloadAssembly
[Licensing::Client] Successfully resolved entitlement details
[Licensing::Module] License group:
  Id: F4-85AS-8ZW6-XMRF-425Z-XXXX
  Product: Unity Personal
  Type: ULF
  Expiration: Unlimited
[Licensing::Module] License group:
  Id: 6872810951280-UnityPersXXXX
  Product: Unity Personal
  Type: Assigned
  Expiration: Unlimited
Thread 0x16b737000 may have been prematurely finalized
Symbol file LoadedFromMemory is not a mono symbol file
Symbol file LoadedFromMemory is not a mono symbol file
- Loaded All Assemblies, in  0.376 seconds
Refreshing native plugins compatible for Editor in 1.14 ms, found 2 plugins.
Native extension for OSXStandalone target not found
Native extension for WebGL target not found
Refreshing native plugins compatible for Editor in 1.48 ms, found 2 plugins.
[Package Manager] Failed to launch server process. Reason: Unity was launched with the -noUpm command-line argument
[Package Manager] Unable to send message (not connected to server process).
[Package Manager] Cannot connect to Unity Package Manager local server
ScheduleIndexationOnStartup MainProcess:False IndexOnStartup:True
Mono: successfully reloaded assembly
- Finished resetting the current domain, in  0.420 seconds
Domain Reload Profiling: 797ms
	BeginReloadAssembly (76ms)
		ExecutionOrderSort (0ms)
		DisableScriptedObjects (3ms)
		BackupInstance (0ms)
		ReleaseScriptingObjects (0ms)
		CreateAndSetChildDomain (22ms)
	RebuildCommonClasses (16ms)
	RebuildNativeTypeToScriptingClass (6ms)
	initialDomainReloadingComplete (11ms)
	LoadAllAssembliesAndSetupDomain (268ms)
		LoadAssemblies (219ms)
		RebuildTransferFunctionScriptingTraits (0ms)
		AnalyzeDomain (73ms)
			TypeCache.Refresh (7ms)
				TypeCache.ScanAssembly (0ms)
			BuildScriptInfoCaches (63ms)
			ResolveRequiredComponents (1ms)
	FinalizeReload (420ms)
		ReleaseScriptCaches (0ms)
		RebuildScriptCaches (0ms)
		SetupLoadedEditorAssemblies (368ms)
			LogAssemblyErrors (0ms)
			InitializePlatformSupportModulesInManaged (1ms)
			SetLoadedEditorAssemblies (2ms)
			BeforeProcessingInitializeOnLoad (90ms)
			ProcessInitializeOnLoadAttributes (176ms)
			ProcessInitializeOnLoadMethodAttributes (100ms)
			AfterProcessingInitializeOnLoad (0ms)
			EditorAssembliesLoaded (0ms)
		ExecutionOrderSort2 (0ms)
		AwakeInstancesAfterBackupRestoration (1ms)
Refreshing native plugins compatible for Editor in 1.50 ms, found 2 plugins.
Preloading 1 native plugins for Editor in 1.21 ms.
Unloading 43 Unused Serialized files (Serialized files now loaded: 0)
Unloading 5193 unused Assets / (13.7 MB). Loaded Objects now: 6112.
Memory consumption went from 145.6 MB to 131.9 MB.
Total: 7.755958 ms (FindLiveObjects: 0.200334 ms CreateObjectMapping: 0.083375 ms MarkObjects: 6.216083 ms  DeleteObjects: 1.256083 ms)

Prepare: number of updated asset objects reloaded= 0
========================================================================
Received Prepare
Begin MonoManager ReloadAssembly
Thread 0x16b737000 may have been prematurely finalized
Symbol file LoadedFromMemory is not a mono symbol file
Symbol file LoadedFromMemory is not a mono symbol file
- Loaded All Assemblies, in  0.332 seconds
Refreshing native plugins compatible for Editor in 1.13 ms, found 2 plugins.
Native extension for OSXStandalone target not found
Native extension for WebGL target not found
Refreshing native plugins compatible for Editor in 1.27 ms, found 2 plugins.
[Package Manager] Failed to launch server process. Reason: Unity was launched with the -noUpm command-line argument
[Package Manager] Unable to send message (not connected to server process).
[Package Manager] Cannot connect to Unity Package Manager local server
ScheduleIndexationOnStartup MainProcess:False IndexOnStartup:True
Mono: successfully reloaded assembly
- Finished resetting the current domain, in  0.463 seconds
Domain Reload Profiling: 796ms
	BeginReloadAssembly (71ms)
		ExecutionOrderSort (0ms)
		DisableScriptedObjects (3ms)
		BackupInstance (0ms)
		ReleaseScriptingObjects (0ms)
		CreateAndSetChildDomain (22ms)
	RebuildCommonClasses (15ms)
	RebuildNativeTypeToScriptingClass (6ms)
	initialDomainReloadingComplete (11ms)
	LoadAllAssembliesAndSetupDomain (230ms)
		LoadAssemblies (183ms)
		RebuildTransferFunctionScriptingTraits (0ms)
		AnalyzeDomain (68ms)
			TypeCache.Refresh (6ms)
				TypeCache.ScanAssembly (0ms)
			BuildScriptInfoCaches (59ms)
			ResolveRequiredComponents (1ms)
	FinalizeReload (463ms)
		ReleaseScriptCaches (0ms)
		RebuildScriptCaches (0ms)
		SetupLoadedEditorAssemblies (408ms)
			LogAssemblyErrors (0ms)
			InitializePlatformSupportModulesInManaged (1ms)
			SetLoadedEditorAssemblies (2ms)
			BeforeProcessingInitializeOnLoad (96ms)
			ProcessInitializeOnLoadAttributes (194ms)
			ProcessInitializeOnLoadMethodAttributes (115ms)
			AfterProcessingInitializeOnLoad (1ms)
			EditorAssembliesLoaded (0ms)
		ExecutionOrderSort2 (0ms)
		AwakeInstancesAfterBackupRestoration (2ms)
Refreshing native plugins compatible for Editor in 1.22 ms, found 2 plugins.
Preloading 1 native plugins for Editor in 1.36 ms.
Unloading 43 Unused Serialized files (Serialized files now loaded: 0)
Unloading 5193 unused Assets / (12.9 MB). Loaded Objects now: 6116.
Memory consumption went from 145.6 MB to 132.7 MB.
Total: 8.402459 ms (FindLiveObjects: 0.208416 ms CreateObjectMapping: 0.110042 ms MarkObjects: 6.880541 ms  DeleteObjects: 1.202875 ms)

Prepare: number of updated asset objects reloaded= 0
========================================================================
Received Import Request.
  Time since last request: 26292.720100 seconds.
  path: Assets/Prefabs/AIPlayer.prefab
  artifactKey: Guid(4f84fb7cbaaef4a4fb7a80af80df250b) Importer(815301076,1909f56bfc062723c751e8b465ee728b)
Start importing Assets/Prefabs/AIPlayer.prefab using Guid(4f84fb7cbaaef4a4fb7a80af80df250b) Importer(815301076,1909f56bfc062723c751e8b465ee728b) (PreviewImporter) -> (artifact id: 'a0822f7cbdfc77ac5b98cdc67fb91332') in 0.01139075 seconds
Number of updated asset objects reloaded before import = 0Number of asset objects unloaded after import = 6

========================================================================
Received Prepare
Begin MonoManager ReloadAssembly
[Licensing::Client] Successfully resolved entitlement details
[Licensing::Module] License group:
  Id: F4-85AS-8ZW6-XMRF-425Z-XXXX
  Product: Unity Personal
  Type: ULF
  Expiration: Unlimited
[Licensing::Module] License group:
  Id: 6872810951280-UnityPersXXXX
  Product: Unity Personal
  Type: Assigned
  Expiration: Unlimited
Thread 0x16b737000 may have been prematurely finalized
Symbol file LoadedFromMemory is not a mono symbol file
Symbol file LoadedFromMemory is not a mono symbol file
- Loaded All Assemblies, in  0.345 seconds
Refreshing native plugins compatible for Editor in 1.34 ms, found 2 plugins.
Native extension for OSXStandalone target not found
Native extension for WebGL target not found
Refreshing native plugins compatible for Editor in 1.07 ms, found 2 plugins.
[Package Manager] Failed to launch server process. Reason: Unity was launched with the -noUpm command-line argument
[Package Manager] Unable to send message (not connected to server process).
[Package Manager] Cannot connect to Unity Package Manager local server
ScheduleIndexationOnStartup MainProcess:False IndexOnStartup:True
Mono: successfully reloaded assembly
- Finished resetting the current domain, in  0.444 seconds
Domain Reload Profiling: 790ms
	BeginReloadAssembly (82ms)
		ExecutionOrderSort (0ms)
		DisableScriptedObjects (3ms)
		BackupInstance (0ms)
		ReleaseScriptingObjects (0ms)
		CreateAndSetChildDomain (28ms)
	RebuildCommonClasses (16ms)
	RebuildNativeTypeToScriptingClass (6ms)
	initialDomainReloadingComplete (11ms)
	LoadAllAssembliesAndSetupDomain (231ms)
		LoadAssemblies (183ms)
		RebuildTransferFunctionScriptingTraits (0ms)
		AnalyzeDomain (70ms)
			TypeCache.Refresh (6ms)
				TypeCache.ScanAssembly (0ms)
			BuildScriptInfoCaches (61ms)
			ResolveRequiredComponents (1ms)
	FinalizeReload (444ms)
		ReleaseScriptCaches (0ms)
		RebuildScriptCaches (0ms)
		SetupLoadedEditorAssemblies (391ms)
			LogAssemblyErrors (0ms)
			InitializePlatformSupportModulesInManaged (1ms)
			SetLoadedEditorAssemblies (2ms)
			BeforeProcessingInitializeOnLoad (99ms)
			ProcessInitializeOnLoadAttributes (180ms)
			ProcessInitializeOnLoadMethodAttributes (108ms)
			AfterProcessingInitializeOnLoad (1ms)
			EditorAssembliesLoaded (0ms)
		ExecutionOrderSort2 (0ms)
		AwakeInstancesAfterBackupRestoration (1ms)
Refreshing native plugins compatible for Editor in 1.57 ms, found 2 plugins.
Preloading 1 native plugins for Editor in 1.26 ms.
Unloading 43 Unused Serialized files (Serialized files now loaded: 0)
Unloading 5193 unused Assets / (12.7 MB). Loaded Objects now: 6120.
Memory consumption went from 145.6 MB to 133.0 MB.
Total: 8.596666 ms (FindLiveObjects: 0.212083 ms CreateObjectMapping: 0.086084 ms MarkObjects: 7.103125 ms  DeleteObjects: 1.194959 ms)

Prepare: number of updated asset objects reloaded= 0
========================================================================
Received Prepare
Refreshing native plugins compatible for Editor in 1.56 ms, found 2 plugins.
Preloading 1 native plugins for Editor in 1.29 ms.
Unloading 43 Unused Serialized files (Serialized files now loaded: 0)
Unloading 5148 unused Assets / (13.1 MB). Loaded Objects now: 6120.
Memory consumption went from 132.5 MB to 119.4 MB.
Total: 17.547125 ms (FindLiveObjects: 0.280792 ms CreateObjectMapping: 0.136625 ms MarkObjects: 15.688708 ms  DeleteObjects: 1.440791 ms)

Prepare: number of updated asset objects reloaded= 0
========================================================================
Received Prepare
Refreshing native plugins compatible for Editor in 1.51 ms, found 2 plugins.
Preloading 1 native plugins for Editor in 1.18 ms.
Unloading 43 Unused Serialized files (Serialized files now loaded: 0)
Unloading 5148 unused Assets / (13.4 MB). Loaded Objects now: 6120.
Memory consumption went from 132.5 MB to 119.1 MB.
Total: 7.522292 ms (FindLiveObjects: 0.202958 ms CreateObjectMapping: 0.074167 ms MarkObjects: 6.159000 ms  DeleteObjects: 1.085875 ms)

Prepare: number of updated asset objects reloaded= 0
========================================================================
Received Prepare
Begin MonoManager ReloadAssembly
[Licensing::Client] Successfully resolved entitlement details
[Licensing::Module] License group:
  Id: F4-85AS-8ZW6-XMRF-425Z-XXXX
  Product: Unity Personal
  Type: ULF
  Expiration: Unlimited
[Licensing::Module] License group:
  Id: 6872810951280-UnityPersXXXX
  Product: Unity Personal
  Type: Assigned
  Expiration: Unlimited
Thread 0x16b737000 may have been prematurely finalized
Symbol file LoadedFromMemory is not a mono symbol file
Symbol file LoadedFromMemory is not a mono symbol file
- Loaded All Assemblies, in  0.389 seconds
Refreshing native plugins compatible for Editor in 1.70 ms, found 2 plugins.
Native extension for OSXStandalone target not found
Native extension for WebGL target not found
Refreshing native plugins compatible for Editor in 1.24 ms, found 2 plugins.
[Package Manager] Failed to launch server process. Reason: Unity was launched with the -noUpm command-line argument
[Package Manager] Unable to send message (not connected to server process).
[Package Manager] Cannot connect to Unity Package Manager local server
ScheduleIndexationOnStartup MainProcess:False IndexOnStartup:True
Mono: successfully reloaded assembly
- Finished resetting the current domain, in  0.416 seconds
Domain Reload Profiling: 806ms
	BeginReloadAssembly (106ms)
		ExecutionOrderSort (0ms)
		DisableScriptedObjects (4ms)
		BackupInstance (0ms)
		ReleaseScriptingObjects (0ms)
		CreateAndSetChildDomain (36ms)
	RebuildCommonClasses (16ms)
	RebuildNativeTypeToScriptingClass (6ms)
	initialDomainReloadingComplete (14ms)
	LoadAllAssembliesAndSetupDomain (249ms)
		LoadAssemblies (214ms)
		RebuildTransferFunctionScriptingTraits (0ms)
		AnalyzeDomain (70ms)
			TypeCache.Refresh (7ms)
				TypeCache.ScanAssembly (0ms)
			BuildScriptInfoCaches (60ms)
			ResolveRequiredComponents (1ms)
	FinalizeReload (416ms)
		ReleaseScriptCaches (0ms)
		RebuildScriptCaches (0ms)
		SetupLoadedEditorAssemblies (365ms)
			LogAssemblyErrors (0ms)
			InitializePlatformSupportModulesInManaged (1ms)
			SetLoadedEditorAssemblies (2ms)
			BeforeProcessingInitializeOnLoad (88ms)
			ProcessInitializeOnLoadAttributes (167ms)
			ProcessInitializeOnLoadMethodAttributes (106ms)
			AfterProcessingInitializeOnLoad (0ms)
			EditorAssembliesLoaded (0ms)
		ExecutionOrderSort2 (0ms)
		AwakeInstancesAfterBackupRestoration (2ms)
Refreshing native plugins compatible for Editor in 0.96 ms, found 2 plugins.
Preloading 1 native plugins for Editor in 1.17 ms.
Unloading 43 Unused Serialized files (Serialized files now loaded: 0)
Unloading 5193 unused Assets / (13.7 MB). Loaded Objects now: 6124.
Memory consumption went from 145.5 MB to 131.9 MB.
Total: 7.651417 ms (FindLiveObjects: 0.182458 ms CreateObjectMapping: 0.092959 ms MarkObjects: 6.297291 ms  DeleteObjects: 1.078417 ms)

Prepare: number of updated asset objects reloaded= 0
========================================================================
Received Prepare
Refreshing native plugins compatible for Editor in 1.24 ms, found 2 plugins.
Preloading 1 native plugins for Editor in 1.23 ms.
Unloading 43 Unused Serialized files (Serialized files now loaded: 0)
Unloading 5148 unused Assets / (13.5 MB). Loaded Objects now: 6124.
Memory consumption went from 132.5 MB to 119.0 MB.
Total: 8.160708 ms (FindLiveObjects: 0.184833 ms CreateObjectMapping: 0.072500 ms MarkObjects: 6.594833 ms  DeleteObjects: 1.308250 ms)

Prepare: number of updated asset objects reloaded= 0
========================================================================
Received Prepare
Begin MonoManager ReloadAssembly
Thread 0x16b737000 may have been prematurely finalized
Symbol file LoadedFromMemory is not a mono symbol file
Symbol file LoadedFromMemory is not a mono symbol file
- Loaded All Assemblies, in  0.310 seconds
Refreshing native plugins compatible for Editor in 1.36 ms, found 2 plugins.
Native extension for OSXStandalone target not found
Native extension for WebGL target not found
Refreshing native plugins compatible for Editor in 1.43 ms, found 2 plugins.
[Package Manager] Failed to launch server process. Reason: Unity was launched with the -noUpm command-line argument
[Package Manager] Unable to send message (not connected to server process).
[Package Manager] Cannot connect to Unity Package Manager local server
ScheduleIndexationOnStartup MainProcess:False IndexOnStartup:True
Mono: successfully reloaded assembly
- Finished resetting the current domain, in  0.417 seconds
Domain Reload Profiling: 728ms
	BeginReloadAssembly (72ms)
		ExecutionOrderSort (0ms)
		DisableScriptedObjects (3ms)
		BackupInstance (0ms)
		ReleaseScriptingObjects (0ms)
		CreateAndSetChildDomain (22ms)
	RebuildCommonClasses (15ms)
	RebuildNativeTypeToScriptingClass (6ms)
	initialDomainReloadingComplete (10ms)
	LoadAllAssembliesAndSetupDomain (207ms)
		LoadAssemblies (155ms)
		RebuildTransferFunctionScriptingTraits (0ms)
		AnalyzeDomain (74ms)
			TypeCache.Refresh (7ms)
				TypeCache.ScanAssembly (0ms)
			BuildScriptInfoCaches (64ms)
			ResolveRequiredComponents (1ms)
	FinalizeReload (417ms)
		ReleaseScriptCaches (0ms)
		RebuildScriptCaches (0ms)
		SetupLoadedEditorAssemblies (367ms)
			LogAssemblyErrors (0ms)
			InitializePlatformSupportModulesInManaged (1ms)
			SetLoadedEditorAssemblies (2ms)
			BeforeProcessingInitializeOnLoad (90ms)
			ProcessInitializeOnLoadAttributes (172ms)
			ProcessInitializeOnLoadMethodAttributes (101ms)
			AfterProcessingInitializeOnLoad (0ms)
			EditorAssembliesLoaded (0ms)
		ExecutionOrderSort2 (0ms)
		AwakeInstancesAfterBackupRestoration (1ms)
Refreshing native plugins compatible for Editor in 1.51 ms, found 2 plugins.
Preloading 1 native plugins for Editor in 1.27 ms.
Unloading 43 Unused Serialized files (Serialized files now loaded: 0)
Unloading 5193 unused Assets / (13.0 MB). Loaded Objects now: 6128.
Memory consumption went from 145.5 MB to 132.5 MB.
Total: 8.061250 ms (FindLiveObjects: 0.211500 ms CreateObjectMapping: 0.084291 ms MarkObjects: 6.601417 ms  DeleteObjects: 1.163875 ms)

Prepare: number of updated asset objects reloaded= 0
========================================================================
Received Prepare
Refreshing native plugins compatible for Editor in 1.51 ms, found 2 plugins.
Preloading 1 native plugins for Editor in 1.23 ms.
Unloading 43 Unused Serialized files (Serialized files now loaded: 0)
Unloading 5148 unused Assets / (13.6 MB). Loaded Objects now: 6128.
Memory consumption went from 132.5 MB to 118.9 MB.
Total: 9.802166 ms (FindLiveObjects: 0.239666 ms CreateObjectMapping: 0.085625 ms MarkObjects: 8.151417 ms  DeleteObjects: 1.325333 ms)

Prepare: number of updated asset objects reloaded= 0
========================================================================
Received Prepare
Begin MonoManager ReloadAssembly
[Licensing::Client] Successfully resolved entitlement details
[Licensing::Module] License group:
  Id: F4-85AS-8ZW6-XMRF-425Z-XXXX
  Product: Unity Personal
  Type: ULF
  Expiration: Unlimited
[Licensing::Module] License group:
  Id: 6872810951280-UnityPersXXXX
  Product: Unity Personal
  Type: Assigned
  Expiration: Unlimited
Thread 0x16b737000 may have been prematurely finalized
Symbol file LoadedFromMemory is not a mono symbol file
Symbol file LoadedFromMemory is not a mono symbol file
- Loaded All Assemblies, in  0.334 seconds
Refreshing native plugins compatible for Editor in 1.09 ms, found 2 plugins.
Native extension for OSXStandalone target not found
Native extension for WebGL target not found
Refreshing native plugins compatible for Editor in 1.27 ms, found 2 plugins.
[Package Manager] Failed to launch server process. Reason: Unity was launched with the -noUpm command-line argument
[Package Manager] Unable to send message (not connected to server process).
[Package Manager] Cannot connect to Unity Package Manager local server
ScheduleIndexationOnStartup MainProcess:False IndexOnStartup:True
Mono: successfully reloaded assembly
- Finished resetting the current domain, in  0.414 seconds
Domain Reload Profiling: 750ms
	BeginReloadAssembly (77ms)
		ExecutionOrderSort (0ms)
		DisableScriptedObjects (6ms)
		BackupInstance (0ms)
		ReleaseScriptingObjects (0ms)
		CreateAndSetChildDomain (23ms)
	RebuildCommonClasses (15ms)
	RebuildNativeTypeToScriptingClass (6ms)
	initialDomainReloadingComplete (10ms)
	LoadAllAssembliesAndSetupDomain (228ms)
		LoadAssemblies (181ms)
		RebuildTransferFunctionScriptingTraits (0ms)
		AnalyzeDomain (67ms)
			TypeCache.Refresh (7ms)
				TypeCache.ScanAssembly (0ms)
			BuildScriptInfoCaches (57ms)
			ResolveRequiredComponents (1ms)
	FinalizeReload (414ms)
		ReleaseScriptCaches (0ms)
		RebuildScriptCaches (0ms)
		SetupLoadedEditorAssemblies (360ms)
			LogAssemblyErrors (0ms)
			InitializePlatformSupportModulesInManaged (1ms)
			SetLoadedEditorAssemblies (2ms)
			BeforeProcessingInitializeOnLoad (89ms)
			ProcessInitializeOnLoadAttributes (167ms)
			ProcessInitializeOnLoadMethodAttributes (101ms)
			AfterProcessingInitializeOnLoad (1ms)
			EditorAssembliesLoaded (0ms)
		ExecutionOrderSort2 (0ms)
		AwakeInstancesAfterBackupRestoration (1ms)
Refreshing native plugins compatible for Editor in 1.49 ms, found 2 plugins.
Preloading 1 native plugins for Editor in 1.17 ms.
Unloading 43 Unused Serialized files (Serialized files now loaded: 0)
Unloading 5193 unused Assets / (13.7 MB). Loaded Objects now: 6132.
Memory consumption went from 145.5 MB to 131.9 MB.
Total: 7.414417 ms (FindLiveObjects: 0.192875 ms CreateObjectMapping: 0.074792 ms MarkObjects: 5.990041 ms  DeleteObjects: 1.156584 ms)

Prepare: number of updated asset objects reloaded= 0
========================================================================
Received Prepare
Refreshing native plugins compatible for Editor in 1.48 ms, found 2 plugins.
Preloading 1 native plugins for Editor in 1.21 ms.
Unloading 43 Unused Serialized files (Serialized files now loaded: 0)
Unloading 5148 unused Assets / (13.7 MB). Loaded Objects now: 6132.
Memory consumption went from 132.5 MB to 118.9 MB.
Total: 7.526125 ms (FindLiveObjects: 0.196417 ms CreateObjectMapping: 0.072333 ms MarkObjects: 6.095583 ms  DeleteObjects: 1.161667 ms)

Prepare: number of updated asset objects reloaded= 0
========================================================================
Received Prepare
Begin MonoManager ReloadAssembly
Thread 0x16b737000 may have been prematurely finalized
Symbol file LoadedFromMemory is not a mono symbol file
Symbol file LoadedFromMemory is not a mono symbol file
- Loaded All Assemblies, in  0.322 seconds
Refreshing native plugins compatible for Editor in 1.26 ms, found 2 plugins.
Native extension for OSXStandalone target not found
Native extension for WebGL target not found
Refreshing native plugins compatible for Editor in 1.06 ms, found 2 plugins.
[Package Manager] Failed to launch server process. Reason: Unity was launched with the -noUpm command-line argument
[Package Manager] Unable to send message (not connected to server process).
[Package Manager] Cannot connect to Unity Package Manager local server
ScheduleIndexationOnStartup MainProcess:False IndexOnStartup:True
Mono: successfully reloaded assembly
- Finished resetting the current domain, in  0.439 seconds
Domain Reload Profiling: 762ms
	BeginReloadAssembly (74ms)
		ExecutionOrderSort (0ms)
		DisableScriptedObjects (3ms)
		BackupInstance (0ms)
		ReleaseScriptingObjects (0ms)
		CreateAndSetChildDomain (22ms)
	RebuildCommonClasses (16ms)
	RebuildNativeTypeToScriptingClass (6ms)
	initialDomainReloadingComplete (10ms)
	LoadAllAssembliesAndSetupDomain (217ms)
		LoadAssemblies (171ms)
		RebuildTransferFunctionScriptingTraits (0ms)
		AnalyzeDomain (70ms)
			TypeCache.Refresh (7ms)
				TypeCache.ScanAssembly (0ms)
			BuildScriptInfoCaches (59ms)
			ResolveRequiredComponents (1ms)
	FinalizeReload (439ms)
		ReleaseScriptCaches (0ms)
		RebuildScriptCaches (0ms)
		SetupLoadedEditorAssemblies (388ms)
			LogAssemblyErrors (0ms)
			InitializePlatformSupportModulesInManaged (1ms)
			SetLoadedEditorAssemblies (2ms)
			BeforeProcessingInitializeOnLoad (91ms)
			ProcessInitializeOnLoadAttributes (193ms)
			ProcessInitializeOnLoadMethodAttributes (101ms)
			AfterProcessingInitializeOnLoad (0ms)
			EditorAssembliesLoaded (0ms)
		ExecutionOrderSort2 (0ms)
		AwakeInstancesAfterBackupRestoration (1ms)
Refreshing native plugins compatible for Editor in 1.21 ms, found 2 plugins.
Preloading 1 native plugins for Editor in 1.23 ms.
Unloading 43 Unused Serialized files (Serialized files now loaded: 0)
Unloading 5193 unused Assets / (11.2 MB). Loaded Objects now: 6136.
Memory consumption went from 145.5 MB to 134.3 MB.
Total: 8.576333 ms (FindLiveObjects: 0.346291 ms CreateObjectMapping: 0.098875 ms MarkObjects: 7.218542 ms  DeleteObjects: 0.912291 ms)

Prepare: number of updated asset objects reloaded= 0
========================================================================
Received Prepare
Refreshing native plugins compatible for Editor in 1.46 ms, found 2 plugins.
Preloading 1 native plugins for Editor in 1.17 ms.
Unloading 43 Unused Serialized files (Serialized files now loaded: 0)
Unloading 5148 unused Assets / (13.9 MB). Loaded Objects now: 6136.
Memory consumption went from 132.5 MB to 118.7 MB.
Total: 7.452625 ms (FindLiveObjects: 0.194917 ms CreateObjectMapping: 0.075750 ms MarkObjects: 5.964291 ms  DeleteObjects: 1.217458 ms)

Prepare: number of updated asset objects reloaded= 0
========================================================================
Received Prepare
Begin MonoManager ReloadAssembly
Thread 0x16b737000 may have been prematurely finalized
Symbol file LoadedFromMemory is not a mono symbol file
Symbol file LoadedFromMemory is not a mono symbol file
- Loaded All Assemblies, in  0.330 seconds
Refreshing native plugins compatible for Editor in 1.27 ms, found 2 plugins.
Native extension for OSXStandalone target not found
Native extension for WebGL target not found
Refreshing native plugins compatible for Editor in 1.22 ms, found 2 plugins.
[Package Manager] Failed to launch server process. Reason: Unity was launched with the -noUpm command-line argument
[Package Manager] Unable to send message (not connected to server process).
[Package Manager] Cannot connect to Unity Package Manager local server
ScheduleIndexationOnStartup MainProcess:False IndexOnStartup:True
Mono: successfully reloaded assembly
- Finished resetting the current domain, in  0.422 seconds
Domain Reload Profiling: 754ms
	BeginReloadAssembly (72ms)
		ExecutionOrderSort (0ms)
		DisableScriptedObjects (3ms)
		BackupInstance (0ms)
		ReleaseScriptingObjects (0ms)
		CreateAndSetChildDomain (22ms)
	RebuildCommonClasses (16ms)
	RebuildNativeTypeToScriptingClass (6ms)
	initialDomainReloadingComplete (11ms)
	LoadAllAssembliesAndSetupDomain (227ms)
		LoadAssemblies (177ms)
		RebuildTransferFunctionScriptingTraits (0ms)
		AnalyzeDomain (72ms)
			TypeCache.Refresh (7ms)
				TypeCache.ScanAssembly (0ms)
			BuildScriptInfoCaches (62ms)
			ResolveRequiredComponents (1ms)
	FinalizeReload (422ms)
		ReleaseScriptCaches (0ms)
		RebuildScriptCaches (0ms)
		SetupLoadedEditorAssemblies (369ms)
			LogAssemblyErrors (0ms)
			InitializePlatformSupportModulesInManaged (1ms)
			SetLoadedEditorAssemblies (2ms)
			BeforeProcessingInitializeOnLoad (91ms)
			ProcessInitializeOnLoadAttributes (173ms)
			ProcessInitializeOnLoadMethodAttributes (102ms)
			AfterProcessingInitializeOnLoad (1ms)
			EditorAssembliesLoaded (0ms)
		ExecutionOrderSort2 (0ms)
		AwakeInstancesAfterBackupRestoration (1ms)
Refreshing native plugins compatible for Editor in 1.57 ms, found 2 plugins.
Preloading 1 native plugins for Editor in 1.22 ms.
Unloading 43 Unused Serialized files (Serialized files now loaded: 0)
Unloading 5193 unused Assets / (14.1 MB). Loaded Objects now: 6140.
Memory consumption went from 145.4 MB to 131.3 MB.
Total: 7.617042 ms (FindLiveObjects: 0.202459 ms CreateObjectMapping: 0.088333 ms MarkObjects: 6.032750 ms  DeleteObjects: 1.293167 ms)

Prepare: number of updated asset objects reloaded= 0
========================================================================
Received Prepare
Begin MonoManager ReloadAssembly
Thread 0x16b737000 may have been prematurely finalized
Symbol file LoadedFromMemory is not a mono symbol file
Symbol file LoadedFromMemory is not a mono symbol file
- Loaded All Assemblies, in  0.318 seconds
Refreshing native plugins compatible for Editor in 1.13 ms, found 2 plugins.
Native extension for OSXStandalone target not found
Native extension for WebGL target not found
Refreshing native plugins compatible for Editor in 1.13 ms, found 2 plugins.
[Package Manager] Failed to launch server process. Reason: Unity was launched with the -noUpm command-line argument
[Package Manager] Unable to send message (not connected to server process).
[Package Manager] Cannot connect to Unity Package Manager local server
ScheduleIndexationOnStartup MainProcess:False IndexOnStartup:True
Mono: successfully reloaded assembly
- Finished resetting the current domain, in  0.449 seconds
Domain Reload Profiling: 769ms
	BeginReloadAssembly (75ms)
		ExecutionOrderSort (0ms)
		DisableScriptedObjects (3ms)
		BackupInstance (0ms)
		ReleaseScriptingObjects (0ms)
		CreateAndSetChildDomain (23ms)
	RebuildCommonClasses (16ms)
	RebuildNativeTypeToScriptingClass (6ms)
	initialDomainReloadingComplete (11ms)
	LoadAllAssembliesAndSetupDomain (212ms)
		LoadAssemblies (171ms)
		RebuildTransferFunctionScriptingTraits (0ms)
		AnalyzeDomain (65ms)
			TypeCache.Refresh (5ms)
				TypeCache.ScanAssembly (0ms)
			BuildScriptInfoCaches (57ms)
			ResolveRequiredComponents (1ms)
	FinalizeReload (449ms)
		ReleaseScriptCaches (0ms)
		RebuildScriptCaches (0ms)
		SetupLoadedEditorAssemblies (394ms)
			LogAssemblyErrors (0ms)
			InitializePlatformSupportModulesInManaged (1ms)
			SetLoadedEditorAssemblies (2ms)
			BeforeProcessingInitializeOnLoad (95ms)
			ProcessInitializeOnLoadAttributes (190ms)
			ProcessInitializeOnLoadMethodAttributes (105ms)
			AfterProcessingInitializeOnLoad (1ms)
			EditorAssembliesLoaded (0ms)
		ExecutionOrderSort2 (0ms)
		AwakeInstancesAfterBackupRestoration (1ms)
Refreshing native plugins compatible for Editor in 1.44 ms, found 2 plugins.
Preloading 1 native plugins for Editor in 1.31 ms.
Unloading 43 Unused Serialized files (Serialized files now loaded: 0)
Unloading 5193 unused Assets / (13.5 MB). Loaded Objects now: 6144.
Memory consumption went from 145.4 MB to 131.9 MB.
Total: 7.944000 ms (FindLiveObjects: 0.197916 ms CreateObjectMapping: 0.087459 ms MarkObjects: 6.523875 ms  DeleteObjects: 1.134542 ms)

Prepare: number of updated asset objects reloaded= 0
========================================================================
Received Import Request.
  Time since last request: 11630.882322 seconds.
  path: Assets/Prefabs/Player1-Stone.prefab
  artifactKey: Guid(21b2e42baf17c594fab50572e63543ae) Importer(815301076,1909f56bfc062723c751e8b465ee728b)
Start importing Assets/Prefabs/Player1-Stone.prefab using Guid(21b2e42baf17c594fab50572e63543ae) Importer(815301076,1909f56bfc062723c751e8b465ee728b) (PreviewImporter) -> (artifact id: 'dfbb1dbd6299b7c0c3ab3bfc314abcce') in 0.030377292 seconds
Number of updated asset objects reloaded before import = 0Number of asset objects unloaded after import = 14

========================================================================
Received Prepare
Begin MonoManager ReloadAssembly
[Licensing::Client] Successfully resolved entitlement details
[Licensing::Module] License group:
  Id: F4-85AS-8ZW6-XMRF-425Z-XXXX
  Product: Unity Personal
  Type: ULF
  Expiration: Unlimited
[Licensing::Module] License group:
  Id: 6872810951280-UnityPersXXXX
  Product: Unity Personal
  Type: Assigned
  Expiration: Unlimited
Thread 0x16b737000 may have been prematurely finalized
Symbol file LoadedFromMemory is not a mono symbol file
Symbol file LoadedFromMemory is not a mono symbol file
- Loaded All Assemblies, in  0.302 seconds
Refreshing native plugins compatible for Editor in 1.29 ms, found 2 plugins.
Native extension for OSXStandalone target not found
Native extension for WebGL target not found
Refreshing native plugins compatible for Editor in 1.16 ms, found 2 plugins.
[Package Manager] Failed to launch server process. Reason: Unity was launched with the -noUpm command-line argument
[Package Manager] Unable to send message (not connected to server process).
[Package Manager] Cannot connect to Unity Package Manager local server
ScheduleIndexationOnStartup MainProcess:False IndexOnStartup:True
Mono: successfully reloaded assembly
- Finished resetting the current domain, in  0.453 seconds
Domain Reload Profiling: 757ms
	BeginReloadAssembly (74ms)
		ExecutionOrderSort (0ms)
		DisableScriptedObjects (3ms)
		BackupInstance (0ms)
		ReleaseScriptingObjects (0ms)
		CreateAndSetChildDomain (23ms)
	RebuildCommonClasses (16ms)
	RebuildNativeTypeToScriptingClass (6ms)
	initialDomainReloadingComplete (11ms)
	LoadAllAssembliesAndSetupDomain (197ms)
		LoadAssemblies (153ms)
		RebuildTransferFunctionScriptingTraits (0ms)
		AnalyzeDomain (66ms)
			TypeCache.Refresh (6ms)
				TypeCache.ScanAssembly (0ms)
			BuildScriptInfoCaches (57ms)
			ResolveRequiredComponents (1ms)
	FinalizeReload (454ms)
		ReleaseScriptCaches (0ms)
		RebuildScriptCaches (0ms)
		SetupLoadedEditorAssemblies (400ms)
			LogAssemblyErrors (0ms)
			InitializePlatformSupportModulesInManaged (1ms)
			SetLoadedEditorAssemblies (2ms)
			BeforeProcessingInitializeOnLoad (98ms)
			ProcessInitializeOnLoadAttributes (189ms)
			ProcessInitializeOnLoadMethodAttributes (110ms)
			AfterProcessingInitializeOnLoad (1ms)
			EditorAssembliesLoaded (0ms)
		ExecutionOrderSort2 (0ms)
		AwakeInstancesAfterBackupRestoration (1ms)
Refreshing native plugins compatible for Editor in 1.41 ms, found 2 plugins.
Preloading 1 native plugins for Editor in 1.25 ms.
Unloading 43 Unused Serialized files (Serialized files now loaded: 0)
Unloading 5193 unused Assets / (13.6 MB). Loaded Objects now: 6148.
Memory consumption went from 145.7 MB to 132.2 MB.
Total: 8.839042 ms (FindLiveObjects: 0.225375 ms CreateObjectMapping: 0.087959 ms MarkObjects: 7.271000 ms  DeleteObjects: 1.254459 ms)

Prepare: number of updated asset objects reloaded= 0
========================================================================
Received Prepare
Refreshing native plugins compatible for Editor in 1.51 ms, found 2 plugins.
Preloading 1 native plugins for Editor in 1.18 ms.
Unloading 43 Unused Serialized files (Serialized files now loaded: 0)
Unloading 5148 unused Assets / (13.7 MB). Loaded Objects now: 6148.
Memory consumption went from 132.5 MB to 118.8 MB.
Total: 8.852958 ms (FindLiveObjects: 0.203042 ms CreateObjectMapping: 0.085333 ms MarkObjects: 7.273167 ms  DeleteObjects: 1.291250 ms)

Prepare: number of updated asset objects reloaded= 0
========================================================================
Received Prepare
Begin MonoManager ReloadAssembly
[Licensing::Client] Successfully resolved entitlement details
[Licensing::Module] License group:
  Id: F4-85AS-8ZW6-XMRF-425Z-XXXX
  Product: Unity Personal
  Type: ULF
  Expiration: Unlimited
[Licensing::Module] License group:
  Id: 6872810951280-UnityPersXXXX
  Product: Unity Personal
  Type: Assigned
  Expiration: Unlimited
Thread 0x16b737000 may have been prematurely finalized
Symbol file LoadedFromMemory is not a mono symbol file
Symbol file LoadedFromMemory is not a mono symbol file
- Loaded All Assemblies, in  0.396 seconds
Refreshing native plugins compatible for Editor in 1.58 ms, found 2 plugins.
Native extension for OSXStandalone target not found
Native extension for WebGL target not found
Refreshing native plugins compatible for Editor in 1.35 ms, found 2 plugins.
[Package Manager] Failed to launch server process. Reason: Unity was launched with the -noUpm command-line argument
[Package Manager] Unable to send message (not connected to server process).
[Package Manager] Cannot connect to Unity Package Manager local server
ScheduleIndexationOnStartup MainProcess:False IndexOnStartup:True
Mono: successfully reloaded assembly
- Finished resetting the current domain, in  0.472 seconds
Domain Reload Profiling: 870ms
	BeginReloadAssembly (98ms)
		ExecutionOrderSort (0ms)
		DisableScriptedObjects (4ms)
		BackupInstance (0ms)
		ReleaseScriptingObjects (0ms)
		CreateAndSetChildDomain (31ms)
	RebuildCommonClasses (17ms)
	RebuildNativeTypeToScriptingClass (6ms)
	initialDomainReloadingComplete (11ms)
	LoadAllAssembliesAndSetupDomain (264ms)
		LoadAssemblies (226ms)
		RebuildTransferFunctionScriptingTraits (0ms)
		AnalyzeDomain (74ms)
			TypeCache.Refresh (7ms)
				TypeCache.ScanAssembly (0ms)
			BuildScriptInfoCaches (63ms)
			ResolveRequiredComponents (1ms)
	FinalizeReload (472ms)
		ReleaseScriptCaches (0ms)
		RebuildScriptCaches (0ms)
		SetupLoadedEditorAssemblies (419ms)
			LogAssemblyErrors (0ms)
			InitializePlatformSupportModulesInManaged (1ms)
			SetLoadedEditorAssemblies (2ms)
			BeforeProcessingInitializeOnLoad (118ms)
			ProcessInitializeOnLoadAttributes (196ms)
			ProcessInitializeOnLoadMethodAttributes (102ms)
			AfterProcessingInitializeOnLoad (1ms)
			EditorAssembliesLoaded (0ms)
		ExecutionOrderSort2 (0ms)
		AwakeInstancesAfterBackupRestoration (1ms)
Refreshing native plugins compatible for Editor in 1.24 ms, found 2 plugins.
Preloading 1 native plugins for Editor in 1.23 ms.
Unloading 43 Unused Serialized files (Serialized files now loaded: 0)
Unloading 5193 unused Assets / (14.0 MB). Loaded Objects now: 6152.
Memory consumption went from 145.3 MB to 131.4 MB.
Total: 8.083583 ms (FindLiveObjects: 0.190417 ms CreateObjectMapping: 0.106083 ms MarkObjects: 6.583500 ms  DeleteObjects: 1.203458 ms)

Prepare: number of updated asset objects reloaded= 0
========================================================================
Received Prepare
Refreshing native plugins compatible for Editor in 1.18 ms, found 2 plugins.
Preloading 1 native plugins for Editor in 1.25 ms.
Unloading 43 Unused Serialized files (Serialized files now loaded: 0)
Unloading 5148 unused Assets / (12.1 MB). Loaded Objects now: 6152.
Memory consumption went from 132.6 MB to 120.5 MB.
Total: 7.701917 ms (FindLiveObjects: 0.188917 ms CreateObjectMapping: 0.077333 ms MarkObjects: 6.447875 ms  DeleteObjects: 0.987417 ms)

Prepare: number of updated asset objects reloaded= 0
========================================================================
Received Prepare
Refreshing native plugins compatible for Editor in 1.64 ms, found 2 plugins.
Preloading 1 native plugins for Editor in 1.22 ms.
Unloading 43 Unused Serialized files (Serialized files now loaded: 0)
Unloading 5148 unused Assets / (13.5 MB). Loaded Objects now: 6152.
Memory consumption went from 132.6 MB to 119.1 MB.
Total: 7.681667 ms (FindLiveObjects: 0.199333 ms CreateObjectMapping: 0.077625 ms MarkObjects: 6.301375 ms  DeleteObjects: 1.103000 ms)

Prepare: number of updated asset objects reloaded= 0
========================================================================
Received Prepare
Refreshing native plugins compatible for Editor in 1.49 ms, found 2 plugins.
Preloading 1 native plugins for Editor in 1.20 ms.
Unloading 43 Unused Serialized files (Serialized files now loaded: 0)
Unloading 5148 unused Assets / (13.9 MB). Loaded Objects now: 6152.
Memory consumption went from 132.6 MB to 118.7 MB.
Total: 7.639375 ms (FindLiveObjects: 0.188667 ms CreateObjectMapping: 0.074875 ms MarkObjects: 6.158167 ms  DeleteObjects: 1.217417 ms)

Prepare: number of updated asset objects reloaded= 0
========================================================================
Received Prepare
Refreshing native plugins compatible for Editor in 1.51 ms, found 2 plugins.
Preloading 1 native plugins for Editor in 1.21 ms.
Unloading 43 Unused Serialized files (Serialized files now loaded: 0)
Unloading 5148 unused Assets / (13.7 MB). Loaded Objects now: 6152.
Memory consumption went from 132.6 MB to 118.9 MB.
Total: 7.463333 ms (FindLiveObjects: 0.198375 ms CreateObjectMapping: 0.077875 ms MarkObjects: 5.992209 ms  DeleteObjects: 1.194333 ms)

Prepare: number of updated asset objects reloaded= 0
========================================================================
Received Prepare
Begin MonoManager ReloadAssembly
Thread 0x16b737000 may have been prematurely finalized
Symbol file LoadedFromMemory is not a mono symbol file
Symbol file LoadedFromMemory is not a mono symbol file
- Loaded All Assemblies, in  0.342 seconds
Refreshing native plugins compatible for Editor in 1.33 ms, found 2 plugins.
Native extension for OSXStandalone target not found
Native extension for WebGL target not found
Refreshing native plugins compatible for Editor in 1.31 ms, found 2 plugins.
[Package Manager] Failed to launch server process. Reason: Unity was launched with the -noUpm command-line argument
[Package Manager] Unable to send message (not connected to server process).
[Package Manager] Cannot connect to Unity Package Manager local server
ScheduleIndexationOnStartup MainProcess:False IndexOnStartup:True
Mono: successfully reloaded assembly
- Finished resetting the current domain, in  0.424 seconds
Domain Reload Profiling: 767ms
	BeginReloadAssembly (73ms)
		ExecutionOrderSort (0ms)
		DisableScriptedObjects (3ms)
		BackupInstance (0ms)
		ReleaseScriptingObjects (0ms)
		CreateAndSetChildDomain (22ms)
	RebuildCommonClasses (16ms)
	RebuildNativeTypeToScriptingClass (6ms)
	initialDomainReloadingComplete (11ms)
	LoadAllAssembliesAndSetupDomain (237ms)
		LoadAssemblies (189ms)
		RebuildTransferFunctionScriptingTraits (0ms)
		AnalyzeDomain (71ms)
			TypeCache.Refresh (7ms)
				TypeCache.ScanAssembly (0ms)
			BuildScriptInfoCaches (60ms)
			ResolveRequiredComponents (1ms)
	FinalizeReload (424ms)
		ReleaseScriptCaches (0ms)
		RebuildScriptCaches (0ms)
		SetupLoadedEditorAssemblies (370ms)
			LogAssemblyErrors (0ms)
			InitializePlatformSupportModulesInManaged (1ms)
			SetLoadedEditorAssemblies (2ms)
			BeforeProcessingInitializeOnLoad (90ms)
			ProcessInitializeOnLoadAttributes (174ms)
			ProcessInitializeOnLoadMethodAttributes (102ms)
			AfterProcessingInitializeOnLoad (1ms)
			EditorAssembliesLoaded (0ms)
		ExecutionOrderSort2 (0ms)
		AwakeInstancesAfterBackupRestoration (1ms)
Refreshing native plugins compatible for Editor in 1.51 ms, found 2 plugins.
Preloading 1 native plugins for Editor in 1.22 ms.
Unloading 43 Unused Serialized files (Serialized files now loaded: 0)
Unloading 5193 unused Assets / (13.6 MB). Loaded Objects now: 6156.
Memory consumption went from 145.3 MB to 131.8 MB.
Total: 7.538208 ms (FindLiveObjects: 0.223833 ms CreateObjectMapping: 0.082333 ms MarkObjects: 6.072584 ms  DeleteObjects: 1.159250 ms)

Prepare: number of updated asset objects reloaded= 0
========================================================================
Received Prepare
Begin MonoManager ReloadAssembly
Thread 0x16b737000 may have been prematurely finalized
Symbol file LoadedFromMemory is not a mono symbol file
Symbol file LoadedFromMemory is not a mono symbol file
- Loaded All Assemblies, in  0.298 seconds
Refreshing native plugins compatible for Editor in 1.27 ms, found 2 plugins.
Native extension for OSXStandalone target not found
Native extension for WebGL target not found
Refreshing native plugins compatible for Editor in 1.23 ms, found 2 plugins.
[Package Manager] Failed to launch server process. Reason: Unity was launched with the -noUpm command-line argument
[Package Manager] Unable to send message (not connected to server process).
[Package Manager] Cannot connect to Unity Package Manager local server
ScheduleIndexationOnStartup MainProcess:False IndexOnStartup:True
Mono: successfully reloaded assembly
- Finished resetting the current domain, in  0.453 seconds
Domain Reload Profiling: 754ms
	BeginReloadAssembly (71ms)
		ExecutionOrderSort (0ms)
		DisableScriptedObjects (3ms)
		BackupInstance (0ms)
		ReleaseScriptingObjects (0ms)
		CreateAndSetChildDomain (23ms)
	RebuildCommonClasses (16ms)
	RebuildNativeTypeToScriptingClass (6ms)
	initialDomainReloadingComplete (11ms)
	LoadAllAssembliesAndSetupDomain (196ms)
		LoadAssemblies (152ms)
		RebuildTransferFunctionScriptingTraits (0ms)
		AnalyzeDomain (65ms)
			TypeCache.Refresh (4ms)
				TypeCache.ScanAssembly (0ms)
			BuildScriptInfoCaches (58ms)
			ResolveRequiredComponents (1ms)
	FinalizeReload (454ms)
		ReleaseScriptCaches (0ms)
		RebuildScriptCaches (0ms)
		SetupLoadedEditorAssemblies (399ms)
			LogAssemblyErrors (0ms)
			InitializePlatformSupportModulesInManaged (1ms)
			SetLoadedEditorAssemblies (2ms)
			BeforeProcessingInitializeOnLoad (99ms)
			ProcessInitializeOnLoadAttributes (185ms)
			ProcessInitializeOnLoadMethodAttributes (112ms)
			AfterProcessingInitializeOnLoad (1ms)
			EditorAssembliesLoaded (0ms)
		ExecutionOrderSort2 (0ms)
		AwakeInstancesAfterBackupRestoration (2ms)
Refreshing native plugins compatible for Editor in 1.63 ms, found 2 plugins.
Preloading 1 native plugins for Editor in 1.27 ms.
Unloading 43 Unused Serialized files (Serialized files now loaded: 0)
Unloading 5193 unused Assets / (13.7 MB). Loaded Objects now: 6160.
Memory consumption went from 145.4 MB to 131.6 MB.
Total: 8.330500 ms (FindLiveObjects: 0.205375 ms CreateObjectMapping: 0.077333 ms MarkObjects: 6.755291 ms  DeleteObjects: 1.292292 ms)

Prepare: number of updated asset objects reloaded= 0
========================================================================
Received Prepare
Begin MonoManager ReloadAssembly
[Licensing::Client] Successfully resolved entitlement details
[Licensing::Module] License group:
  Id: F4-85AS-8ZW6-XMRF-425Z-XXXX
  Product: Unity Personal
  Type: ULF
  Expiration: Unlimited
[Licensing::Module] License group:
  Id: 6872810951280-UnityPersXXXX
  Product: Unity Personal
  Type: Assigned
  Expiration: Unlimited
Thread 0x16b737000 may have been prematurely finalized
Symbol file LoadedFromMemory is not a mono symbol file
Symbol file LoadedFromMemory is not a mono symbol file
- Loaded All Assemblies, in  0.312 seconds
Refreshing native plugins compatible for Editor in 1.56 ms, found 2 plugins.
Native extension for OSXStandalone target not found
Native extension for WebGL target not found
Refreshing native plugins compatible for Editor in 1.07 ms, found 2 plugins.
[Package Manager] Failed to launch server process. Reason: Unity was launched with the -noUpm command-line argument
[Package Manager] Unable to send message (not connected to server process).
[Package Manager] Cannot connect to Unity Package Manager local server
ScheduleIndexationOnStartup MainProcess:False IndexOnStartup:True
Mono: successfully reloaded assembly
- Finished resetting the current domain, in  0.460 seconds
Domain Reload Profiling: 774ms
	BeginReloadAssembly (73ms)
		ExecutionOrderSort (0ms)
		DisableScriptedObjects (3ms)
		BackupInstance (0ms)
		ReleaseScriptingObjects (0ms)
		CreateAndSetChildDomain (22ms)
	RebuildCommonClasses (16ms)
	RebuildNativeTypeToScriptingClass (6ms)
	initialDomainReloadingComplete (11ms)
	LoadAllAssembliesAndSetupDomain (207ms)
		LoadAssemblies (161ms)
		RebuildTransferFunctionScriptingTraits (0ms)
		AnalyzeDomain (68ms)
			TypeCache.Refresh (6ms)
				TypeCache.ScanAssembly (0ms)
			BuildScriptInfoCaches (59ms)
			ResolveRequiredComponents (1ms)
	FinalizeReload (460ms)
		ReleaseScriptCaches (0ms)
		RebuildScriptCaches (0ms)
		SetupLoadedEditorAssemblies (406ms)
			LogAssemblyErrors (0ms)
			InitializePlatformSupportModulesInManaged (1ms)
			SetLoadedEditorAssemblies (2ms)
			BeforeProcessingInitializeOnLoad (101ms)
			ProcessInitializeOnLoadAttributes (189ms)
			ProcessInitializeOnLoadMethodAttributes (113ms)
			AfterProcessingInitializeOnLoad (1ms)
			EditorAssembliesLoaded (0ms)
		ExecutionOrderSort2 (0ms)
		AwakeInstancesAfterBackupRestoration (1ms)
Refreshing native plugins compatible for Editor in 1.87 ms, found 2 plugins.
Preloading 1 native plugins for Editor in 1.27 ms.
Unloading 43 Unused Serialized files (Serialized files now loaded: 0)
Unloading 5193 unused Assets / (13.7 MB). Loaded Objects now: 6164.
Memory consumption went from 145.4 MB to 131.6 MB.
Total: 8.901833 ms (FindLiveObjects: 0.242000 ms CreateObjectMapping: 0.138833 ms MarkObjects: 7.148500 ms  DeleteObjects: 1.372333 ms)

Prepare: number of updated asset objects reloaded= 0
========================================================================
Received Prepare
Refreshing native plugins compatible for Editor in 1.57 ms, found 2 plugins.
Preloading 1 native plugins for Editor in 1.17 ms.
Unloading 43 Unused Serialized files (Serialized files now loaded: 0)
Unloading 5148 unused Assets / (13.5 MB). Loaded Objects now: 6164.
Memory consumption went from 132.6 MB to 119.1 MB.
Total: 7.719333 ms (FindLiveObjects: 0.197333 ms CreateObjectMapping: 0.078167 ms MarkObjects: 6.325542 ms  DeleteObjects: 1.117792 ms)

Prepare: number of updated asset objects reloaded= 0
========================================================================
Received Prepare
Refreshing native plugins compatible for Editor in 1.42 ms, found 2 plugins.
Preloading 1 native plugins for Editor in 1.13 ms.
Unloading 43 Unused Serialized files (Serialized files now loaded: 0)
Unloading 5148 unused Assets / (14.2 MB). Loaded Objects now: 6164.
Memory consumption went from 132.6 MB to 118.4 MB.
Total: 7.557375 ms (FindLiveObjects: 0.199041 ms CreateObjectMapping: 0.078958 ms MarkObjects: 5.984042 ms  DeleteObjects: 1.295083 ms)

Prepare: number of updated asset objects reloaded= 0
========================================================================
Received Prepare
Refreshing native plugins compatible for Editor in 1.35 ms, found 2 plugins.
Preloading 1 native plugins for Editor in 1.19 ms.
Unloading 43 Unused Serialized files (Serialized files now loaded: 0)
Unloading 5148 unused Assets / (13.6 MB). Loaded Objects now: 6164.
Memory consumption went from 132.6 MB to 119.0 MB.
Total: 7.659250 ms (FindLiveObjects: 0.199459 ms CreateObjectMapping: 0.075500 ms MarkObjects: 6.242041 ms  DeleteObjects: 1.141833 ms)

Prepare: number of updated asset objects reloaded= 0
========================================================================
Received Prepare
Refreshing native plugins compatible for Editor in 1.45 ms, found 2 plugins.
Preloading 1 native plugins for Editor in 1.18 ms.
Unloading 43 Unused Serialized files (Serialized files now loaded: 0)
Unloading 5148 unused Assets / (13.7 MB). Loaded Objects now: 6164.
Memory consumption went from 132.6 MB to 118.9 MB.
Total: 7.488666 ms (FindLiveObjects: 0.196292 ms CreateObjectMapping: 0.080000 ms MarkObjects: 6.023750 ms  DeleteObjects: 1.188375 ms)

Prepare: number of updated asset objects reloaded= 0
========================================================================
Received Prepare
Refreshing native plugins compatible for Editor in 1.54 ms, found 2 plugins.
Preloading 1 native plugins for Editor in 1.19 ms.
Unloading 43 Unused Serialized files (Serialized files now loaded: 0)
Unloading 5148 unused Assets / (13.7 MB). Loaded Objects now: 6164.
Memory consumption went from 132.6 MB to 118.9 MB.
Total: 7.795708 ms (FindLiveObjects: 0.195833 ms CreateObjectMapping: 0.073209 ms MarkObjects: 6.316791 ms  DeleteObjects: 1.209875 ms)

Prepare: number of updated asset objects reloaded= 0
========================================================================
Received Prepare
Begin MonoManager ReloadAssembly
[Licensing::Client] Successfully resolved entitlement details
[Licensing::Module] License group:
  Id: F4-85AS-8ZW6-XMRF-425Z-XXXX
  Product: Unity Personal
  Type: ULF
  Expiration: Unlimited
[Licensing::Module] License group:
  Id: 6872810951280-UnityPersXXXX
  Product: Unity Personal
  Type: Assigned
  Expiration: Unlimited
Thread 0x16b737000 may have been prematurely finalized
Symbol file LoadedFromMemory is not a mono symbol file
Symbol file LoadedFromMemory is not a mono symbol file
- Loaded All Assemblies, in  0.378 seconds
Refreshing native plugins compatible for Editor in 1.03 ms, found 2 plugins.
Native extension for OSXStandalone target not found
Native extension for WebGL target not found
Refreshing native plugins compatible for Editor in 1.13 ms, found 2 plugins.
[Package Manager] Failed to launch server process. Reason: Unity was launched with the -noUpm command-line argument
[Package Manager] Unable to send message (not connected to server process).
[Package Manager] Cannot connect to Unity Package Manager local server
ScheduleIndexationOnStartup MainProcess:False IndexOnStartup:True
Mono: successfully reloaded assembly
- Finished resetting the current domain, in  0.421 seconds
Domain Reload Profiling: 800ms
	BeginReloadAssembly (79ms)
		ExecutionOrderSort (0ms)
		DisableScriptedObjects (3ms)
		BackupInstance (0ms)
		ReleaseScriptingObjects (0ms)
		CreateAndSetChildDomain (26ms)
	RebuildCommonClasses (16ms)
	RebuildNativeTypeToScriptingClass (6ms)
	initialDomainReloadingComplete (11ms)
	LoadAllAssembliesAndSetupDomain (267ms)
		LoadAssemblies (211ms)
		RebuildTransferFunctionScriptingTraits (0ms)
		AnalyzeDomain (79ms)
			TypeCache.Refresh (8ms)
				TypeCache.ScanAssembly (0ms)
			BuildScriptInfoCaches (68ms)
			ResolveRequiredComponents (1ms)
	FinalizeReload (421ms)
		ReleaseScriptCaches (0ms)
		RebuildScriptCaches (0ms)
		SetupLoadedEditorAssemblies (367ms)
			LogAssemblyErrors (0ms)
			InitializePlatformSupportModulesInManaged (1ms)
			SetLoadedEditorAssemblies (2ms)
			BeforeProcessingInitializeOnLoad (92ms)
			ProcessInitializeOnLoadAttributes (172ms)
			ProcessInitializeOnLoadMethodAttributes (100ms)
			AfterProcessingInitializeOnLoad (1ms)
			EditorAssembliesLoaded (0ms)
		ExecutionOrderSort2 (0ms)
		AwakeInstancesAfterBackupRestoration (1ms)
Refreshing native plugins compatible for Editor in 1.56 ms, found 2 plugins.
Preloading 1 native plugins for Editor in 1.19 ms.
Unloading 43 Unused Serialized files (Serialized files now loaded: 0)
Unloading 5193 unused Assets / (13.9 MB). Loaded Objects now: 6168.
Memory consumption went from 145.4 MB to 131.5 MB.
Total: 7.767875 ms (FindLiveObjects: 0.197125 ms CreateObjectMapping: 0.073250 ms MarkObjects: 6.174834 ms  DeleteObjects: 1.322541 ms)

Prepare: number of updated asset objects reloaded= 0
========================================================================
Received Prepare
Refreshing native plugins compatible for Editor in 1.48 ms, found 2 plugins.
Preloading 1 native plugins for Editor in 1.20 ms.
Unloading 43 Unused Serialized files (Serialized files now loaded: 0)
Unloading 5148 unused Assets / (13.9 MB). Loaded Objects now: 6168.
Memory consumption went from 132.6 MB to 118.7 MB.
Total: 7.685542 ms (FindLiveObjects: 0.195916 ms CreateObjectMapping: 0.069625 ms MarkObjects: 6.123417 ms  DeleteObjects: 1.296417 ms)

Prepare: number of updated asset objects reloaded= 0
========================================================================
Received Prepare
Begin MonoManager ReloadAssembly
Thread 0x16b737000 may have been prematurely finalized
Symbol file LoadedFromMemory is not a mono symbol file
Symbol file LoadedFromMemory is not a mono symbol file
- Loaded All Assemblies, in  0.350 seconds
Refreshing native plugins compatible for Editor in 1.36 ms, found 2 plugins.
Native extension for OSXStandalone target not found
Native extension for WebGL target not found
Refreshing native plugins compatible for Editor in 1.10 ms, found 2 plugins.
[Package Manager] Failed to launch server process. Reason: Unity was launched with the -noUpm command-line argument
[Package Manager] Unable to send message (not connected to server process).
[Package Manager] Cannot connect to Unity Package Manager local server
ScheduleIndexationOnStartup MainProcess:False IndexOnStartup:True
Mono: successfully reloaded assembly
- Finished resetting the current domain, in  0.416 seconds
Domain Reload Profiling: 768ms
	BeginReloadAssembly (77ms)
		ExecutionOrderSort (0ms)
		DisableScriptedObjects (3ms)
		BackupInstance (0ms)
		ReleaseScriptingObjects (0ms)
		CreateAndSetChildDomain (22ms)
	RebuildCommonClasses (16ms)
	RebuildNativeTypeToScriptingClass (6ms)
	initialDomainReloadingComplete (12ms)
	LoadAllAssembliesAndSetupDomain (240ms)
		LoadAssemblies (197ms)
		RebuildTransferFunctionScriptingTraits (0ms)
		AnalyzeDomain (69ms)
			TypeCache.Refresh (7ms)
				TypeCache.ScanAssembly (0ms)
			BuildScriptInfoCaches (58ms)
			ResolveRequiredComponents (1ms)
	FinalizeReload (417ms)
		ReleaseScriptCaches (0ms)
		RebuildScriptCaches (0ms)
		SetupLoadedEditorAssemblies (365ms)
			LogAssemblyErrors (0ms)
			InitializePlatformSupportModulesInManaged (1ms)
			SetLoadedEditorAssemblies (2ms)
			BeforeProcessingInitializeOnLoad (91ms)
			ProcessInitializeOnLoadAttributes (171ms)
			ProcessInitializeOnLoadMethodAttributes (100ms)
			AfterProcessingInitializeOnLoad (1ms)
			EditorAssembliesLoaded (0ms)
		ExecutionOrderSort2 (0ms)
		AwakeInstancesAfterBackupRestoration (1ms)
Refreshing native plugins compatible for Editor in 1.32 ms, found 2 plugins.
Preloading 1 native plugins for Editor in 1.19 ms.
Unloading 43 Unused Serialized files (Serialized files now loaded: 0)
Unloading 5193 unused Assets / (13.6 MB). Loaded Objects now: 6172.
Memory consumption went from 145.4 MB to 131.8 MB.
Total: 7.737375 ms (FindLiveObjects: 0.201875 ms CreateObjectMapping: 0.083458 ms MarkObjects: 6.245500 ms  DeleteObjects: 1.206333 ms)

Prepare: number of updated asset objects reloaded= 0
========================================================================
Received Prepare
Refreshing native plugins compatible for Editor in 1.52 ms, found 2 plugins.
Preloading 1 native plugins for Editor in 1.18 ms.
Unloading 43 Unused Serialized files (Serialized files now loaded: 0)
Unloading 5148 unused Assets / (13.7 MB). Loaded Objects now: 6172.
Memory consumption went from 132.6 MB to 118.9 MB.
Total: 7.523500 ms (FindLiveObjects: 0.197792 ms CreateObjectMapping: 0.074958 ms MarkObjects: 6.069708 ms  DeleteObjects: 1.180750 ms)

Prepare: number of updated asset objects reloaded= 0
========================================================================
Received Prepare
Begin MonoManager ReloadAssembly
Thread 0x16b737000 may have been prematurely finalized
Symbol file LoadedFromMemory is not a mono symbol file
Symbol file LoadedFromMemory is not a mono symbol file
- Loaded All Assemblies, in  0.327 seconds
Refreshing native plugins compatible for Editor in 1.19 ms, found 2 plugins.
Native extension for OSXStandalone target not found
Native extension for WebGL target not found
Refreshing native plugins compatible for Editor in 1.05 ms, found 2 plugins.
[Package Manager] Failed to launch server process. Reason: Unity was launched with the -noUpm command-line argument
[Package Manager] Unable to send message (not connected to server process).
[Package Manager] Cannot connect to Unity Package Manager local server
ScheduleIndexationOnStartup MainProcess:False IndexOnStartup:True
Mono: successfully reloaded assembly
- Finished resetting the current domain, in  0.420 seconds
Domain Reload Profiling: 749ms
	BeginReloadAssembly (73ms)
		ExecutionOrderSort (0ms)
		DisableScriptedObjects (3ms)
		BackupInstance (0ms)
		ReleaseScriptingObjects (0ms)
		CreateAndSetChildDomain (22ms)
	RebuildCommonClasses (16ms)
	RebuildNativeTypeToScriptingClass (6ms)
	initialDomainReloadingComplete (11ms)
	LoadAllAssembliesAndSetupDomain (223ms)
		LoadAssemblies (179ms)
		RebuildTransferFunctionScriptingTraits (0ms)
		AnalyzeDomain (66ms)
			TypeCache.Refresh (7ms)
				TypeCache.ScanAssembly (0ms)
			BuildScriptInfoCaches (57ms)
			ResolveRequiredComponents (1ms)
	FinalizeReload (420ms)
		ReleaseScriptCaches (0ms)
		RebuildScriptCaches (0ms)
		SetupLoadedEditorAssemblies (363ms)
			LogAssemblyErrors (0ms)
			InitializePlatformSupportModulesInManaged (1ms)
			SetLoadedEditorAssemblies (2ms)
			BeforeProcessingInitializeOnLoad (88ms)
			ProcessInitializeOnLoadAttributes (169ms)
			ProcessInitializeOnLoadMethodAttributes (103ms)
			AfterProcessingInitializeOnLoad (0ms)
			EditorAssembliesLoaded (0ms)
		ExecutionOrderSort2 (0ms)
		AwakeInstancesAfterBackupRestoration (1ms)
Refreshing native plugins compatible for Editor in 1.33 ms, found 2 plugins.
Preloading 1 native plugins for Editor in 1.22 ms.
Unloading 43 Unused Serialized files (Serialized files now loaded: 0)
Unloading 5193 unused Assets / (13.6 MB). Loaded Objects now: 6176.
Memory consumption went from 145.4 MB to 131.7 MB.
Total: 7.723208 ms (FindLiveObjects: 0.205833 ms CreateObjectMapping: 0.084667 ms MarkObjects: 6.275791 ms  DeleteObjects: 1.156708 ms)

Prepare: number of updated asset objects reloaded= 0
========================================================================
Received Prepare
Refreshing native plugins compatible for Editor in 1.24 ms, found 2 plugins.
Preloading 1 native plugins for Editor in 1.16 ms.
Unloading 43 Unused Serialized files (Serialized files now loaded: 0)
Unloading 5148 unused Assets / (13.7 MB). Loaded Objects now: 6176.
Memory consumption went from 132.6 MB to 118.9 MB.
Total: 7.573500 ms (FindLiveObjects: 0.199125 ms CreateObjectMapping: 0.084208 ms MarkObjects: 6.097417 ms  DeleteObjects: 1.192500 ms)

Prepare: number of updated asset objects reloaded= 0
========================================================================
Received Prepare
Refreshing native plugins compatible for Editor in 1.41 ms, found 2 plugins.
Preloading 1 native plugins for Editor in 1.21 ms.
Unloading 43 Unused Serialized files (Serialized files now loaded: 0)
Unloading 5148 unused Assets / (13.7 MB). Loaded Objects now: 6176.
Memory consumption went from 132.6 MB to 118.9 MB.
Total: 7.565708 ms (FindLiveObjects: 0.198708 ms CreateObjectMapping: 0.073542 ms MarkObjects: 6.083166 ms  DeleteObjects: 1.210083 ms)

Prepare: number of updated asset objects reloaded= 0
========================================================================
Received Prepare
Begin MonoManager ReloadAssembly
Thread 0x16b737000 may have been prematurely finalized
Symbol file LoadedFromMemory is not a mono symbol file
Symbol file LoadedFromMemory is not a mono symbol file
- Loaded All Assemblies, in  0.339 seconds
Refreshing native plugins compatible for Editor in 1.48 ms, found 2 plugins.
Native extension for OSXStandalone target not found
Native extension for WebGL target not found
Refreshing native plugins compatible for Editor in 1.32 ms, found 2 plugins.
[Package Manager] Failed to launch server process. Reason: Unity was launched with the -noUpm command-line argument
[Package Manager] Unable to send message (not connected to server process).
[Package Manager] Cannot connect to Unity Package Manager local server
ScheduleIndexationOnStartup MainProcess:False IndexOnStartup:True
Mono: successfully reloaded assembly
- Finished resetting the current domain, in  0.431 seconds
Domain Reload Profiling: 771ms
	BeginReloadAssembly (74ms)
		ExecutionOrderSort (0ms)
		DisableScriptedObjects (3ms)
		BackupInstance (0ms)
		ReleaseScriptingObjects (0ms)
		CreateAndSetChildDomain (23ms)
	RebuildCommonClasses (16ms)
	RebuildNativeTypeToScriptingClass (6ms)
	initialDomainReloadingComplete (11ms)
	LoadAllAssembliesAndSetupDomain (232ms)
		LoadAssemblies (187ms)
		RebuildTransferFunctionScriptingTraits (0ms)
		AnalyzeDomain (67ms)
			TypeCache.Refresh (6ms)
				TypeCache.ScanAssembly (0ms)
			BuildScriptInfoCaches (58ms)
			ResolveRequiredComponents (1ms)
	FinalizeReload (431ms)
		ReleaseScriptCaches (0ms)
		RebuildScriptCaches (0ms)
		SetupLoadedEditorAssemblies (375ms)
			LogAssemblyErrors (0ms)
			InitializePlatformSupportModulesInManaged (1ms)
			SetLoadedEditorAssemblies (2ms)
			BeforeProcessingInitializeOnLoad (91ms)
			ProcessInitializeOnLoadAttributes (180ms)
			ProcessInitializeOnLoadMethodAttributes (100ms)
			AfterProcessingInitializeOnLoad (1ms)
			EditorAssembliesLoaded (0ms)
		ExecutionOrderSort2 (0ms)
		AwakeInstancesAfterBackupRestoration (1ms)
Refreshing native plugins compatible for Editor in 1.57 ms, found 2 plugins.
Preloading 1 native plugins for Editor in 1.22 ms.
Unloading 43 Unused Serialized files (Serialized files now loaded: 0)
Unloading 5193 unused Assets / (13.6 MB). Loaded Objects now: 6180.
Memory consumption went from 145.4 MB to 131.8 MB.
Total: 7.680625 ms (FindLiveObjects: 0.199000 ms CreateObjectMapping: 0.082083 ms MarkObjects: 6.199917 ms  DeleteObjects: 1.199417 ms)

Prepare: number of updated asset objects reloaded= 0
========================================================================
Received Prepare
Refreshing native plugins compatible for Editor in 1.45 ms, found 2 plugins.
Preloading 1 native plugins for Editor in 1.16 ms.
Unloading 43 Unused Serialized files (Serialized files now loaded: 0)
Unloading 5148 unused Assets / (13.8 MB). Loaded Objects now: 6180.
Memory consumption went from 132.6 MB to 118.9 MB.
Total: 7.638416 ms (FindLiveObjects: 0.201125 ms CreateObjectMapping: 0.072917 ms MarkObjects: 6.129291 ms  DeleteObjects: 1.234958 ms)

Prepare: number of updated asset objects reloaded= 0
========================================================================
Received Prepare
Begin MonoManager ReloadAssembly
[Licensing::Client] Successfully resolved entitlement details
[Licensing::Module] License group:
  Id: F4-85AS-8ZW6-XMRF-425Z-XXXX
  Product: Unity Personal
  Type: ULF
  Expiration: Unlimited
[Licensing::Module] License group:
  Id: 6872810951280-UnityPersXXXX
  Product: Unity Personal
  Type: Assigned
  Expiration: Unlimited
Thread 0x16b737000 may have been prematurely finalized
Symbol file LoadedFromMemory is not a mono symbol file
Symbol file LoadedFromMemory is not a mono symbol file
- Loaded All Assemblies, in  0.355 seconds
Refreshing native plugins compatible for Editor in 1.34 ms, found 2 plugins.
Native extension for OSXStandalone target not found
Native extension for WebGL target not found
Refreshing native plugins compatible for Editor in 1.26 ms, found 2 plugins.
[Package Manager] Failed to launch server process. Reason: Unity was launched with the -noUpm command-line argument
[Package Manager] Unable to send message (not connected to server process).
[Package Manager] Cannot connect to Unity Package Manager local server
ScheduleIndexationOnStartup MainProcess:False IndexOnStartup:True
Mono: successfully reloaded assembly
- Finished resetting the current domain, in  0.428 seconds
Domain Reload Profiling: 784ms
	BeginReloadAssembly (79ms)
		ExecutionOrderSort (0ms)
		DisableScriptedObjects (3ms)
		BackupInstance (0ms)
		ReleaseScriptingObjects (0ms)
		CreateAndSetChildDomain (25ms)
	RebuildCommonClasses (16ms)
	RebuildNativeTypeToScriptingClass (6ms)
	initialDomainReloadingComplete (11ms)
	LoadAllAssembliesAndSetupDomain (243ms)
		LoadAssemblies (197ms)
		RebuildTransferFunctionScriptingTraits (0ms)
		AnalyzeDomain (68ms)
			TypeCache.Refresh (7ms)
				TypeCache.ScanAssembly (0ms)
			BuildScriptInfoCaches (58ms)
			ResolveRequiredComponents (1ms)
	FinalizeReload (429ms)
		ReleaseScriptCaches (0ms)
		RebuildScriptCaches (0ms)
		SetupLoadedEditorAssemblies (373ms)
			LogAssemblyErrors (0ms)
			InitializePlatformSupportModulesInManaged (1ms)
			SetLoadedEditorAssemblies (2ms)
			BeforeProcessingInitializeOnLoad (92ms)
			ProcessInitializeOnLoadAttributes (176ms)
			ProcessInitializeOnLoadMethodAttributes (101ms)
			AfterProcessingInitializeOnLoad (1ms)
			EditorAssembliesLoaded (0ms)
		ExecutionOrderSort2 (0ms)
		AwakeInstancesAfterBackupRestoration (1ms)
Refreshing native plugins compatible for Editor in 1.24 ms, found 2 plugins.
Preloading 1 native plugins for Editor in 1.24 ms.
Unloading 43 Unused Serialized files (Serialized files now loaded: 0)
Unloading 5193 unused Assets / (12.1 MB). Loaded Objects now: 6184.
Memory consumption went from 145.4 MB to 133.3 MB.
Total: 8.622500 ms (FindLiveObjects: 0.212750 ms CreateObjectMapping: 0.074500 ms MarkObjects: 6.754167 ms  DeleteObjects: 1.580958 ms)

Prepare: number of updated asset objects reloaded= 0
========================================================================
Received Prepare
Refreshing native plugins compatible for Editor in 1.42 ms, found 2 plugins.
Preloading 1 native plugins for Editor in 1.17 ms.
Unloading 43 Unused Serialized files (Serialized files now loaded: 0)
Unloading 5148 unused Assets / (12.7 MB). Loaded Objects now: 6184.
Memory consumption went from 132.6 MB to 120.0 MB.
Total: 7.877042 ms (FindLiveObjects: 0.197792 ms CreateObjectMapping: 0.076875 ms MarkObjects: 6.493125 ms  DeleteObjects: 1.109042 ms)

Prepare: number of updated asset objects reloaded= 0
========================================================================
Received Prepare
Refreshing native plugins compatible for Editor in 1.36 ms, found 2 plugins.
Preloading 1 native plugins for Editor in 1.17 ms.
Unloading 43 Unused Serialized files (Serialized files now loaded: 0)
Unloading 5148 unused Assets / (14.2 MB). Loaded Objects now: 6184.
Memory consumption went from 132.6 MB to 118.4 MB.
Total: 7.728625 ms (FindLiveObjects: 0.191458 ms CreateObjectMapping: 0.082708 ms MarkObjects: 6.179000 ms  DeleteObjects: 1.275125 ms)

Prepare: number of updated asset objects reloaded= 0
========================================================================
Received Prepare
Refreshing native plugins compatible for Editor in 1.52 ms, found 2 plugins.
Preloading 1 native plugins for Editor in 1.23 ms.
Unloading 43 Unused Serialized files (Serialized files now loaded: 0)
Unloading 5148 unused Assets / (13.0 MB). Loaded Objects now: 6184.
Memory consumption went from 132.6 MB to 119.6 MB.
Total: 7.837500 ms (FindLiveObjects: 0.205666 ms CreateObjectMapping: 0.079583 ms MarkObjects: 6.406750 ms  DeleteObjects: 1.145167 ms)

Prepare: number of updated asset objects reloaded= 0
========================================================================
Received Prepare
Refreshing native plugins compatible for Editor in 1.46 ms, found 2 plugins.
Preloading 1 native plugins for Editor in 1.19 ms.
Unloading 43 Unused Serialized files (Serialized files now loaded: 0)
Unloading 5148 unused Assets / (13.7 MB). Loaded Objects now: 6184.
Memory consumption went from 132.6 MB to 118.9 MB.
Total: 7.609750 ms (FindLiveObjects: 0.202291 ms CreateObjectMapping: 0.080417 ms MarkObjects: 6.145958 ms  DeleteObjects: 1.180834 ms)

Prepare: number of updated asset objects reloaded= 0
========================================================================
Received Prepare
Refreshing native plugins compatible for Editor in 1.50 ms, found 2 plugins.
Preloading 1 native plugins for Editor in 1.22 ms.
Unloading 43 Unused Serialized files (Serialized files now loaded: 0)
Unloading 5148 unused Assets / (13.7 MB). Loaded Objects now: 6184.
Memory consumption went from 132.6 MB to 119.0 MB.
Total: 7.669459 ms (FindLiveObjects: 0.203291 ms CreateObjectMapping: 0.074625 ms MarkObjects: 6.197959 ms  DeleteObjects: 1.193500 ms)

Prepare: number of updated asset objects reloaded= 0
========================================================================
Received Prepare
Refreshing native plugins compatible for Editor in 1.56 ms, found 2 plugins.
Preloading 1 native plugins for Editor in 1.21 ms.
Unloading 43 Unused Serialized files (Serialized files now loaded: 0)
Unloading 5148 unused Assets / (13.8 MB). Loaded Objects now: 6184.
Memory consumption went from 132.6 MB to 118.9 MB.
Total: 7.422542 ms (FindLiveObjects: 0.200459 ms CreateObjectMapping: 0.081459 ms MarkObjects: 5.864666 ms  DeleteObjects: 1.275708 ms)

Prepare: number of updated asset objects reloaded= 0
========================================================================
Received Prepare
Refreshing native plugins compatible for Editor in 1.87 ms, found 2 plugins.
Preloading 1 native plugins for Editor in 1.25 ms.
Unloading 43 Unused Serialized files (Serialized files now loaded: 0)
Unloading 5148 unused Assets / (13.4 MB). Loaded Objects now: 6184.
Memory consumption went from 132.6 MB to 119.2 MB.
Total: 17.753542 ms (FindLiveObjects: 0.265750 ms CreateObjectMapping: 0.076667 ms MarkObjects: 15.940708 ms  DeleteObjects: 1.470208 ms)

Prepare: number of updated asset objects reloaded= 0
========================================================================
Received Prepare
Refreshing native plugins compatible for Editor in 1.53 ms, found 2 plugins.
Preloading 1 native plugins for Editor in 1.21 ms.
Unloading 43 Unused Serialized files (Serialized files now loaded: 0)
Unloading 5148 unused Assets / (13.8 MB). Loaded Objects now: 6184.
Memory consumption went from 132.6 MB to 118.9 MB.
Total: 8.004667 ms (FindLiveObjects: 0.201000 ms CreateObjectMapping: 0.078084 ms MarkObjects: 6.452166 ms  DeleteObjects: 1.273208 ms)

Prepare: number of updated asset objects reloaded= 0
========================================================================
Received Prepare
Begin MonoManager ReloadAssembly
Thread 0x16b737000 may have been prematurely finalized
Symbol file LoadedFromMemory is not a mono symbol file
Symbol file LoadedFromMemory is not a mono symbol file
- Loaded All Assemblies, in  0.370 seconds
Refreshing native plugins compatible for Editor in 1.34 ms, found 2 plugins.
Native extension for OSXStandalone target not found
Native extension for WebGL target not found
Refreshing native plugins compatible for Editor in 1.58 ms, found 2 plugins.
[Package Manager] Failed to launch server process. Reason: Unity was launched with the -noUpm command-line argument
[Package Manager] Unable to send message (not connected to server process).
[Package Manager] Cannot connect to Unity Package Manager local server
ScheduleIndexationOnStartup MainProcess:False IndexOnStartup:True
Mono: successfully reloaded assembly
- Finished resetting the current domain, in  0.421 seconds
Domain Reload Profiling: 792ms
	BeginReloadAssembly (95ms)
		ExecutionOrderSort (0ms)
		DisableScriptedObjects (4ms)
		BackupInstance (0ms)
		ReleaseScriptingObjects (0ms)
		CreateAndSetChildDomain (31ms)
	RebuildCommonClasses (16ms)
	RebuildNativeTypeToScriptingClass (6ms)
	initialDomainReloadingComplete (13ms)
	LoadAllAssembliesAndSetupDomain (241ms)
		LoadAssemblies (200ms)
		RebuildTransferFunctionScriptingTraits (0ms)
		AnalyzeDomain (73ms)
			TypeCache.Refresh (7ms)
				TypeCache.ScanAssembly (0ms)
			BuildScriptInfoCaches (62ms)
			ResolveRequiredComponents (1ms)
	FinalizeReload (421ms)
		ReleaseScriptCaches (0ms)
		RebuildScriptCaches (0ms)
		SetupLoadedEditorAssemblies (368ms)
			LogAssemblyErrors (0ms)
			InitializePlatformSupportModulesInManaged (1ms)
			SetLoadedEditorAssemblies (2ms)
			BeforeProcessingInitializeOnLoad (90ms)
			ProcessInitializeOnLoadAttributes (176ms)
			ProcessInitializeOnLoadMethodAttributes (98ms)
			AfterProcessingInitializeOnLoad (1ms)
			EditorAssembliesLoaded (0ms)
		ExecutionOrderSort2 (0ms)
		AwakeInstancesAfterBackupRestoration (1ms)
Refreshing native plugins compatible for Editor in 1.16 ms, found 2 plugins.
Preloading 1 native plugins for Editor in 1.21 ms.
Unloading 43 Unused Serialized files (Serialized files now loaded: 0)
Unloading 5193 unused Assets / (13.4 MB). Loaded Objects now: 6188.
Memory consumption went from 145.4 MB to 132.0 MB.
Total: 8.174042 ms (FindLiveObjects: 0.185000 ms CreateObjectMapping: 0.149375 ms MarkObjects: 6.695000 ms  DeleteObjects: 1.144333 ms)

Prepare: number of updated asset objects reloaded= 0
========================================================================
Received Prepare
Refreshing native plugins compatible for Editor in 1.11 ms, found 2 plugins.
Preloading 1 native plugins for Editor in 1.24 ms.
Unloading 43 Unused Serialized files (Serialized files now loaded: 0)
Unloading 5148 unused Assets / (14.2 MB). Loaded Objects now: 6188.
Memory consumption went from 132.7 MB to 118.4 MB.
Total: 7.882125 ms (FindLiveObjects: 0.181166 ms CreateObjectMapping: 0.075417 ms MarkObjects: 6.360167 ms  DeleteObjects: 1.264916 ms)

Prepare: number of updated asset objects reloaded= 0
========================================================================
Received Prepare
Refreshing native plugins compatible for Editor in 1.25 ms, found 2 plugins.
Preloading 1 native plugins for Editor in 1.23 ms.
Unloading 43 Unused Serialized files (Serialized files now loaded: 0)
Unloading 5148 unused Assets / (13.7 MB). Loaded Objects now: 6188.
Memory consumption went from 132.6 MB to 119.0 MB.
Total: 7.718417 ms (FindLiveObjects: 0.203375 ms CreateObjectMapping: 0.082417 ms MarkObjects: 6.260416 ms  DeleteObjects: 1.172084 ms)

Prepare: number of updated asset objects reloaded= 0
========================================================================
Received Prepare
Refreshing native plugins compatible for Editor in 1.55 ms, found 2 plugins.
Preloading 1 native plugins for Editor in 1.24 ms.
Unloading 43 Unused Serialized files (Serialized files now loaded: 0)
Unloading 5148 unused Assets / (13.2 MB). Loaded Objects now: 6188.
Memory consumption went from 132.7 MB to 119.4 MB.
Total: 8.046000 ms (FindLiveObjects: 0.205041 ms CreateObjectMapping: 0.083209 ms MarkObjects: 6.557958 ms  DeleteObjects: 1.199583 ms)

Prepare: number of updated asset objects reloaded= 0
========================================================================
Received Prepare
Refreshing native plugins compatible for Editor in 1.45 ms, found 2 plugins.
Preloading 1 native plugins for Editor in 1.24 ms.
Unloading 43 Unused Serialized files (Serialized files now loaded: 0)
Unloading 5148 unused Assets / (13.5 MB). Loaded Objects now: 6188.
Memory consumption went from 132.7 MB to 119.1 MB.
Total: 7.787042 ms (FindLiveObjects: 0.201292 ms CreateObjectMapping: 0.084916 ms MarkObjects: 6.395042 ms  DeleteObjects: 1.105667 ms)

Prepare: number of updated asset objects reloaded= 0
========================================================================
Received Prepare
Refreshing native plugins compatible for Editor in 1.53 ms, found 2 plugins.
Preloading 1 native plugins for Editor in 1.21 ms.
Unloading 43 Unused Serialized files (Serialized files now loaded: 0)
Unloading 5148 unused Assets / (13.7 MB). Loaded Objects now: 6188.
Memory consumption went from 132.7 MB to 119.0 MB.
Total: 7.673250 ms (FindLiveObjects: 0.199542 ms CreateObjectMapping: 0.084750 ms MarkObjects: 6.124125 ms  DeleteObjects: 1.264583 ms)

Prepare: number of updated asset objects reloaded= 0
========================================================================
Received Prepare
Begin MonoManager ReloadAssembly
Thread 0x16b737000 may have been prematurely finalized
Symbol file LoadedFromMemory is not a mono symbol file
Symbol file LoadedFromMemory is not a mono symbol file
- Loaded All Assemblies, in  0.307 seconds
Refreshing native plugins compatible for Editor in 1.16 ms, found 2 plugins.
Native extension for OSXStandalone target not found
Native extension for WebGL target not found
Refreshing native plugins compatible for Editor in 0.99 ms, found 2 plugins.
[Package Manager] Failed to launch server process. Reason: Unity was launched with the -noUpm command-line argument
[Package Manager] Unable to send message (not connected to server process).
[Package Manager] Cannot connect to Unity Package Manager local server
ScheduleIndexationOnStartup MainProcess:False IndexOnStartup:True
Mono: successfully reloaded assembly
- Finished resetting the current domain, in  0.431 seconds
Domain Reload Profiling: 740ms
	BeginReloadAssembly (72ms)
		ExecutionOrderSort (0ms)
		DisableScriptedObjects (3ms)
		BackupInstance (0ms)
		ReleaseScriptingObjects (0ms)
		CreateAndSetChildDomain (23ms)
	RebuildCommonClasses (16ms)
	RebuildNativeTypeToScriptingClass (6ms)
	initialDomainReloadingComplete (11ms)
	LoadAllAssembliesAndSetupDomain (203ms)
		LoadAssemblies (156ms)
		RebuildTransferFunctionScriptingTraits (0ms)
		AnalyzeDomain (68ms)
			TypeCache.Refresh (7ms)
				TypeCache.ScanAssembly (0ms)
			BuildScriptInfoCaches (58ms)
			ResolveRequiredComponents (1ms)
	FinalizeReload (431ms)
		ReleaseScriptCaches (0ms)
		RebuildScriptCaches (0ms)
		SetupLoadedEditorAssemblies (377ms)
			LogAssemblyErrors (0ms)
			InitializePlatformSupportModulesInManaged (1ms)
			SetLoadedEditorAssemblies (2ms)
			BeforeProcessingInitializeOnLoad (94ms)
			ProcessInitializeOnLoadAttributes (175ms)
			ProcessInitializeOnLoadMethodAttributes (105ms)
			AfterProcessingInitializeOnLoad (1ms)
			EditorAssembliesLoaded (0ms)
		ExecutionOrderSort2 (0ms)
		AwakeInstancesAfterBackupRestoration (1ms)
Refreshing native plugins compatible for Editor in 1.20 ms, found 2 plugins.
Preloading 1 native plugins for Editor in 1.24 ms.
Unloading 43 Unused Serialized files (Serialized files now loaded: 0)
Unloading 5193 unused Assets / (13.6 MB). Loaded Objects now: 6192.
Memory consumption went from 145.4 MB to 131.8 MB.
Total: 8.104834 ms (FindLiveObjects: 0.192709 ms CreateObjectMapping: 0.121041 ms MarkObjects: 6.698792 ms  DeleteObjects: 1.092000 ms)

Prepare: number of updated asset objects reloaded= 0
========================================================================
Received Prepare
Refreshing native plugins compatible for Editor in 1.23 ms, found 2 plugins.
Preloading 1 native plugins for Editor in 1.28 ms.
Unloading 43 Unused Serialized files (Serialized files now loaded: 0)
Unloading 5148 unused Assets / (13.6 MB). Loaded Objects now: 6192.
Memory consumption went from 132.7 MB to 119.0 MB.
Total: 7.921750 ms (FindLiveObjects: 0.186250 ms CreateObjectMapping: 0.077083 ms MarkObjects: 6.501792 ms  DeleteObjects: 1.156083 ms)

Prepare: number of updated asset objects reloaded= 0
========================================================================
Received Prepare
Begin MonoManager ReloadAssembly
[Licensing::Client] Successfully resolved entitlement details
[Licensing::Module] License group:
  Id: F4-85AS-8ZW6-XMRF-425Z-XXXX
  Product: Unity Personal
  Type: ULF
  Expiration: Unlimited
[Licensing::Module] License group:
  Id: 6872810951280-UnityPersXXXX
  Product: Unity Personal
  Type: Assigned
  Expiration: Unlimited
Thread 0x16b737000 may have been prematurely finalized
Symbol file LoadedFromMemory is not a mono symbol file
Symbol file LoadedFromMemory is not a mono symbol file
- Loaded All Assemblies, in  0.343 seconds
Refreshing native plugins compatible for Editor in 1.43 ms, found 2 plugins.
Native extension for OSXStandalone target not found
Native extension for WebGL target not found
Refreshing native plugins compatible for Editor in 1.33 ms, found 2 plugins.
[Package Manager] Failed to launch server process. Reason: Unity was launched with the -noUpm command-line argument
[Package Manager] Unable to send message (not connected to server process).
[Package Manager] Cannot connect to Unity Package Manager local server
ScheduleIndexationOnStartup MainProcess:False IndexOnStartup:True
Mono: successfully reloaded assembly
- Finished resetting the current domain, in  0.432 seconds
Domain Reload Profiling: 776ms
	BeginReloadAssembly (73ms)
		ExecutionOrderSort (0ms)
		DisableScriptedObjects (3ms)
		BackupInstance (0ms)
		ReleaseScriptingObjects (0ms)
		CreateAndSetChildDomain (22ms)
	RebuildCommonClasses (16ms)
	RebuildNativeTypeToScriptingClass (6ms)
	initialDomainReloadingComplete (12ms)
	LoadAllAssembliesAndSetupDomain (237ms)
		LoadAssemblies (189ms)
		RebuildTransferFunctionScriptingTraits (0ms)
		AnalyzeDomain (69ms)
			TypeCache.Refresh (7ms)
				TypeCache.ScanAssembly (0ms)
			BuildScriptInfoCaches (60ms)
			ResolveRequiredComponents (1ms)
	FinalizeReload (432ms)
		ReleaseScriptCaches (0ms)
		RebuildScriptCaches (0ms)
		SetupLoadedEditorAssemblies (377ms)
			LogAssemblyErrors (0ms)
			InitializePlatformSupportModulesInManaged (1ms)
			SetLoadedEditorAssemblies (2ms)
			BeforeProcessingInitializeOnLoad (93ms)
			ProcessInitializeOnLoadAttributes (179ms)
			ProcessInitializeOnLoadMethodAttributes (102ms)
			AfterProcessingInitializeOnLoad (1ms)
			EditorAssembliesLoaded (0ms)
		ExecutionOrderSort2 (0ms)
		AwakeInstancesAfterBackupRestoration (1ms)
Refreshing native plugins compatible for Editor in 1.57 ms, found 2 plugins.
Preloading 1 native plugins for Editor in 1.26 ms.
Unloading 43 Unused Serialized files (Serialized files now loaded: 0)
Unloading 5193 unused Assets / (13.1 MB). Loaded Objects now: 6196.
Memory consumption went from 145.4 MB to 132.3 MB.
Total: 8.039375 ms (FindLiveObjects: 0.216667 ms CreateObjectMapping: 0.092041 ms MarkObjects: 6.571250 ms  DeleteObjects: 1.159209 ms)

Prepare: number of updated asset objects reloaded= 0
========================================================================
Received Prepare
Refreshing native plugins compatible for Editor in 1.44 ms, found 2 plugins.
Preloading 1 native plugins for Editor in 1.22 ms.
Unloading 43 Unused Serialized files (Serialized files now loaded: 0)
Unloading 5148 unused Assets / (13.7 MB). Loaded Objects now: 6196.
Memory consumption went from 132.7 MB to 119.0 MB.
Total: 7.475583 ms (FindLiveObjects: 0.206250 ms CreateObjectMapping: 0.073000 ms MarkObjects: 6.018417 ms  DeleteObjects: 1.177666 ms)

Prepare: number of updated asset objects reloaded= 0
========================================================================
Received Prepare
Begin MonoManager ReloadAssembly
Thread 0x16b737000 may have been prematurely finalized
Symbol file LoadedFromMemory is not a mono symbol file
Symbol file LoadedFromMemory is not a mono symbol file
- Loaded All Assemblies, in  0.328 seconds
Refreshing native plugins compatible for Editor in 1.50 ms, found 2 plugins.
Native extension for OSXStandalone target not found
Native extension for WebGL target not found
Refreshing native plugins compatible for Editor in 1.22 ms, found 2 plugins.
[Package Manager] Failed to launch server process. Reason: Unity was launched with the -noUpm command-line argument
[Package Manager] Unable to send message (not connected to server process).
[Package Manager] Cannot connect to Unity Package Manager local server
ScheduleIndexationOnStartup MainProcess:False IndexOnStartup:True
Mono: successfully reloaded assembly
- Finished resetting the current domain, in  0.431 seconds
Domain Reload Profiling: 760ms
	BeginReloadAssembly (71ms)
		ExecutionOrderSort (0ms)
		DisableScriptedObjects (3ms)
		BackupInstance (0ms)
		ReleaseScriptingObjects (0ms)
		CreateAndSetChildDomain (22ms)
	RebuildCommonClasses (16ms)
	RebuildNativeTypeToScriptingClass (6ms)
	initialDomainReloadingComplete (11ms)
	LoadAllAssembliesAndSetupDomain (225ms)
		LoadAssemblies (178ms)
		RebuildTransferFunctionScriptingTraits (0ms)
		AnalyzeDomain (68ms)
			TypeCache.Refresh (7ms)
				TypeCache.ScanAssembly (0ms)
			BuildScriptInfoCaches (58ms)
			ResolveRequiredComponents (1ms)
	FinalizeReload (431ms)
		ReleaseScriptCaches (0ms)
		RebuildScriptCaches (0ms)
		SetupLoadedEditorAssemblies (375ms)
			LogAssemblyErrors (0ms)
			InitializePlatformSupportModulesInManaged (1ms)
			SetLoadedEditorAssemblies (2ms)
			BeforeProcessingInitializeOnLoad (95ms)
			ProcessInitializeOnLoadAttributes (181ms)
			ProcessInitializeOnLoadMethodAttributes (96ms)
			AfterProcessingInitializeOnLoad (1ms)
			EditorAssembliesLoaded (0ms)
		ExecutionOrderSort2 (0ms)
		AwakeInstancesAfterBackupRestoration (1ms)
Refreshing native plugins compatible for Editor in 1.20 ms, found 2 plugins.
Preloading 1 native plugins for Editor in 1.24 ms.
Unloading 43 Unused Serialized files (Serialized files now loaded: 0)
Unloading 5193 unused Assets / (13.8 MB). Loaded Objects now: 6200.
Memory consumption went from 145.5 MB to 131.6 MB.
Total: 7.700625 ms (FindLiveObjects: 0.201459 ms CreateObjectMapping: 0.087458 ms MarkObjects: 6.279291 ms  DeleteObjects: 1.132042 ms)

Prepare: number of updated asset objects reloaded= 0
========================================================================
Received Prepare
Refreshing native plugins compatible for Editor in 1.32 ms, found 2 plugins.
Preloading 1 native plugins for Editor in 1.22 ms.
Unloading 43 Unused Serialized files (Serialized files now loaded: 0)
Unloading 5148 unused Assets / (13.8 MB). Loaded Objects now: 6200.
Memory consumption went from 132.7 MB to 118.8 MB.
Total: 7.838416 ms (FindLiveObjects: 0.200125 ms CreateObjectMapping: 0.078500 ms MarkObjects: 6.299792 ms  DeleteObjects: 1.259625 ms)

Prepare: number of updated asset objects reloaded= 0
========================================================================
Received Prepare
Begin MonoManager ReloadAssembly
Thread 0x16b737000 may have been prematurely finalized
Symbol file LoadedFromMemory is not a mono symbol file
Symbol file LoadedFromMemory is not a mono symbol file
- Loaded All Assemblies, in  0.305 seconds
Refreshing native plugins compatible for Editor in 1.14 ms, found 2 plugins.
Native extension for OSXStandalone target not found
Native extension for WebGL target not found
Refreshing native plugins compatible for Editor in 1.55 ms, found 2 plugins.
[Package Manager] Failed to launch server process. Reason: Unity was launched with the -noUpm command-line argument
[Package Manager] Unable to send message (not connected to server process).
[Package Manager] Cannot connect to Unity Package Manager local server
ScheduleIndexationOnStartup MainProcess:False IndexOnStartup:True
Mono: successfully reloaded assembly
- Finished resetting the current domain, in  0.426 seconds
Domain Reload Profiling: 733ms
	BeginReloadAssembly (72ms)
		ExecutionOrderSort (0ms)
		DisableScriptedObjects (3ms)
		BackupInstance (0ms)
		ReleaseScriptingObjects (0ms)
		CreateAndSetChildDomain (22ms)
	RebuildCommonClasses (16ms)
	RebuildNativeTypeToScriptingClass (6ms)
	initialDomainReloadingComplete (12ms)
	LoadAllAssembliesAndSetupDomain (201ms)
		LoadAssemblies (157ms)
		RebuildTransferFunctionScriptingTraits (0ms)
		AnalyzeDomain (66ms)
			TypeCache.Refresh (5ms)
				TypeCache.ScanAssembly (0ms)
			BuildScriptInfoCaches (58ms)
			ResolveRequiredComponents (1ms)
	FinalizeReload (427ms)
		ReleaseScriptCaches (0ms)
		RebuildScriptCaches (0ms)
		SetupLoadedEditorAssemblies (371ms)
			LogAssemblyErrors (0ms)
			InitializePlatformSupportModulesInManaged (1ms)
			SetLoadedEditorAssemblies (2ms)
			BeforeProcessingInitializeOnLoad (91ms)
			ProcessInitializeOnLoadAttributes (175ms)
			ProcessInitializeOnLoadMethodAttributes (102ms)
			AfterProcessingInitializeOnLoad (1ms)
			EditorAssembliesLoaded (0ms)
		ExecutionOrderSort2 (0ms)
		AwakeInstancesAfterBackupRestoration (1ms)
Refreshing native plugins compatible for Editor in 1.57 ms, found 2 plugins.
Preloading 1 native plugins for Editor in 1.31 ms.
Unloading 43 Unused Serialized files (Serialized files now loaded: 0)
Unloading 5193 unused Assets / (13.3 MB). Loaded Objects now: 6204.
Memory consumption went from 145.5 MB to 132.1 MB.
Total: 8.281542 ms (FindLiveObjects: 0.206917 ms CreateObjectMapping: 0.076833 ms MarkObjects: 6.652834 ms  DeleteObjects: 1.344708 ms)

Prepare: number of updated asset objects reloaded= 0
========================================================================
Received Prepare
Refreshing native plugins compatible for Editor in 1.53 ms, found 2 plugins.
Preloading 1 native plugins for Editor in 1.23 ms.
Unloading 43 Unused Serialized files (Serialized files now loaded: 0)
Unloading 5148 unused Assets / (13.8 MB). Loaded Objects now: 6204.
Memory consumption went from 132.7 MB to 118.8 MB.
Total: 7.871042 ms (FindLiveObjects: 0.202333 ms CreateObjectMapping: 0.080667 ms MarkObjects: 6.308333 ms  DeleteObjects: 1.279500 ms)

Prepare: number of updated asset objects reloaded= 0
========================================================================
Received Prepare
Begin MonoManager ReloadAssembly
Thread 0x16b737000 may have been prematurely finalized
Symbol file LoadedFromMemory is not a mono symbol file
Symbol file LoadedFromMemory is not a mono symbol file
- Loaded All Assemblies, in  0.317 seconds
Refreshing native plugins compatible for Editor in 1.27 ms, found 2 plugins.
Native extension for OSXStandalone target not found
Native extension for WebGL target not found
Refreshing native plugins compatible for Editor in 1.13 ms, found 2 plugins.
[Package Manager] Failed to launch server process. Reason: Unity was launched with the -noUpm command-line argument
[Package Manager] Unable to send message (not connected to server process).
[Package Manager] Cannot connect to Unity Package Manager local server
ScheduleIndexationOnStartup MainProcess:False IndexOnStartup:True
Mono: successfully reloaded assembly
- Finished resetting the current domain, in  0.449 seconds
Domain Reload Profiling: 768ms
	BeginReloadAssembly (72ms)
		ExecutionOrderSort (0ms)
		DisableScriptedObjects (3ms)
		BackupInstance (0ms)
		ReleaseScriptingObjects (0ms)
		CreateAndSetChildDomain (22ms)
	RebuildCommonClasses (16ms)
	RebuildNativeTypeToScriptingClass (6ms)
	initialDomainReloadingComplete (12ms)
	LoadAllAssembliesAndSetupDomain (213ms)
		LoadAssemblies (167ms)
		RebuildTransferFunctionScriptingTraits (0ms)
		AnalyzeDomain (67ms)
			TypeCache.Refresh (7ms)
				TypeCache.ScanAssembly (0ms)
			BuildScriptInfoCaches (57ms)
			ResolveRequiredComponents (1ms)
	FinalizeReload (449ms)
		ReleaseScriptCaches (0ms)
		RebuildScriptCaches (0ms)
		SetupLoadedEditorAssemblies (393ms)
			LogAssemblyErrors (0ms)
			InitializePlatformSupportModulesInManaged (1ms)
			SetLoadedEditorAssemblies (2ms)
			BeforeProcessingInitializeOnLoad (94ms)
			ProcessInitializeOnLoadAttributes (192ms)
			ProcessInitializeOnLoadMethodAttributes (104ms)
			AfterProcessingInitializeOnLoad (0ms)
			EditorAssembliesLoaded (0ms)
		ExecutionOrderSort2 (0ms)
		AwakeInstancesAfterBackupRestoration (1ms)
Refreshing native plugins compatible for Editor in 1.26 ms, found 2 plugins.
Preloading 1 native plugins for Editor in 1.22 ms.
Unloading 43 Unused Serialized files (Serialized files now loaded: 0)
Unloading 5193 unused Assets / (13.2 MB). Loaded Objects now: 6208.
Memory consumption went from 145.5 MB to 132.3 MB.
Total: 8.071750 ms (FindLiveObjects: 0.199084 ms CreateObjectMapping: 0.080625 ms MarkObjects: 6.567041 ms  DeleteObjects: 1.224959 ms)

Prepare: number of updated asset objects reloaded= 0
========================================================================
Received Prepare
Refreshing native plugins compatible for Editor in 1.06 ms, found 2 plugins.
Preloading 1 native plugins for Editor in 1.16 ms.
Unloading 43 Unused Serialized files (Serialized files now loaded: 0)
Unloading 5148 unused Assets / (13.3 MB). Loaded Objects now: 6208.
Memory consumption went from 132.7 MB to 119.4 MB.
Total: 7.920334 ms (FindLiveObjects: 0.206833 ms CreateObjectMapping: 0.081042 ms MarkObjects: 6.488791 ms  DeleteObjects: 1.143584 ms)

Prepare: number of updated asset objects reloaded= 0
========================================================================
Received Prepare
Refreshing native plugins compatible for Editor in 1.55 ms, found 2 plugins.
Preloading 1 native plugins for Editor in 1.18 ms.
Unloading 43 Unused Serialized files (Serialized files now loaded: 0)
Unloading 5148 unused Assets / (13.7 MB). Loaded Objects now: 6208.
Memory consumption went from 132.7 MB to 119.0 MB.
Total: 7.464084 ms (FindLiveObjects: 0.195333 ms CreateObjectMapping: 0.075584 ms MarkObjects: 6.013958 ms  DeleteObjects: 1.178959 ms)

Prepare: number of updated asset objects reloaded= 0
========================================================================
Received Prepare
Refreshing native plugins compatible for Editor in 1.37 ms, found 2 plugins.
Preloading 1 native plugins for Editor in 1.16 ms.
Unloading 43 Unused Serialized files (Serialized files now loaded: 0)
Unloading 5148 unused Assets / (13.6 MB). Loaded Objects now: 6208.
Memory consumption went from 132.7 MB to 119.1 MB.
Total: 7.642000 ms (FindLiveObjects: 0.181208 ms CreateObjectMapping: 0.075250 ms MarkObjects: 6.272583 ms  DeleteObjects: 1.112667 ms)

Prepare: number of updated asset objects reloaded= 0
========================================================================
Received Prepare
Refreshing native plugins compatible for Editor in 1.53 ms, found 2 plugins.
Preloading 1 native plugins for Editor in 1.21 ms.
Unloading 43 Unused Serialized files (Serialized files now loaded: 0)
Unloading 5148 unused Assets / (12.8 MB). Loaded Objects now: 6208.
Memory consumption went from 132.7 MB to 119.9 MB.
Total: 8.369083 ms (FindLiveObjects: 0.199584 ms CreateObjectMapping: 0.082333 ms MarkObjects: 6.904583 ms  DeleteObjects: 1.182542 ms)

Prepare: number of updated asset objects reloaded= 0
========================================================================
Received Prepare
Refreshing native plugins compatible for Editor in 1.40 ms, found 2 plugins.
Preloading 1 native plugins for Editor in 1.16 ms.
Unloading 43 Unused Serialized files (Serialized files now loaded: 0)
Unloading 5148 unused Assets / (13.6 MB). Loaded Objects now: 6208.
Memory consumption went from 132.7 MB to 119.1 MB.
Total: 7.494125 ms (FindLiveObjects: 0.231417 ms CreateObjectMapping: 0.083958 ms MarkObjects: 5.991917 ms  DeleteObjects: 1.186541 ms)

Prepare: number of updated asset objects reloaded= 0
========================================================================
Received Prepare
Refreshing native plugins compatible for Editor in 1.49 ms, found 2 plugins.
Preloading 1 native plugins for Editor in 1.18 ms.
Unloading 43 Unused Serialized files (Serialized files now loaded: 0)
Unloading 5148 unused Assets / (13.7 MB). Loaded Objects now: 6208.
Memory consumption went from 132.7 MB to 119.0 MB.
Total: 7.827792 ms (FindLiveObjects: 0.202167 ms CreateObjectMapping: 0.080125 ms MarkObjects: 6.351250 ms  DeleteObjects: 1.194042 ms)

Prepare: number of updated asset objects reloaded= 0
========================================================================
Received Prepare
Refreshing native plugins compatible for Editor in 1.51 ms, found 2 plugins.
Preloading 1 native plugins for Editor in 1.20 ms.
Unloading 43 Unused Serialized files (Serialized files now loaded: 0)
Unloading 5148 unused Assets / (13.7 MB). Loaded Objects now: 6208.
Memory consumption went from 132.7 MB to 119.0 MB.
Total: 7.722959 ms (FindLiveObjects: 0.203291 ms CreateObjectMapping: 0.090709 ms MarkObjects: 6.239208 ms  DeleteObjects: 1.189583 ms)

Prepare: number of updated asset objects reloaded= 0
========================================================================
Received Prepare
Refreshing native plugins compatible for Editor in 1.37 ms, found 2 plugins.
Preloading 1 native plugins for Editor in 1.18 ms.
Unloading 43 Unused Serialized files (Serialized files now loaded: 0)
Unloading 5148 unused Assets / (13.7 MB). Loaded Objects now: 6208.
Memory consumption went from 132.7 MB to 119.0 MB.
Total: 7.422459 ms (FindLiveObjects: 0.195458 ms CreateObjectMapping: 0.068250 ms MarkObjects: 5.992583 ms  DeleteObjects: 1.166042 ms)

Prepare: number of updated asset objects reloaded= 0
========================================================================
Received Prepare
Refreshing native plugins compatible for Editor in 1.53 ms, found 2 plugins.
Preloading 1 native plugins for Editor in 1.18 ms.
Unloading 43 Unused Serialized files (Serialized files now loaded: 0)
Unloading 5148 unused Assets / (13.6 MB). Loaded Objects now: 6208.
Memory consumption went from 132.7 MB to 119.1 MB.
Total: 7.494584 ms (FindLiveObjects: 0.203375 ms CreateObjectMapping: 0.072750 ms MarkObjects: 6.042417 ms  DeleteObjects: 1.175917 ms)

Prepare: number of updated asset objects reloaded= 0
========================================================================
Received Prepare
Refreshing native plugins compatible for Editor in 1.24 ms, found 2 plugins.
Preloading 1 native plugins for Editor in 1.18 ms.
Unloading 43 Unused Serialized files (Serialized files now loaded: 0)
Unloading 5148 unused Assets / (13.7 MB). Loaded Objects now: 6208.
Memory consumption went from 132.7 MB to 119.0 MB.
Total: 7.581292 ms (FindLiveObjects: 0.198125 ms CreateObjectMapping: 0.086791 ms MarkObjects: 6.091875 ms  DeleteObjects: 1.204375 ms)

Prepare: number of updated asset objects reloaded= 0
========================================================================
Received Prepare
Refreshing native plugins compatible for Editor in 1.48 ms, found 2 plugins.
Preloading 1 native plugins for Editor in 1.17 ms.
Unloading 43 Unused Serialized files (Serialized files now loaded: 0)
Unloading 5148 unused Assets / (13.6 MB). Loaded Objects now: 6208.
Memory consumption went from 132.7 MB to 119.1 MB.
Total: 7.472792 ms (FindLiveObjects: 0.200292 ms CreateObjectMapping: 0.072541 ms MarkObjects: 6.039375 ms  DeleteObjects: 1.160250 ms)

Prepare: number of updated asset objects reloaded= 0
========================================================================
Received Prepare
Refreshing native plugins compatible for Editor in 1.29 ms, found 2 plugins.
Preloading 1 native plugins for Editor in 1.16 ms.
Unloading 43 Unused Serialized files (Serialized files now loaded: 0)
Unloading 5148 unused Assets / (13.9 MB). Loaded Objects now: 6208.
Memory consumption went from 132.7 MB to 118.8 MB.
Total: 7.665000 ms (FindLiveObjects: 0.199125 ms CreateObjectMapping: 0.078958 ms MarkObjects: 6.139792 ms  DeleteObjects: 1.246875 ms)

Prepare: number of updated asset objects reloaded= 0
========================================================================
Received Prepare
Begin MonoManager ReloadAssembly
[Licensing::Client] Successfully resolved entitlement details
[Licensing::Module] License group:
  Id: F4-85AS-8ZW6-XMRF-425Z-XXXX
  Product: Unity Personal
  Type: ULF
  Expiration: Unlimited
[Licensing::Module] License group:
  Id: 6872810951280-UnityPersXXXX
  Product: Unity Personal
  Type: Assigned
  Expiration: Unlimited
Thread 0x16b737000 may have been prematurely finalized
Symbol file LoadedFromMemory is not a mono symbol file
Symbol file LoadedFromMemory is not a mono symbol file
- Loaded All Assemblies, in  0.334 seconds
Refreshing native plugins compatible for Editor in 1.42 ms, found 2 plugins.
Native extension for OSXStandalone target not found
Native extension for WebGL target not found
Refreshing native plugins compatible for Editor in 1.44 ms, found 2 plugins.
[Package Manager] Failed to launch server process. Reason: Unity was launched with the -noUpm command-line argument
[Package Manager] Unable to send message (not connected to server process).
[Package Manager] Cannot connect to Unity Package Manager local server
ScheduleIndexationOnStartup MainProcess:False IndexOnStartup:True
Mono: successfully reloaded assembly
- Finished resetting the current domain, in  0.427 seconds
Domain Reload Profiling: 762ms
	BeginReloadAssembly (74ms)
		ExecutionOrderSort (0ms)
		DisableScriptedObjects (3ms)
		BackupInstance (0ms)
		ReleaseScriptingObjects (0ms)
		CreateAndSetChildDomain (23ms)
	RebuildCommonClasses (15ms)
	RebuildNativeTypeToScriptingClass (6ms)
	initialDomainReloadingComplete (11ms)
	LoadAllAssembliesAndSetupDomain (228ms)
		LoadAssemblies (181ms)
		RebuildTransferFunctionScriptingTraits (0ms)
		AnalyzeDomain (69ms)
			TypeCache.Refresh (7ms)
				TypeCache.ScanAssembly (0ms)
			BuildScriptInfoCaches (60ms)
			ResolveRequiredComponents (1ms)
	FinalizeReload (427ms)
		ReleaseScriptCaches (0ms)
		RebuildScriptCaches (0ms)
		SetupLoadedEditorAssemblies (373ms)
			LogAssemblyErrors (0ms)
			InitializePlatformSupportModulesInManaged (1ms)
			SetLoadedEditorAssemblies (2ms)
			BeforeProcessingInitializeOnLoad (92ms)
			ProcessInitializeOnLoadAttributes (175ms)
			ProcessInitializeOnLoadMethodAttributes (103ms)
			AfterProcessingInitializeOnLoad (1ms)
			EditorAssembliesLoaded (0ms)
		ExecutionOrderSort2 (0ms)
		AwakeInstancesAfterBackupRestoration (1ms)
Refreshing native plugins compatible for Editor in 1.20 ms, found 2 plugins.
Preloading 1 native plugins for Editor in 1.22 ms.
Unloading 43 Unused Serialized files (Serialized files now loaded: 0)
Unloading 5193 unused Assets / (13.6 MB). Loaded Objects now: 6212.
Memory consumption went from 145.5 MB to 131.9 MB.
Total: 7.662125 ms (FindLiveObjects: 0.201250 ms CreateObjectMapping: 0.080917 ms MarkObjects: 6.205708 ms  DeleteObjects: 1.174167 ms)

Prepare: number of updated asset objects reloaded= 0
========================================================================
Received Prepare
Refreshing native plugins compatible for Editor in 1.55 ms, found 2 plugins.
Preloading 1 native plugins for Editor in 1.22 ms.
Unloading 43 Unused Serialized files (Serialized files now loaded: 0)
Unloading 5148 unused Assets / (13.6 MB). Loaded Objects now: 6212.
Memory consumption went from 132.7 MB to 119.1 MB.
Total: 7.493250 ms (FindLiveObjects: 0.199916 ms CreateObjectMapping: 0.070584 ms MarkObjects: 6.052333 ms  DeleteObjects: 1.170375 ms)

Prepare: number of updated asset objects reloaded= 0
========================================================================
Received Prepare
Begin MonoManager ReloadAssembly
Thread 0x16b737000 may have been prematurely finalized
Symbol file LoadedFromMemory is not a mono symbol file
Symbol file LoadedFromMemory is not a mono symbol file
- Loaded All Assemblies, in  0.348 seconds
Refreshing native plugins compatible for Editor in 0.96 ms, found 2 plugins.
Native extension for OSXStandalone target not found
Native extension for WebGL target not found
Refreshing native plugins compatible for Editor in 1.04 ms, found 2 plugins.
[Package Manager] Failed to launch server process. Reason: Unity was launched with the -noUpm command-line argument
[Package Manager] Unable to send message (not connected to server process).
[Package Manager] Cannot connect to Unity Package Manager local server
ScheduleIndexationOnStartup MainProcess:False IndexOnStartup:True
Mono: successfully reloaded assembly
- Finished resetting the current domain, in  0.440 seconds
Domain Reload Profiling: 789ms
	BeginReloadAssembly (85ms)
		ExecutionOrderSort (0ms)
		DisableScriptedObjects (3ms)
		BackupInstance (0ms)
		ReleaseScriptingObjects (0ms)
		CreateAndSetChildDomain (33ms)
	RebuildCommonClasses (16ms)
	RebuildNativeTypeToScriptingClass (6ms)
	initialDomainReloadingComplete (11ms)
	LoadAllAssembliesAndSetupDomain (230ms)
		LoadAssemblies (166ms)
		RebuildTransferFunctionScriptingTraits (0ms)
		AnalyzeDomain (85ms)
			TypeCache.Refresh (7ms)
				TypeCache.ScanAssembly (0ms)
			BuildScriptInfoCaches (74ms)
			ResolveRequiredComponents (1ms)
	FinalizeReload (440ms)
		ReleaseScriptCaches (0ms)
		RebuildScriptCaches (0ms)
		SetupLoadedEditorAssemblies (384ms)
			LogAssemblyErrors (0ms)
			InitializePlatformSupportModulesInManaged (1ms)
			SetLoadedEditorAssemblies (2ms)
			BeforeProcessingInitializeOnLoad (97ms)
			ProcessInitializeOnLoadAttributes (185ms)
			ProcessInitializeOnLoadMethodAttributes (99ms)
			AfterProcessingInitializeOnLoad (0ms)
			EditorAssembliesLoaded (0ms)
		ExecutionOrderSort2 (0ms)
		AwakeInstancesAfterBackupRestoration (1ms)
Refreshing native plugins compatible for Editor in 1.40 ms, found 2 plugins.
Preloading 1 native plugins for Editor in 1.18 ms.
Unloading 43 Unused Serialized files (Serialized files now loaded: 0)
Unloading 5193 unused Assets / (13.5 MB). Loaded Objects now: 6216.
Memory consumption went from 145.5 MB to 132.0 MB.
Total: 7.701042 ms (FindLiveObjects: 0.203667 ms CreateObjectMapping: 0.070250 ms MarkObjects: 6.254166 ms  DeleteObjects: 1.172625 ms)

Prepare: number of updated asset objects reloaded= 0
========================================================================
Received Prepare
Refreshing native plugins compatible for Editor in 1.01 ms, found 2 plugins.
Preloading 1 native plugins for Editor in 1.18 ms.
Unloading 43 Unused Serialized files (Serialized files now loaded: 0)
Unloading 5148 unused Assets / (13.7 MB). Loaded Objects now: 6216.
Memory consumption went from 132.7 MB to 119.0 MB.
Total: 7.769417 ms (FindLiveObjects: 0.187292 ms CreateObjectMapping: 0.071625 ms MarkObjects: 6.279667 ms  DeleteObjects: 1.230667 ms)

Prepare: number of updated asset objects reloaded= 0
========================================================================
Received Prepare
Refreshing native plugins compatible for Editor in 1.54 ms, found 2 plugins.
Preloading 1 native plugins for Editor in 1.19 ms.
Unloading 43 Unused Serialized files (Serialized files now loaded: 0)
Unloading 5148 unused Assets / (13.6 MB). Loaded Objects now: 6216.
Memory consumption went from 132.7 MB to 119.1 MB.
Total: 7.615208 ms (FindLiveObjects: 0.204125 ms CreateObjectMapping: 0.082833 ms MarkObjects: 6.171417 ms  DeleteObjects: 1.156667 ms)

Prepare: number of updated asset objects reloaded= 0
========================================================================
Received Prepare
Refreshing native plugins compatible for Editor in 1.46 ms, found 2 plugins.
Preloading 1 native plugins for Editor in 1.20 ms.
Unloading 43 Unused Serialized files (Serialized files now loaded: 0)
Unloading 5148 unused Assets / (13.2 MB). Loaded Objects now: 6216.
Memory consumption went from 132.7 MB to 119.5 MB.
Total: 7.663333 ms (FindLiveObjects: 0.200125 ms CreateObjectMapping: 0.082458 ms MarkObjects: 6.199333 ms  DeleteObjects: 1.181250 ms)

Prepare: number of updated asset objects reloaded= 0
========================================================================
Received Prepare
Refreshing native plugins compatible for Editor in 1.53 ms, found 2 plugins.
Preloading 1 native plugins for Editor in 1.22 ms.
Unloading 43 Unused Serialized files (Serialized files now loaded: 0)
Unloading 5148 unused Assets / (13.6 MB). Loaded Objects now: 6216.
Memory consumption went from 132.7 MB to 119.1 MB.
Total: 7.395666 ms (FindLiveObjects: 0.198875 ms CreateObjectMapping: 0.078000 ms MarkObjects: 5.966417 ms  DeleteObjects: 1.152000 ms)

Prepare: number of updated asset objects reloaded= 0
========================================================================
Received Prepare
Refreshing native plugins compatible for Editor in 1.48 ms, found 2 plugins.
Preloading 1 native plugins for Editor in 1.19 ms.
Unloading 43 Unused Serialized files (Serialized files now loaded: 0)
Unloading 5148 unused Assets / (13.7 MB). Loaded Objects now: 6216.
Memory consumption went from 132.7 MB to 119.0 MB.
Total: 7.575541 ms (FindLiveObjects: 0.200916 ms CreateObjectMapping: 0.077584 ms MarkObjects: 6.093417 ms  DeleteObjects: 1.203416 ms)

Prepare: number of updated asset objects reloaded= 0
========================================================================
Received Prepare
Refreshing native plugins compatible for Editor in 1.58 ms, found 2 plugins.
Preloading 1 native plugins for Editor in 1.20 ms.
Unloading 43 Unused Serialized files (Serialized files now loaded: 0)
Unloading 5148 unused Assets / (13.7 MB). Loaded Objects now: 6216.
Memory consumption went from 132.7 MB to 119.0 MB.
Total: 7.755500 ms (FindLiveObjects: 0.200833 ms CreateObjectMapping: 0.082417 ms MarkObjects: 6.204708 ms  DeleteObjects: 1.267291 ms)

Prepare: number of updated asset objects reloaded= 0
========================================================================
Received Prepare
Begin MonoManager ReloadAssembly
Thread 0x16b737000 may have been prematurely finalized
Symbol file LoadedFromMemory is not a mono symbol file
Symbol file LoadedFromMemory is not a mono symbol file
- Loaded All Assemblies, in  0.318 seconds
Refreshing native plugins compatible for Editor in 1.06 ms, found 2 plugins.
Native extension for OSXStandalone target not found
Native extension for WebGL target not found
Refreshing native plugins compatible for Editor in 1.59 ms, found 2 plugins.
[Package Manager] Failed to launch server process. Reason: Unity was launched with the -noUpm command-line argument
[Package Manager] Unable to send message (not connected to server process).
[Package Manager] Cannot connect to Unity Package Manager local server
ScheduleIndexationOnStartup MainProcess:False IndexOnStartup:True
Mono: successfully reloaded assembly
- Finished resetting the current domain, in  0.452 seconds
Domain Reload Profiling: 771ms
	BeginReloadAssembly (73ms)
		ExecutionOrderSort (0ms)
		DisableScriptedObjects (3ms)
		BackupInstance (0ms)
		ReleaseScriptingObjects (0ms)
		CreateAndSetChildDomain (23ms)
	RebuildCommonClasses (16ms)
	RebuildNativeTypeToScriptingClass (6ms)
	initialDomainReloadingComplete (13ms)
	LoadAllAssembliesAndSetupDomain (212ms)
		LoadAssemblies (165ms)
		RebuildTransferFunctionScriptingTraits (0ms)
		AnalyzeDomain (70ms)
			TypeCache.Refresh (7ms)
				TypeCache.ScanAssembly (0ms)
			BuildScriptInfoCaches (59ms)
			ResolveRequiredComponents (1ms)
	FinalizeReload (452ms)
		ReleaseScriptCaches (0ms)
		RebuildScriptCaches (0ms)
		SetupLoadedEditorAssemblies (397ms)
			LogAssemblyErrors (0ms)
			InitializePlatformSupportModulesInManaged (1ms)
			SetLoadedEditorAssemblies (2ms)
			BeforeProcessingInitializeOnLoad (97ms)
			ProcessInitializeOnLoadAttributes (178ms)
			ProcessInitializeOnLoadMethodAttributes (118ms)
			AfterProcessingInitializeOnLoad (0ms)
			EditorAssembliesLoaded (0ms)
		ExecutionOrderSort2 (0ms)
		AwakeInstancesAfterBackupRestoration (1ms)
Refreshing native plugins compatible for Editor in 1.24 ms, found 2 plugins.
Preloading 1 native plugins for Editor in 1.21 ms.
Unloading 43 Unused Serialized files (Serialized files now loaded: 0)
Unloading 5193 unused Assets / (13.4 MB). Loaded Objects now: 6220.
Memory consumption went from 145.5 MB to 132.1 MB.
Total: 8.237000 ms (FindLiveObjects: 0.204833 ms CreateObjectMapping: 0.077917 ms MarkObjects: 6.809458 ms  DeleteObjects: 1.144459 ms)

Prepare: number of updated asset objects reloaded= 0
========================================================================
Received Prepare
Refreshing native plugins compatible for Editor in 1.03 ms, found 2 plugins.
Preloading 1 native plugins for Editor in 1.20 ms.
Unloading 43 Unused Serialized files (Serialized files now loaded: 0)
Unloading 5148 unused Assets / (13.3 MB). Loaded Objects now: 6220.
Memory consumption went from 132.7 MB to 119.4 MB.
Total: 7.588208 ms (FindLiveObjects: 0.190667 ms CreateObjectMapping: 0.072167 ms MarkObjects: 6.232583 ms  DeleteObjects: 1.092542 ms)

Prepare: number of updated asset objects reloaded= 0
========================================================================
Received Prepare
Refreshing native plugins compatible for Editor in 1.59 ms, found 2 plugins.
Preloading 1 native plugins for Editor in 1.21 ms.
Unloading 43 Unused Serialized files (Serialized files now loaded: 0)
Unloading 5148 unused Assets / (12.9 MB). Loaded Objects now: 6220.
Memory consumption went from 132.7 MB to 119.9 MB.
Total: 7.658250 ms (FindLiveObjects: 0.201458 ms CreateObjectMapping: 0.074000 ms MarkObjects: 6.227709 ms  DeleteObjects: 1.154875 ms)

Prepare: number of updated asset objects reloaded= 0
========================================================================
Received Prepare
Refreshing native plugins compatible for Editor in 1.66 ms, found 2 plugins.
Preloading 1 native plugins for Editor in 1.24 ms.
Unloading 43 Unused Serialized files (Serialized files now loaded: 0)
Unloading 5148 unused Assets / (12.9 MB). Loaded Objects now: 6220.
Memory consumption went from 132.7 MB to 119.8 MB.
Total: 8.071208 ms (FindLiveObjects: 0.198583 ms CreateObjectMapping: 0.077833 ms MarkObjects: 6.592250 ms  DeleteObjects: 1.202375 ms)

Prepare: number of updated asset objects reloaded= 0
========================================================================
Received Prepare
Refreshing native plugins compatible for Editor in 1.42 ms, found 2 plugins.
Preloading 1 native plugins for Editor in 1.19 ms.
Unloading 43 Unused Serialized files (Serialized files now loaded: 0)
Unloading 5148 unused Assets / (13.7 MB). Loaded Objects now: 6220.
Memory consumption went from 132.7 MB to 119.1 MB.
Total: 7.648167 ms (FindLiveObjects: 0.203250 ms CreateObjectMapping: 0.078417 ms MarkObjects: 6.157500 ms  DeleteObjects: 1.208708 ms)

Prepare: number of updated asset objects reloaded= 0
========================================================================
Received Prepare
Refreshing native plugins compatible for Editor in 1.53 ms, found 2 plugins.
Preloading 1 native plugins for Editor in 1.23 ms.
Unloading 43 Unused Serialized files (Serialized files now loaded: 0)
Unloading 5148 unused Assets / (13.8 MB). Loaded Objects now: 6220.
Memory consumption went from 132.7 MB to 118.9 MB.
Total: 7.743792 ms (FindLiveObjects: 0.200917 ms CreateObjectMapping: 0.077750 ms MarkObjects: 6.253375 ms  DeleteObjects: 1.211584 ms)

Prepare: number of updated asset objects reloaded= 0
========================================================================
Received Prepare
Refreshing native plugins compatible for Editor in 1.44 ms, found 2 plugins.
Preloading 1 native plugins for Editor in 1.21 ms.
Unloading 43 Unused Serialized files (Serialized files now loaded: 0)
Unloading 5148 unused Assets / (11.8 MB). Loaded Objects now: 6220.
Memory consumption went from 132.7 MB to 120.9 MB.
Total: 7.636250 ms (FindLiveObjects: 0.201708 ms CreateObjectMapping: 0.078500 ms MarkObjects: 6.322250 ms  DeleteObjects: 1.033667 ms)

Prepare: number of updated asset objects reloaded= 0
========================================================================
Received Prepare
Begin MonoManager ReloadAssembly
Thread 0x16b737000 may have been prematurely finalized
Symbol file LoadedFromMemory is not a mono symbol file
Symbol file LoadedFromMemory is not a mono symbol file
- Loaded All Assemblies, in  0.332 seconds
Refreshing native plugins compatible for Editor in 1.60 ms, found 2 plugins.
Native extension for OSXStandalone target not found
Native extension for WebGL target not found
Refreshing native plugins compatible for Editor in 1.46 ms, found 2 plugins.
[Package Manager] Failed to launch server process. Reason: Unity was launched with the -noUpm command-line argument
[Package Manager] Unable to send message (not connected to server process).
[Package Manager] Cannot connect to Unity Package Manager local server
ScheduleIndexationOnStartup MainProcess:False IndexOnStartup:True
Mono: successfully reloaded assembly
- Finished resetting the current domain, in  0.445 seconds
Domain Reload Profiling: 781ms
	BeginReloadAssembly (73ms)
		ExecutionOrderSort (0ms)
		DisableScriptedObjects (3ms)
		BackupInstance (0ms)
		ReleaseScriptingObjects (0ms)
		CreateAndSetChildDomain (22ms)
	RebuildCommonClasses (16ms)
	RebuildNativeTypeToScriptingClass (6ms)
	initialDomainReloadingComplete (12ms)
	LoadAllAssembliesAndSetupDomain (227ms)
		LoadAssemblies (176ms)
		RebuildTransferFunctionScriptingTraits (0ms)
		AnalyzeDomain (74ms)
			TypeCache.Refresh (7ms)
				TypeCache.ScanAssembly (0ms)
			BuildScriptInfoCaches (63ms)
			ResolveRequiredComponents (1ms)
	FinalizeReload (448ms)
		ReleaseScriptCaches (0ms)
		RebuildScriptCaches (0ms)
		SetupLoadedEditorAssemblies (388ms)
			LogAssemblyErrors (0ms)
			InitializePlatformSupportModulesInManaged (1ms)
			SetLoadedEditorAssemblies (2ms)
			BeforeProcessingInitializeOnLoad (98ms)
			ProcessInitializeOnLoadAttributes (184ms)
			ProcessInitializeOnLoadMethodAttributes (103ms)
			AfterProcessingInitializeOnLoad (0ms)
			EditorAssembliesLoaded (0ms)
		ExecutionOrderSort2 (0ms)
		AwakeInstancesAfterBackupRestoration (1ms)
Refreshing native plugins compatible for Editor in 1.26 ms, found 2 plugins.
Preloading 1 native plugins for Editor in 1.24 ms.
Unloading 43 Unused Serialized files (Serialized files now loaded: 0)
Unloading 5193 unused Assets / (11.3 MB). Loaded Objects now: 6224.
Memory consumption went from 145.5 MB to 134.2 MB.
Total: 9.455458 ms (FindLiveObjects: 0.447084 ms CreateObjectMapping: 0.116750 ms MarkObjects: 7.685959 ms  DeleteObjects: 1.205208 ms)

Prepare: number of updated asset objects reloaded= 0
========================================================================
Received Prepare
Refreshing native plugins compatible for Editor in 1.44 ms, found 2 plugins.
Preloading 1 native plugins for Editor in 1.23 ms.
Unloading 43 Unused Serialized files (Serialized files now loaded: 0)
Unloading 5148 unused Assets / (13.5 MB). Loaded Objects now: 6224.
Memory consumption went from 132.7 MB to 119.2 MB.
Total: 7.972542 ms (FindLiveObjects: 0.200333 ms CreateObjectMapping: 0.149542 ms MarkObjects: 6.467542 ms  DeleteObjects: 1.154958 ms)

Prepare: number of updated asset objects reloaded= 0
========================================================================
Received Prepare
Begin MonoManager ReloadAssembly
Thread 0x16b737000 may have been prematurely finalized
Symbol file LoadedFromMemory is not a mono symbol file
Symbol file LoadedFromMemory is not a mono symbol file
- Loaded All Assemblies, in  0.333 seconds
Refreshing native plugins compatible for Editor in 1.14 ms, found 2 plugins.
Native extension for OSXStandalone target not found
Native extension for WebGL target not found
Refreshing native plugins compatible for Editor in 1.09 ms, found 2 plugins.
[Package Manager] Failed to launch server process. Reason: Unity was launched with the -noUpm command-line argument
[Package Manager] Unable to send message (not connected to server process).
[Package Manager] Cannot connect to Unity Package Manager local server
ScheduleIndexationOnStartup MainProcess:False IndexOnStartup:True
Mono: successfully reloaded assembly
- Finished resetting the current domain, in  0.444 seconds
Domain Reload Profiling: 778ms
	BeginReloadAssembly (73ms)
		ExecutionOrderSort (0ms)
		DisableScriptedObjects (3ms)
		BackupInstance (0ms)
		ReleaseScriptingObjects (0ms)
		CreateAndSetChildDomain (22ms)
	RebuildCommonClasses (16ms)
	RebuildNativeTypeToScriptingClass (6ms)
	initialDomainReloadingComplete (12ms)
	LoadAllAssembliesAndSetupDomain (227ms)
		LoadAssemblies (182ms)
		RebuildTransferFunctionScriptingTraits (0ms)
		AnalyzeDomain (68ms)
			TypeCache.Refresh (7ms)
				TypeCache.ScanAssembly (0ms)
			BuildScriptInfoCaches (58ms)
			ResolveRequiredComponents (1ms)
	FinalizeReload (444ms)
		ReleaseScriptCaches (0ms)
		RebuildScriptCaches (0ms)
		SetupLoadedEditorAssemblies (387ms)
			LogAssemblyErrors (0ms)
			InitializePlatformSupportModulesInManaged (1ms)
			SetLoadedEditorAssemblies (2ms)
			BeforeProcessingInitializeOnLoad (95ms)
			ProcessInitializeOnLoadAttributes (187ms)
			ProcessInitializeOnLoadMethodAttributes (102ms)
			AfterProcessingInitializeOnLoad (0ms)
			EditorAssembliesLoaded (0ms)
		ExecutionOrderSort2 (0ms)
		AwakeInstancesAfterBackupRestoration (1ms)
Refreshing native plugins compatible for Editor in 1.00 ms, found 2 plugins.
Preloading 1 native plugins for Editor in 1.17 ms.
Unloading 43 Unused Serialized files (Serialized files now loaded: 0)
Unloading 5193 unused Assets / (13.8 MB). Loaded Objects now: 6228.
Memory consumption went from 145.4 MB to 131.6 MB.
Total: 7.799875 ms (FindLiveObjects: 0.187583 ms CreateObjectMapping: 0.105875 ms MarkObjects: 6.410125 ms  DeleteObjects: 1.096125 ms)

Prepare: number of updated asset objects reloaded= 0
========================================================================
Received Prepare
Refreshing native plugins compatible for Editor in 1.58 ms, found 2 plugins.
Preloading 1 native plugins for Editor in 1.21 ms.
Unloading 43 Unused Serialized files (Serialized files now loaded: 0)
Unloading 5148 unused Assets / (12.5 MB). Loaded Objects now: 6228.
Memory consumption went from 132.7 MB to 120.3 MB.
Total: 7.883667 ms (FindLiveObjects: 0.199916 ms CreateObjectMapping: 0.080500 ms MarkObjects: 6.454375 ms  DeleteObjects: 1.148542 ms)

Prepare: number of updated asset objects reloaded= 0
========================================================================
Received Prepare
Refreshing native plugins compatible for Editor in 1.55 ms, found 2 plugins.
Preloading 1 native plugins for Editor in 1.20 ms.
Unloading 43 Unused Serialized files (Serialized files now loaded: 0)
Unloading 5148 unused Assets / (13.8 MB). Loaded Objects now: 6228.
Memory consumption went from 132.7 MB to 118.9 MB.
Total: 7.582208 ms (FindLiveObjects: 0.198958 ms CreateObjectMapping: 0.082917 ms MarkObjects: 6.040083 ms  DeleteObjects: 1.260041 ms)

Prepare: number of updated asset objects reloaded= 0
========================================================================
Received Prepare
Refreshing native plugins compatible for Editor in 1.43 ms, found 2 plugins.
Preloading 1 native plugins for Editor in 1.14 ms.
Unloading 43 Unused Serialized files (Serialized files now loaded: 0)
Unloading 5148 unused Assets / (13.7 MB). Loaded Objects now: 6228.
Memory consumption went from 132.7 MB to 119.1 MB.
Total: 7.573834 ms (FindLiveObjects: 0.203500 ms CreateObjectMapping: 0.082542 ms MarkObjects: 6.114458 ms  DeleteObjects: 1.173209 ms)

Prepare: number of updated asset objects reloaded= 0
========================================================================
Received Prepare
Refreshing native plugins compatible for Editor in 1.48 ms, found 2 plugins.
Preloading 1 native plugins for Editor in 1.17 ms.
Unloading 43 Unused Serialized files (Serialized files now loaded: 0)
Unloading 5148 unused Assets / (13.8 MB). Loaded Objects now: 6228.
Memory consumption went from 132.7 MB to 119.0 MB.
Total: 7.520625 ms (FindLiveObjects: 0.201292 ms CreateObjectMapping: 0.073750 ms MarkObjects: 6.008083 ms  DeleteObjects: 1.237208 ms)

Prepare: number of updated asset objects reloaded= 0
========================================================================
Received Prepare
Refreshing native plugins compatible for Editor in 1.46 ms, found 2 plugins.
Preloading 1 native plugins for Editor in 1.18 ms.
Unloading 43 Unused Serialized files (Serialized files now loaded: 0)
Unloading 5148 unused Assets / (13.1 MB). Loaded Objects now: 6228.
Memory consumption went from 132.7 MB to 119.6 MB.
Total: 8.070625 ms (FindLiveObjects: 0.197750 ms CreateObjectMapping: 0.073709 ms MarkObjects: 6.644375 ms  DeleteObjects: 1.154417 ms)

Prepare: number of updated asset objects reloaded= 0
========================================================================
Received Prepare
Refreshing native plugins compatible for Editor in 1.59 ms, found 2 plugins.
Preloading 1 native plugins for Editor in 1.23 ms.
Unloading 43 Unused Serialized files (Serialized files now loaded: 0)
Unloading 5148 unused Assets / (13.7 MB). Loaded Objects now: 6228.
Memory consumption went from 132.7 MB to 119.1 MB.
Total: 7.639833 ms (FindLiveObjects: 0.204959 ms CreateObjectMapping: 0.086750 ms MarkObjects: 6.109125 ms  DeleteObjects: 1.238875 ms)

Prepare: number of updated asset objects reloaded= 0
========================================================================
Received Prepare
Refreshing native plugins compatible for Editor in 1.48 ms, found 2 plugins.
Preloading 1 native plugins for Editor in 1.20 ms.
Unloading 43 Unused Serialized files (Serialized files now loaded: 0)
Unloading 5148 unused Assets / (13.8 MB). Loaded Objects now: 6228.
Memory consumption went from 132.7 MB to 118.9 MB.
Total: 7.772500 ms (FindLiveObjects: 0.205084 ms CreateObjectMapping: 0.075000 ms MarkObjects: 6.238291 ms  DeleteObjects: 1.254000 ms)

Prepare: number of updated asset objects reloaded= 0
========================================================================
Received Prepare
Refreshing native plugins compatible for Editor in 1.53 ms, found 2 plugins.
Preloading 1 native plugins for Editor in 1.19 ms.
Unloading 43 Unused Serialized files (Serialized files now loaded: 0)
Unloading 5148 unused Assets / (13.8 MB). Loaded Objects now: 6228.
Memory consumption went from 132.7 MB to 118.9 MB.
Total: 7.568000 ms (FindLiveObjects: 0.201458 ms CreateObjectMapping: 0.075458 ms MarkObjects: 6.044375 ms  DeleteObjects: 1.246584 ms)

Prepare: number of updated asset objects reloaded= 0
========================================================================
Received Prepare
Refreshing native plugins compatible for Editor in 1.39 ms, found 2 plugins.
Preloading 1 native plugins for Editor in 1.17 ms.
Unloading 43 Unused Serialized files (Serialized files now loaded: 0)
Unloading 5148 unused Assets / (13.7 MB). Loaded Objects now: 6228.
Memory consumption went from 132.7 MB to 119.0 MB.
Total: 7.485250 ms (FindLiveObjects: 0.200875 ms CreateObjectMapping: 0.079667 ms MarkObjects: 6.025416 ms  DeleteObjects: 1.179209 ms)

Prepare: number of updated asset objects reloaded= 0
========================================================================
Received Prepare
Begin MonoManager ReloadAssembly
[Licensing::Client] Successfully resolved entitlement details
[Licensing::Module] License group:
  Id: F4-85AS-8ZW6-XMRF-425Z-XXXX
  Product: Unity Personal
  Type: ULF
  Expiration: Unlimited
[Licensing::Module] License group:
  Id: 6872810951280-UnityPersXXXX
  Product: Unity Personal
  Type: Assigned
  Expiration: Unlimited
Thread 0x16b737000 may have been prematurely finalized
Symbol file LoadedFromMemory is not a mono symbol file
Symbol file LoadedFromMemory is not a mono symbol file
- Loaded All Assemblies, in  0.353 seconds
Refreshing native plugins compatible for Editor in 1.32 ms, found 2 plugins.
Native extension for OSXStandalone target not found
Native extension for WebGL target not found
Refreshing native plugins compatible for Editor in 1.60 ms, found 2 plugins.
[Package Manager] Failed to launch server process. Reason: Unity was launched with the -noUpm command-line argument
[Package Manager] Unable to send message (not connected to server process).
[Package Manager] Cannot connect to Unity Package Manager local server
ScheduleIndexationOnStartup MainProcess:False IndexOnStartup:True
Mono: successfully reloaded assembly
- Finished resetting the current domain, in  0.435 seconds
Domain Reload Profiling: 789ms
	BeginReloadAssembly (81ms)
		ExecutionOrderSort (0ms)
		DisableScriptedObjects (3ms)
		BackupInstance (0ms)
		ReleaseScriptingObjects (0ms)
		CreateAndSetChildDomain (25ms)
	RebuildCommonClasses (16ms)
	RebuildNativeTypeToScriptingClass (6ms)
	initialDomainReloadingComplete (13ms)
	LoadAllAssembliesAndSetupDomain (239ms)
		LoadAssemblies (194ms)
		RebuildTransferFunctionScriptingTraits (0ms)
		AnalyzeDomain (68ms)
			TypeCache.Refresh (7ms)
				TypeCache.ScanAssembly (0ms)
			BuildScriptInfoCaches (58ms)
			ResolveRequiredComponents (1ms)
	FinalizeReload (435ms)
		ReleaseScriptCaches (0ms)
		RebuildScriptCaches (0ms)
		SetupLoadedEditorAssemblies (379ms)
			LogAssemblyErrors (0ms)
			InitializePlatformSupportModulesInManaged (1ms)
			SetLoadedEditorAssemblies (2ms)
			BeforeProcessingInitializeOnLoad (94ms)
			ProcessInitializeOnLoadAttributes (179ms)
			ProcessInitializeOnLoadMethodAttributes (102ms)
			AfterProcessingInitializeOnLoad (1ms)
			EditorAssembliesLoaded (0ms)
		ExecutionOrderSort2 (0ms)
		AwakeInstancesAfterBackupRestoration (1ms)
Refreshing native plugins compatible for Editor in 1.57 ms, found 2 plugins.
Preloading 1 native plugins for Editor in 1.27 ms.
Unloading 43 Unused Serialized files (Serialized files now loaded: 0)
Unloading 5193 unused Assets / (12.7 MB). Loaded Objects now: 6232.
Memory consumption went from 145.4 MB to 132.7 MB.
Total: 7.874917 ms (FindLiveObjects: 0.209917 ms CreateObjectMapping: 0.081416 ms MarkObjects: 6.434042 ms  DeleteObjects: 1.149000 ms)

Prepare: number of updated asset objects reloaded= 0
========================================================================
Received Prepare
Refreshing native plugins compatible for Editor in 1.58 ms, found 2 plugins.
Preloading 1 native plugins for Editor in 1.23 ms.
Unloading 43 Unused Serialized files (Serialized files now loaded: 0)
Unloading 5148 unused Assets / (13.7 MB). Loaded Objects now: 6232.
Memory consumption went from 132.8 MB to 119.1 MB.
Total: 7.564167 ms (FindLiveObjects: 0.200875 ms CreateObjectMapping: 0.081834 ms MarkObjects: 6.103375 ms  DeleteObjects: 1.177750 ms)

Prepare: number of updated asset objects reloaded= 0
========================================================================
Received Prepare
Refreshing native plugins compatible for Editor in 1.55 ms, found 2 plugins.
Preloading 1 native plugins for Editor in 1.23 ms.
Unloading 43 Unused Serialized files (Serialized files now loaded: 0)
Unloading 5148 unused Assets / (13.5 MB). Loaded Objects now: 6232.
Memory consumption went from 132.8 MB to 119.3 MB.
Total: 8.095208 ms (FindLiveObjects: 0.207917 ms CreateObjectMapping: 0.077916 ms MarkObjects: 6.573750 ms  DeleteObjects: 1.235250 ms)

Prepare: number of updated asset objects reloaded= 0
========================================================================
Received Prepare
Refreshing native plugins compatible for Editor in 1.36 ms, found 2 plugins.
Preloading 1 native plugins for Editor in 1.18 ms.
Unloading 43 Unused Serialized files (Serialized files now loaded: 0)
Unloading 5148 unused Assets / (13.7 MB). Loaded Objects now: 6232.
Memory consumption went from 132.8 MB to 119.1 MB.
Total: 7.892584 ms (FindLiveObjects: 0.205291 ms CreateObjectMapping: 0.071959 ms MarkObjects: 6.420125 ms  DeleteObjects: 1.194833 ms)

Prepare: number of updated asset objects reloaded= 0
========================================================================
Received Prepare
Begin MonoManager ReloadAssembly
Thread 0x16b737000 may have been prematurely finalized
Symbol file LoadedFromMemory is not a mono symbol file
Symbol file LoadedFromMemory is not a mono symbol file
- Loaded All Assemblies, in  0.321 seconds
Refreshing native plugins compatible for Editor in 1.31 ms, found 2 plugins.
Native extension for OSXStandalone target not found
Native extension for WebGL target not found
Refreshing native plugins compatible for Editor in 1.72 ms, found 2 plugins.
[Package Manager] Failed to launch server process. Reason: Unity was launched with the -noUpm command-line argument
[Package Manager] Unable to send message (not connected to server process).
[Package Manager] Cannot connect to Unity Package Manager local server
ScheduleIndexationOnStartup MainProcess:False IndexOnStartup:True
Mono: successfully reloaded assembly
- Finished resetting the current domain, in  0.447 seconds
Domain Reload Profiling: 769ms
	BeginReloadAssembly (73ms)
		ExecutionOrderSort (0ms)
		DisableScriptedObjects (3ms)
		BackupInstance (0ms)
		ReleaseScriptingObjects (0ms)
		CreateAndSetChildDomain (23ms)
	RebuildCommonClasses (16ms)
	RebuildNativeTypeToScriptingClass (6ms)
	initialDomainReloadingComplete (12ms)
	LoadAllAssembliesAndSetupDomain (215ms)
		LoadAssemblies (169ms)
		RebuildTransferFunctionScriptingTraits (0ms)
		AnalyzeDomain (68ms)
			TypeCache.Refresh (7ms)
				TypeCache.ScanAssembly (0ms)
			BuildScriptInfoCaches (58ms)
			ResolveRequiredComponents (1ms)
	FinalizeReload (447ms)
		ReleaseScriptCaches (0ms)
		RebuildScriptCaches (0ms)
		SetupLoadedEditorAssemblies (390ms)
			LogAssemblyErrors (0ms)
			InitializePlatformSupportModulesInManaged (1ms)
			SetLoadedEditorAssemblies (2ms)
			BeforeProcessingInitializeOnLoad (99ms)
			ProcessInitializeOnLoadAttributes (185ms)
			ProcessInitializeOnLoadMethodAttributes (103ms)
			AfterProcessingInitializeOnLoad (0ms)
			EditorAssembliesLoaded (0ms)
		ExecutionOrderSort2 (0ms)
		AwakeInstancesAfterBackupRestoration (1ms)
Refreshing native plugins compatible for Editor in 1.45 ms, found 2 plugins.
Preloading 1 native plugins for Editor in 1.22 ms.
Unloading 43 Unused Serialized files (Serialized files now loaded: 0)
Unloading 5193 unused Assets / (13.7 MB). Loaded Objects now: 6236.
Memory consumption went from 145.4 MB to 131.8 MB.
Total: 7.696625 ms (FindLiveObjects: 0.200042 ms CreateObjectMapping: 0.078625 ms MarkObjects: 6.176542 ms  DeleteObjects: 1.241208 ms)

Prepare: number of updated asset objects reloaded= 0
========================================================================
Received Prepare
Refreshing native plugins compatible for Editor in 1.26 ms, found 2 plugins.
Preloading 1 native plugins for Editor in 1.23 ms.
Unloading 43 Unused Serialized files (Serialized files now loaded: 0)
Unloading 5148 unused Assets / (14.2 MB). Loaded Objects now: 6236.
Memory consumption went from 132.8 MB to 118.6 MB.
Total: 7.747208 ms (FindLiveObjects: 0.208125 ms CreateObjectMapping: 0.074625 ms MarkObjects: 6.171458 ms  DeleteObjects: 1.292833 ms)

Prepare: number of updated asset objects reloaded= 0
========================================================================
Received Prepare
Begin MonoManager ReloadAssembly
Thread 0x16b737000 may have been prematurely finalized
Symbol file LoadedFromMemory is not a mono symbol file
Symbol file LoadedFromMemory is not a mono symbol file
- Loaded All Assemblies, in  0.311 seconds
Refreshing native plugins compatible for Editor in 1.10 ms, found 2 plugins.
Native extension for OSXStandalone target not found
Native extension for WebGL target not found
Refreshing native plugins compatible for Editor in 1.32 ms, found 2 plugins.
[Package Manager] Failed to launch server process. Reason: Unity was launched with the -noUpm command-line argument
[Package Manager] Unable to send message (not connected to server process).
[Package Manager] Cannot connect to Unity Package Manager local server
ScheduleIndexationOnStartup MainProcess:False IndexOnStartup:True
Mono: successfully reloaded assembly
- Finished resetting the current domain, in  0.445 seconds
Domain Reload Profiling: 757ms
	BeginReloadAssembly (73ms)
		ExecutionOrderSort (0ms)
		DisableScriptedObjects (3ms)
		BackupInstance (0ms)
		ReleaseScriptingObjects (0ms)
		CreateAndSetChildDomain (22ms)
	RebuildCommonClasses (16ms)
	RebuildNativeTypeToScriptingClass (6ms)
	initialDomainReloadingComplete (12ms)
	LoadAllAssembliesAndSetupDomain (205ms)
		LoadAssemblies (160ms)
		RebuildTransferFunctionScriptingTraits (0ms)
		AnalyzeDomain (67ms)
			TypeCache.Refresh (7ms)
				TypeCache.ScanAssembly (0ms)
			BuildScriptInfoCaches (57ms)
			ResolveRequiredComponents (1ms)
	FinalizeReload (445ms)
		ReleaseScriptCaches (0ms)
		RebuildScriptCaches (0ms)
		SetupLoadedEditorAssemblies (389ms)
			LogAssemblyErrors (0ms)
			InitializePlatformSupportModulesInManaged (1ms)
			SetLoadedEditorAssemblies (2ms)
			BeforeProcessingInitializeOnLoad (101ms)
			ProcessInitializeOnLoadAttributes (182ms)
			ProcessInitializeOnLoadMethodAttributes (104ms)
			AfterProcessingInitializeOnLoad (0ms)
			EditorAssembliesLoaded (0ms)
		ExecutionOrderSort2 (0ms)
		AwakeInstancesAfterBackupRestoration (1ms)
Refreshing native plugins compatible for Editor in 1.44 ms, found 2 plugins.
Preloading 1 native plugins for Editor in 1.24 ms.
Unloading 43 Unused Serialized files (Serialized files now loaded: 0)
Unloading 5193 unused Assets / (13.8 MB). Loaded Objects now: 6240.
Memory consumption went from 145.4 MB to 131.6 MB.
Total: 7.758666 ms (FindLiveObjects: 0.202750 ms CreateObjectMapping: 0.075833 ms MarkObjects: 6.231167 ms  DeleteObjects: 1.248791 ms)

Prepare: number of updated asset objects reloaded= 0
========================================================================
Received Prepare
Refreshing native plugins compatible for Editor in 1.59 ms, found 2 plugins.
Preloading 1 native plugins for Editor in 1.22 ms.
Unloading 43 Unused Serialized files (Serialized files now loaded: 0)
Unloading 5148 unused Assets / (13.8 MB). Loaded Objects now: 6240.
Memory consumption went from 132.8 MB to 119.0 MB.
Total: 7.838833 ms (FindLiveObjects: 0.200542 ms CreateObjectMapping: 0.076541 ms MarkObjects: 6.321334 ms  DeleteObjects: 1.240250 ms)

Prepare: number of updated asset objects reloaded= 0
========================================================================
Received Prepare
Begin MonoManager ReloadAssembly
Thread 0x16b737000 may have been prematurely finalized
Symbol file LoadedFromMemory is not a mono symbol file
Symbol file LoadedFromMemory is not a mono symbol file
- Loaded All Assemblies, in  0.316 seconds
Refreshing native plugins compatible for Editor in 1.13 ms, found 2 plugins.
Native extension for OSXStandalone target not found
Native extension for WebGL target not found
Refreshing native plugins compatible for Editor in 1.14 ms, found 2 plugins.
[Package Manager] Failed to launch server process. Reason: Unity was launched with the -noUpm command-line argument
[Package Manager] Unable to send message (not connected to server process).
[Package Manager] Cannot connect to Unity Package Manager local server
ScheduleIndexationOnStartup MainProcess:False IndexOnStartup:True
Mono: successfully reloaded assembly
- Finished resetting the current domain, in  0.457 seconds
Domain Reload Profiling: 775ms
	BeginReloadAssembly (73ms)
		ExecutionOrderSort (0ms)
		DisableScriptedObjects (3ms)
		BackupInstance (0ms)
		ReleaseScriptingObjects (0ms)
		CreateAndSetChildDomain (23ms)
	RebuildCommonClasses (16ms)
	RebuildNativeTypeToScriptingClass (6ms)
	initialDomainReloadingComplete (12ms)
	LoadAllAssembliesAndSetupDomain (210ms)
		LoadAssemblies (165ms)
		RebuildTransferFunctionScriptingTraits (0ms)
		AnalyzeDomain (66ms)
			TypeCache.Refresh (5ms)
				TypeCache.ScanAssembly (0ms)
			BuildScriptInfoCaches (58ms)
			ResolveRequiredComponents (1ms)
	FinalizeReload (458ms)
		ReleaseScriptCaches (0ms)
		RebuildScriptCaches (0ms)
		SetupLoadedEditorAssemblies (401ms)
			LogAssemblyErrors (0ms)
			InitializePlatformSupportModulesInManaged (1ms)
			SetLoadedEditorAssemblies (2ms)
			BeforeProcessingInitializeOnLoad (97ms)
			ProcessInitializeOnLoadAttributes (188ms)
			ProcessInitializeOnLoadMethodAttributes (113ms)
			AfterProcessingInitializeOnLoad (0ms)
			EditorAssembliesLoaded (0ms)
		ExecutionOrderSort2 (0ms)
		AwakeInstancesAfterBackupRestoration (1ms)
Refreshing native plugins compatible for Editor in 1.42 ms, found 2 plugins.
Preloading 1 native plugins for Editor in 1.21 ms.
Unloading 43 Unused Serialized files (Serialized files now loaded: 0)
Unloading 5193 unused Assets / (13.8 MB). Loaded Objects now: 6244.
Memory consumption went from 145.4 MB to 131.6 MB.
Total: 7.780209 ms (FindLiveObjects: 0.216375 ms CreateObjectMapping: 0.085833 ms MarkObjects: 6.224917 ms  DeleteObjects: 1.252708 ms)

Prepare: number of updated asset objects reloaded= 0
========================================================================
Received Prepare
Refreshing native plugins compatible for Editor in 1.13 ms, found 2 plugins.
Preloading 1 native plugins for Editor in 1.18 ms.
Unloading 43 Unused Serialized files (Serialized files now loaded: 0)
Unloading 5148 unused Assets / (13.6 MB). Loaded Objects now: 6244.
Memory consumption went from 132.8 MB to 119.1 MB.
Total: 7.903459 ms (FindLiveObjects: 0.202625 ms CreateObjectMapping: 0.089625 ms MarkObjects: 6.384625 ms  DeleteObjects: 1.226500 ms)

Prepare: number of updated asset objects reloaded= 0
========================================================================
Received Prepare
Refreshing native plugins compatible for Editor in 1.55 ms, found 2 plugins.
Preloading 1 native plugins for Editor in 1.22 ms.
Unloading 43 Unused Serialized files (Serialized files now loaded: 0)
Unloading 5148 unused Assets / (13.7 MB). Loaded Objects now: 6244.
Memory consumption went from 132.8 MB to 119.0 MB.
Total: 7.670708 ms (FindLiveObjects: 0.201708 ms CreateObjectMapping: 0.079000 ms MarkObjects: 6.178000 ms  DeleteObjects: 1.211708 ms)

Prepare: number of updated asset objects reloaded= 0
========================================================================
Received Prepare
Begin MonoManager ReloadAssembly
Thread 0x16b737000 may have been prematurely finalized
Symbol file LoadedFromMemory is not a mono symbol file
Symbol file LoadedFromMemory is not a mono symbol file
- Loaded All Assemblies, in  0.298 seconds
Refreshing native plugins compatible for Editor in 1.15 ms, found 2 plugins.
Native extension for OSXStandalone target not found
Native extension for WebGL target not found
Refreshing native plugins compatible for Editor in 1.34 ms, found 2 plugins.
[Package Manager] Failed to launch server process. Reason: Unity was launched with the -noUpm command-line argument
[Package Manager] Unable to send message (not connected to server process).
[Package Manager] Cannot connect to Unity Package Manager local server
ScheduleIndexationOnStartup MainProcess:False IndexOnStartup:True
Mono: successfully reloaded assembly
- Finished resetting the current domain, in  0.439 seconds
Domain Reload Profiling: 739ms
	BeginReloadAssembly (71ms)
		ExecutionOrderSort (0ms)
		DisableScriptedObjects (3ms)
		BackupInstance (0ms)
		ReleaseScriptingObjects (0ms)
		CreateAndSetChildDomain (21ms)
	RebuildCommonClasses (16ms)
	RebuildNativeTypeToScriptingClass (6ms)
	initialDomainReloadingComplete (12ms)
	LoadAllAssembliesAndSetupDomain (194ms)
		LoadAssemblies (150ms)
		RebuildTransferFunctionScriptingTraits (0ms)
		AnalyzeDomain (66ms)
			TypeCache.Refresh (6ms)
				TypeCache.ScanAssembly (0ms)
			BuildScriptInfoCaches (58ms)
			ResolveRequiredComponents (1ms)
	FinalizeReload (439ms)
		ReleaseScriptCaches (0ms)
		RebuildScriptCaches (0ms)
		SetupLoadedEditorAssemblies (385ms)
			LogAssemblyErrors (0ms)
			InitializePlatformSupportModulesInManaged (1ms)
			SetLoadedEditorAssemblies (2ms)
			BeforeProcessingInitializeOnLoad (99ms)
			ProcessInitializeOnLoadAttributes (181ms)
			ProcessInitializeOnLoadMethodAttributes (102ms)
			AfterProcessingInitializeOnLoad (0ms)
			EditorAssembliesLoaded (0ms)
		ExecutionOrderSort2 (0ms)
		AwakeInstancesAfterBackupRestoration (1ms)
Refreshing native plugins compatible for Editor in 1.26 ms, found 2 plugins.
Preloading 1 native plugins for Editor in 1.23 ms.
Unloading 43 Unused Serialized files (Serialized files now loaded: 0)
Unloading 5193 unused Assets / (14.0 MB). Loaded Objects now: 6248.
Memory consumption went from 145.4 MB to 131.5 MB.
Total: 7.894458 ms (FindLiveObjects: 0.209792 ms CreateObjectMapping: 0.078042 ms MarkObjects: 6.310375 ms  DeleteObjects: 1.295916 ms)

Prepare: number of updated asset objects reloaded= 0
========================================================================
Received Prepare
Refreshing native plugins compatible for Editor in 1.27 ms, found 2 plugins.
Preloading 1 native plugins for Editor in 1.19 ms.
Unloading 43 Unused Serialized files (Serialized files now loaded: 0)
Unloading 5148 unused Assets / (13.8 MB). Loaded Objects now: 6248.
Memory consumption went from 132.8 MB to 118.9 MB.
Total: 7.721250 ms (FindLiveObjects: 0.203208 ms CreateObjectMapping: 0.073792 ms MarkObjects: 6.215375 ms  DeleteObjects: 1.228791 ms)

Prepare: number of updated asset objects reloaded= 0
========================================================================
Received Prepare
Begin MonoManager ReloadAssembly
[Licensing::Client] Successfully resolved entitlement details
[Licensing::Module] License group:
  Id: F4-85AS-8ZW6-XMRF-425Z-XXXX
  Product: Unity Personal
  Type: ULF
  Expiration: Unlimited
[Licensing::Module] License group:
  Id: 6872810951280-UnityPersXXXX
  Product: Unity Personal
  Type: Assigned
  Expiration: Unlimited
Thread 0x16b737000 may have been prematurely finalized
Symbol file LoadedFromMemory is not a mono symbol file
Symbol file LoadedFromMemory is not a mono symbol file
- Loaded All Assemblies, in  0.321 seconds
Refreshing native plugins compatible for Editor in 1.23 ms, found 2 plugins.
Native extension for OSXStandalone target not found
Native extension for WebGL target not found
Refreshing native plugins compatible for Editor in 1.23 ms, found 2 plugins.
[Package Manager] Failed to launch server process. Reason: Unity was launched with the -noUpm command-line argument
[Package Manager] Unable to send message (not connected to server process).
[Package Manager] Cannot connect to Unity Package Manager local server
ScheduleIndexationOnStartup MainProcess:False IndexOnStartup:True
Mono: successfully reloaded assembly
- Finished resetting the current domain, in  0.458 seconds
Domain Reload Profiling: 780ms
	BeginReloadAssembly (80ms)
		ExecutionOrderSort (0ms)
		DisableScriptedObjects (3ms)
		BackupInstance (0ms)
		ReleaseScriptingObjects (0ms)
		CreateAndSetChildDomain (27ms)
	RebuildCommonClasses (16ms)
	RebuildNativeTypeToScriptingClass (6ms)
	initialDomainReloadingComplete (13ms)
	LoadAllAssembliesAndSetupDomain (207ms)
		LoadAssemblies (159ms)
		RebuildTransferFunctionScriptingTraits (0ms)
		AnalyzeDomain (72ms)
			TypeCache.Refresh (6ms)
				TypeCache.ScanAssembly (0ms)
			BuildScriptInfoCaches (63ms)
			ResolveRequiredComponents (1ms)
	FinalizeReload (458ms)
		ReleaseScriptCaches (0ms)
		RebuildScriptCaches (0ms)
		SetupLoadedEditorAssemblies (401ms)
			LogAssemblyErrors (0ms)
			InitializePlatformSupportModulesInManaged (1ms)
			SetLoadedEditorAssemblies (2ms)
			BeforeProcessingInitializeOnLoad (104ms)
			ProcessInitializeOnLoadAttributes (189ms)
			ProcessInitializeOnLoadMethodAttributes (105ms)
			AfterProcessingInitializeOnLoad (0ms)
			EditorAssembliesLoaded (0ms)
		ExecutionOrderSort2 (0ms)
		AwakeInstancesAfterBackupRestoration (1ms)
Refreshing native plugins compatible for Editor in 1.43 ms, found 2 plugins.
Preloading 1 native plugins for Editor in 1.21 ms.
Unloading 43 Unused Serialized files (Serialized files now loaded: 0)
Unloading 5193 unused Assets / (13.7 MB). Loaded Objects now: 6252.
Memory consumption went from 145.5 MB to 131.8 MB.
Total: 7.923291 ms (FindLiveObjects: 0.213583 ms CreateObjectMapping: 0.078875 ms MarkObjects: 6.378542 ms  DeleteObjects: 1.252166 ms)

Prepare: number of updated asset objects reloaded= 0
========================================================================
Received Prepare
Refreshing native plugins compatible for Editor in 1.13 ms, found 2 plugins.
Preloading 1 native plugins for Editor in 1.14 ms.
Unloading 43 Unused Serialized files (Serialized files now loaded: 0)
Unloading 5148 unused Assets / (14.3 MB). Loaded Objects now: 6252.
Memory consumption went from 132.8 MB to 118.5 MB.
Total: 7.700834 ms (FindLiveObjects: 0.196584 ms CreateObjectMapping: 0.077958 ms MarkObjects: 6.125417 ms  DeleteObjects: 1.300667 ms)

Prepare: number of updated asset objects reloaded= 0
========================================================================
Received Prepare
Begin MonoManager ReloadAssembly
Thread 0x16b737000 may have been prematurely finalized
Symbol file LoadedFromMemory is not a mono symbol file
Symbol file LoadedFromMemory is not a mono symbol file
- Loaded All Assemblies, in  0.311 seconds
Refreshing native plugins compatible for Editor in 1.13 ms, found 2 plugins.
Native extension for OSXStandalone target not found
Native extension for WebGL target not found
Refreshing native plugins compatible for Editor in 1.06 ms, found 2 plugins.
[Package Manager] Failed to launch server process. Reason: Unity was launched with the -noUpm command-line argument
[Package Manager] Unable to send message (not connected to server process).
[Package Manager] Cannot connect to Unity Package Manager local server
ScheduleIndexationOnStartup MainProcess:False IndexOnStartup:True
Mono: successfully reloaded assembly
- Finished resetting the current domain, in  0.451 seconds
Domain Reload Profiling: 764ms
	BeginReloadAssembly (72ms)
		ExecutionOrderSort (0ms)
		DisableScriptedObjects (3ms)
		BackupInstance (0ms)
		ReleaseScriptingObjects (0ms)
		CreateAndSetChildDomain (22ms)
	RebuildCommonClasses (16ms)
	RebuildNativeTypeToScriptingClass (6ms)
	initialDomainReloadingComplete (12ms)
	LoadAllAssembliesAndSetupDomain (205ms)
		LoadAssemblies (159ms)
		RebuildTransferFunctionScriptingTraits (0ms)
		AnalyzeDomain (69ms)
			TypeCache.Refresh (7ms)
				TypeCache.ScanAssembly (0ms)
			BuildScriptInfoCaches (59ms)
			ResolveRequiredComponents (1ms)
	FinalizeReload (452ms)
		ReleaseScriptCaches (0ms)
		RebuildScriptCaches (0ms)
		SetupLoadedEditorAssemblies (389ms)
			LogAssemblyErrors (0ms)
			InitializePlatformSupportModulesInManaged (1ms)
			SetLoadedEditorAssemblies (2ms)
			BeforeProcessingInitializeOnLoad (102ms)
			ProcessInitializeOnLoadAttributes (180ms)
			ProcessInitializeOnLoadMethodAttributes (103ms)
			AfterProcessingInitializeOnLoad (1ms)
			EditorAssembliesLoaded (0ms)
		ExecutionOrderSort2 (0ms)
		AwakeInstancesAfterBackupRestoration (1ms)
Refreshing native plugins compatible for Editor in 1.29 ms, found 2 plugins.
Preloading 1 native plugins for Editor in 1.23 ms.
Unloading 43 Unused Serialized files (Serialized files now loaded: 0)
Unloading 5193 unused Assets / (13.8 MB). Loaded Objects now: 6256.
Memory consumption went from 145.5 MB to 131.7 MB.
Total: 7.730084 ms (FindLiveObjects: 0.200042 ms CreateObjectMapping: 0.075708 ms MarkObjects: 6.228500 ms  DeleteObjects: 1.225625 ms)

Prepare: number of updated asset objects reloaded= 0
========================================================================
Received Prepare
Refreshing native plugins compatible for Editor in 1.56 ms, found 2 plugins.
Preloading 1 native plugins for Editor in 1.20 ms.
Unloading 43 Unused Serialized files (Serialized files now loaded: 0)
Unloading 5148 unused Assets / (13.6 MB). Loaded Objects now: 6256.
Memory consumption went from 132.8 MB to 119.2 MB.
Total: 7.718542 ms (FindLiveObjects: 0.205334 ms CreateObjectMapping: 0.077916 ms MarkObjects: 6.247917 ms  DeleteObjects: 1.187291 ms)

Prepare: number of updated asset objects reloaded= 0
========================================================================
Received Prepare
Begin MonoManager ReloadAssembly
Thread 0x16b737000 may have been prematurely finalized
Symbol file LoadedFromMemory is not a mono symbol file
Symbol file LoadedFromMemory is not a mono symbol file
- Loaded All Assemblies, in  0.309 seconds
Refreshing native plugins compatible for Editor in 1.59 ms, found 2 plugins.
Native extension for OSXStandalone target not found
Native extension for WebGL target not found
Refreshing native plugins compatible for Editor in 1.31 ms, found 2 plugins.
[Package Manager] Failed to launch server process. Reason: Unity was launched with the -noUpm command-line argument
[Package Manager] Unable to send message (not connected to server process).
[Package Manager] Cannot connect to Unity Package Manager local server
ScheduleIndexationOnStartup MainProcess:False IndexOnStartup:True
Mono: successfully reloaded assembly
- Finished resetting the current domain, in  0.462 seconds
Domain Reload Profiling: 773ms
	BeginReloadAssembly (73ms)
		ExecutionOrderSort (0ms)
		DisableScriptedObjects (3ms)
		BackupInstance (0ms)
		ReleaseScriptingObjects (0ms)
		CreateAndSetChildDomain (22ms)
	RebuildCommonClasses (16ms)
	RebuildNativeTypeToScriptingClass (6ms)
	initialDomainReloadingComplete (12ms)
	LoadAllAssembliesAndSetupDomain (203ms)
		LoadAssemblies (160ms)
		RebuildTransferFunctionScriptingTraits (0ms)
		AnalyzeDomain (65ms)
			TypeCache.Refresh (6ms)
				TypeCache.ScanAssembly (0ms)
			BuildScriptInfoCaches (57ms)
			ResolveRequiredComponents (1ms)
	FinalizeReload (462ms)
		ReleaseScriptCaches (0ms)
		RebuildScriptCaches (0ms)
		SetupLoadedEditorAssemblies (406ms)
			LogAssemblyErrors (0ms)
			InitializePlatformSupportModulesInManaged (1ms)
			SetLoadedEditorAssemblies (2ms)
			BeforeProcessingInitializeOnLoad (102ms)
			ProcessInitializeOnLoadAttributes (198ms)
			ProcessInitializeOnLoadMethodAttributes (103ms)
			AfterProcessingInitializeOnLoad (1ms)
			EditorAssembliesLoaded (0ms)
		ExecutionOrderSort2 (0ms)
		AwakeInstancesAfterBackupRestoration (1ms)
Refreshing native plugins compatible for Editor in 1.52 ms, found 2 plugins.
Preloading 1 native plugins for Editor in 1.23 ms.
Unloading 43 Unused Serialized files (Serialized files now loaded: 0)
Unloading 5193 unused Assets / (13.8 MB). Loaded Objects now: 6260.
Memory consumption went from 145.5 MB to 131.7 MB.
Total: 7.852458 ms (FindLiveObjects: 0.208000 ms CreateObjectMapping: 0.083000 ms MarkObjects: 6.282042 ms  DeleteObjects: 1.279000 ms)

Prepare: number of updated asset objects reloaded= 0
========================================================================
Received Prepare
Refreshing native plugins compatible for Editor in 1.16 ms, found 2 plugins.
Preloading 1 native plugins for Editor in 1.15 ms.
Unloading 43 Unused Serialized files (Serialized files now loaded: 0)
Unloading 5148 unused Assets / (13.7 MB). Loaded Objects now: 6260.
Memory consumption went from 132.8 MB to 119.1 MB.
Total: 7.892542 ms (FindLiveObjects: 0.196875 ms CreateObjectMapping: 0.075834 ms MarkObjects: 6.325375 ms  DeleteObjects: 1.294250 ms)

Prepare: number of updated asset objects reloaded= 0
========================================================================
Received Prepare
Begin MonoManager ReloadAssembly
Thread 0x16b737000 may have been prematurely finalized
Symbol file LoadedFromMemory is not a mono symbol file
Symbol file LoadedFromMemory is not a mono symbol file
- Loaded All Assemblies, in  0.350 seconds
Refreshing native plugins compatible for Editor in 1.23 ms, found 2 plugins.
Native extension for OSXStandalone target not found
Native extension for WebGL target not found
Refreshing native plugins compatible for Editor in 1.17 ms, found 2 plugins.
[Package Manager] Failed to launch server process. Reason: Unity was launched with the -noUpm command-line argument
[Package Manager] Unable to send message (not connected to server process).
[Package Manager] Cannot connect to Unity Package Manager local server
ScheduleIndexationOnStartup MainProcess:False IndexOnStartup:True
Mono: successfully reloaded assembly
- Finished resetting the current domain, in  0.456 seconds
Domain Reload Profiling: 808ms
	BeginReloadAssembly (78ms)
		ExecutionOrderSort (0ms)
		DisableScriptedObjects (3ms)
		BackupInstance (0ms)
		ReleaseScriptingObjects (0ms)
		CreateAndSetChildDomain (25ms)
	RebuildCommonClasses (18ms)
	RebuildNativeTypeToScriptingClass (10ms)
	initialDomainReloadingComplete (18ms)
	LoadAllAssembliesAndSetupDomain (228ms)
		LoadAssemblies (184ms)
		RebuildTransferFunctionScriptingTraits (0ms)
		AnalyzeDomain (67ms)
			TypeCache.Refresh (7ms)
				TypeCache.ScanAssembly (0ms)
			BuildScriptInfoCaches (58ms)
			ResolveRequiredComponents (1ms)
	FinalizeReload (456ms)
		ReleaseScriptCaches (0ms)
		RebuildScriptCaches (0ms)
		SetupLoadedEditorAssemblies (397ms)
			LogAssemblyErrors (0ms)
			InitializePlatformSupportModulesInManaged (1ms)
			SetLoadedEditorAssemblies (2ms)
			BeforeProcessingInitializeOnLoad (98ms)
			ProcessInitializeOnLoadAttributes (191ms)
			ProcessInitializeOnLoadMethodAttributes (104ms)
			AfterProcessingInitializeOnLoad (0ms)
			EditorAssembliesLoaded (0ms)
		ExecutionOrderSort2 (0ms)
		AwakeInstancesAfterBackupRestoration (1ms)
Refreshing native plugins compatible for Editor in 1.64 ms, found 2 plugins.
Preloading 1 native plugins for Editor in 1.24 ms.
Unloading 43 Unused Serialized files (Serialized files now loaded: 0)
Unloading 5193 unused Assets / (13.8 MB). Loaded Objects now: 6264.
Memory consumption went from 145.5 MB to 131.7 MB.
Total: 8.005042 ms (FindLiveObjects: 0.215625 ms CreateObjectMapping: 0.125125 ms MarkObjects: 6.371708 ms  DeleteObjects: 1.292417 ms)

Prepare: number of updated asset objects reloaded= 0
========================================================================
Received Prepare
Refreshing native plugins compatible for Editor in 1.11 ms, found 2 plugins.
Preloading 1 native plugins for Editor in 1.14 ms.
Unloading 43 Unused Serialized files (Serialized files now loaded: 0)
Unloading 5148 unused Assets / (13.6 MB). Loaded Objects now: 6264.
Memory consumption went from 132.8 MB to 119.2 MB.
Total: 7.659708 ms (FindLiveObjects: 0.193208 ms CreateObjectMapping: 0.081917 ms MarkObjects: 6.242834 ms  DeleteObjects: 1.141542 ms)

Prepare: number of updated asset objects reloaded= 0
========================================================================
Received Prepare
Begin MonoManager ReloadAssembly
Thread 0x16b737000 may have been prematurely finalized
Symbol file LoadedFromMemory is not a mono symbol file
Symbol file LoadedFromMemory is not a mono symbol file
- Loaded All Assemblies, in  0.309 seconds
Refreshing native plugins compatible for Editor in 1.16 ms, found 2 plugins.
Native extension for OSXStandalone target not found
Native extension for WebGL target not found
Refreshing native plugins compatible for Editor in 1.60 ms, found 2 plugins.
[Package Manager] Failed to launch server process. Reason: Unity was launched with the -noUpm command-line argument
[Package Manager] Unable to send message (not connected to server process).
[Package Manager] Cannot connect to Unity Package Manager local server
ScheduleIndexationOnStartup MainProcess:False IndexOnStartup:True
Mono: successfully reloaded assembly
- Finished resetting the current domain, in  0.449 seconds
Domain Reload Profiling: 760ms
	BeginReloadAssembly (73ms)
		ExecutionOrderSort (0ms)
		DisableScriptedObjects (3ms)
		BackupInstance (0ms)
		ReleaseScriptingObjects (0ms)
		CreateAndSetChildDomain (22ms)
	RebuildCommonClasses (16ms)
	RebuildNativeTypeToScriptingClass (6ms)
	initialDomainReloadingComplete (12ms)
	LoadAllAssembliesAndSetupDomain (204ms)
		LoadAssemblies (158ms)
		RebuildTransferFunctionScriptingTraits (0ms)
		AnalyzeDomain (69ms)
			TypeCache.Refresh (6ms)
				TypeCache.ScanAssembly (0ms)
			BuildScriptInfoCaches (60ms)
			ResolveRequiredComponents (1ms)
	FinalizeReload (450ms)
		ReleaseScriptCaches (0ms)
		RebuildScriptCaches (0ms)
		SetupLoadedEditorAssemblies (394ms)
			LogAssemblyErrors (0ms)
			InitializePlatformSupportModulesInManaged (1ms)
			SetLoadedEditorAssemblies (2ms)
			BeforeProcessingInitializeOnLoad (103ms)
			ProcessInitializeOnLoadAttributes (184ms)
			ProcessInitializeOnLoadMethodAttributes (103ms)
			AfterProcessingInitializeOnLoad (0ms)
			EditorAssembliesLoaded (0ms)
		ExecutionOrderSort2 (0ms)
		AwakeInstancesAfterBackupRestoration (1ms)
Refreshing native plugins compatible for Editor in 1.46 ms, found 2 plugins.
Preloading 1 native plugins for Editor in 1.23 ms.
Unloading 43 Unused Serialized files (Serialized files now loaded: 0)
Unloading 5193 unused Assets / (14.0 MB). Loaded Objects now: 6268.
Memory consumption went from 145.5 MB to 131.4 MB.
Total: 7.937000 ms (FindLiveObjects: 0.209708 ms CreateObjectMapping: 0.076958 ms MarkObjects: 6.359667 ms  DeleteObjects: 1.290292 ms)

Prepare: number of updated asset objects reloaded= 0
========================================================================
Received Prepare
Refreshing native plugins compatible for Editor in 1.22 ms, found 2 plugins.
Preloading 1 native plugins for Editor in 1.20 ms.
Unloading 43 Unused Serialized files (Serialized files now loaded: 0)
Unloading 5148 unused Assets / (13.6 MB). Loaded Objects now: 6268.
Memory consumption went from 132.8 MB to 119.2 MB.
Total: 7.783166 ms (FindLiveObjects: 0.185583 ms CreateObjectMapping: 0.080208 ms MarkObjects: 6.374834 ms  DeleteObjects: 1.142291 ms)

Prepare: number of updated asset objects reloaded= 0
========================================================================
Received Prepare
Refreshing native plugins compatible for Editor in 1.56 ms, found 2 plugins.
Preloading 1 native plugins for Editor in 1.23 ms.
Unloading 43 Unused Serialized files (Serialized files now loaded: 0)
Unloading 5148 unused Assets / (13.3 MB). Loaded Objects now: 6268.
Memory consumption went from 132.8 MB to 119.5 MB.
Total: 8.400834 ms (FindLiveObjects: 0.202292 ms CreateObjectMapping: 0.078166 ms MarkObjects: 6.839708 ms  DeleteObjects: 1.280375 ms)

Prepare: number of updated asset objects reloaded= 0
========================================================================
Received Prepare
Refreshing native plugins compatible for Editor in 1.52 ms, found 2 plugins.
Preloading 1 native plugins for Editor in 1.21 ms.
Unloading 43 Unused Serialized files (Serialized files now loaded: 0)
Unloading 5148 unused Assets / (13.7 MB). Loaded Objects now: 6268.
Memory consumption went from 132.8 MB to 119.2 MB.
Total: 7.651000 ms (FindLiveObjects: 0.210167 ms CreateObjectMapping: 0.075833 ms MarkObjects: 6.181834 ms  DeleteObjects: 1.182959 ms)

Prepare: number of updated asset objects reloaded= 0
========================================================================
Received Prepare
Refreshing native plugins compatible for Editor in 1.39 ms, found 2 plugins.
Preloading 1 native plugins for Editor in 1.19 ms.
Unloading 43 Unused Serialized files (Serialized files now loaded: 0)
Unloading 5148 unused Assets / (13.5 MB). Loaded Objects now: 6268.
Memory consumption went from 132.8 MB to 119.3 MB.
Total: 7.521417 ms (FindLiveObjects: 0.203167 ms CreateObjectMapping: 0.072791 ms MarkObjects: 6.146459 ms  DeleteObjects: 1.098583 ms)

Prepare: number of updated asset objects reloaded= 0
========================================================================
Received Prepare
Refreshing native plugins compatible for Editor in 1.44 ms, found 2 plugins.
Preloading 1 native plugins for Editor in 1.17 ms.
Unloading 43 Unused Serialized files (Serialized files now loaded: 0)
Unloading 5148 unused Assets / (13.6 MB). Loaded Objects now: 6268.
Memory consumption went from 132.8 MB to 119.2 MB.
Total: 7.686083 ms (FindLiveObjects: 0.202833 ms CreateObjectMapping: 0.075375 ms MarkObjects: 6.179041 ms  DeleteObjects: 1.228667 ms)

Prepare: number of updated asset objects reloaded= 0
========================================================================
Received Prepare
Refreshing native plugins compatible for Editor in 1.56 ms, found 2 plugins.
Preloading 1 native plugins for Editor in 1.24 ms.
Unloading 43 Unused Serialized files (Serialized files now loaded: 0)
Unloading 5148 unused Assets / (13.7 MB). Loaded Objects now: 6268.
Memory consumption went from 132.8 MB to 119.2 MB.
Total: 7.828625 ms (FindLiveObjects: 0.205375 ms CreateObjectMapping: 0.082041 ms MarkObjects: 6.308458 ms  DeleteObjects: 1.232583 ms)

Prepare: number of updated asset objects reloaded= 0
========================================================================
Received Prepare
Refreshing native plugins compatible for Editor in 1.57 ms, found 2 plugins.
Preloading 1 native plugins for Editor in 1.23 ms.
Unloading 43 Unused Serialized files (Serialized files now loaded: 0)
Unloading 5148 unused Assets / (13.2 MB). Loaded Objects now: 6268.
Memory consumption went from 132.8 MB to 119.7 MB.
Total: 8.066084 ms (FindLiveObjects: 0.206792 ms CreateObjectMapping: 0.084250 ms MarkObjects: 6.615708 ms  DeleteObjects: 1.158750 ms)

Prepare: number of updated asset objects reloaded= 0
========================================================================
Received Prepare
Refreshing native plugins compatible for Editor in 1.39 ms, found 2 plugins.
Preloading 1 native plugins for Editor in 1.19 ms.
Unloading 43 Unused Serialized files (Serialized files now loaded: 0)
Unloading 5148 unused Assets / (13.5 MB). Loaded Objects now: 6268.
Memory consumption went from 132.8 MB to 119.3 MB.
Total: 7.354084 ms (FindLiveObjects: 0.202583 ms CreateObjectMapping: 0.076625 ms MarkObjects: 5.950209 ms  DeleteObjects: 1.124333 ms)

Prepare: number of updated asset objects reloaded= 0
========================================================================
Received Prepare
Begin MonoManager ReloadAssembly
[Licensing::Client] Successfully resolved entitlement details
[Licensing::Module] License group:
  Id: F4-85AS-8ZW6-XMRF-425Z-XXXX
  Product: Unity Personal
  Type: ULF
  Expiration: Unlimited
[Licensing::Module] License group:
  Id: 6872810951280-UnityPersXXXX
  Product: Unity Personal
  Type: Assigned
  Expiration: Unlimited
Thread 0x16b737000 may have been prematurely finalized
Symbol file LoadedFromMemory is not a mono symbol file
Symbol file LoadedFromMemory is not a mono symbol file
- Loaded All Assemblies, in  0.315 seconds
Refreshing native plugins compatible for Editor in 1.23 ms, found 2 plugins.
Native extension for OSXStandalone target not found
Native extension for WebGL target not found
Refreshing native plugins compatible for Editor in 1.24 ms, found 2 plugins.
[Package Manager] Failed to launch server process. Reason: Unity was launched with the -noUpm command-line argument
[Package Manager] Unable to send message (not connected to server process).
[Package Manager] Cannot connect to Unity Package Manager local server
ScheduleIndexationOnStartup MainProcess:False IndexOnStartup:True
Mono: successfully reloaded assembly
- Finished resetting the current domain, in  0.443 seconds
Domain Reload Profiling: 760ms
	BeginReloadAssembly (75ms)
		ExecutionOrderSort (0ms)
		DisableScriptedObjects (3ms)
		BackupInstance (0ms)
		ReleaseScriptingObjects (0ms)
		CreateAndSetChildDomain (24ms)
	RebuildCommonClasses (16ms)
	RebuildNativeTypeToScriptingClass (6ms)
	initialDomainReloadingComplete (13ms)
	LoadAllAssembliesAndSetupDomain (205ms)
		LoadAssemblies (161ms)
		RebuildTransferFunctionScriptingTraits (0ms)
		AnalyzeDomain (66ms)
			TypeCache.Refresh (6ms)
				TypeCache.ScanAssembly (0ms)
			BuildScriptInfoCaches (57ms)
			ResolveRequiredComponents (1ms)
	FinalizeReload (444ms)
		ReleaseScriptCaches (0ms)
		RebuildScriptCaches (0ms)
		SetupLoadedEditorAssemblies (387ms)
			LogAssemblyErrors (0ms)
			InitializePlatformSupportModulesInManaged (1ms)
			SetLoadedEditorAssemblies (2ms)
			BeforeProcessingInitializeOnLoad (101ms)
			ProcessInitializeOnLoadAttributes (181ms)
			ProcessInitializeOnLoadMethodAttributes (103ms)
			AfterProcessingInitializeOnLoad (0ms)
			EditorAssembliesLoaded (0ms)
		ExecutionOrderSort2 (0ms)
		AwakeInstancesAfterBackupRestoration (1ms)
Refreshing native plugins compatible for Editor in 1.34 ms, found 2 plugins.
Preloading 1 native plugins for Editor in 1.28 ms.
Unloading 43 Unused Serialized files (Serialized files now loaded: 0)
Unloading 5193 unused Assets / (13.0 MB). Loaded Objects now: 6272.
Memory consumption went from 145.5 MB to 132.5 MB.
Total: 7.963291 ms (FindLiveObjects: 0.224167 ms CreateObjectMapping: 0.084666 ms MarkObjects: 6.412000 ms  DeleteObjects: 1.242292 ms)

Prepare: number of updated asset objects reloaded= 0
========================================================================
Received Prepare
Refreshing native plugins compatible for Editor in 1.21 ms, found 2 plugins.
Preloading 1 native plugins for Editor in 1.22 ms.
Unloading 43 Unused Serialized files (Serialized files now loaded: 0)
Unloading 5148 unused Assets / (13.7 MB). Loaded Objects now: 6272.
Memory consumption went from 132.8 MB to 119.1 MB.
Total: 7.853916 ms (FindLiveObjects: 0.188041 ms CreateObjectMapping: 0.081625 ms MarkObjects: 6.478167 ms  DeleteObjects: 1.105417 ms)

Prepare: number of updated asset objects reloaded= 0
========================================================================
Received Prepare
Refreshing native plugins compatible for Editor in 1.57 ms, found 2 plugins.
Preloading 1 native plugins for Editor in 1.24 ms.
Unloading 43 Unused Serialized files (Serialized files now loaded: 0)
Unloading 5148 unused Assets / (13.7 MB). Loaded Objects now: 6272.
Memory consumption went from 132.8 MB to 119.1 MB.
Total: 7.720792 ms (FindLiveObjects: 0.204375 ms CreateObjectMapping: 0.077166 ms MarkObjects: 6.253209 ms  DeleteObjects: 1.185959 ms)

Prepare: number of updated asset objects reloaded= 0
========================================================================
Received Prepare
Refreshing native plugins compatible for Editor in 1.58 ms, found 2 plugins.
Preloading 1 native plugins for Editor in 1.18 ms.
Unloading 43 Unused Serialized files (Serialized files now loaded: 0)
Unloading 5148 unused Assets / (13.8 MB). Loaded Objects now: 6272.
Memory consumption went from 132.8 MB to 119.1 MB.
Total: 7.667500 ms (FindLiveObjects: 0.205917 ms CreateObjectMapping: 0.081459 ms MarkObjects: 6.130500 ms  DeleteObjects: 1.249417 ms)

Prepare: number of updated asset objects reloaded= 0
========================================================================
Received Prepare
Begin MonoManager ReloadAssembly
Thread 0x16b737000 may have been prematurely finalized
Symbol file LoadedFromMemory is not a mono symbol file
Symbol file LoadedFromMemory is not a mono symbol file
- Loaded All Assemblies, in  0.318 seconds
Refreshing native plugins compatible for Editor in 1.34 ms, found 2 plugins.
Native extension for OSXStandalone target not found
Native extension for WebGL target not found
Refreshing native plugins compatible for Editor in 1.24 ms, found 2 plugins.
[Package Manager] Failed to launch server process. Reason: Unity was launched with the -noUpm command-line argument
[Package Manager] Unable to send message (not connected to server process).
[Package Manager] Cannot connect to Unity Package Manager local server
ScheduleIndexationOnStartup MainProcess:False IndexOnStartup:True
Mono: successfully reloaded assembly
- Finished resetting the current domain, in  0.459 seconds
Domain Reload Profiling: 779ms
	BeginReloadAssembly (75ms)
		ExecutionOrderSort (0ms)
		DisableScriptedObjects (3ms)
		BackupInstance (0ms)
		ReleaseScriptingObjects (0ms)
		CreateAndSetChildDomain (23ms)
	RebuildCommonClasses (16ms)
	RebuildNativeTypeToScriptingClass (7ms)
	initialDomainReloadingComplete (14ms)
	LoadAllAssembliesAndSetupDomain (209ms)
		LoadAssemblies (163ms)
		RebuildTransferFunctionScriptingTraits (0ms)
		AnalyzeDomain (68ms)
			TypeCache.Refresh (7ms)
				TypeCache.ScanAssembly (0ms)
			BuildScriptInfoCaches (59ms)
			ResolveRequiredComponents (1ms)
	FinalizeReload (460ms)
		ReleaseScriptCaches (0ms)
		RebuildScriptCaches (0ms)
		SetupLoadedEditorAssemblies (400ms)
			LogAssemblyErrors (0ms)
			InitializePlatformSupportModulesInManaged (1ms)
			SetLoadedEditorAssemblies (2ms)
			BeforeProcessingInitializeOnLoad (103ms)
			ProcessInitializeOnLoadAttributes (189ms)
			ProcessInitializeOnLoadMethodAttributes (104ms)
			AfterProcessingInitializeOnLoad (0ms)
			EditorAssembliesLoaded (0ms)
		ExecutionOrderSort2 (0ms)
		AwakeInstancesAfterBackupRestoration (1ms)
Refreshing native plugins compatible for Editor in 1.43 ms, found 2 plugins.
Preloading 1 native plugins for Editor in 1.25 ms.
Unloading 43 Unused Serialized files (Serialized files now loaded: 0)
Unloading 5193 unused Assets / (13.6 MB). Loaded Objects now: 6276.
Memory consumption went from 145.5 MB to 131.9 MB.
Total: 7.769542 ms (FindLiveObjects: 0.212083 ms CreateObjectMapping: 0.083458 ms MarkObjects: 6.249167 ms  DeleteObjects: 1.224500 ms)

Prepare: number of updated asset objects reloaded= 0
========================================================================
Received Prepare
Refreshing native plugins compatible for Editor in 1.23 ms, found 2 plugins.
Preloading 1 native plugins for Editor in 1.19 ms.
Unloading 43 Unused Serialized files (Serialized files now loaded: 0)
Unloading 5148 unused Assets / (13.5 MB). Loaded Objects now: 6276.
Memory consumption went from 132.8 MB to 119.4 MB.
Total: 8.153291 ms (FindLiveObjects: 0.199291 ms CreateObjectMapping: 0.081625 ms MarkObjects: 6.696959 ms  DeleteObjects: 1.175291 ms)

Prepare: number of updated asset objects reloaded= 0
========================================================================
Received Prepare
Refreshing native plugins compatible for Editor in 1.60 ms, found 2 plugins.
Preloading 1 native plugins for Editor in 1.24 ms.
Unloading 43 Unused Serialized files (Serialized files now loaded: 0)
Unloading 5148 unused Assets / (13.6 MB). Loaded Objects now: 6276.
Memory consumption went from 132.8 MB to 119.2 MB.
Total: 7.796875 ms (FindLiveObjects: 0.202833 ms CreateObjectMapping: 0.086083 ms MarkObjects: 6.357084 ms  DeleteObjects: 1.150750 ms)

Prepare: number of updated asset objects reloaded= 0
========================================================================
Received Prepare
Refreshing native plugins compatible for Editor in 1.55 ms, found 2 plugins.
Preloading 1 native plugins for Editor in 1.23 ms.
Unloading 43 Unused Serialized files (Serialized files now loaded: 0)
Unloading 5148 unused Assets / (13.6 MB). Loaded Objects now: 6276.
Memory consumption went from 132.8 MB to 119.3 MB.
Total: 7.615083 ms (FindLiveObjects: 0.208625 ms CreateObjectMapping: 0.088667 ms MarkObjects: 6.192208 ms  DeleteObjects: 1.125333 ms)

Prepare: number of updated asset objects reloaded= 0
========================================================================
Received Prepare
Refreshing native plugins compatible for Editor in 1.48 ms, found 2 plugins.
Preloading 1 native plugins for Editor in 1.16 ms.
Unloading 43 Unused Serialized files (Serialized files now loaded: 0)
Unloading 5148 unused Assets / (13.5 MB). Loaded Objects now: 6276.
Memory consumption went from 132.8 MB to 119.4 MB.
Total: 7.734709 ms (FindLiveObjects: 0.210417 ms CreateObjectMapping: 0.075583 ms MarkObjects: 6.244708 ms  DeleteObjects: 1.203792 ms)

Prepare: number of updated asset objects reloaded= 0
========================================================================
Received Prepare
Refreshing native plugins compatible for Editor in 1.36 ms, found 2 plugins.
Preloading 1 native plugins for Editor in 1.19 ms.
Unloading 43 Unused Serialized files (Serialized files now loaded: 0)
Unloading 5148 unused Assets / (13.6 MB). Loaded Objects now: 6276.
Memory consumption went from 132.8 MB to 119.2 MB.
Total: 7.832625 ms (FindLiveObjects: 0.203750 ms CreateObjectMapping: 0.080917 ms MarkObjects: 6.327958 ms  DeleteObjects: 1.219709 ms)

Prepare: number of updated asset objects reloaded= 0
========================================================================
Received Prepare
Begin MonoManager ReloadAssembly
Thread 0x16b737000 may have been prematurely finalized
Symbol file LoadedFromMemory is not a mono symbol file
Symbol file LoadedFromMemory is not a mono symbol file
- Loaded All Assemblies, in  0.311 seconds
Refreshing native plugins compatible for Editor in 1.57 ms, found 2 plugins.
Native extension for OSXStandalone target not found
Native extension for WebGL target not found
Refreshing native plugins compatible for Editor in 1.15 ms, found 2 plugins.
[Package Manager] Failed to launch server process. Reason: Unity was launched with the -noUpm command-line argument
[Package Manager] Unable to send message (not connected to server process).
[Package Manager] Cannot connect to Unity Package Manager local server
ScheduleIndexationOnStartup MainProcess:False IndexOnStartup:True
Mono: successfully reloaded assembly
- Finished resetting the current domain, in  0.453 seconds
Domain Reload Profiling: 765ms
	BeginReloadAssembly (71ms)
		ExecutionOrderSort (0ms)
		DisableScriptedObjects (3ms)
		BackupInstance (0ms)
		ReleaseScriptingObjects (0ms)
		CreateAndSetChildDomain (22ms)
	RebuildCommonClasses (16ms)
	RebuildNativeTypeToScriptingClass (6ms)
	initialDomainReloadingComplete (13ms)
	LoadAllAssembliesAndSetupDomain (207ms)
		LoadAssemblies (161ms)
		RebuildTransferFunctionScriptingTraits (0ms)
		AnalyzeDomain (67ms)
			TypeCache.Refresh (6ms)
				TypeCache.ScanAssembly (0ms)
			BuildScriptInfoCaches (57ms)
			ResolveRequiredComponents (1ms)
	FinalizeReload (453ms)
		ReleaseScriptCaches (0ms)
		RebuildScriptCaches (0ms)
		SetupLoadedEditorAssemblies (395ms)
			LogAssemblyErrors (0ms)
			InitializePlatformSupportModulesInManaged (1ms)
			SetLoadedEditorAssemblies (2ms)
			BeforeProcessingInitializeOnLoad (101ms)
			ProcessInitializeOnLoadAttributes (187ms)
			ProcessInitializeOnLoadMethodAttributes (104ms)
			AfterProcessingInitializeOnLoad (1ms)
			EditorAssembliesLoaded (0ms)
		ExecutionOrderSort2 (0ms)
		AwakeInstancesAfterBackupRestoration (1ms)
Refreshing native plugins compatible for Editor in 1.19 ms, found 2 plugins.
Preloading 1 native plugins for Editor in 1.24 ms.
Unloading 43 Unused Serialized files (Serialized files now loaded: 0)
Unloading 5193 unused Assets / (12.9 MB). Loaded Objects now: 6280.
Memory consumption went from 145.5 MB to 132.6 MB.
Total: 8.081667 ms (FindLiveObjects: 0.191917 ms CreateObjectMapping: 0.110875 ms MarkObjects: 6.645708 ms  DeleteObjects: 1.132916 ms)

Prepare: number of updated asset objects reloaded= 0
========================================================================
Received Prepare
Refreshing native plugins compatible for Editor in 1.18 ms, found 2 plugins.
Preloading 1 native plugins for Editor in 1.25 ms.
Unloading 43 Unused Serialized files (Serialized files now loaded: 0)
Unloading 5148 unused Assets / (13.6 MB). Loaded Objects now: 6280.
Memory consumption went from 132.9 MB to 119.3 MB.
Total: 7.945542 ms (FindLiveObjects: 0.203708 ms CreateObjectMapping: 0.076375 ms MarkObjects: 6.408333 ms  DeleteObjects: 1.257000 ms)

Prepare: number of updated asset objects reloaded= 0
========================================================================
Received Prepare
Refreshing native plugins compatible for Editor in 1.54 ms, found 2 plugins.
Preloading 1 native plugins for Editor in 1.22 ms.
Unloading 43 Unused Serialized files (Serialized files now loaded: 0)
Unloading 5148 unused Assets / (13.7 MB). Loaded Objects now: 6280.
Memory consumption went from 132.9 MB to 119.1 MB.
Total: 7.925417 ms (FindLiveObjects: 0.208625 ms CreateObjectMapping: 0.090833 ms MarkObjects: 6.371708 ms  DeleteObjects: 1.254084 ms)

Prepare: number of updated asset objects reloaded= 0
========================================================================
Received Prepare
Begin MonoManager ReloadAssembly
Thread 0x16b737000 may have been prematurely finalized
Symbol file LoadedFromMemory is not a mono symbol file
Symbol file LoadedFromMemory is not a mono symbol file
- Loaded All Assemblies, in  0.310 seconds
Refreshing native plugins compatible for Editor in 1.25 ms, found 2 plugins.
Native extension for OSXStandalone target not found
Native extension for WebGL target not found
Refreshing native plugins compatible for Editor in 1.55 ms, found 2 plugins.
[Package Manager] Failed to launch server process. Reason: Unity was launched with the -noUpm command-line argument
[Package Manager] Unable to send message (not connected to server process).
[Package Manager] Cannot connect to Unity Package Manager local server
ScheduleIndexationOnStartup MainProcess:False IndexOnStartup:True
Mono: successfully reloaded assembly
- Finished resetting the current domain, in  0.460 seconds
Domain Reload Profiling: 772ms
	BeginReloadAssembly (71ms)
		ExecutionOrderSort (0ms)
		DisableScriptedObjects (3ms)
		BackupInstance (0ms)
		ReleaseScriptingObjects (0ms)
		CreateAndSetChildDomain (22ms)
	RebuildCommonClasses (16ms)
	RebuildNativeTypeToScriptingClass (6ms)
	initialDomainReloadingComplete (13ms)
	LoadAllAssembliesAndSetupDomain (205ms)
		LoadAssemblies (158ms)
		RebuildTransferFunctionScriptingTraits (0ms)
		AnalyzeDomain (68ms)
			TypeCache.Refresh (6ms)
				TypeCache.ScanAssembly (0ms)
			BuildScriptInfoCaches (59ms)
			ResolveRequiredComponents (1ms)
	FinalizeReload (460ms)
		ReleaseScriptCaches (0ms)
		RebuildScriptCaches (0ms)
		SetupLoadedEditorAssemblies (401ms)
			LogAssemblyErrors (0ms)
			InitializePlatformSupportModulesInManaged (1ms)
			SetLoadedEditorAssemblies (2ms)
			BeforeProcessingInitializeOnLoad (108ms)
			ProcessInitializeOnLoadAttributes (186ms)
			ProcessInitializeOnLoadMethodAttributes (104ms)
			AfterProcessingInitializeOnLoad (0ms)
			EditorAssembliesLoaded (0ms)
		ExecutionOrderSort2 (0ms)
		AwakeInstancesAfterBackupRestoration (1ms)
Refreshing native plugins compatible for Editor in 1.60 ms, found 2 plugins.
Preloading 1 native plugins for Editor in 1.24 ms.
Unloading 43 Unused Serialized files (Serialized files now loaded: 0)
Unloading 5193 unused Assets / (13.8 MB). Loaded Objects now: 6284.
Memory consumption went from 145.5 MB to 131.8 MB.
Total: 7.862333 ms (FindLiveObjects: 0.211208 ms CreateObjectMapping: 0.082792 ms MarkObjects: 6.353875 ms  DeleteObjects: 1.214333 ms)

Prepare: number of updated asset objects reloaded= 0
========================================================================
Received Prepare
Refreshing native plugins compatible for Editor in 1.57 ms, found 2 plugins.
Preloading 1 native plugins for Editor in 1.22 ms.
Unloading 43 Unused Serialized files (Serialized files now loaded: 0)
Unloading 5148 unused Assets / (13.3 MB). Loaded Objects now: 6284.
Memory consumption went from 132.9 MB to 119.5 MB.
Total: 7.978250 ms (FindLiveObjects: 0.202458 ms CreateObjectMapping: 0.077083 ms MarkObjects: 6.548125 ms  DeleteObjects: 1.150291 ms)

Prepare: number of updated asset objects reloaded= 0
========================================================================
Received Prepare
Begin MonoManager ReloadAssembly
Thread 0x16b737000 may have been prematurely finalized
Symbol file LoadedFromMemory is not a mono symbol file
Symbol file LoadedFromMemory is not a mono symbol file
- Loaded All Assemblies, in  0.320 seconds
Refreshing native plugins compatible for Editor in 1.94 ms, found 2 plugins.
Native extension for OSXStandalone target not found
Native extension for WebGL target not found
Refreshing native plugins compatible for Editor in 1.08 ms, found 2 plugins.
[Package Manager] Failed to launch server process. Reason: Unity was launched with the -noUpm command-line argument
[Package Manager] Unable to send message (not connected to server process).
[Package Manager] Cannot connect to Unity Package Manager local server
ScheduleIndexationOnStartup MainProcess:False IndexOnStartup:True
Mono: successfully reloaded assembly
- Finished resetting the current domain, in  0.460 seconds
Domain Reload Profiling: 782ms
	BeginReloadAssembly (75ms)
		ExecutionOrderSort (0ms)
		DisableScriptedObjects (3ms)
		BackupInstance (0ms)
		ReleaseScriptingObjects (0ms)
		CreateAndSetChildDomain (24ms)
	RebuildCommonClasses (16ms)
	RebuildNativeTypeToScriptingClass (6ms)
	initialDomainReloadingComplete (14ms)
	LoadAllAssembliesAndSetupDomain (210ms)
		LoadAssemblies (164ms)
		RebuildTransferFunctionScriptingTraits (0ms)
		AnalyzeDomain (68ms)
			TypeCache.Refresh (6ms)
				TypeCache.ScanAssembly (0ms)
			BuildScriptInfoCaches (59ms)
			ResolveRequiredComponents (1ms)
	FinalizeReload (460ms)
		ReleaseScriptCaches (0ms)
		RebuildScriptCaches (0ms)
		SetupLoadedEditorAssemblies (401ms)
			LogAssemblyErrors (0ms)
			InitializePlatformSupportModulesInManaged (1ms)
			SetLoadedEditorAssemblies (2ms)
			BeforeProcessingInitializeOnLoad (107ms)
			ProcessInitializeOnLoadAttributes (191ms)
			ProcessInitializeOnLoadMethodAttributes (100ms)
			AfterProcessingInitializeOnLoad (1ms)
			EditorAssembliesLoaded (0ms)
		ExecutionOrderSort2 (0ms)
		AwakeInstancesAfterBackupRestoration (1ms)
Refreshing native plugins compatible for Editor in 1.28 ms, found 2 plugins.
Preloading 1 native plugins for Editor in 1.23 ms.
Unloading 43 Unused Serialized files (Serialized files now loaded: 0)
Unloading 5193 unused Assets / (13.8 MB). Loaded Objects now: 6288.
Memory consumption went from 145.5 MB to 131.7 MB.
Total: 7.820042 ms (FindLiveObjects: 0.205333 ms CreateObjectMapping: 0.074542 ms MarkObjects: 6.311458 ms  DeleteObjects: 1.228458 ms)

Prepare: number of updated asset objects reloaded= 0
========================================================================
Received Prepare
Refreshing native plugins compatible for Editor in 1.54 ms, found 2 plugins.
Preloading 1 native plugins for Editor in 1.19 ms.
Unloading 43 Unused Serialized files (Serialized files now loaded: 0)
Unloading 5148 unused Assets / (13.7 MB). Loaded Objects now: 6288.
Memory consumption went from 132.9 MB to 119.2 MB.
Total: 7.667375 ms (FindLiveObjects: 0.203875 ms CreateObjectMapping: 0.073750 ms MarkObjects: 6.140417 ms  DeleteObjects: 1.249084 ms)

Prepare: number of updated asset objects reloaded= 0
========================================================================
Received Prepare
Refreshing native plugins compatible for Editor in 1.46 ms, found 2 plugins.
Preloading 1 native plugins for Editor in 1.18 ms.
Unloading 43 Unused Serialized files (Serialized files now loaded: 0)
Unloading 5148 unused Assets / (13.7 MB). Loaded Objects now: 6288.
Memory consumption went from 132.9 MB to 119.2 MB.
Total: 7.932084 ms (FindLiveObjects: 0.202625 ms CreateObjectMapping: 0.074458 ms MarkObjects: 6.458875 ms  DeleteObjects: 1.195875 ms)

Prepare: number of updated asset objects reloaded= 0
========================================================================
Received Prepare
Refreshing native plugins compatible for Editor in 1.54 ms, found 2 plugins.
Preloading 1 native plugins for Editor in 1.16 ms.
Unloading 43 Unused Serialized files (Serialized files now loaded: 0)
Unloading 5148 unused Assets / (13.7 MB). Loaded Objects now: 6288.
Memory consumption went from 132.9 MB to 119.2 MB.
Total: 7.453625 ms (FindLiveObjects: 0.206125 ms CreateObjectMapping: 0.080459 ms MarkObjects: 5.993750 ms  DeleteObjects: 1.173125 ms)

Prepare: number of updated asset objects reloaded= 0
========================================================================
Received Prepare
Refreshing native plugins compatible for Editor in 1.53 ms, found 2 plugins.
Preloading 1 native plugins for Editor in 1.17 ms.
Unloading 43 Unused Serialized files (Serialized files now loaded: 0)
Unloading 5148 unused Assets / (13.6 MB). Loaded Objects now: 6288.
Memory consumption went from 132.9 MB to 119.3 MB.
Total: 7.682292 ms (FindLiveObjects: 0.207083 ms CreateObjectMapping: 0.084458 ms MarkObjects: 6.167500 ms  DeleteObjects: 1.222916 ms)

Prepare: number of updated asset objects reloaded= 0
========================================================================
Received Prepare
Refreshing native plugins compatible for Editor in 1.46 ms, found 2 plugins.
Preloading 1 native plugins for Editor in 1.18 ms.
Unloading 43 Unused Serialized files (Serialized files now loaded: 0)
Unloading 5148 unused Assets / (13.7 MB). Loaded Objects now: 6288.
Memory consumption went from 132.9 MB to 119.2 MB.
Total: 7.583250 ms (FindLiveObjects: 0.203375 ms CreateObjectMapping: 0.081083 ms MarkObjects: 6.132375 ms  DeleteObjects: 1.166000 ms)

Prepare: number of updated asset objects reloaded= 0
========================================================================
Received Prepare
Refreshing native plugins compatible for Editor in 1.51 ms, found 2 plugins.
Preloading 1 native plugins for Editor in 1.19 ms.
Unloading 43 Unused Serialized files (Serialized files now loaded: 0)
Unloading 5148 unused Assets / (13.3 MB). Loaded Objects now: 6288.
Memory consumption went from 132.9 MB to 119.6 MB.
Total: 7.682291 ms (FindLiveObjects: 0.212000 ms CreateObjectMapping: 0.079458 ms MarkObjects: 6.294417 ms  DeleteObjects: 1.096208 ms)

Prepare: number of updated asset objects reloaded= 0
========================================================================
Received Prepare
Begin MonoManager ReloadAssembly
[Licensing::Client] Successfully resolved entitlement details
[Licensing::Module] License group:
  Id: F4-85AS-8ZW6-XMRF-425Z-XXXX
  Product: Unity Personal
  Type: ULF
  Expiration: Unlimited
[Licensing::Module] License group:
  Id: 6872810951280-UnityPersXXXX
  Product: Unity Personal
  Type: Assigned
  Expiration: Unlimited
Thread 0x16b737000 may have been prematurely finalized
Symbol file LoadedFromMemory is not a mono symbol file
Symbol file LoadedFromMemory is not a mono symbol file
- Loaded All Assemblies, in  0.373 seconds
Refreshing native plugins compatible for Editor in 1.43 ms, found 2 plugins.
Native extension for OSXStandalone target not found
Native extension for WebGL target not found
Refreshing native plugins compatible for Editor in 1.25 ms, found 2 plugins.
[Package Manager] Failed to launch server process. Reason: Unity was launched with the -noUpm command-line argument
[Package Manager] Unable to send message (not connected to server process).
[Package Manager] Cannot connect to Unity Package Manager local server
ScheduleIndexationOnStartup MainProcess:False IndexOnStartup:True
Mono: successfully reloaded assembly
- Finished resetting the current domain, in  0.436 seconds
Domain Reload Profiling: 811ms
	BeginReloadAssembly (84ms)
		ExecutionOrderSort (0ms)
		DisableScriptedObjects (4ms)
		BackupInstance (0ms)
		ReleaseScriptingObjects (0ms)
		CreateAndSetChildDomain (26ms)
	RebuildCommonClasses (16ms)
	RebuildNativeTypeToScriptingClass (6ms)
	initialDomainReloadingComplete (14ms)
	LoadAllAssembliesAndSetupDomain (254ms)
		LoadAssemblies (207ms)
		RebuildTransferFunctionScriptingTraits (0ms)
		AnalyzeDomain (71ms)
			TypeCache.Refresh (7ms)
				TypeCache.ScanAssembly (0ms)
			BuildScriptInfoCaches (59ms)
			ResolveRequiredComponents (1ms)
	FinalizeReload (436ms)
		ReleaseScriptCaches (0ms)
		RebuildScriptCaches (0ms)
		SetupLoadedEditorAssemblies (378ms)
			LogAssemblyErrors (0ms)
			InitializePlatformSupportModulesInManaged (1ms)
			SetLoadedEditorAssemblies (2ms)
			BeforeProcessingInitializeOnLoad (97ms)
			ProcessInitializeOnLoadAttributes (179ms)
			ProcessInitializeOnLoadMethodAttributes (98ms)
			AfterProcessingInitializeOnLoad (1ms)
			EditorAssembliesLoaded (0ms)
		ExecutionOrderSort2 (0ms)
		AwakeInstancesAfterBackupRestoration (1ms)
Refreshing native plugins compatible for Editor in 1.55 ms, found 2 plugins.
Preloading 1 native plugins for Editor in 1.22 ms.
Unloading 43 Unused Serialized files (Serialized files now loaded: 0)
Unloading 5193 unused Assets / (13.6 MB). Loaded Objects now: 6292.
Memory consumption went from 145.5 MB to 131.9 MB.
Total: 7.751292 ms (FindLiveObjects: 0.203083 ms CreateObjectMapping: 0.077459 ms MarkObjects: 6.276500 ms  DeleteObjects: 1.194041 ms)

Prepare: number of updated asset objects reloaded= 0
========================================================================
Received Prepare
Refreshing native plugins compatible for Editor in 1.51 ms, found 2 plugins.
Preloading 1 native plugins for Editor in 1.18 ms.
Unloading 43 Unused Serialized files (Serialized files now loaded: 0)
Unloading 5148 unused Assets / (13.7 MB). Loaded Objects now: 6292.
Memory consumption went from 132.9 MB to 119.1 MB.
Total: 7.593000 ms (FindLiveObjects: 0.202083 ms CreateObjectMapping: 0.076917 ms MarkObjects: 6.072208 ms  DeleteObjects: 1.241625 ms)

Prepare: number of updated asset objects reloaded= 0
========================================================================
Received Prepare
Begin MonoManager ReloadAssembly
Thread 0x16b737000 may have been prematurely finalized
Symbol file LoadedFromMemory is not a mono symbol file
Symbol file LoadedFromMemory is not a mono symbol file
- Loaded All Assemblies, in  0.305 seconds
Refreshing native plugins compatible for Editor in 1.25 ms, found 2 plugins.
Native extension for OSXStandalone target not found
Native extension for WebGL target not found
Refreshing native plugins compatible for Editor in 1.36 ms, found 2 plugins.
[Package Manager] Failed to launch server process. Reason: Unity was launched with the -noUpm command-line argument
[Package Manager] Unable to send message (not connected to server process).
[Package Manager] Cannot connect to Unity Package Manager local server
ScheduleIndexationOnStartup MainProcess:False IndexOnStartup:True
Mono: successfully reloaded assembly
- Finished resetting the current domain, in  0.472 seconds
Domain Reload Profiling: 779ms
	BeginReloadAssembly (73ms)
		ExecutionOrderSort (0ms)
		DisableScriptedObjects (3ms)
		BackupInstance (0ms)
		ReleaseScriptingObjects (0ms)
		CreateAndSetChildDomain (22ms)
	RebuildCommonClasses (16ms)
	RebuildNativeTypeToScriptingClass (6ms)
	initialDomainReloadingComplete (13ms)
	LoadAllAssembliesAndSetupDomain (199ms)
		LoadAssemblies (155ms)
		RebuildTransferFunctionScriptingTraits (0ms)
		AnalyzeDomain (66ms)
			TypeCache.Refresh (5ms)
				TypeCache.ScanAssembly (0ms)
			BuildScriptInfoCaches (58ms)
			ResolveRequiredComponents (1ms)
	FinalizeReload (473ms)
		ReleaseScriptCaches (0ms)
		RebuildScriptCaches (0ms)
		SetupLoadedEditorAssemblies (412ms)
			LogAssemblyErrors (0ms)
			InitializePlatformSupportModulesInManaged (1ms)
			SetLoadedEditorAssemblies (2ms)
			BeforeProcessingInitializeOnLoad (106ms)
			ProcessInitializeOnLoadAttributes (185ms)
			ProcessInitializeOnLoadMethodAttributes (118ms)
			AfterProcessingInitializeOnLoad (1ms)
			EditorAssembliesLoaded (0ms)
		ExecutionOrderSort2 (0ms)
		AwakeInstancesAfterBackupRestoration (1ms)
Refreshing native plugins compatible for Editor in 1.01 ms, found 2 plugins.
Preloading 1 native plugins for Editor in 1.19 ms.
Unloading 43 Unused Serialized files (Serialized files now loaded: 0)
Unloading 5193 unused Assets / (13.8 MB). Loaded Objects now: 6296.
Memory consumption went from 145.6 MB to 131.8 MB.
Total: 7.859583 ms (FindLiveObjects: 0.196959 ms CreateObjectMapping: 0.077125 ms MarkObjects: 6.446000 ms  DeleteObjects: 1.139334 ms)

Prepare: number of updated asset objects reloaded= 0
========================================================================
Received Prepare
Refreshing native plugins compatible for Editor in 1.14 ms, found 2 plugins.
Preloading 1 native plugins for Editor in 1.17 ms.
Unloading 43 Unused Serialized files (Serialized files now loaded: 0)
Unloading 5148 unused Assets / (13.6 MB). Loaded Objects now: 6296.
Memory consumption went from 132.9 MB to 119.3 MB.
Total: 7.553750 ms (FindLiveObjects: 0.201166 ms CreateObjectMapping: 0.085250 ms MarkObjects: 6.082417 ms  DeleteObjects: 1.184625 ms)

Prepare: number of updated asset objects reloaded= 0
========================================================================
Received Prepare
Begin MonoManager ReloadAssembly
Thread 0x16b737000 may have been prematurely finalized
Symbol file LoadedFromMemory is not a mono symbol file
Symbol file LoadedFromMemory is not a mono symbol file
- Loaded All Assemblies, in  0.323 seconds
Refreshing native plugins compatible for Editor in 1.23 ms, found 2 plugins.
Native extension for OSXStandalone target not found
Native extension for WebGL target not found
Refreshing native plugins compatible for Editor in 1.32 ms, found 2 plugins.
[Package Manager] Failed to launch server process. Reason: Unity was launched with the -noUpm command-line argument
[Package Manager] Unable to send message (not connected to server process).
[Package Manager] Cannot connect to Unity Package Manager local server
ScheduleIndexationOnStartup MainProcess:False IndexOnStartup:True
Mono: successfully reloaded assembly
- Finished resetting the current domain, in  0.451 seconds
Domain Reload Profiling: 776ms
	BeginReloadAssembly (73ms)
		ExecutionOrderSort (0ms)
		DisableScriptedObjects (3ms)
		BackupInstance (0ms)
		ReleaseScriptingObjects (0ms)
		CreateAndSetChildDomain (22ms)
	RebuildCommonClasses (16ms)
	RebuildNativeTypeToScriptingClass (6ms)
	initialDomainReloadingComplete (13ms)
	LoadAllAssembliesAndSetupDomain (217ms)
		LoadAssemblies (169ms)
		RebuildTransferFunctionScriptingTraits (0ms)
		AnalyzeDomain (70ms)
			TypeCache.Refresh (8ms)
				TypeCache.ScanAssembly (0ms)
			BuildScriptInfoCaches (60ms)
			ResolveRequiredComponents (1ms)
	FinalizeReload (451ms)
		ReleaseScriptCaches (0ms)
		RebuildScriptCaches (0ms)
		SetupLoadedEditorAssemblies (393ms)
			LogAssemblyErrors (0ms)
			InitializePlatformSupportModulesInManaged (1ms)
			SetLoadedEditorAssemblies (2ms)
			BeforeProcessingInitializeOnLoad (104ms)
			ProcessInitializeOnLoadAttributes (185ms)
			ProcessInitializeOnLoadMethodAttributes (100ms)
			AfterProcessingInitializeOnLoad (1ms)
			EditorAssembliesLoaded (0ms)
		ExecutionOrderSort2 (0ms)
		AwakeInstancesAfterBackupRestoration (1ms)
Refreshing native plugins compatible for Editor in 1.52 ms, found 2 plugins.
Preloading 1 native plugins for Editor in 1.22 ms.
Unloading 43 Unused Serialized files (Serialized files now loaded: 0)
Unloading 5193 unused Assets / (13.8 MB). Loaded Objects now: 6300.
Memory consumption went from 145.6 MB to 131.8 MB.
Total: 7.719459 ms (FindLiveObjects: 0.209833 ms CreateObjectMapping: 0.079834 ms MarkObjects: 6.197125 ms  DeleteObjects: 1.232333 ms)

Prepare: number of updated asset objects reloaded= 0
========================================================================
Received Prepare
Refreshing native plugins compatible for Editor in 1.35 ms, found 2 plugins.
Preloading 1 native plugins for Editor in 1.16 ms.
Unloading 43 Unused Serialized files (Serialized files now loaded: 0)
Unloading 5148 unused Assets / (13.6 MB). Loaded Objects now: 6300.
Memory consumption went from 132.9 MB to 119.3 MB.
Total: 7.688292 ms (FindLiveObjects: 0.206792 ms CreateObjectMapping: 0.076083 ms MarkObjects: 6.236625 ms  DeleteObjects: 1.168500 ms)

Prepare: number of updated asset objects reloaded= 0
========================================================================
Received Prepare
Refreshing native plugins compatible for Editor in 1.25 ms, found 2 plugins.
Preloading 1 native plugins for Editor in 1.19 ms.
Unloading 43 Unused Serialized files (Serialized files now loaded: 0)
Unloading 5148 unused Assets / (13.7 MB). Loaded Objects now: 6300.
Memory consumption went from 132.9 MB to 119.2 MB.
Total: 7.606000 ms (FindLiveObjects: 0.198250 ms CreateObjectMapping: 0.077875 ms MarkObjects: 6.128209 ms  DeleteObjects: 1.201500 ms)

Prepare: number of updated asset objects reloaded= 0
========================================================================
Received Prepare
Refreshing native plugins compatible for Editor in 1.56 ms, found 2 plugins.
Preloading 1 native plugins for Editor in 1.22 ms.
Unloading 43 Unused Serialized files (Serialized files now loaded: 0)
Unloading 5148 unused Assets / (13.7 MB). Loaded Objects now: 6300.
Memory consumption went from 132.9 MB to 119.2 MB.
Total: 7.947291 ms (FindLiveObjects: 0.204500 ms CreateObjectMapping: 0.081750 ms MarkObjects: 6.409667 ms  DeleteObjects: 1.251208 ms)

Prepare: number of updated asset objects reloaded= 0
========================================================================
Received Prepare
Refreshing native plugins compatible for Editor in 1.46 ms, found 2 plugins.
Preloading 1 native plugins for Editor in 1.21 ms.
Unloading 43 Unused Serialized files (Serialized files now loaded: 0)
Unloading 5148 unused Assets / (13.6 MB). Loaded Objects now: 6300.
Memory consumption went from 132.9 MB to 119.3 MB.
Total: 7.645458 ms (FindLiveObjects: 0.213417 ms CreateObjectMapping: 0.081000 ms MarkObjects: 6.143792 ms  DeleteObjects: 1.207125 ms)

Prepare: number of updated asset objects reloaded= 0
========================================================================
Received Prepare
Refreshing native plugins compatible for Editor in 1.35 ms, found 2 plugins.
Preloading 1 native plugins for Editor in 1.20 ms.
Unloading 43 Unused Serialized files (Serialized files now loaded: 0)
Unloading 5148 unused Assets / (13.7 MB). Loaded Objects now: 6300.
Memory consumption went from 132.9 MB to 119.2 MB.
Total: 7.690834 ms (FindLiveObjects: 0.197833 ms CreateObjectMapping: 0.081709 ms MarkObjects: 6.157541 ms  DeleteObjects: 1.253709 ms)

Prepare: number of updated asset objects reloaded= 0
========================================================================
Received Prepare
Refreshing native plugins compatible for Editor in 1.55 ms, found 2 plugins.
Preloading 1 native plugins for Editor in 1.21 ms.
Unloading 43 Unused Serialized files (Serialized files now loaded: 0)
Unloading 5148 unused Assets / (13.8 MB). Loaded Objects now: 6300.
Memory consumption went from 132.9 MB to 119.0 MB.
Total: 7.588583 ms (FindLiveObjects: 0.206375 ms CreateObjectMapping: 0.079375 ms MarkObjects: 6.086000 ms  DeleteObjects: 1.216750 ms)

Prepare: number of updated asset objects reloaded= 0
========================================================================
Received Prepare
Refreshing native plugins compatible for Editor in 1.56 ms, found 2 plugins.
Preloading 1 native plugins for Editor in 1.20 ms.
Unloading 43 Unused Serialized files (Serialized files now loaded: 0)
Unloading 5148 unused Assets / (13.7 MB). Loaded Objects now: 6300.
Memory consumption went from 132.9 MB to 119.2 MB.
Total: 7.505125 ms (FindLiveObjects: 0.205792 ms CreateObjectMapping: 0.077625 ms MarkObjects: 6.064250 ms  DeleteObjects: 1.157167 ms)

Prepare: number of updated asset objects reloaded= 0
========================================================================
Received Prepare
Begin MonoManager ReloadAssembly
[Licensing::Client] Successfully resolved entitlement details
[Licensing::Module] License group:
  Id: F4-85AS-8ZW6-XMRF-425Z-XXXX
  Product: Unity Personal
  Type: ULF
  Expiration: Unlimited
[Licensing::Module] License group:
  Id: 6872810951280-UnityPersXXXX
  Product: Unity Personal
  Type: Assigned
  Expiration: Unlimited
Thread 0x16b737000 may have been prematurely finalized
Symbol file LoadedFromMemory is not a mono symbol file
Symbol file LoadedFromMemory is not a mono symbol file
- Loaded All Assemblies, in  0.362 seconds
Refreshing native plugins compatible for Editor in 1.06 ms, found 2 plugins.
Native extension for OSXStandalone target not found
Native extension for WebGL target not found
Refreshing native plugins compatible for Editor in 1.51 ms, found 2 plugins.
[Package Manager] Failed to launch server process. Reason: Unity was launched with the -noUpm command-line argument
[Package Manager] Unable to send message (not connected to server process).
[Package Manager] Cannot connect to Unity Package Manager local server
ScheduleIndexationOnStartup MainProcess:False IndexOnStartup:True
Mono: successfully reloaded assembly
- Finished resetting the current domain, in  0.464 seconds
Domain Reload Profiling: 828ms
	BeginReloadAssembly (76ms)
		ExecutionOrderSort (0ms)
		DisableScriptedObjects (3ms)
		BackupInstance (0ms)
		ReleaseScriptingObjects (0ms)
		CreateAndSetChildDomain (23ms)
	RebuildCommonClasses (16ms)
	RebuildNativeTypeToScriptingClass (6ms)
	initialDomainReloadingComplete (14ms)
	LoadAllAssembliesAndSetupDomain (252ms)
		LoadAssemblies (204ms)
		RebuildTransferFunctionScriptingTraits (0ms)
		AnalyzeDomain (71ms)
			TypeCache.Refresh (8ms)
				TypeCache.ScanAssembly (0ms)
			BuildScriptInfoCaches (60ms)
			ResolveRequiredComponents (1ms)
	FinalizeReload (464ms)
		ReleaseScriptCaches (0ms)
		RebuildScriptCaches (0ms)
		SetupLoadedEditorAssemblies (404ms)
			LogAssemblyErrors (0ms)
			InitializePlatformSupportModulesInManaged (1ms)
			SetLoadedEditorAssemblies (2ms)
			BeforeProcessingInitializeOnLoad (109ms)
			ProcessInitializeOnLoadAttributes (187ms)
			ProcessInitializeOnLoadMethodAttributes (105ms)
			AfterProcessingInitializeOnLoad (0ms)
			EditorAssembliesLoaded (0ms)
		ExecutionOrderSort2 (0ms)
		AwakeInstancesAfterBackupRestoration (1ms)
Refreshing native plugins compatible for Editor in 1.32 ms, found 2 plugins.
Preloading 1 native plugins for Editor in 1.22 ms.
Unloading 43 Unused Serialized files (Serialized files now loaded: 0)
Unloading 5193 unused Assets / (13.7 MB). Loaded Objects now: 6304.
Memory consumption went from 145.6 MB to 131.9 MB.
Total: 7.873417 ms (FindLiveObjects: 0.234417 ms CreateObjectMapping: 0.110208 ms MarkObjects: 6.336125 ms  DeleteObjects: 1.192625 ms)

Prepare: number of updated asset objects reloaded= 0
========================================================================
Received Prepare
Refreshing native plugins compatible for Editor in 1.16 ms, found 2 plugins.
Preloading 1 native plugins for Editor in 1.16 ms.
Unloading 43 Unused Serialized files (Serialized files now loaded: 0)
Unloading 5148 unused Assets / (13.7 MB). Loaded Objects now: 6304.
Memory consumption went from 132.9 MB to 119.2 MB.
Total: 7.571625 ms (FindLiveObjects: 0.206666 ms CreateObjectMapping: 0.075500 ms MarkObjects: 6.101417 ms  DeleteObjects: 1.187750 ms)

Prepare: number of updated asset objects reloaded= 0
========================================================================
Received Prepare
Begin MonoManager ReloadAssembly
Thread 0x16b737000 may have been prematurely finalized
Symbol file LoadedFromMemory is not a mono symbol file
Symbol file LoadedFromMemory is not a mono symbol file
- Loaded All Assemblies, in  0.326 seconds
Refreshing native plugins compatible for Editor in 1.57 ms, found 2 plugins.
Native extension for OSXStandalone target not found
Native extension for WebGL target not found
Refreshing native plugins compatible for Editor in 1.18 ms, found 2 plugins.
[Package Manager] Failed to launch server process. Reason: Unity was launched with the -noUpm command-line argument
[Package Manager] Unable to send message (not connected to server process).
[Package Manager] Cannot connect to Unity Package Manager local server
ScheduleIndexationOnStartup MainProcess:False IndexOnStartup:True
Mono: successfully reloaded assembly
- Finished resetting the current domain, in  0.465 seconds
Domain Reload Profiling: 792ms
	BeginReloadAssembly (72ms)
		ExecutionOrderSort (0ms)
		DisableScriptedObjects (3ms)
		BackupInstance (0ms)
		ReleaseScriptingObjects (0ms)
		CreateAndSetChildDomain (22ms)
	RebuildCommonClasses (15ms)
	RebuildNativeTypeToScriptingClass (6ms)
	initialDomainReloadingComplete (13ms)
	LoadAllAssembliesAndSetupDomain (220ms)
		LoadAssemblies (174ms)
		RebuildTransferFunctionScriptingTraits (0ms)
		AnalyzeDomain (68ms)
			TypeCache.Refresh (7ms)
				TypeCache.ScanAssembly (0ms)
			BuildScriptInfoCaches (58ms)
			ResolveRequiredComponents (1ms)
	FinalizeReload (465ms)
		ReleaseScriptCaches (0ms)
		RebuildScriptCaches (0ms)
		SetupLoadedEditorAssemblies (405ms)
			LogAssemblyErrors (0ms)
			InitializePlatformSupportModulesInManaged (1ms)
			SetLoadedEditorAssemblies (2ms)
			BeforeProcessingInitializeOnLoad (108ms)
			ProcessInitializeOnLoadAttributes (189ms)
			ProcessInitializeOnLoadMethodAttributes (105ms)
			AfterProcessingInitializeOnLoad (0ms)
			EditorAssembliesLoaded (0ms)
		ExecutionOrderSort2 (0ms)
		AwakeInstancesAfterBackupRestoration (1ms)
Refreshing native plugins compatible for Editor in 1.43 ms, found 2 plugins.
Preloading 1 native plugins for Editor in 1.20 ms.
Unloading 43 Unused Serialized files (Serialized files now loaded: 0)
Unloading 5193 unused Assets / (14.0 MB). Loaded Objects now: 6308.
Memory consumption went from 145.6 MB to 131.6 MB.
Total: 7.918416 ms (FindLiveObjects: 0.205416 ms CreateObjectMapping: 0.078209 ms MarkObjects: 6.319875 ms  DeleteObjects: 1.314708 ms)

Prepare: number of updated asset objects reloaded= 0
========================================================================
Received Prepare
Refreshing native plugins compatible for Editor in 1.22 ms, found 2 plugins.
Preloading 1 native plugins for Editor in 1.20 ms.
Unloading 43 Unused Serialized files (Serialized files now loaded: 0)
Unloading 5148 unused Assets / (13.9 MB). Loaded Objects now: 6308.
Memory consumption went from 132.9 MB to 119.0 MB.
Total: 7.919708 ms (FindLiveObjects: 0.193750 ms CreateObjectMapping: 0.085167 ms MarkObjects: 6.349250 ms  DeleteObjects: 1.291292 ms)

Prepare: number of updated asset objects reloaded= 0
========================================================================
Received Prepare
Begin MonoManager ReloadAssembly
Thread 0x16b737000 may have been prematurely finalized
Symbol file LoadedFromMemory is not a mono symbol file
Symbol file LoadedFromMemory is not a mono symbol file
- Loaded All Assemblies, in  0.312 seconds
Refreshing native plugins compatible for Editor in 1.37 ms, found 2 plugins.
Native extension for OSXStandalone target not found
Native extension for WebGL target not found
Refreshing native plugins compatible for Editor in 1.27 ms, found 2 plugins.
[Package Manager] Failed to launch server process. Reason: Unity was launched with the -noUpm command-line argument
[Package Manager] Unable to send message (not connected to server process).
[Package Manager] Cannot connect to Unity Package Manager local server
ScheduleIndexationOnStartup MainProcess:False IndexOnStartup:True
Mono: successfully reloaded assembly
- Finished resetting the current domain, in  0.463 seconds
Domain Reload Profiling: 777ms
	BeginReloadAssembly (74ms)
		ExecutionOrderSort (0ms)
		DisableScriptedObjects (3ms)
		BackupInstance (0ms)
		ReleaseScriptingObjects (0ms)
		CreateAndSetChildDomain (23ms)
	RebuildCommonClasses (16ms)
	RebuildNativeTypeToScriptingClass (6ms)
	initialDomainReloadingComplete (14ms)
	LoadAllAssembliesAndSetupDomain (204ms)
		LoadAssemblies (160ms)
		RebuildTransferFunctionScriptingTraits (0ms)
		AnalyzeDomain (66ms)
			TypeCache.Refresh (5ms)
				TypeCache.ScanAssembly (0ms)
			BuildScriptInfoCaches (58ms)
			ResolveRequiredComponents (1ms)
	FinalizeReload (463ms)
		ReleaseScriptCaches (0ms)
		RebuildScriptCaches (0ms)
		SetupLoadedEditorAssemblies (405ms)
			LogAssemblyErrors (0ms)
			InitializePlatformSupportModulesInManaged (1ms)
			SetLoadedEditorAssemblies (2ms)
			BeforeProcessingInitializeOnLoad (107ms)
			ProcessInitializeOnLoadAttributes (191ms)
			ProcessInitializeOnLoadMethodAttributes (103ms)
			AfterProcessingInitializeOnLoad (1ms)
			EditorAssembliesLoaded (0ms)
		ExecutionOrderSort2 (0ms)
		AwakeInstancesAfterBackupRestoration (1ms)
Refreshing native plugins compatible for Editor in 1.53 ms, found 2 plugins.
Preloading 1 native plugins for Editor in 1.18 ms.
Unloading 43 Unused Serialized files (Serialized files now loaded: 0)
Unloading 5193 unused Assets / (13.7 MB). Loaded Objects now: 6312.
Memory consumption went from 145.6 MB to 131.9 MB.
Total: 7.650500 ms (FindLiveObjects: 0.206917 ms CreateObjectMapping: 0.076709 ms MarkObjects: 6.144875 ms  DeleteObjects: 1.221833 ms)

Prepare: number of updated asset objects reloaded= 0
========================================================================
Received Prepare
Refreshing native plugins compatible for Editor in 1.16 ms, found 2 plugins.
Preloading 1 native plugins for Editor in 1.22 ms.
Unloading 43 Unused Serialized files (Serialized files now loaded: 0)
Unloading 5148 unused Assets / (13.4 MB). Loaded Objects now: 6312.
Memory consumption went from 132.9 MB to 119.5 MB.
Total: 8.024083 ms (FindLiveObjects: 0.202959 ms CreateObjectMapping: 0.088041 ms MarkObjects: 6.550209 ms  DeleteObjects: 1.182666 ms)

Prepare: number of updated asset objects reloaded= 0
========================================================================
Received Prepare
Begin MonoManager ReloadAssembly
[Licensing::Client] Successfully resolved entitlement details
[Licensing::Module] License group:
  Id: F4-85AS-8ZW6-XMRF-425Z-XXXX
  Product: Unity Personal
  Type: ULF
  Expiration: Unlimited
[Licensing::Module] License group:
  Id: 6872810951280-UnityPersXXXX
  Product: Unity Personal
  Type: Assigned
  Expiration: Unlimited
Thread 0x16b737000 may have been prematurely finalized
Symbol file LoadedFromMemory is not a mono symbol file
Symbol file LoadedFromMemory is not a mono symbol file
- Loaded All Assemblies, in  0.317 seconds
Refreshing native plugins compatible for Editor in 1.41 ms, found 2 plugins.
Native extension for OSXStandalone target not found
Native extension for WebGL target not found
Refreshing native plugins compatible for Editor in 1.15 ms, found 2 plugins.
[Package Manager] Failed to launch server process. Reason: Unity was launched with the -noUpm command-line argument
[Package Manager] Unable to send message (not connected to server process).
[Package Manager] Cannot connect to Unity Package Manager local server
ScheduleIndexationOnStartup MainProcess:False IndexOnStartup:True
Mono: successfully reloaded assembly
- Finished resetting the current domain, in  0.460 seconds
Domain Reload Profiling: 778ms
	BeginReloadAssembly (73ms)
		ExecutionOrderSort (0ms)
		DisableScriptedObjects (3ms)
		BackupInstance (0ms)
		ReleaseScriptingObjects (0ms)
		CreateAndSetChildDomain (22ms)
	RebuildCommonClasses (16ms)
	RebuildNativeTypeToScriptingClass (6ms)
	initialDomainReloadingComplete (14ms)
	LoadAllAssembliesAndSetupDomain (209ms)
		LoadAssemblies (162ms)
		RebuildTransferFunctionScriptingTraits (0ms)
		AnalyzeDomain (69ms)
			TypeCache.Refresh (6ms)
				TypeCache.ScanAssembly (0ms)
			BuildScriptInfoCaches (59ms)
			ResolveRequiredComponents (1ms)
	FinalizeReload (460ms)
		ReleaseScriptCaches (0ms)
		RebuildScriptCaches (0ms)
		SetupLoadedEditorAssemblies (400ms)
			LogAssemblyErrors (0ms)
			InitializePlatformSupportModulesInManaged (1ms)
			SetLoadedEditorAssemblies (2ms)
			BeforeProcessingInitializeOnLoad (105ms)
			ProcessInitializeOnLoadAttributes (186ms)
			ProcessInitializeOnLoadMethodAttributes (106ms)
			AfterProcessingInitializeOnLoad (0ms)
			EditorAssembliesLoaded (0ms)
		ExecutionOrderSort2 (0ms)
		AwakeInstancesAfterBackupRestoration (1ms)
Refreshing native plugins compatible for Editor in 1.50 ms, found 2 plugins.
Preloading 1 native plugins for Editor in 1.21 ms.
Unloading 43 Unused Serialized files (Serialized files now loaded: 0)
Unloading 5193 unused Assets / (14.3 MB). Loaded Objects now: 6316.
Memory consumption went from 145.6 MB to 131.3 MB.
Total: 7.777792 ms (FindLiveObjects: 0.206042 ms CreateObjectMapping: 0.075041 ms MarkObjects: 6.145750 ms  DeleteObjects: 1.350750 ms)

Prepare: number of updated asset objects reloaded= 0
========================================================================
Received Prepare
Refreshing native plugins compatible for Editor in 1.55 ms, found 2 plugins.
Preloading 1 native plugins for Editor in 1.20 ms.
Unloading 43 Unused Serialized files (Serialized files now loaded: 0)
Unloading 5148 unused Assets / (13.7 MB). Loaded Objects now: 6316.
Memory consumption went from 132.9 MB to 119.2 MB.
Total: 7.669250 ms (FindLiveObjects: 0.203000 ms CreateObjectMapping: 0.073167 ms MarkObjects: 6.181500 ms  DeleteObjects: 1.211334 ms)

Prepare: number of updated asset objects reloaded= 0
========================================================================
Received Prepare
Begin MonoManager ReloadAssembly
Thread 0x16b737000 may have been prematurely finalized
Symbol file LoadedFromMemory is not a mono symbol file
Symbol file LoadedFromMemory is not a mono symbol file
- Loaded All Assemblies, in  0.307 seconds
Refreshing native plugins compatible for Editor in 1.59 ms, found 2 plugins.
Native extension for OSXStandalone target not found
Native extension for WebGL target not found
Refreshing native plugins compatible for Editor in 1.13 ms, found 2 plugins.
[Package Manager] Failed to launch server process. Reason: Unity was launched with the -noUpm command-line argument
[Package Manager] Unable to send message (not connected to server process).
[Package Manager] Cannot connect to Unity Package Manager local server
ScheduleIndexationOnStartup MainProcess:False IndexOnStartup:True
Mono: successfully reloaded assembly
- Finished resetting the current domain, in  0.476 seconds
Domain Reload Profiling: 784ms
	BeginReloadAssembly (72ms)
		ExecutionOrderSort (0ms)
		DisableScriptedObjects (3ms)
		BackupInstance (0ms)
		ReleaseScriptingObjects (0ms)
		CreateAndSetChildDomain (21ms)
	RebuildCommonClasses (16ms)
	RebuildNativeTypeToScriptingClass (6ms)
	initialDomainReloadingComplete (14ms)
	LoadAllAssembliesAndSetupDomain (200ms)
		LoadAssemblies (157ms)
		RebuildTransferFunctionScriptingTraits (0ms)
		AnalyzeDomain (65ms)
			TypeCache.Refresh (5ms)
				TypeCache.ScanAssembly (0ms)
			BuildScriptInfoCaches (57ms)
			ResolveRequiredComponents (1ms)
	FinalizeReload (477ms)
		ReleaseScriptCaches (0ms)
		RebuildScriptCaches (0ms)
		SetupLoadedEditorAssemblies (417ms)
			LogAssemblyErrors (0ms)
			InitializePlatformSupportModulesInManaged (1ms)
			SetLoadedEditorAssemblies (2ms)
			BeforeProcessingInitializeOnLoad (108ms)
			ProcessInitializeOnLoadAttributes (198ms)
			ProcessInitializeOnLoadMethodAttributes (108ms)
			AfterProcessingInitializeOnLoad (1ms)
			EditorAssembliesLoaded (0ms)
		ExecutionOrderSort2 (0ms)
		AwakeInstancesAfterBackupRestoration (1ms)
Refreshing native plugins compatible for Editor in 1.12 ms, found 2 plugins.
Preloading 1 native plugins for Editor in 1.26 ms.
Unloading 43 Unused Serialized files (Serialized files now loaded: 0)
Unloading 5193 unused Assets / (13.7 MB). Loaded Objects now: 6320.
Memory consumption went from 145.6 MB to 131.9 MB.
Total: 8.313458 ms (FindLiveObjects: 0.201709 ms CreateObjectMapping: 0.088500 ms MarkObjects: 6.899000 ms  DeleteObjects: 1.124000 ms)

Prepare: number of updated asset objects reloaded= 0
========================================================================
Received Prepare
Refreshing native plugins compatible for Editor in 1.46 ms, found 2 plugins.
Preloading 1 native plugins for Editor in 1.19 ms.
Unloading 43 Unused Serialized files (Serialized files now loaded: 0)
Unloading 5148 unused Assets / (13.2 MB). Loaded Objects now: 6320.
Memory consumption went from 132.9 MB to 119.8 MB.
Total: 7.910291 ms (FindLiveObjects: 0.208041 ms CreateObjectMapping: 0.075292 ms MarkObjects: 6.391792 ms  DeleteObjects: 1.234917 ms)

Prepare: number of updated asset objects reloaded= 0
========================================================================
Received Prepare
Begin MonoManager ReloadAssembly
Thread 0x16b737000 may have been prematurely finalized
Symbol file LoadedFromMemory is not a mono symbol file
Symbol file LoadedFromMemory is not a mono symbol file
- Loaded All Assemblies, in  0.310 seconds
Refreshing native plugins compatible for Editor in 1.22 ms, found 2 plugins.
Native extension for OSXStandalone target not found
Native extension for WebGL target not found
Refreshing native plugins compatible for Editor in 1.13 ms, found 2 plugins.
[Package Manager] Failed to launch server process. Reason: Unity was launched with the -noUpm command-line argument
[Package Manager] Unable to send message (not connected to server process).
[Package Manager] Cannot connect to Unity Package Manager local server
ScheduleIndexationOnStartup MainProcess:False IndexOnStartup:True
Mono: successfully reloaded assembly
- Finished resetting the current domain, in  0.464 seconds
Domain Reload Profiling: 774ms
	BeginReloadAssembly (72ms)
		ExecutionOrderSort (0ms)
		DisableScriptedObjects (3ms)
		BackupInstance (0ms)
		ReleaseScriptingObjects (0ms)
		CreateAndSetChildDomain (22ms)
	RebuildCommonClasses (16ms)
	RebuildNativeTypeToScriptingClass (6ms)
	initialDomainReloadingComplete (14ms)
	LoadAllAssembliesAndSetupDomain (202ms)
		LoadAssemblies (159ms)
		RebuildTransferFunctionScriptingTraits (0ms)
		AnalyzeDomain (66ms)
			TypeCache.Refresh (5ms)
				TypeCache.ScanAssembly (0ms)
			BuildScriptInfoCaches (58ms)
			ResolveRequiredComponents (1ms)
	FinalizeReload (464ms)
		ReleaseScriptCaches (0ms)
		RebuildScriptCaches (0ms)
		SetupLoadedEditorAssemblies (403ms)
			LogAssemblyErrors (0ms)
			InitializePlatformSupportModulesInManaged (1ms)
			SetLoadedEditorAssemblies (2ms)
			BeforeProcessingInitializeOnLoad (109ms)
			ProcessInitializeOnLoadAttributes (186ms)
			ProcessInitializeOnLoadMethodAttributes (104ms)
			AfterProcessingInitializeOnLoad (0ms)
			EditorAssembliesLoaded (0ms)
		ExecutionOrderSort2 (0ms)
		AwakeInstancesAfterBackupRestoration (1ms)
Refreshing native plugins compatible for Editor in 1.01 ms, found 2 plugins.
Preloading 1 native plugins for Editor in 1.17 ms.
Unloading 43 Unused Serialized files (Serialized files now loaded: 0)
Unloading 5193 unused Assets / (13.6 MB). Loaded Objects now: 6324.
Memory consumption went from 145.6 MB to 132.0 MB.
Total: 7.833042 ms (FindLiveObjects: 0.198625 ms CreateObjectMapping: 0.076500 ms MarkObjects: 6.317416 ms  DeleteObjects: 1.240250 ms)

Prepare: number of updated asset objects reloaded= 0
========================================================================
Received Prepare
Refreshing native plugins compatible for Editor in 1.46 ms, found 2 plugins.
Preloading 1 native plugins for Editor in 1.18 ms.
Unloading 43 Unused Serialized files (Serialized files now loaded: 0)
Unloading 5148 unused Assets / (13.7 MB). Loaded Objects now: 6324.
Memory consumption went from 132.9 MB to 119.3 MB.
Total: 7.553625 ms (FindLiveObjects: 0.204791 ms CreateObjectMapping: 0.077667 ms MarkObjects: 6.090458 ms  DeleteObjects: 1.180500 ms)

Prepare: number of updated asset objects reloaded= 0
========================================================================
Received Prepare
Begin MonoManager ReloadAssembly
Thread 0x16b737000 may have been prematurely finalized
Symbol file LoadedFromMemory is not a mono symbol file
Symbol file LoadedFromMemory is not a mono symbol file
- Loaded All Assemblies, in  0.336 seconds
Refreshing native plugins compatible for Editor in 0.98 ms, found 2 plugins.
Native extension for OSXStandalone target not found
Native extension for WebGL target not found
Refreshing native plugins compatible for Editor in 1.14 ms, found 2 plugins.
[Package Manager] Failed to launch server process. Reason: Unity was launched with the -noUpm command-line argument
[Package Manager] Unable to send message (not connected to server process).
[Package Manager] Cannot connect to Unity Package Manager local server
ScheduleIndexationOnStartup MainProcess:False IndexOnStartup:True
Mono: successfully reloaded assembly
- Finished resetting the current domain, in  0.473 seconds
Domain Reload Profiling: 810ms
	BeginReloadAssembly (72ms)
		ExecutionOrderSort (0ms)
		DisableScriptedObjects (3ms)
		BackupInstance (0ms)
		ReleaseScriptingObjects (0ms)
		CreateAndSetChildDomain (21ms)
	RebuildCommonClasses (16ms)
	RebuildNativeTypeToScriptingClass (6ms)
	initialDomainReloadingComplete (14ms)
	LoadAllAssembliesAndSetupDomain (230ms)
		LoadAssemblies (184ms)
		RebuildTransferFunctionScriptingTraits (0ms)
		AnalyzeDomain (68ms)
			TypeCache.Refresh (6ms)
				TypeCache.ScanAssembly (0ms)
			BuildScriptInfoCaches (58ms)
			ResolveRequiredComponents (1ms)
	FinalizeReload (473ms)
		ReleaseScriptCaches (0ms)
		RebuildScriptCaches (0ms)
		SetupLoadedEditorAssemblies (412ms)
			LogAssemblyErrors (0ms)
			InitializePlatformSupportModulesInManaged (1ms)
			SetLoadedEditorAssemblies (2ms)
			BeforeProcessingInitializeOnLoad (110ms)
			ProcessInitializeOnLoadAttributes (193ms)
			ProcessInitializeOnLoadMethodAttributes (105ms)
			AfterProcessingInitializeOnLoad (0ms)
			EditorAssembliesLoaded (0ms)
		ExecutionOrderSort2 (0ms)
		AwakeInstancesAfterBackupRestoration (1ms)
Refreshing native plugins compatible for Editor in 0.98 ms, found 2 plugins.
Preloading 1 native plugins for Editor in 1.18 ms.
Unloading 43 Unused Serialized files (Serialized files now loaded: 0)
Unloading 5193 unused Assets / (13.7 MB). Loaded Objects now: 6328.
Memory consumption went from 145.6 MB to 132.0 MB.
Total: 7.885791 ms (FindLiveObjects: 0.187666 ms CreateObjectMapping: 0.075459 ms MarkObjects: 6.400833 ms  DeleteObjects: 1.221666 ms)

Prepare: number of updated asset objects reloaded= 0
========================================================================
Received Prepare
Refreshing native plugins compatible for Editor in 1.47 ms, found 2 plugins.
Preloading 1 native plugins for Editor in 1.25 ms.
Unloading 43 Unused Serialized files (Serialized files now loaded: 0)
Unloading 5148 unused Assets / (13.5 MB). Loaded Objects now: 6328.
Memory consumption went from 133.0 MB to 119.4 MB.
Total: 8.090375 ms (FindLiveObjects: 0.217042 ms CreateObjectMapping: 0.088541 ms MarkObjects: 6.561667 ms  DeleteObjects: 1.223000 ms)

Prepare: number of updated asset objects reloaded= 0
========================================================================
Received Prepare
Begin MonoManager ReloadAssembly
Thread 0x16b737000 may have been prematurely finalized
Symbol file LoadedFromMemory is not a mono symbol file
Symbol file LoadedFromMemory is not a mono symbol file
- Loaded All Assemblies, in  0.313 seconds
Refreshing native plugins compatible for Editor in 1.30 ms, found 2 plugins.
Native extension for OSXStandalone target not found
Native extension for WebGL target not found
Refreshing native plugins compatible for Editor in 1.20 ms, found 2 plugins.
[Package Manager] Failed to launch server process. Reason: Unity was launched with the -noUpm command-line argument
[Package Manager] Unable to send message (not connected to server process).
[Package Manager] Cannot connect to Unity Package Manager local server
ScheduleIndexationOnStartup MainProcess:False IndexOnStartup:True
Mono: successfully reloaded assembly
- Finished resetting the current domain, in  0.473 seconds
Domain Reload Profiling: 787ms
	BeginReloadAssembly (73ms)
		ExecutionOrderSort (0ms)
		DisableScriptedObjects (3ms)
		BackupInstance (0ms)
		ReleaseScriptingObjects (0ms)
		CreateAndSetChildDomain (22ms)
	RebuildCommonClasses (16ms)
	RebuildNativeTypeToScriptingClass (6ms)
	initialDomainReloadingComplete (14ms)
	LoadAllAssembliesAndSetupDomain (205ms)
		LoadAssemblies (161ms)
		RebuildTransferFunctionScriptingTraits (0ms)
		AnalyzeDomain (67ms)
			TypeCache.Refresh (6ms)
				TypeCache.ScanAssembly (0ms)
			BuildScriptInfoCaches (58ms)
			ResolveRequiredComponents (1ms)
	FinalizeReload (474ms)
		ReleaseScriptCaches (0ms)
		RebuildScriptCaches (0ms)
		SetupLoadedEditorAssemblies (412ms)
			LogAssemblyErrors (0ms)
			InitializePlatformSupportModulesInManaged (1ms)
			SetLoadedEditorAssemblies (2ms)
			BeforeProcessingInitializeOnLoad (110ms)
			ProcessInitializeOnLoadAttributes (193ms)
			ProcessInitializeOnLoadMethodAttributes (106ms)
			AfterProcessingInitializeOnLoad (0ms)
			EditorAssembliesLoaded (0ms)
		ExecutionOrderSort2 (0ms)
		AwakeInstancesAfterBackupRestoration (1ms)
Refreshing native plugins compatible for Editor in 1.15 ms, found 2 plugins.
Preloading 1 native plugins for Editor in 1.16 ms.
Unloading 43 Unused Serialized files (Serialized files now loaded: 0)
Unloading 5193 unused Assets / (12.9 MB). Loaded Objects now: 6332.
Memory consumption went from 145.6 MB to 132.8 MB.
Total: 8.130166 ms (FindLiveObjects: 0.213750 ms CreateObjectMapping: 0.091708 ms MarkObjects: 6.648750 ms  DeleteObjects: 1.175625 ms)

Prepare: number of updated asset objects reloaded= 0
========================================================================
Received Prepare
Refreshing native plugins compatible for Editor in 1.54 ms, found 2 plugins.
Preloading 1 native plugins for Editor in 1.20 ms.
Unloading 43 Unused Serialized files (Serialized files now loaded: 0)
Unloading 5148 unused Assets / (13.6 MB). Loaded Objects now: 6332.
Memory consumption went from 133.0 MB to 119.3 MB.
Total: 7.552541 ms (FindLiveObjects: 0.207000 ms CreateObjectMapping: 0.073541 ms MarkObjects: 6.112584 ms  DeleteObjects: 1.159209 ms)

Prepare: number of updated asset objects reloaded= 0
========================================================================
Received Prepare
Begin MonoManager ReloadAssembly
[Licensing::Client] Successfully resolved entitlement details
[Licensing::Module] License group:
  Id: F4-85AS-8ZW6-XMRF-425Z-XXXX
  Product: Unity Personal
  Type: ULF
  Expiration: Unlimited
[Licensing::Module] License group:
  Id: 6872810951280-UnityPersXXXX
  Product: Unity Personal
  Type: Assigned
  Expiration: Unlimited
Thread 0x16b737000 may have been prematurely finalized
Symbol file LoadedFromMemory is not a mono symbol file
Symbol file LoadedFromMemory is not a mono symbol file
- Loaded All Assemblies, in  0.315 seconds
Refreshing native plugins compatible for Editor in 1.17 ms, found 2 plugins.
Native extension for OSXStandalone target not found
Native extension for WebGL target not found
Refreshing native plugins compatible for Editor in 1.12 ms, found 2 plugins.
[Package Manager] Failed to launch server process. Reason: Unity was launched with the -noUpm command-line argument
[Package Manager] Unable to send message (not connected to server process).
[Package Manager] Cannot connect to Unity Package Manager local server
ScheduleIndexationOnStartup MainProcess:False IndexOnStartup:True
Mono: successfully reloaded assembly
- Finished resetting the current domain, in  0.460 seconds
Domain Reload Profiling: 777ms
	BeginReloadAssembly (71ms)
		ExecutionOrderSort (0ms)
		DisableScriptedObjects (3ms)
		BackupInstance (0ms)
		ReleaseScriptingObjects (0ms)
		CreateAndSetChildDomain (21ms)
	RebuildCommonClasses (16ms)
	RebuildNativeTypeToScriptingClass (6ms)
	initialDomainReloadingComplete (14ms)
	LoadAllAssembliesAndSetupDomain (209ms)
		LoadAssemblies (164ms)
		RebuildTransferFunctionScriptingTraits (0ms)
		AnalyzeDomain (67ms)
			TypeCache.Refresh (7ms)
				TypeCache.ScanAssembly (0ms)
			BuildScriptInfoCaches (58ms)
			ResolveRequiredComponents (1ms)
	FinalizeReload (460ms)
		ReleaseScriptCaches (0ms)
		RebuildScriptCaches (0ms)
		SetupLoadedEditorAssemblies (399ms)
			LogAssemblyErrors (0ms)
			InitializePlatformSupportModulesInManaged (1ms)
			SetLoadedEditorAssemblies (2ms)
			BeforeProcessingInitializeOnLoad (109ms)
			ProcessInitializeOnLoadAttributes (183ms)
			ProcessInitializeOnLoadMethodAttributes (103ms)
			AfterProcessingInitializeOnLoad (0ms)
			EditorAssembliesLoaded (0ms)
		ExecutionOrderSort2 (0ms)
		AwakeInstancesAfterBackupRestoration (1ms)
Refreshing native plugins compatible for Editor in 1.57 ms, found 2 plugins.
Preloading 1 native plugins for Editor in 1.20 ms.
Unloading 43 Unused Serialized files (Serialized files now loaded: 0)
Unloading 5193 unused Assets / (13.7 MB). Loaded Objects now: 6336.
Memory consumption went from 145.6 MB to 132.0 MB.
Total: 7.725542 ms (FindLiveObjects: 0.202083 ms CreateObjectMapping: 0.082167 ms MarkObjects: 6.229667 ms  DeleteObjects: 1.211333 ms)

Prepare: number of updated asset objects reloaded= 0
========================================================================
Received Prepare
Refreshing native plugins compatible for Editor in 1.69 ms, found 2 plugins.
Preloading 1 native plugins for Editor in 1.26 ms.
Unloading 43 Unused Serialized files (Serialized files now loaded: 0)
Unloading 5148 unused Assets / (12.6 MB). Loaded Objects now: 6336.
Memory consumption went from 133.0 MB to 120.3 MB.
Total: 9.763959 ms (FindLiveObjects: 0.218417 ms CreateObjectMapping: 0.141833 ms MarkObjects: 7.841125 ms  DeleteObjects: 1.562292 ms)

Prepare: number of updated asset objects reloaded= 0
========================================================================
Received Prepare
Begin MonoManager ReloadAssembly
[Licensing::Client] Successfully resolved entitlement details
[Licensing::Module] License group:
  Id: F4-85AS-8ZW6-XMRF-425Z-XXXX
  Product: Unity Personal
  Type: ULF
  Expiration: Unlimited
[Licensing::Module] License group:
  Id: 6872810951280-UnityPersXXXX
  Product: Unity Personal
  Type: Assigned
  Expiration: Unlimited
Thread 0x16b737000 may have been prematurely finalized
Symbol file LoadedFromMemory is not a mono symbol file
Symbol file LoadedFromMemory is not a mono symbol file
- Loaded All Assemblies, in  0.358 seconds
Refreshing native plugins compatible for Editor in 1.25 ms, found 2 plugins.
Native extension for OSXStandalone target not found
Native extension for WebGL target not found
Refreshing native plugins compatible for Editor in 1.15 ms, found 2 plugins.
[Package Manager] Failed to launch server process. Reason: Unity was launched with the -noUpm command-line argument
[Package Manager] Unable to send message (not connected to server process).
[Package Manager] Cannot connect to Unity Package Manager local server
ScheduleIndexationOnStartup MainProcess:False IndexOnStartup:True
Mono: successfully reloaded assembly
- Finished resetting the current domain, in  0.454 seconds
Domain Reload Profiling: 813ms
	BeginReloadAssembly (80ms)
		ExecutionOrderSort (0ms)
		DisableScriptedObjects (3ms)
		BackupInstance (0ms)
		ReleaseScriptingObjects (0ms)
		CreateAndSetChildDomain (23ms)
	RebuildCommonClasses (16ms)
	RebuildNativeTypeToScriptingClass (6ms)
	initialDomainReloadingComplete (15ms)
	LoadAllAssembliesAndSetupDomain (243ms)
		LoadAssemblies (201ms)
		RebuildTransferFunctionScriptingTraits (0ms)
		AnalyzeDomain (70ms)
			TypeCache.Refresh (7ms)
				TypeCache.ScanAssembly (0ms)
			BuildScriptInfoCaches (60ms)
			ResolveRequiredComponents (1ms)
	FinalizeReload (454ms)
		ReleaseScriptCaches (0ms)
		RebuildScriptCaches (0ms)
		SetupLoadedEditorAssemblies (395ms)
			LogAssemblyErrors (0ms)
			InitializePlatformSupportModulesInManaged (1ms)
			SetLoadedEditorAssemblies (2ms)
			BeforeProcessingInitializeOnLoad (106ms)
			ProcessInitializeOnLoadAttributes (182ms)
			ProcessInitializeOnLoadMethodAttributes (103ms)
			AfterProcessingInitializeOnLoad (0ms)
			EditorAssembliesLoaded (0ms)
		ExecutionOrderSort2 (0ms)
		AwakeInstancesAfterBackupRestoration (1ms)
Refreshing native plugins compatible for Editor in 0.92 ms, found 2 plugins.
Preloading 1 native plugins for Editor in 1.16 ms.
Unloading 43 Unused Serialized files (Serialized files now loaded: 0)
Unloading 5193 unused Assets / (13.7 MB). Loaded Objects now: 6340.
Memory consumption went from 145.7 MB to 131.9 MB.
Total: 7.799833 ms (FindLiveObjects: 0.189292 ms CreateObjectMapping: 0.097000 ms MarkObjects: 6.298458 ms  DeleteObjects: 1.214917 ms)

Prepare: number of updated asset objects reloaded= 0
========================================================================
Received Import Request.
  Time since last request: 1645.423506 seconds.
  path: Assets/Prefabs/AIPlayer.prefab
  artifactKey: Guid(4f84fb7cbaaef4a4fb7a80af80df250b) Importer(815301076,1909f56bfc062723c751e8b465ee728b)
Start importing Assets/Prefabs/AIPlayer.prefab using Guid(4f84fb7cbaaef4a4fb7a80af80df250b) Importer(815301076,1909f56bfc062723c751e8b465ee728b) (PreviewImporter) -> (artifact id: '483387e68acb8f4350d22e8b38917c39') in 0.01083225 seconds
Number of updated asset objects reloaded before import = 0Number of asset objects unloaded after import = 6

========================================================================
Received Import Request.
  Time since last request: 7.462886 seconds.
  path: Assets/Prefabs/AIPlayer.prefab
  artifactKey: Guid(4f84fb7cbaaef4a4fb7a80af80df250b) Importer(815301076,1909f56bfc062723c751e8b465ee728b)
Start importing Assets/Prefabs/AIPlayer.prefab using Guid(4f84fb7cbaaef4a4fb7a80af80df250b) Importer(815301076,1909f56bfc062723c751e8b465ee728b) (PreviewImporter) -> (artifact id: 'fc80590e80925de37583c380d0b5e14d') in 0.000810125 seconds
Number of updated asset objects reloaded before import = 0Number of asset objects unloaded after import = 6

========================================================================
Received Prepare
Refreshing native plugins compatible for Editor in 1.45 ms, found 2 plugins.
Preloading 1 native plugins for Editor in 1.22 ms.
Unloading 43 Unused Serialized files (Serialized files now loaded: 0)
Unloading 5148 unused Assets / (13.4 MB). Loaded Objects now: 6340.
Memory consumption went from 133.0 MB to 119.7 MB.
Total: 19.450417 ms (FindLiveObjects: 0.255167 ms CreateObjectMapping: 0.083666 ms MarkObjects: 17.760792 ms  DeleteObjects: 1.350458 ms)

Prepare: number of updated asset objects reloaded= 0
========================================================================
Received Prepare
Refreshing native plugins compatible for Editor in 2.04 ms, found 2 plugins.
Preloading 1 native plugins for Editor in 1.88 ms.
Unloading 43 Unused Serialized files (Serialized files now loaded: 0)
Unloading 5148 unused Assets / (12.8 MB). Loaded Objects now: 6340.
Memory consumption went from 133.0 MB to 120.3 MB.
Total: 8.077084 ms (FindLiveObjects: 0.217417 ms CreateObjectMapping: 0.086458 ms MarkObjects: 6.622167 ms  DeleteObjects: 1.150917 ms)

Prepare: number of updated asset objects reloaded= 0
========================================================================
Received Prepare
Begin MonoManager ReloadAssembly
[Licensing::Client] Successfully resolved entitlement details
[Licensing::Module] License group:
  Id: F4-85AS-8ZW6-XMRF-425Z-XXXX
  Product: Unity Personal
  Type: ULF
  Expiration: Unlimited
[Licensing::Module] License group:
  Id: 6872810951280-UnityPersXXXX
  Product: Unity Personal
  Type: Assigned
  Expiration: Unlimited
Thread 0x16b737000 may have been prematurely finalized
Symbol file LoadedFromMemory is not a mono symbol file
Symbol file LoadedFromMemory is not a mono symbol file
- Loaded All Assemblies, in  0.451 seconds
Refreshing native plugins compatible for Editor in 1.07 ms, found 2 plugins.
Native extension for OSXStandalone target not found
Native extension for WebGL target not found
Refreshing native plugins compatible for Editor in 1.24 ms, found 2 plugins.
[Package Manager] Failed to launch server process. Reason: Unity was launched with the -noUpm command-line argument
[Package Manager] Unable to send message (not connected to server process).
[Package Manager] Cannot connect to Unity Package Manager local server
ScheduleIndexationOnStartup MainProcess:False IndexOnStartup:True
Mono: successfully reloaded assembly
- Finished resetting the current domain, in  0.456 seconds
Domain Reload Profiling: 909ms
	BeginReloadAssembly (115ms)
		ExecutionOrderSort (0ms)
		DisableScriptedObjects (4ms)
		BackupInstance (0ms)
		ReleaseScriptingObjects (0ms)
		CreateAndSetChildDomain (43ms)
	RebuildCommonClasses (18ms)
	RebuildNativeTypeToScriptingClass (7ms)
	initialDomainReloadingComplete (18ms)
	LoadAllAssembliesAndSetupDomain (295ms)
		LoadAssemblies (253ms)
		RebuildTransferFunctionScriptingTraits (0ms)
		AnalyzeDomain (78ms)
			TypeCache.Refresh (9ms)
				TypeCache.ScanAssembly (0ms)
			BuildScriptInfoCaches (66ms)
			ResolveRequiredComponents (1ms)
	FinalizeReload (456ms)
		ReleaseScriptCaches (0ms)
		RebuildScriptCaches (0ms)
		SetupLoadedEditorAssemblies (395ms)
			LogAssemblyErrors (0ms)
			InitializePlatformSupportModulesInManaged (1ms)
			SetLoadedEditorAssemblies (2ms)
			BeforeProcessingInitializeOnLoad (101ms)
			ProcessInitializeOnLoadAttributes (188ms)
			ProcessInitializeOnLoadMethodAttributes (103ms)
			AfterProcessingInitializeOnLoad (1ms)
			EditorAssembliesLoaded (0ms)
		ExecutionOrderSort2 (0ms)
		AwakeInstancesAfterBackupRestoration (1ms)
Refreshing native plugins compatible for Editor in 1.52 ms, found 2 plugins.
Preloading 1 native plugins for Editor in 1.20 ms.
Unloading 43 Unused Serialized files (Serialized files now loaded: 0)
Unloading 5193 unused Assets / (13.4 MB). Loaded Objects now: 6344.
Memory consumption went from 145.5 MB to 132.1 MB.
Total: 7.665833 ms (FindLiveObjects: 0.219334 ms CreateObjectMapping: 0.075000 ms MarkObjects: 6.192209 ms  DeleteObjects: 1.179166 ms)

Prepare: number of updated asset objects reloaded= 0
========================================================================
Received Prepare
Refreshing native plugins compatible for Editor in 1.40 ms, found 2 plugins.
Preloading 1 native plugins for Editor in 1.19 ms.
Unloading 43 Unused Serialized files (Serialized files now loaded: 0)
Unloading 5148 unused Assets / (13.7 MB). Loaded Objects now: 6344.
Memory consumption went from 133.0 MB to 119.3 MB.
Total: 7.606000 ms (FindLiveObjects: 0.209250 ms CreateObjectMapping: 0.087125 ms MarkObjects: 6.071125 ms  DeleteObjects: 1.238208 ms)

Prepare: number of updated asset objects reloaded= 0
========================================================================
Received Prepare
Refreshing native plugins compatible for Editor in 1.53 ms, found 2 plugins.
Preloading 1 native plugins for Editor in 1.18 ms.
Unloading 43 Unused Serialized files (Serialized files now loaded: 0)
Unloading 5148 unused Assets / (13.8 MB). Loaded Objects now: 6344.
Memory consumption went from 133.0 MB to 119.2 MB.
Total: 7.835042 ms (FindLiveObjects: 0.211334 ms CreateObjectMapping: 0.079458 ms MarkObjects: 6.243375 ms  DeleteObjects: 1.300625 ms)

Prepare: number of updated asset objects reloaded= 0
========================================================================
Received Prepare
Refreshing native plugins compatible for Editor in 1.51 ms, found 2 plugins.
Preloading 1 native plugins for Editor in 1.18 ms.
Unloading 43 Unused Serialized files (Serialized files now loaded: 0)
Unloading 5148 unused Assets / (13.7 MB). Loaded Objects now: 6344.
Memory consumption went from 133.0 MB to 119.3 MB.
Total: 7.469542 ms (FindLiveObjects: 0.203583 ms CreateObjectMapping: 0.078709 ms MarkObjects: 6.001125 ms  DeleteObjects: 1.186000 ms)

Prepare: number of updated asset objects reloaded= 0
========================================================================
Received Prepare
Refreshing native plugins compatible for Editor in 1.53 ms, found 2 plugins.
Preloading 1 native plugins for Editor in 1.18 ms.
Unloading 43 Unused Serialized files (Serialized files now loaded: 0)
Unloading 5148 unused Assets / (13.7 MB). Loaded Objects now: 6344.
Memory consumption went from 133.0 MB to 119.3 MB.
Total: 7.595333 ms (FindLiveObjects: 0.206708 ms CreateObjectMapping: 0.083083 ms MarkObjects: 6.104667 ms  DeleteObjects: 1.200583 ms)

Prepare: number of updated asset objects reloaded= 0
========================================================================
Received Prepare
Refreshing native plugins compatible for Editor in 1.50 ms, found 2 plugins.
Preloading 1 native plugins for Editor in 1.17 ms.
Unloading 43 Unused Serialized files (Serialized files now loaded: 0)
Unloading 5148 unused Assets / (13.7 MB). Loaded Objects now: 6344.
Memory consumption went from 133.0 MB to 119.3 MB.
Total: 7.499709 ms (FindLiveObjects: 0.208125 ms CreateObjectMapping: 0.079750 ms MarkObjects: 6.004667 ms  DeleteObjects: 1.206875 ms)

Prepare: number of updated asset objects reloaded= 0
========================================================================
Received Prepare
Begin MonoManager ReloadAssembly
Thread 0x16b737000 may have been prematurely finalized
Symbol file LoadedFromMemory is not a mono symbol file
Symbol file LoadedFromMemory is not a mono symbol file
- Loaded All Assemblies, in  0.351 seconds
Refreshing native plugins compatible for Editor in 1.24 ms, found 2 plugins.
Native extension for OSXStandalone target not found
Native extension for WebGL target not found
Refreshing native plugins compatible for Editor in 1.20 ms, found 2 plugins.
[Package Manager] Failed to launch server process. Reason: Unity was launched with the -noUpm command-line argument
[Package Manager] Unable to send message (not connected to server process).
[Package Manager] Cannot connect to Unity Package Manager local server
ScheduleIndexationOnStartup MainProcess:False IndexOnStartup:True
Mono: successfully reloaded assembly
- Finished resetting the current domain, in  0.457 seconds
Domain Reload Profiling: 809ms
	BeginReloadAssembly (72ms)
		ExecutionOrderSort (0ms)
		DisableScriptedObjects (3ms)
		BackupInstance (0ms)
		ReleaseScriptingObjects (0ms)
		CreateAndSetChildDomain (22ms)
	RebuildCommonClasses (16ms)
	RebuildNativeTypeToScriptingClass (6ms)
	initialDomainReloadingComplete (14ms)
	LoadAllAssembliesAndSetupDomain (245ms)
		LoadAssemblies (198ms)
		RebuildTransferFunctionScriptingTraits (0ms)
		AnalyzeDomain (69ms)
			TypeCache.Refresh (7ms)
				TypeCache.ScanAssembly (0ms)
			BuildScriptInfoCaches (59ms)
			ResolveRequiredComponents (1ms)
	FinalizeReload (457ms)
		ReleaseScriptCaches (0ms)
		RebuildScriptCaches (0ms)
		SetupLoadedEditorAssemblies (397ms)
			LogAssemblyErrors (0ms)
			InitializePlatformSupportModulesInManaged (1ms)
			SetLoadedEditorAssemblies (2ms)
			BeforeProcessingInitializeOnLoad (109ms)
			ProcessInitializeOnLoadAttributes (183ms)
			ProcessInitializeOnLoadMethodAttributes (101ms)
			AfterProcessingInitializeOnLoad (1ms)
			EditorAssembliesLoaded (0ms)
		ExecutionOrderSort2 (0ms)
		AwakeInstancesAfterBackupRestoration (1ms)
Refreshing native plugins compatible for Editor in 1.48 ms, found 2 plugins.
Preloading 1 native plugins for Editor in 1.20 ms.
Unloading 43 Unused Serialized files (Serialized files now loaded: 0)
Unloading 5193 unused Assets / (13.8 MB). Loaded Objects now: 6348.
Memory consumption went from 145.5 MB to 131.8 MB.
Total: 7.647500 ms (FindLiveObjects: 0.206292 ms CreateObjectMapping: 0.082625 ms MarkObjects: 6.070500 ms  DeleteObjects: 1.287666 ms)

Prepare: number of updated asset objects reloaded= 0
========================================================================
Received Prepare
Refreshing native plugins compatible for Editor in 1.46 ms, found 2 plugins.
Preloading 1 native plugins for Editor in 1.17 ms.
Unloading 43 Unused Serialized files (Serialized files now loaded: 0)
Unloading 5148 unused Assets / (13.8 MB). Loaded Objects now: 6348.
Memory consumption went from 133.0 MB to 119.2 MB.
Total: 7.755041 ms (FindLiveObjects: 0.209292 ms CreateObjectMapping: 0.081792 ms MarkObjects: 6.195417 ms  DeleteObjects: 1.268250 ms)

Prepare: number of updated asset objects reloaded= 0
========================================================================
Received Prepare
Begin MonoManager ReloadAssembly
Thread 0x16b737000 may have been prematurely finalized
Symbol file LoadedFromMemory is not a mono symbol file
Symbol file LoadedFromMemory is not a mono symbol file
- Loaded All Assemblies, in  0.329 seconds
Refreshing native plugins compatible for Editor in 1.42 ms, found 2 plugins.
Native extension for OSXStandalone target not found
Native extension for WebGL target not found
Refreshing native plugins compatible for Editor in 1.09 ms, found 2 plugins.
[Package Manager] Failed to launch server process. Reason: Unity was launched with the -noUpm command-line argument
[Package Manager] Unable to send message (not connected to server process).
[Package Manager] Cannot connect to Unity Package Manager local server
ScheduleIndexationOnStartup MainProcess:False IndexOnStartup:True
Mono: successfully reloaded assembly
- Finished resetting the current domain, in  0.455 seconds
Domain Reload Profiling: 786ms
	BeginReloadAssembly (80ms)
		ExecutionOrderSort (0ms)
		DisableScriptedObjects (3ms)
		BackupInstance (0ms)
		ReleaseScriptingObjects (0ms)
		CreateAndSetChildDomain (28ms)
	RebuildCommonClasses (16ms)
	RebuildNativeTypeToScriptingClass (6ms)
	initialDomainReloadingComplete (15ms)
	LoadAllAssembliesAndSetupDomain (213ms)
		LoadAssemblies (166ms)
		RebuildTransferFunctionScriptingTraits (0ms)
		AnalyzeDomain (70ms)
			TypeCache.Refresh (6ms)
				TypeCache.ScanAssembly (0ms)
			BuildScriptInfoCaches (60ms)
			ResolveRequiredComponents (1ms)
	FinalizeReload (455ms)
		ReleaseScriptCaches (0ms)
		RebuildScriptCaches (0ms)
		SetupLoadedEditorAssemblies (395ms)
			LogAssemblyErrors (0ms)
			InitializePlatformSupportModulesInManaged (1ms)
			SetLoadedEditorAssemblies (2ms)
			BeforeProcessingInitializeOnLoad (106ms)
			ProcessInitializeOnLoadAttributes (182ms)
			ProcessInitializeOnLoadMethodAttributes (104ms)
			AfterProcessingInitializeOnLoad (0ms)
			EditorAssembliesLoaded (0ms)
		ExecutionOrderSort2 (0ms)
		AwakeInstancesAfterBackupRestoration (1ms)
Refreshing native plugins compatible for Editor in 1.06 ms, found 2 plugins.
Preloading 1 native plugins for Editor in 1.14 ms.
Unloading 43 Unused Serialized files (Serialized files now loaded: 0)
Unloading 5193 unused Assets / (13.8 MB). Loaded Objects now: 6352.
Memory consumption went from 145.6 MB to 131.7 MB.
Total: 7.668334 ms (FindLiveObjects: 0.200583 ms CreateObjectMapping: 0.081000 ms MarkObjects: 6.086375 ms  DeleteObjects: 1.300209 ms)

Prepare: number of updated asset objects reloaded= 0
========================================================================
Received Prepare
Refreshing native plugins compatible for Editor in 1.42 ms, found 2 plugins.
Preloading 1 native plugins for Editor in 1.17 ms.
Unloading 43 Unused Serialized files (Serialized files now loaded: 0)
Unloading 5148 unused Assets / (13.8 MB). Loaded Objects now: 6352.
Memory consumption went from 133.0 MB to 119.2 MB.
Total: 7.719292 ms (FindLiveObjects: 0.209792 ms CreateObjectMapping: 0.075709 ms MarkObjects: 6.205333 ms  DeleteObjects: 1.228375 ms)

Prepare: number of updated asset objects reloaded= 0
========================================================================
Received Prepare
Begin MonoManager ReloadAssembly
[Licensing::Client] Successfully resolved entitlement details
[Licensing::Module] License group:
  Id: F4-85AS-8ZW6-XMRF-425Z-XXXX
  Product: Unity Personal
  Type: ULF
  Expiration: Unlimited
[Licensing::Module] License group:
  Id: 6872810951280-UnityPersXXXX
  Product: Unity Personal
  Type: Assigned
  Expiration: Unlimited
Thread 0x16b737000 may have been prematurely finalized
Symbol file LoadedFromMemory is not a mono symbol file
Symbol file LoadedFromMemory is not a mono symbol file
- Loaded All Assemblies, in  0.324 seconds
Refreshing native plugins compatible for Editor in 1.34 ms, found 2 plugins.
Native extension for OSXStandalone target not found
Native extension for WebGL target not found
Refreshing native plugins compatible for Editor in 1.11 ms, found 2 plugins.
[Package Manager] Failed to launch server process. Reason: Unity was launched with the -noUpm command-line argument
[Package Manager] Unable to send message (not connected to server process).
[Package Manager] Cannot connect to Unity Package Manager local server
ScheduleIndexationOnStartup MainProcess:False IndexOnStartup:True
Mono: successfully reloaded assembly
- Finished resetting the current domain, in  0.463 seconds
Domain Reload Profiling: 789ms
	BeginReloadAssembly (72ms)
		ExecutionOrderSort (0ms)
		DisableScriptedObjects (3ms)
		BackupInstance (0ms)
		ReleaseScriptingObjects (0ms)
		CreateAndSetChildDomain (22ms)
	RebuildCommonClasses (17ms)
	RebuildNativeTypeToScriptingClass (6ms)
	initialDomainReloadingComplete (15ms)
	LoadAllAssembliesAndSetupDomain (216ms)
		LoadAssemblies (168ms)
		RebuildTransferFunctionScriptingTraits (0ms)
		AnalyzeDomain (69ms)
			TypeCache.Refresh (7ms)
				TypeCache.ScanAssembly (0ms)
			BuildScriptInfoCaches (57ms)
			ResolveRequiredComponents (1ms)
	FinalizeReload (464ms)
		ReleaseScriptCaches (0ms)
		RebuildScriptCaches (0ms)
		SetupLoadedEditorAssemblies (402ms)
			LogAssemblyErrors (0ms)
			InitializePlatformSupportModulesInManaged (1ms)
			SetLoadedEditorAssemblies (2ms)
			BeforeProcessingInitializeOnLoad (110ms)
			ProcessInitializeOnLoadAttributes (185ms)
			ProcessInitializeOnLoadMethodAttributes (104ms)
			AfterProcessingInitializeOnLoad (0ms)
			EditorAssembliesLoaded (0ms)
		ExecutionOrderSort2 (0ms)
		AwakeInstancesAfterBackupRestoration (1ms)
Refreshing native plugins compatible for Editor in 1.35 ms, found 2 plugins.
Preloading 1 native plugins for Editor in 1.18 ms.
Unloading 43 Unused Serialized files (Serialized files now loaded: 0)
Unloading 5193 unused Assets / (13.7 MB). Loaded Objects now: 6356.
Memory consumption went from 145.6 MB to 131.9 MB.
Total: 7.619792 ms (FindLiveObjects: 0.206334 ms CreateObjectMapping: 0.077666 ms MarkObjects: 6.111042 ms  DeleteObjects: 1.224541 ms)

Prepare: number of updated asset objects reloaded= 0
========================================================================
Received Prepare
Refreshing native plugins compatible for Editor in 1.43 ms, found 2 plugins.
Preloading 1 native plugins for Editor in 1.19 ms.
Unloading 43 Unused Serialized files (Serialized files now loaded: 0)
Unloading 5148 unused Assets / (13.6 MB). Loaded Objects now: 6356.
Memory consumption went from 133.0 MB to 119.4 MB.
Total: 7.735084 ms (FindLiveObjects: 0.204958 ms CreateObjectMapping: 0.082250 ms MarkObjects: 6.261250 ms  DeleteObjects: 1.186334 ms)

Prepare: number of updated asset objects reloaded= 0
========================================================================
Received Prepare
Begin MonoManager ReloadAssembly
Thread 0x16b737000 may have been prematurely finalized
Symbol file LoadedFromMemory is not a mono symbol file
Symbol file LoadedFromMemory is not a mono symbol file
- Loaded All Assemblies, in  0.311 seconds
Refreshing native plugins compatible for Editor in 1.24 ms, found 2 plugins.
Native extension for OSXStandalone target not found
Native extension for WebGL target not found
Refreshing native plugins compatible for Editor in 1.12 ms, found 2 plugins.
[Package Manager] Failed to launch server process. Reason: Unity was launched with the -noUpm command-line argument
[Package Manager] Unable to send message (not connected to server process).
[Package Manager] Cannot connect to Unity Package Manager local server
ScheduleIndexationOnStartup MainProcess:False IndexOnStartup:True
Mono: successfully reloaded assembly
- Finished resetting the current domain, in  0.459 seconds
Domain Reload Profiling: 772ms
	BeginReloadAssembly (71ms)
		ExecutionOrderSort (0ms)
		DisableScriptedObjects (3ms)
		BackupInstance (0ms)
		ReleaseScriptingObjects (0ms)
		CreateAndSetChildDomain (22ms)
	RebuildCommonClasses (16ms)
	RebuildNativeTypeToScriptingClass (6ms)
	initialDomainReloadingComplete (14ms)
	LoadAllAssembliesAndSetupDomain (206ms)
		LoadAssemblies (159ms)
		RebuildTransferFunctionScriptingTraits (0ms)
		AnalyzeDomain (68ms)
			TypeCache.Refresh (7ms)
				TypeCache.ScanAssembly (0ms)
			BuildScriptInfoCaches (56ms)
			ResolveRequiredComponents (1ms)
	FinalizeReload (459ms)
		ReleaseScriptCaches (0ms)
		RebuildScriptCaches (0ms)
		SetupLoadedEditorAssemblies (399ms)
			LogAssemblyErrors (0ms)
			InitializePlatformSupportModulesInManaged (1ms)
			SetLoadedEditorAssemblies (2ms)
			BeforeProcessingInitializeOnLoad (109ms)
			ProcessInitializeOnLoadAttributes (182ms)
			ProcessInitializeOnLoadMethodAttributes (105ms)
			AfterProcessingInitializeOnLoad (0ms)
			EditorAssembliesLoaded (0ms)
		ExecutionOrderSort2 (0ms)
		AwakeInstancesAfterBackupRestoration (1ms)
Refreshing native plugins compatible for Editor in 1.05 ms, found 2 plugins.
Preloading 1 native plugins for Editor in 1.21 ms.
Unloading 43 Unused Serialized files (Serialized files now loaded: 0)
Unloading 5193 unused Assets / (13.3 MB). Loaded Objects now: 6360.
Memory consumption went from 145.6 MB to 132.2 MB.
Total: 8.083167 ms (FindLiveObjects: 0.195292 ms CreateObjectMapping: 0.081208 ms MarkObjects: 6.770000 ms  DeleteObjects: 1.036375 ms)

Prepare: number of updated asset objects reloaded= 0
========================================================================
Received Prepare
Refreshing native plugins compatible for Editor in 1.48 ms, found 2 plugins.
Preloading 1 native plugins for Editor in 1.17 ms.
Unloading 43 Unused Serialized files (Serialized files now loaded: 0)
Unloading 5148 unused Assets / (13.7 MB). Loaded Objects now: 6360.
Memory consumption went from 133.0 MB to 119.3 MB.
Total: 7.547250 ms (FindLiveObjects: 0.202292 ms CreateObjectMapping: 0.081000 ms MarkObjects: 6.042000 ms  DeleteObjects: 1.221667 ms)

Prepare: number of updated asset objects reloaded= 0
========================================================================
Received Prepare
Begin MonoManager ReloadAssembly
Thread 0x16b737000 may have been prematurely finalized
Symbol file LoadedFromMemory is not a mono symbol file
Symbol file LoadedFromMemory is not a mono symbol file
- Loaded All Assemblies, in  0.320 seconds
Refreshing native plugins compatible for Editor in 1.50 ms, found 2 plugins.
Native extension for OSXStandalone target not found
Native extension for WebGL target not found
Refreshing native plugins compatible for Editor in 1.19 ms, found 2 plugins.
[Package Manager] Failed to launch server process. Reason: Unity was launched with the -noUpm command-line argument
[Package Manager] Unable to send message (not connected to server process).
[Package Manager] Cannot connect to Unity Package Manager local server
ScheduleIndexationOnStartup MainProcess:False IndexOnStartup:True
Mono: successfully reloaded assembly
- Finished resetting the current domain, in  0.468 seconds
Domain Reload Profiling: 790ms
	BeginReloadAssembly (75ms)
		ExecutionOrderSort (0ms)
		DisableScriptedObjects (3ms)
		BackupInstance (0ms)
		ReleaseScriptingObjects (0ms)
		CreateAndSetChildDomain (24ms)
	RebuildCommonClasses (16ms)
	RebuildNativeTypeToScriptingClass (6ms)
	initialDomainReloadingComplete (15ms)
	LoadAllAssembliesAndSetupDomain (210ms)
		LoadAssemblies (164ms)
		RebuildTransferFunctionScriptingTraits (0ms)
		AnalyzeDomain (68ms)
			TypeCache.Refresh (7ms)
				TypeCache.ScanAssembly (0ms)
			BuildScriptInfoCaches (58ms)
			ResolveRequiredComponents (1ms)
	FinalizeReload (468ms)
		ReleaseScriptCaches (0ms)
		RebuildScriptCaches (0ms)
		SetupLoadedEditorAssemblies (408ms)
			LogAssemblyErrors (0ms)
			InitializePlatformSupportModulesInManaged (1ms)
			SetLoadedEditorAssemblies (2ms)
			BeforeProcessingInitializeOnLoad (110ms)
			ProcessInitializeOnLoadAttributes (191ms)
			ProcessInitializeOnLoadMethodAttributes (104ms)
			AfterProcessingInitializeOnLoad (0ms)
			EditorAssembliesLoaded (0ms)
		ExecutionOrderSort2 (0ms)
		AwakeInstancesAfterBackupRestoration (1ms)
Refreshing native plugins compatible for Editor in 0.98 ms, found 2 plugins.
Preloading 1 native plugins for Editor in 1.18 ms.
Unloading 43 Unused Serialized files (Serialized files now loaded: 0)
Unloading 5193 unused Assets / (13.5 MB). Loaded Objects now: 6364.
Memory consumption went from 145.6 MB to 132.1 MB.
Total: 7.217791 ms (FindLiveObjects: 0.203541 ms CreateObjectMapping: 0.133542 ms MarkObjects: 5.895042 ms  DeleteObjects: 0.985541 ms)

Prepare: number of updated asset objects reloaded= 0
========================================================================
Received Prepare
Refreshing native plugins compatible for Editor in 1.29 ms, found 2 plugins.
Preloading 1 native plugins for Editor in 1.16 ms.
Unloading 43 Unused Serialized files (Serialized files now loaded: 0)
Unloading 5148 unused Assets / (14.2 MB). Loaded Objects now: 6364.
Memory consumption went from 133.0 MB to 118.9 MB.
Total: 7.739375 ms (FindLiveObjects: 0.207000 ms CreateObjectMapping: 0.079625 ms MarkObjects: 6.188792 ms  DeleteObjects: 1.263708 ms)

Prepare: number of updated asset objects reloaded= 0
========================================================================
Received Prepare
Begin MonoManager ReloadAssembly
Thread 0x16b737000 may have been prematurely finalized
Symbol file LoadedFromMemory is not a mono symbol file
Symbol file LoadedFromMemory is not a mono symbol file
- Loaded All Assemblies, in  0.323 seconds
Refreshing native plugins compatible for Editor in 1.64 ms, found 2 plugins.
Native extension for OSXStandalone target not found
Native extension for WebGL target not found
Refreshing native plugins compatible for Editor in 0.99 ms, found 2 plugins.
[Package Manager] Failed to launch server process. Reason: Unity was launched with the -noUpm command-line argument
[Package Manager] Unable to send message (not connected to server process).
[Package Manager] Cannot connect to Unity Package Manager local server
ScheduleIndexationOnStartup MainProcess:False IndexOnStartup:True
Mono: successfully reloaded assembly
- Finished resetting the current domain, in  0.464 seconds
Domain Reload Profiling: 789ms
	BeginReloadAssembly (76ms)
		ExecutionOrderSort (0ms)
		DisableScriptedObjects (3ms)
		BackupInstance (0ms)
		ReleaseScriptingObjects (0ms)
		CreateAndSetChildDomain (24ms)
	RebuildCommonClasses (16ms)
	RebuildNativeTypeToScriptingClass (6ms)
	initialDomainReloadingComplete (15ms)
	LoadAllAssembliesAndSetupDomain (212ms)
		LoadAssemblies (165ms)
		RebuildTransferFunctionScriptingTraits (0ms)
		AnalyzeDomain (71ms)
			TypeCache.Refresh (7ms)
				TypeCache.ScanAssembly (0ms)
			BuildScriptInfoCaches (59ms)
			ResolveRequiredComponents (1ms)
	FinalizeReload (465ms)
		ReleaseScriptCaches (0ms)
		RebuildScriptCaches (0ms)
		SetupLoadedEditorAssemblies (402ms)
			LogAssemblyErrors (0ms)
			InitializePlatformSupportModulesInManaged (1ms)
			SetLoadedEditorAssemblies (2ms)
			BeforeProcessingInitializeOnLoad (108ms)
			ProcessInitializeOnLoadAttributes (185ms)
			ProcessInitializeOnLoadMethodAttributes (106ms)
			AfterProcessingInitializeOnLoad (0ms)
			EditorAssembliesLoaded (0ms)
		ExecutionOrderSort2 (0ms)
		AwakeInstancesAfterBackupRestoration (1ms)
Refreshing native plugins compatible for Editor in 0.97 ms, found 2 plugins.
Preloading 1 native plugins for Editor in 1.17 ms.
Unloading 43 Unused Serialized files (Serialized files now loaded: 0)
Unloading 5193 unused Assets / (13.8 MB). Loaded Objects now: 6368.
Memory consumption went from 145.6 MB to 131.8 MB.
Total: 7.665167 ms (FindLiveObjects: 0.191958 ms CreateObjectMapping: 0.073958 ms MarkObjects: 6.235750 ms  DeleteObjects: 1.163292 ms)

Prepare: number of updated asset objects reloaded= 0
========================================================================
Received Prepare
Refreshing native plugins compatible for Editor in 1.51 ms, found 2 plugins.
Preloading 1 native plugins for Editor in 1.19 ms.
Unloading 43 Unused Serialized files (Serialized files now loaded: 0)
Unloading 5148 unused Assets / (13.0 MB). Loaded Objects now: 6368.
Memory consumption went from 133.0 MB to 120.0 MB.
Total: 8.454667 ms (FindLiveObjects: 0.232375 ms CreateObjectMapping: 0.080292 ms MarkObjects: 6.914625 ms  DeleteObjects: 1.227208 ms)

Prepare: number of updated asset objects reloaded= 0
========================================================================
Received Prepare
Begin MonoManager ReloadAssembly
Thread 0x16b737000 may have been prematurely finalized
Symbol file LoadedFromMemory is not a mono symbol file
Symbol file LoadedFromMemory is not a mono symbol file
- Loaded All Assemblies, in  0.321 seconds
Refreshing native plugins compatible for Editor in 1.45 ms, found 2 plugins.
Native extension for OSXStandalone target not found
Native extension for WebGL target not found
Refreshing native plugins compatible for Editor in 1.14 ms, found 2 plugins.
[Package Manager] Failed to launch server process. Reason: Unity was launched with the -noUpm command-line argument
[Package Manager] Unable to send message (not connected to server process).
[Package Manager] Cannot connect to Unity Package Manager local server
ScheduleIndexationOnStartup MainProcess:False IndexOnStartup:True
Mono: successfully reloaded assembly
- Finished resetting the current domain, in  0.492 seconds
Domain Reload Profiling: 815ms
	BeginReloadAssembly (74ms)
		ExecutionOrderSort (0ms)
		DisableScriptedObjects (3ms)
		BackupInstance (0ms)
		ReleaseScriptingObjects (0ms)
		CreateAndSetChildDomain (22ms)
	RebuildCommonClasses (17ms)
	RebuildNativeTypeToScriptingClass (7ms)
	initialDomainReloadingComplete (16ms)
	LoadAllAssembliesAndSetupDomain (209ms)
		LoadAssemblies (164ms)
		RebuildTransferFunctionScriptingTraits (0ms)
		AnalyzeDomain (68ms)
			TypeCache.Refresh (7ms)
				TypeCache.ScanAssembly (0ms)
			BuildScriptInfoCaches (58ms)
			ResolveRequiredComponents (1ms)
	FinalizeReload (492ms)
		ReleaseScriptCaches (0ms)
		RebuildScriptCaches (0ms)
		SetupLoadedEditorAssemblies (428ms)
			LogAssemblyErrors (0ms)
			InitializePlatformSupportModulesInManaged (1ms)
			SetLoadedEditorAssemblies (2ms)
			BeforeProcessingInitializeOnLoad (119ms)
			ProcessInitializeOnLoadAttributes (200ms)
			ProcessInitializeOnLoadMethodAttributes (105ms)
			AfterProcessingInitializeOnLoad (0ms)
			EditorAssembliesLoaded (0ms)
		ExecutionOrderSort2 (0ms)
		AwakeInstancesAfterBackupRestoration (1ms)
Refreshing native plugins compatible for Editor in 1.15 ms, found 2 plugins.
Preloading 1 native plugins for Editor in 1.17 ms.
Unloading 43 Unused Serialized files (Serialized files now loaded: 0)
Unloading 5193 unused Assets / (13.4 MB). Loaded Objects now: 6372.
Memory consumption went from 145.6 MB to 132.1 MB.
Total: 7.548583 ms (FindLiveObjects: 0.205000 ms CreateObjectMapping: 0.073334 ms MarkObjects: 6.147250 ms  DeleteObjects: 1.122791 ms)

Prepare: number of updated asset objects reloaded= 0
========================================================================
Received Prepare
Refreshing native plugins compatible for Editor in 1.55 ms, found 2 plugins.
Preloading 1 native plugins for Editor in 1.19 ms.
Unloading 43 Unused Serialized files (Serialized files now loaded: 0)
Unloading 5148 unused Assets / (13.8 MB). Loaded Objects now: 6372.
Memory consumption went from 133.0 MB to 119.3 MB.
Total: 7.765000 ms (FindLiveObjects: 0.210292 ms CreateObjectMapping: 0.071250 ms MarkObjects: 6.224416 ms  DeleteObjects: 1.258792 ms)

Prepare: number of updated asset objects reloaded= 0
========================================================================
Received Prepare
Refreshing native plugins compatible for Editor in 1.34 ms, found 2 plugins.
Preloading 1 native plugins for Editor in 1.23 ms.
Unloading 43 Unused Serialized files (Serialized files now loaded: 0)
Unloading 5148 unused Assets / (13.7 MB). Loaded Objects now: 6372.
Memory consumption went from 133.0 MB to 119.3 MB.
Total: 8.016583 ms (FindLiveObjects: 0.207625 ms CreateObjectMapping: 0.086125 ms MarkObjects: 6.492542 ms  DeleteObjects: 1.230083 ms)

Prepare: number of updated asset objects reloaded= 0
========================================================================
Received Prepare
Refreshing native plugins compatible for Editor in 1.51 ms, found 2 plugins.
Preloading 1 native plugins for Editor in 1.17 ms.
Unloading 43 Unused Serialized files (Serialized files now loaded: 0)
Unloading 5148 unused Assets / (13.9 MB). Loaded Objects now: 6372.
Memory consumption went from 133.0 MB to 119.1 MB.
Total: 7.699250 ms (FindLiveObjects: 0.201875 ms CreateObjectMapping: 0.083792 ms MarkObjects: 6.112583 ms  DeleteObjects: 1.300875 ms)

Prepare: number of updated asset objects reloaded= 0
========================================================================
Received Prepare
Refreshing native plugins compatible for Editor in 1.43 ms, found 2 plugins.
Preloading 1 native plugins for Editor in 1.18 ms.
Unloading 43 Unused Serialized files (Serialized files now loaded: 0)
Unloading 5148 unused Assets / (13.7 MB). Loaded Objects now: 6372.
Memory consumption went from 133.0 MB to 119.4 MB.
Total: 7.612667 ms (FindLiveObjects: 0.210167 ms CreateObjectMapping: 0.079500 ms MarkObjects: 6.140459 ms  DeleteObjects: 1.182375 ms)

Prepare: number of updated asset objects reloaded= 0
========================================================================
Received Prepare
Refreshing native plugins compatible for Editor in 1.46 ms, found 2 plugins.
Preloading 1 native plugins for Editor in 1.15 ms.
Unloading 43 Unused Serialized files (Serialized files now loaded: 0)
Unloading 5148 unused Assets / (13.8 MB). Loaded Objects now: 6372.
Memory consumption went from 133.0 MB to 119.2 MB.
Total: 7.482083 ms (FindLiveObjects: 0.208625 ms CreateObjectMapping: 0.076000 ms MarkObjects: 5.978584 ms  DeleteObjects: 1.218541 ms)

Prepare: number of updated asset objects reloaded= 0
========================================================================
Received Prepare
Refreshing native plugins compatible for Editor in 1.37 ms, found 2 plugins.
Preloading 1 native plugins for Editor in 1.25 ms.
Unloading 43 Unused Serialized files (Serialized files now loaded: 0)
Unloading 5148 unused Assets / (12.9 MB). Loaded Objects now: 6372.
Memory consumption went from 133.0 MB to 120.1 MB.
Total: 7.840833 ms (FindLiveObjects: 0.211542 ms CreateObjectMapping: 0.083583 ms MarkObjects: 6.423166 ms  DeleteObjects: 1.122208 ms)

Prepare: number of updated asset objects reloaded= 0
========================================================================
Received Prepare
Refreshing native plugins compatible for Editor in 1.50 ms, found 2 plugins.
Preloading 1 native plugins for Editor in 1.16 ms.
Unloading 43 Unused Serialized files (Serialized files now loaded: 0)
Unloading 5148 unused Assets / (13.7 MB). Loaded Objects now: 6372.
Memory consumption went from 133.0 MB to 119.4 MB.
Total: 7.638000 ms (FindLiveObjects: 0.210458 ms CreateObjectMapping: 0.076375 ms MarkObjects: 6.167042 ms  DeleteObjects: 1.183875 ms)

Prepare: number of updated asset objects reloaded= 0
========================================================================
Received Prepare
Refreshing native plugins compatible for Editor in 1.53 ms, found 2 plugins.
Preloading 1 native plugins for Editor in 1.17 ms.
Unloading 43 Unused Serialized files (Serialized files now loaded: 0)
Unloading 5148 unused Assets / (13.9 MB). Loaded Objects now: 6372.
Memory consumption went from 133.0 MB to 119.2 MB.
Total: 7.622125 ms (FindLiveObjects: 0.201416 ms CreateObjectMapping: 0.086458 ms MarkObjects: 6.063500 ms  DeleteObjects: 1.270542 ms)

Prepare: number of updated asset objects reloaded= 0
========================================================================
Received Prepare
Refreshing native plugins compatible for Editor in 1.46 ms, found 2 plugins.
Preloading 1 native plugins for Editor in 1.17 ms.
Unloading 43 Unused Serialized files (Serialized files now loaded: 0)
Unloading 5148 unused Assets / (13.4 MB). Loaded Objects now: 6372.
Memory consumption went from 133.0 MB to 119.6 MB.
Total: 7.983125 ms (FindLiveObjects: 0.203250 ms CreateObjectMapping: 0.085458 ms MarkObjects: 6.512292 ms  DeleteObjects: 1.181958 ms)

Prepare: number of updated asset objects reloaded= 0
========================================================================
Received Prepare
Refreshing native plugins compatible for Editor in 1.49 ms, found 2 plugins.
Preloading 1 native plugins for Editor in 1.16 ms.
Unloading 43 Unused Serialized files (Serialized files now loaded: 0)
Unloading 5148 unused Assets / (13.8 MB). Loaded Objects now: 6372.
Memory consumption went from 133.0 MB to 119.2 MB.
Total: 7.594959 ms (FindLiveObjects: 0.203083 ms CreateObjectMapping: 0.075375 ms MarkObjects: 6.017583 ms  DeleteObjects: 1.298709 ms)

Prepare: number of updated asset objects reloaded= 0
========================================================================
Received Prepare
Begin MonoManager ReloadAssembly
[Licensing::Client] Successfully resolved entitlement details
[Licensing::Module] License group:
  Id: F4-85AS-8ZW6-XMRF-425Z-XXXX
  Product: Unity Personal
  Type: ULF
  Expiration: Unlimited
[Licensing::Module] License group:
  Id: 6872810951280-UnityPersXXXX
  Product: Unity Personal
  Type: Assigned
  Expiration: Unlimited
Thread 0x16b737000 may have been prematurely finalized
Symbol file LoadedFromMemory is not a mono symbol file
Symbol file LoadedFromMemory is not a mono symbol file
- Loaded All Assemblies, in  0.356 seconds
Refreshing native plugins compatible for Editor in 1.29 ms, found 2 plugins.
Native extension for OSXStandalone target not found
Native extension for WebGL target not found
Refreshing native plugins compatible for Editor in 1.26 ms, found 2 plugins.
[Package Manager] Failed to launch server process. Reason: Unity was launched with the -noUpm command-line argument
[Package Manager] Unable to send message (not connected to server process).
[Package Manager] Cannot connect to Unity Package Manager local server
ScheduleIndexationOnStartup MainProcess:False IndexOnStartup:True
Mono: successfully reloaded assembly
- Finished resetting the current domain, in  0.466 seconds
Domain Reload Profiling: 824ms
	BeginReloadAssembly (79ms)
		ExecutionOrderSort (0ms)
		DisableScriptedObjects (3ms)
		BackupInstance (0ms)
		ReleaseScriptingObjects (0ms)
		CreateAndSetChildDomain (23ms)
	RebuildCommonClasses (16ms)
	RebuildNativeTypeToScriptingClass (6ms)
	initialDomainReloadingComplete (16ms)
	LoadAllAssembliesAndSetupDomain (240ms)
		LoadAssemblies (194ms)
		RebuildTransferFunctionScriptingTraits (0ms)
		AnalyzeDomain (71ms)
			TypeCache.Refresh (7ms)
				TypeCache.ScanAssembly (0ms)
			BuildScriptInfoCaches (60ms)
			ResolveRequiredComponents (1ms)
	FinalizeReload (466ms)
		ReleaseScriptCaches (0ms)
		RebuildScriptCaches (0ms)
		SetupLoadedEditorAssemblies (404ms)
			LogAssemblyErrors (0ms)
			InitializePlatformSupportModulesInManaged (1ms)
			SetLoadedEditorAssemblies (2ms)
			BeforeProcessingInitializeOnLoad (110ms)
			ProcessInitializeOnLoadAttributes (184ms)
			ProcessInitializeOnLoadMethodAttributes (107ms)
			AfterProcessingInitializeOnLoad (0ms)
			EditorAssembliesLoaded (0ms)
		ExecutionOrderSort2 (0ms)
		AwakeInstancesAfterBackupRestoration (1ms)
Refreshing native plugins compatible for Editor in 1.08 ms, found 2 plugins.
Preloading 1 native plugins for Editor in 1.14 ms.
Unloading 43 Unused Serialized files (Serialized files now loaded: 0)
Unloading 5193 unused Assets / (13.6 MB). Loaded Objects now: 6376.
Memory consumption went from 145.6 MB to 132.0 MB.
Total: 7.859083 ms (FindLiveObjects: 0.209792 ms CreateObjectMapping: 0.080167 ms MarkObjects: 6.285083 ms  DeleteObjects: 1.283875 ms)

Prepare: number of updated asset objects reloaded= 0
========================================================================
Received Prepare
Refreshing native plugins compatible for Editor in 1.13 ms, found 2 plugins.
Preloading 1 native plugins for Editor in 1.19 ms.
Unloading 43 Unused Serialized files (Serialized files now loaded: 0)
Unloading 5148 unused Assets / (14.2 MB). Loaded Objects now: 6376.
Memory consumption went from 133.1 MB to 118.9 MB.
Total: 7.814667 ms (FindLiveObjects: 0.195167 ms CreateObjectMapping: 0.081083 ms MarkObjects: 6.355792 ms  DeleteObjects: 1.182333 ms)

Prepare: number of updated asset objects reloaded= 0
========================================================================
Received Prepare
Begin MonoManager ReloadAssembly
Thread 0x16b737000 may have been prematurely finalized
Symbol file LoadedFromMemory is not a mono symbol file
Symbol file LoadedFromMemory is not a mono symbol file
- Loaded All Assemblies, in  0.319 seconds
Refreshing native plugins compatible for Editor in 1.34 ms, found 2 plugins.
Native extension for OSXStandalone target not found
Native extension for WebGL target not found
Refreshing native plugins compatible for Editor in 2.41 ms, found 2 plugins.
[Package Manager] Failed to launch server process. Reason: Unity was launched with the -noUpm command-line argument
[Package Manager] Unable to send message (not connected to server process).
[Package Manager] Cannot connect to Unity Package Manager local server
ScheduleIndexationOnStartup MainProcess:False IndexOnStartup:True
Mono: successfully reloaded assembly
- Finished resetting the current domain, in  0.483 seconds
Domain Reload Profiling: 803ms
	BeginReloadAssembly (74ms)
		ExecutionOrderSort (0ms)
		DisableScriptedObjects (3ms)
		BackupInstance (0ms)
		ReleaseScriptingObjects (0ms)
		CreateAndSetChildDomain (23ms)
	RebuildCommonClasses (16ms)
	RebuildNativeTypeToScriptingClass (6ms)
	initialDomainReloadingComplete (15ms)
	LoadAllAssembliesAndSetupDomain (209ms)
		LoadAssemblies (163ms)
		RebuildTransferFunctionScriptingTraits (0ms)
		AnalyzeDomain (68ms)
			TypeCache.Refresh (7ms)
				TypeCache.ScanAssembly (0ms)
			BuildScriptInfoCaches (58ms)
			ResolveRequiredComponents (1ms)
	FinalizeReload (483ms)
		ReleaseScriptCaches (0ms)
		RebuildScriptCaches (0ms)
		SetupLoadedEditorAssemblies (419ms)
			LogAssemblyErrors (0ms)
			InitializePlatformSupportModulesInManaged (1ms)
			SetLoadedEditorAssemblies (2ms)
			BeforeProcessingInitializeOnLoad (116ms)
			ProcessInitializeOnLoadAttributes (196ms)
			ProcessInitializeOnLoadMethodAttributes (103ms)
			AfterProcessingInitializeOnLoad (0ms)
			EditorAssembliesLoaded (0ms)
		ExecutionOrderSort2 (0ms)
		AwakeInstancesAfterBackupRestoration (1ms)
Refreshing native plugins compatible for Editor in 1.46 ms, found 2 plugins.
Preloading 1 native plugins for Editor in 1.19 ms.
Unloading 43 Unused Serialized files (Serialized files now loaded: 0)
Unloading 5193 unused Assets / (13.7 MB). Loaded Objects now: 6380.
Memory consumption went from 145.6 MB to 131.9 MB.
Total: 7.619834 ms (FindLiveObjects: 0.204917 ms CreateObjectMapping: 0.091166 ms MarkObjects: 6.117584 ms  DeleteObjects: 1.205834 ms)

Prepare: number of updated asset objects reloaded= 0
========================================================================
Received Prepare
Refreshing native plugins compatible for Editor in 1.44 ms, found 2 plugins.
Preloading 1 native plugins for Editor in 1.18 ms.
Unloading 43 Unused Serialized files (Serialized files now loaded: 0)
Unloading 5148 unused Assets / (14.0 MB). Loaded Objects now: 6380.
Memory consumption went from 133.1 MB to 119.0 MB.
Total: 7.765458 ms (FindLiveObjects: 0.213583 ms CreateObjectMapping: 0.079542 ms MarkObjects: 6.202500 ms  DeleteObjects: 1.269584 ms)

Prepare: number of updated asset objects reloaded= 0
========================================================================
Received Prepare
Refreshing native plugins compatible for Editor in 1.48 ms, found 2 plugins.
Preloading 1 native plugins for Editor in 1.19 ms.
Unloading 43 Unused Serialized files (Serialized files now loaded: 0)
Unloading 5148 unused Assets / (13.7 MB). Loaded Objects now: 6380.
Memory consumption went from 133.1 MB to 119.4 MB.
Total: 7.686667 ms (FindLiveObjects: 0.204542 ms CreateObjectMapping: 0.076416 ms MarkObjects: 6.209167 ms  DeleteObjects: 1.196292 ms)

Prepare: number of updated asset objects reloaded= 0
========================================================================
Received Prepare
Begin MonoManager ReloadAssembly
Thread 0x16b737000 may have been prematurely finalized
Symbol file LoadedFromMemory is not a mono symbol file
Symbol file LoadedFromMemory is not a mono symbol file
- Loaded All Assemblies, in  0.332 seconds
Refreshing native plugins compatible for Editor in 1.54 ms, found 2 plugins.
Native extension for OSXStandalone target not found
Native extension for WebGL target not found
Refreshing native plugins compatible for Editor in 1.32 ms, found 2 plugins.
[Package Manager] Failed to launch server process. Reason: Unity was launched with the -noUpm command-line argument
[Package Manager] Unable to send message (not connected to server process).
[Package Manager] Cannot connect to Unity Package Manager local server
ScheduleIndexationOnStartup MainProcess:False IndexOnStartup:True
Mono: successfully reloaded assembly
- Finished resetting the current domain, in  0.479 seconds
Domain Reload Profiling: 812ms
	BeginReloadAssembly (73ms)
		ExecutionOrderSort (0ms)
		DisableScriptedObjects (3ms)
		BackupInstance (0ms)
		ReleaseScriptingObjects (0ms)
		CreateAndSetChildDomain (22ms)
	RebuildCommonClasses (16ms)
	RebuildNativeTypeToScriptingClass (6ms)
	initialDomainReloadingComplete (15ms)
	LoadAllAssembliesAndSetupDomain (223ms)
		LoadAssemblies (176ms)
		RebuildTransferFunctionScriptingTraits (0ms)
		AnalyzeDomain (69ms)
			TypeCache.Refresh (7ms)
				TypeCache.ScanAssembly (0ms)
			BuildScriptInfoCaches (58ms)
			ResolveRequiredComponents (1ms)
	FinalizeReload (479ms)
		ReleaseScriptCaches (0ms)
		RebuildScriptCaches (0ms)
		SetupLoadedEditorAssemblies (417ms)
			LogAssemblyErrors (0ms)
			InitializePlatformSupportModulesInManaged (1ms)
			SetLoadedEditorAssemblies (2ms)
			BeforeProcessingInitializeOnLoad (110ms)
			ProcessInitializeOnLoadAttributes (196ms)
			ProcessInitializeOnLoadMethodAttributes (107ms)
			AfterProcessingInitializeOnLoad (1ms)
			EditorAssembliesLoaded (0ms)
		ExecutionOrderSort2 (0ms)
		AwakeInstancesAfterBackupRestoration (1ms)
Refreshing native plugins compatible for Editor in 1.54 ms, found 2 plugins.
Preloading 1 native plugins for Editor in 1.19 ms.
Unloading 43 Unused Serialized files (Serialized files now loaded: 0)
Unloading 5193 unused Assets / (13.7 MB). Loaded Objects now: 6384.
Memory consumption went from 145.6 MB to 131.9 MB.
Total: 7.629042 ms (FindLiveObjects: 0.205000 ms CreateObjectMapping: 0.079292 ms MarkObjects: 6.121833 ms  DeleteObjects: 1.222792 ms)

Prepare: number of updated asset objects reloaded= 0
========================================================================
Received Prepare
Refreshing native plugins compatible for Editor in 1.31 ms, found 2 plugins.
Preloading 1 native plugins for Editor in 1.20 ms.
Unloading 43 Unused Serialized files (Serialized files now loaded: 0)
Unloading 5148 unused Assets / (13.7 MB). Loaded Objects now: 6384.
Memory consumption went from 133.1 MB to 119.4 MB.
Total: 7.655458 ms (FindLiveObjects: 0.215583 ms CreateObjectMapping: 0.083750 ms MarkObjects: 6.183834 ms  DeleteObjects: 1.172166 ms)

Prepare: number of updated asset objects reloaded= 0
========================================================================
Received Prepare
Begin MonoManager ReloadAssembly
Thread 0x16b737000 may have been prematurely finalized
Symbol file LoadedFromMemory is not a mono symbol file
Symbol file LoadedFromMemory is not a mono symbol file
- Loaded All Assemblies, in  0.330 seconds
Refreshing native plugins compatible for Editor in 1.24 ms, found 2 plugins.
Native extension for OSXStandalone target not found
Native extension for WebGL target not found
Refreshing native plugins compatible for Editor in 1.12 ms, found 2 plugins.
[Package Manager] Failed to launch server process. Reason: Unity was launched with the -noUpm command-line argument
[Package Manager] Unable to send message (not connected to server process).
[Package Manager] Cannot connect to Unity Package Manager local server
ScheduleIndexationOnStartup MainProcess:False IndexOnStartup:True
Mono: successfully reloaded assembly
- Finished resetting the current domain, in  0.470 seconds
Domain Reload Profiling: 803ms
	BeginReloadAssembly (74ms)
		ExecutionOrderSort (0ms)
		DisableScriptedObjects (3ms)
		BackupInstance (0ms)
		ReleaseScriptingObjects (0ms)
		CreateAndSetChildDomain (22ms)
	RebuildCommonClasses (16ms)
	RebuildNativeTypeToScriptingClass (6ms)
	initialDomainReloadingComplete (16ms)
	LoadAllAssembliesAndSetupDomain (221ms)
		LoadAssemblies (169ms)
		RebuildTransferFunctionScriptingTraits (0ms)
		AnalyzeDomain (75ms)
			TypeCache.Refresh (6ms)
				TypeCache.ScanAssembly (0ms)
			BuildScriptInfoCaches (65ms)
			ResolveRequiredComponents (1ms)
	FinalizeReload (470ms)
		ReleaseScriptCaches (0ms)
		RebuildScriptCaches (0ms)
		SetupLoadedEditorAssemblies (407ms)
			LogAssemblyErrors (0ms)
			InitializePlatformSupportModulesInManaged (1ms)
			SetLoadedEditorAssemblies (2ms)
			BeforeProcessingInitializeOnLoad (110ms)
			ProcessInitializeOnLoadAttributes (189ms)
			ProcessInitializeOnLoadMethodAttributes (104ms)
			AfterProcessingInitializeOnLoad (1ms)
			EditorAssembliesLoaded (0ms)
		ExecutionOrderSort2 (0ms)
		AwakeInstancesAfterBackupRestoration (1ms)
Refreshing native plugins compatible for Editor in 1.55 ms, found 2 plugins.
Preloading 1 native plugins for Editor in 1.21 ms.
Unloading 43 Unused Serialized files (Serialized files now loaded: 0)
Unloading 5193 unused Assets / (13.7 MB). Loaded Objects now: 6388.
Memory consumption went from 145.6 MB to 131.9 MB.
Total: 7.668667 ms (FindLiveObjects: 0.205416 ms CreateObjectMapping: 0.081000 ms MarkObjects: 6.186542 ms  DeleteObjects: 1.195375 ms)

Prepare: number of updated asset objects reloaded= 0
========================================================================
Received Prepare
Refreshing native plugins compatible for Editor in 1.55 ms, found 2 plugins.
Preloading 1 native plugins for Editor in 1.16 ms.
Unloading 43 Unused Serialized files (Serialized files now loaded: 0)
Unloading 5148 unused Assets / (13.8 MB). Loaded Objects now: 6388.
Memory consumption went from 133.1 MB to 119.3 MB.
Total: 7.921458 ms (FindLiveObjects: 0.211583 ms CreateObjectMapping: 0.081209 ms MarkObjects: 6.303125 ms  DeleteObjects: 1.325250 ms)

Prepare: number of updated asset objects reloaded= 0
========================================================================
Received Prepare
Begin MonoManager ReloadAssembly
Thread 0x16b737000 may have been prematurely finalized
Symbol file LoadedFromMemory is not a mono symbol file
Symbol file LoadedFromMemory is not a mono symbol file
- Loaded All Assemblies, in  0.346 seconds
Refreshing native plugins compatible for Editor in 1.24 ms, found 2 plugins.
Native extension for OSXStandalone target not found
Native extension for WebGL target not found
Refreshing native plugins compatible for Editor in 1.17 ms, found 2 plugins.
[Package Manager] Failed to launch server process. Reason: Unity was launched with the -noUpm command-line argument
[Package Manager] Unable to send message (not connected to server process).
[Package Manager] Cannot connect to Unity Package Manager local server
ScheduleIndexationOnStartup MainProcess:False IndexOnStartup:True
Mono: successfully reloaded assembly
- Finished resetting the current domain, in  0.492 seconds
Domain Reload Profiling: 839ms
	BeginReloadAssembly (73ms)
		ExecutionOrderSort (0ms)
		DisableScriptedObjects (3ms)
		BackupInstance (0ms)
		ReleaseScriptingObjects (0ms)
		CreateAndSetChildDomain (24ms)
	RebuildCommonClasses (16ms)
	RebuildNativeTypeToScriptingClass (6ms)
	initialDomainReloadingComplete (15ms)
	LoadAllAssembliesAndSetupDomain (237ms)
		LoadAssemblies (186ms)
		RebuildTransferFunctionScriptingTraits (0ms)
		AnalyzeDomain (71ms)
			TypeCache.Refresh (8ms)
				TypeCache.ScanAssembly (0ms)
			BuildScriptInfoCaches (60ms)
			ResolveRequiredComponents (1ms)
	FinalizeReload (492ms)
		ReleaseScriptCaches (0ms)
		RebuildScriptCaches (0ms)
		SetupLoadedEditorAssemblies (427ms)
			LogAssemblyErrors (0ms)
			InitializePlatformSupportModulesInManaged (1ms)
			SetLoadedEditorAssemblies (2ms)
			BeforeProcessingInitializeOnLoad (115ms)
			ProcessInitializeOnLoadAttributes (204ms)
			ProcessInitializeOnLoadMethodAttributes (105ms)
			AfterProcessingInitializeOnLoad (0ms)
			EditorAssembliesLoaded (0ms)
		ExecutionOrderSort2 (0ms)
		AwakeInstancesAfterBackupRestoration (1ms)
Refreshing native plugins compatible for Editor in 1.39 ms, found 2 plugins.
Preloading 1 native plugins for Editor in 1.20 ms.
Unloading 43 Unused Serialized files (Serialized files now loaded: 0)
Unloading 5193 unused Assets / (13.7 MB). Loaded Objects now: 6392.
Memory consumption went from 145.6 MB to 131.9 MB.
Total: 7.759542 ms (FindLiveObjects: 0.202542 ms CreateObjectMapping: 0.081625 ms MarkObjects: 6.265542 ms  DeleteObjects: 1.209542 ms)

Prepare: number of updated asset objects reloaded= 0
========================================================================
Received Prepare
Refreshing native plugins compatible for Editor in 1.56 ms, found 2 plugins.
Preloading 1 native plugins for Editor in 1.22 ms.
Unloading 43 Unused Serialized files (Serialized files now loaded: 0)
Unloading 5148 unused Assets / (13.3 MB). Loaded Objects now: 6392.
Memory consumption went from 133.1 MB to 119.8 MB.
Total: 7.772834 ms (FindLiveObjects: 0.206833 ms CreateObjectMapping: 0.076292 ms MarkObjects: 6.233958 ms  DeleteObjects: 1.255542 ms)

Prepare: number of updated asset objects reloaded= 0
========================================================================
Received Prepare
Begin MonoManager ReloadAssembly
[Licensing::Client] Successfully resolved entitlement details
[Licensing::Module] License group:
  Id: F4-85AS-8ZW6-XMRF-425Z-XXXX
  Product: Unity Personal
  Type: ULF
  Expiration: Unlimited
[Licensing::Module] License group:
  Id: 6872810951280-UnityPersXXXX
  Product: Unity Personal
  Type: Assigned
  Expiration: Unlimited
Thread 0x16b737000 may have been prematurely finalized
Symbol file LoadedFromMemory is not a mono symbol file
Symbol file LoadedFromMemory is not a mono symbol file
- Loaded All Assemblies, in  0.329 seconds
Refreshing native plugins compatible for Editor in 1.52 ms, found 2 plugins.
Native extension for OSXStandalone target not found
Native extension for WebGL target not found
Refreshing native plugins compatible for Editor in 1.09 ms, found 2 plugins.
[Package Manager] Failed to launch server process. Reason: Unity was launched with the -noUpm command-line argument
[Package Manager] Unable to send message (not connected to server process).
[Package Manager] Cannot connect to Unity Package Manager local server
ScheduleIndexationOnStartup MainProcess:False IndexOnStartup:True
Mono: successfully reloaded assembly
- Finished resetting the current domain, in  0.474 seconds
Domain Reload Profiling: 805ms
	BeginReloadAssembly (73ms)
		ExecutionOrderSort (0ms)
		DisableScriptedObjects (3ms)
		BackupInstance (0ms)
		ReleaseScriptingObjects (0ms)
		CreateAndSetChildDomain (22ms)
	RebuildCommonClasses (16ms)
	RebuildNativeTypeToScriptingClass (6ms)
	initialDomainReloadingComplete (16ms)
	LoadAllAssembliesAndSetupDomain (219ms)
		LoadAssemblies (171ms)
		RebuildTransferFunctionScriptingTraits (0ms)
		AnalyzeDomain (71ms)
			TypeCache.Refresh (8ms)
				TypeCache.ScanAssembly (0ms)
			BuildScriptInfoCaches (60ms)
			ResolveRequiredComponents (1ms)
	FinalizeReload (474ms)
		ReleaseScriptCaches (0ms)
		RebuildScriptCaches (0ms)
		SetupLoadedEditorAssemblies (412ms)
			LogAssemblyErrors (0ms)
			InitializePlatformSupportModulesInManaged (1ms)
			SetLoadedEditorAssemblies (2ms)
			BeforeProcessingInitializeOnLoad (111ms)
			ProcessInitializeOnLoadAttributes (192ms)
			ProcessInitializeOnLoadMethodAttributes (105ms)
			AfterProcessingInitializeOnLoad (1ms)
			EditorAssembliesLoaded (0ms)
		ExecutionOrderSort2 (0ms)
		AwakeInstancesAfterBackupRestoration (1ms)
Refreshing native plugins compatible for Editor in 1.60 ms, found 2 plugins.
Preloading 1 native plugins for Editor in 1.22 ms.
Unloading 43 Unused Serialized files (Serialized files now loaded: 0)
Unloading 5193 unused Assets / (14.0 MB). Loaded Objects now: 6396.
Memory consumption went from 145.6 MB to 131.7 MB.
Total: 7.741084 ms (FindLiveObjects: 0.206209 ms CreateObjectMapping: 0.082125 ms MarkObjects: 6.172666 ms  DeleteObjects: 1.279834 ms)

Prepare: number of updated asset objects reloaded= 0
========================================================================
Received Prepare
Refreshing native plugins compatible for Editor in 1.18 ms, found 2 plugins.
Preloading 1 native plugins for Editor in 1.18 ms.
Unloading 43 Unused Serialized files (Serialized files now loaded: 0)
Unloading 5148 unused Assets / (14.2 MB). Loaded Objects now: 6396.
Memory consumption went from 133.1 MB to 118.9 MB.
Total: 7.824375 ms (FindLiveObjects: 0.183334 ms CreateObjectMapping: 0.095083 ms MarkObjects: 6.271708 ms  DeleteObjects: 1.273792 ms)

Prepare: number of updated asset objects reloaded= 0
========================================================================
Received Prepare
Refreshing native plugins compatible for Editor in 1.50 ms, found 2 plugins.
Preloading 1 native plugins for Editor in 1.21 ms.
Unloading 43 Unused Serialized files (Serialized files now loaded: 0)
Unloading 5148 unused Assets / (13.7 MB). Loaded Objects now: 6396.
Memory consumption went from 133.1 MB to 119.4 MB.
Total: 7.652542 ms (FindLiveObjects: 0.210958 ms CreateObjectMapping: 0.086625 ms MarkObjects: 6.145625 ms  DeleteObjects: 1.209125 ms)

Prepare: number of updated asset objects reloaded= 0
========================================================================
Received Prepare
Refreshing native plugins compatible for Editor in 1.57 ms, found 2 plugins.
Preloading 1 native plugins for Editor in 1.20 ms.
Unloading 43 Unused Serialized files (Serialized files now loaded: 0)
Unloading 5148 unused Assets / (13.2 MB). Loaded Objects now: 6396.
Memory consumption went from 133.1 MB to 119.9 MB.
Total: 7.911333 ms (FindLiveObjects: 0.216167 ms CreateObjectMapping: 0.078333 ms MarkObjects: 6.414209 ms  DeleteObjects: 1.202291 ms)

Prepare: number of updated asset objects reloaded= 0
========================================================================
Received Prepare
Begin MonoManager ReloadAssembly
Thread 0x16b737000 may have been prematurely finalized
Symbol file LoadedFromMemory is not a mono symbol file
Symbol file LoadedFromMemory is not a mono symbol file
- Loaded All Assemblies, in  0.329 seconds
Refreshing native plugins compatible for Editor in 1.24 ms, found 2 plugins.
Native extension for OSXStandalone target not found
Native extension for WebGL target not found
Refreshing native plugins compatible for Editor in 1.19 ms, found 2 plugins.
[Package Manager] Failed to launch server process. Reason: Unity was launched with the -noUpm command-line argument
[Package Manager] Unable to send message (not connected to server process).
[Package Manager] Cannot connect to Unity Package Manager local server
ScheduleIndexationOnStartup MainProcess:False IndexOnStartup:True
Mono: successfully reloaded assembly
- Finished resetting the current domain, in  0.481 seconds
Domain Reload Profiling: 812ms
	BeginReloadAssembly (71ms)
		ExecutionOrderSort (0ms)
		DisableScriptedObjects (3ms)
		BackupInstance (0ms)
		ReleaseScriptingObjects (0ms)
		CreateAndSetChildDomain (22ms)
	RebuildCommonClasses (16ms)
	RebuildNativeTypeToScriptingClass (6ms)
	initialDomainReloadingComplete (15ms)
	LoadAllAssembliesAndSetupDomain (222ms)
		LoadAssemblies (174ms)
		RebuildTransferFunctionScriptingTraits (0ms)
		AnalyzeDomain (69ms)
			TypeCache.Refresh (7ms)
				TypeCache.ScanAssembly (0ms)
			BuildScriptInfoCaches (59ms)
			ResolveRequiredComponents (1ms)
	FinalizeReload (481ms)
		ReleaseScriptCaches (0ms)
		RebuildScriptCaches (0ms)
		SetupLoadedEditorAssemblies (417ms)
			LogAssemblyErrors (0ms)
			InitializePlatformSupportModulesInManaged (1ms)
			SetLoadedEditorAssemblies (2ms)
			BeforeProcessingInitializeOnLoad (109ms)
			ProcessInitializeOnLoadAttributes (198ms)
			ProcessInitializeOnLoadMethodAttributes (106ms)
			AfterProcessingInitializeOnLoad (1ms)
			EditorAssembliesLoaded (0ms)
		ExecutionOrderSort2 (0ms)
		AwakeInstancesAfterBackupRestoration (1ms)
Refreshing native plugins compatible for Editor in 1.52 ms, found 2 plugins.
Preloading 1 native plugins for Editor in 1.18 ms.
Unloading 43 Unused Serialized files (Serialized files now loaded: 0)
Unloading 5193 unused Assets / (14.3 MB). Loaded Objects now: 6400.
Memory consumption went from 145.7 MB to 131.4 MB.
Total: 7.767167 ms (FindLiveObjects: 0.202541 ms CreateObjectMapping: 0.076292 ms MarkObjects: 6.188833 ms  DeleteObjects: 1.299375 ms)

Prepare: number of updated asset objects reloaded= 0
========================================================================
Received Prepare
Refreshing native plugins compatible for Editor in 1.46 ms, found 2 plugins.
Preloading 1 native plugins for Editor in 1.24 ms.
Unloading 43 Unused Serialized files (Serialized files now loaded: 0)
Unloading 5148 unused Assets / (13.6 MB). Loaded Objects now: 6400.
Memory consumption went from 133.1 MB to 119.5 MB.
Total: 8.183500 ms (FindLiveObjects: 0.207000 ms CreateObjectMapping: 0.077792 ms MarkObjects: 6.766000 ms  DeleteObjects: 1.132292 ms)

Prepare: number of updated asset objects reloaded= 0
========================================================================
Received Prepare
Refreshing native plugins compatible for Editor in 1.40 ms, found 2 plugins.
Preloading 1 native plugins for Editor in 1.24 ms.
Unloading 43 Unused Serialized files (Serialized files now loaded: 0)
Unloading 5148 unused Assets / (13.4 MB). Loaded Objects now: 6400.
Memory consumption went from 133.1 MB to 119.7 MB.
Total: 8.269583 ms (FindLiveObjects: 0.209500 ms CreateObjectMapping: 0.142250 ms MarkObjects: 6.631250 ms  DeleteObjects: 1.286291 ms)

Prepare: number of updated asset objects reloaded= 0
========================================================================
Received Prepare
Refreshing native plugins compatible for Editor in 1.57 ms, found 2 plugins.
Preloading 1 native plugins for Editor in 1.22 ms.
Unloading 43 Unused Serialized files (Serialized files now loaded: 0)
Unloading 5148 unused Assets / (13.8 MB). Loaded Objects now: 6400.
Memory consumption went from 133.1 MB to 119.3 MB.
Total: 7.466084 ms (FindLiveObjects: 0.216709 ms CreateObjectMapping: 0.077000 ms MarkObjects: 5.964834 ms  DeleteObjects: 1.207250 ms)

Prepare: number of updated asset objects reloaded= 0
========================================================================
Received Prepare
Refreshing native plugins compatible for Editor in 1.57 ms, found 2 plugins.
Preloading 1 native plugins for Editor in 1.23 ms.
Unloading 43 Unused Serialized files (Serialized files now loaded: 0)
Unloading 5148 unused Assets / (13.9 MB). Loaded Objects now: 6400.
Memory consumption went from 133.1 MB to 119.2 MB.
Total: 7.650125 ms (FindLiveObjects: 0.206584 ms CreateObjectMapping: 0.083000 ms MarkObjects: 6.102291 ms  DeleteObjects: 1.258042 ms)

Prepare: number of updated asset objects reloaded= 0
========================================================================
Received Prepare
Begin MonoManager ReloadAssembly
Thread 0x16b737000 may have been prematurely finalized
Symbol file LoadedFromMemory is not a mono symbol file
Symbol file LoadedFromMemory is not a mono symbol file
- Loaded All Assemblies, in  0.374 seconds
Refreshing native plugins compatible for Editor in 1.12 ms, found 2 plugins.
Native extension for OSXStandalone target not found
Native extension for WebGL target not found
Refreshing native plugins compatible for Editor in 1.24 ms, found 2 plugins.
[Package Manager] Failed to launch server process. Reason: Unity was launched with the -noUpm command-line argument
[Package Manager] Unable to send message (not connected to server process).
[Package Manager] Cannot connect to Unity Package Manager local server
ScheduleIndexationOnStartup MainProcess:False IndexOnStartup:True
Mono: successfully reloaded assembly
- Finished resetting the current domain, in  0.487 seconds
Domain Reload Profiling: 862ms
	BeginReloadAssembly (93ms)
		ExecutionOrderSort (0ms)
		DisableScriptedObjects (3ms)
		BackupInstance (0ms)
		ReleaseScriptingObjects (0ms)
		CreateAndSetChildDomain (38ms)
	RebuildCommonClasses (16ms)
	RebuildNativeTypeToScriptingClass (7ms)
	initialDomainReloadingComplete (16ms)
	LoadAllAssembliesAndSetupDomain (243ms)
		LoadAssemblies (199ms)
		RebuildTransferFunctionScriptingTraits (0ms)
		AnalyzeDomain (70ms)
			TypeCache.Refresh (7ms)
				TypeCache.ScanAssembly (0ms)
			BuildScriptInfoCaches (60ms)
			ResolveRequiredComponents (1ms)
	FinalizeReload (487ms)
		ReleaseScriptCaches (0ms)
		RebuildScriptCaches (0ms)
		SetupLoadedEditorAssemblies (422ms)
			LogAssemblyErrors (0ms)
			InitializePlatformSupportModulesInManaged (1ms)
			SetLoadedEditorAssemblies (2ms)
			BeforeProcessingInitializeOnLoad (118ms)
			ProcessInitializeOnLoadAttributes (196ms)
			ProcessInitializeOnLoadMethodAttributes (105ms)
			AfterProcessingInitializeOnLoad (1ms)
			EditorAssembliesLoaded (0ms)
		ExecutionOrderSort2 (0ms)
		AwakeInstancesAfterBackupRestoration (1ms)
Refreshing native plugins compatible for Editor in 1.23 ms, found 2 plugins.
Preloading 1 native plugins for Editor in 1.21 ms.
Unloading 43 Unused Serialized files (Serialized files now loaded: 0)
Unloading 5193 unused Assets / (13.7 MB). Loaded Objects now: 6404.
Memory consumption went from 145.7 MB to 132.0 MB.
Total: 7.773625 ms (FindLiveObjects: 0.210667 ms CreateObjectMapping: 0.085750 ms MarkObjects: 6.217500 ms  DeleteObjects: 1.259542 ms)

Prepare: number of updated asset objects reloaded= 0
========================================================================
Received Prepare
Refreshing native plugins compatible for Editor in 1.43 ms, found 2 plugins.
Preloading 1 native plugins for Editor in 1.17 ms.
Unloading 43 Unused Serialized files (Serialized files now loaded: 0)
Unloading 5148 unused Assets / (13.7 MB). Loaded Objects now: 6404.
Memory consumption went from 133.1 MB to 119.5 MB.
Total: 7.708375 ms (FindLiveObjects: 0.210750 ms CreateObjectMapping: 0.080958 ms MarkObjects: 6.237833 ms  DeleteObjects: 1.178542 ms)

Prepare: number of updated asset objects reloaded= 0
========================================================================
Received Prepare
Begin MonoManager ReloadAssembly
Thread 0x16b737000 may have been prematurely finalized
Symbol file LoadedFromMemory is not a mono symbol file
Symbol file LoadedFromMemory is not a mono symbol file
- Loaded All Assemblies, in  0.317 seconds
Refreshing native plugins compatible for Editor in 1.45 ms, found 2 plugins.
Native extension for OSXStandalone target not found
Native extension for WebGL target not found
Refreshing native plugins compatible for Editor in 1.45 ms, found 2 plugins.
[Package Manager] Failed to launch server process. Reason: Unity was launched with the -noUpm command-line argument
[Package Manager] Unable to send message (not connected to server process).
[Package Manager] Cannot connect to Unity Package Manager local server
ScheduleIndexationOnStartup MainProcess:False IndexOnStartup:True
Mono: successfully reloaded assembly
- Finished resetting the current domain, in  0.483 seconds
Domain Reload Profiling: 802ms
	BeginReloadAssembly (70ms)
		ExecutionOrderSort (0ms)
		DisableScriptedObjects (3ms)
		BackupInstance (0ms)
		ReleaseScriptingObjects (0ms)
		CreateAndSetChildDomain (22ms)
	RebuildCommonClasses (16ms)
	RebuildNativeTypeToScriptingClass (6ms)
	initialDomainReloadingComplete (15ms)
	LoadAllAssembliesAndSetupDomain (211ms)
		LoadAssemblies (166ms)
		RebuildTransferFunctionScriptingTraits (0ms)
		AnalyzeDomain (66ms)
			TypeCache.Refresh (6ms)
				TypeCache.ScanAssembly (0ms)
			BuildScriptInfoCaches (57ms)
			ResolveRequiredComponents (1ms)
	FinalizeReload (484ms)
		ReleaseScriptCaches (0ms)
		RebuildScriptCaches (0ms)
		SetupLoadedEditorAssemblies (421ms)
			LogAssemblyErrors (0ms)
			InitializePlatformSupportModulesInManaged (1ms)
			SetLoadedEditorAssemblies (2ms)
			BeforeProcessingInitializeOnLoad (111ms)
			ProcessInitializeOnLoadAttributes (197ms)
			ProcessInitializeOnLoadMethodAttributes (109ms)
			AfterProcessingInitializeOnLoad (0ms)
			EditorAssembliesLoaded (0ms)
		ExecutionOrderSort2 (0ms)
		AwakeInstancesAfterBackupRestoration (1ms)
Refreshing native plugins compatible for Editor in 1.54 ms, found 2 plugins.
Preloading 1 native plugins for Editor in 1.24 ms.
Unloading 43 Unused Serialized files (Serialized files now loaded: 0)
Unloading 5193 unused Assets / (13.3 MB). Loaded Objects now: 6408.
Memory consumption went from 145.7 MB to 132.3 MB.
Total: 8.092917 ms (FindLiveObjects: 0.215750 ms CreateObjectMapping: 0.087667 ms MarkObjects: 6.612875 ms  DeleteObjects: 1.176375 ms)

Prepare: number of updated asset objects reloaded= 0
========================================================================
Received Prepare
Refreshing native plugins compatible for Editor in 1.56 ms, found 2 plugins.
Preloading 1 native plugins for Editor in 1.24 ms.
Unloading 43 Unused Serialized files (Serialized files now loaded: 0)
Unloading 5148 unused Assets / (13.9 MB). Loaded Objects now: 6408.
Memory consumption went from 133.1 MB to 119.2 MB.
Total: 7.921083 ms (FindLiveObjects: 0.210083 ms CreateObjectMapping: 0.078500 ms MarkObjects: 6.375750 ms  DeleteObjects: 1.256667 ms)

Prepare: number of updated asset objects reloaded= 0
========================================================================
Received Prepare
Begin MonoManager ReloadAssembly
Thread 0x16b737000 may have been prematurely finalized
Symbol file LoadedFromMemory is not a mono symbol file
Symbol file LoadedFromMemory is not a mono symbol file
- Loaded All Assemblies, in  0.339 seconds
Refreshing native plugins compatible for Editor in 1.22 ms, found 2 plugins.
Native extension for OSXStandalone target not found
Native extension for WebGL target not found
Refreshing native plugins compatible for Editor in 1.23 ms, found 2 plugins.
[Package Manager] Failed to launch server process. Reason: Unity was launched with the -noUpm command-line argument
[Package Manager] Unable to send message (not connected to server process).
[Package Manager] Cannot connect to Unity Package Manager local server
ScheduleIndexationOnStartup MainProcess:False IndexOnStartup:True
Mono: successfully reloaded assembly
- Finished resetting the current domain, in  0.494 seconds
Domain Reload Profiling: 834ms
	BeginReloadAssembly (72ms)
		ExecutionOrderSort (0ms)
		DisableScriptedObjects (3ms)
		BackupInstance (0ms)
		ReleaseScriptingObjects (0ms)
		CreateAndSetChildDomain (24ms)
	RebuildCommonClasses (16ms)
	RebuildNativeTypeToScriptingClass (6ms)
	initialDomainReloadingComplete (16ms)
	LoadAllAssembliesAndSetupDomain (230ms)
		LoadAssemblies (179ms)
		RebuildTransferFunctionScriptingTraits (0ms)
		AnalyzeDomain (72ms)
			TypeCache.Refresh (7ms)
				TypeCache.ScanAssembly (0ms)
			BuildScriptInfoCaches (62ms)
			ResolveRequiredComponents (1ms)
	FinalizeReload (494ms)
		ReleaseScriptCaches (0ms)
		RebuildScriptCaches (0ms)
		SetupLoadedEditorAssemblies (424ms)
			LogAssemblyErrors (0ms)
			InitializePlatformSupportModulesInManaged (1ms)
			SetLoadedEditorAssemblies (2ms)
			BeforeProcessingInitializeOnLoad (117ms)
			ProcessInitializeOnLoadAttributes (198ms)
			ProcessInitializeOnLoadMethodAttributes (105ms)
			AfterProcessingInitializeOnLoad (0ms)
			EditorAssembliesLoaded (0ms)
		ExecutionOrderSort2 (0ms)
		AwakeInstancesAfterBackupRestoration (1ms)
Refreshing native plugins compatible for Editor in 1.01 ms, found 2 plugins.
Preloading 1 native plugins for Editor in 1.18 ms.
Unloading 43 Unused Serialized files (Serialized files now loaded: 0)
Unloading 5193 unused Assets / (13.8 MB). Loaded Objects now: 6412.
Memory consumption went from 145.7 MB to 131.9 MB.
Total: 7.785750 ms (FindLiveObjects: 0.195208 ms CreateObjectMapping: 0.112750 ms MarkObjects: 6.361750 ms  DeleteObjects: 1.115958 ms)

Prepare: number of updated asset objects reloaded= 0
========================================================================
Received Prepare
Refreshing native plugins compatible for Editor in 1.61 ms, found 2 plugins.
Preloading 1 native plugins for Editor in 1.24 ms.
Unloading 43 Unused Serialized files (Serialized files now loaded: 0)
Unloading 5148 unused Assets / (14.0 MB). Loaded Objects now: 6412.
Memory consumption went from 133.1 MB to 119.1 MB.
Total: 7.880250 ms (FindLiveObjects: 0.215667 ms CreateObjectMapping: 0.084708 ms MarkObjects: 6.277041 ms  DeleteObjects: 1.302500 ms)

Prepare: number of updated asset objects reloaded= 0
========================================================================
Received Prepare
Begin MonoManager ReloadAssembly
Thread 0x16b737000 may have been prematurely finalized
Symbol file LoadedFromMemory is not a mono symbol file
Symbol file LoadedFromMemory is not a mono symbol file
- Loaded All Assemblies, in  0.309 seconds
Refreshing native plugins compatible for Editor in 1.49 ms, found 2 plugins.
Native extension for OSXStandalone target not found
Native extension for WebGL target not found
Refreshing native plugins compatible for Editor in 1.35 ms, found 2 plugins.
[Package Manager] Failed to launch server process. Reason: Unity was launched with the -noUpm command-line argument
[Package Manager] Unable to send message (not connected to server process).
[Package Manager] Cannot connect to Unity Package Manager local server
ScheduleIndexationOnStartup MainProcess:False IndexOnStartup:True
Mono: successfully reloaded assembly
- Finished resetting the current domain, in  0.493 seconds
Domain Reload Profiling: 803ms
	BeginReloadAssembly (71ms)
		ExecutionOrderSort (0ms)
		DisableScriptedObjects (3ms)
		BackupInstance (0ms)
		ReleaseScriptingObjects (0ms)
		CreateAndSetChildDomain (22ms)
	RebuildCommonClasses (15ms)
	RebuildNativeTypeToScriptingClass (6ms)
	initialDomainReloadingComplete (16ms)
	LoadAllAssembliesAndSetupDomain (202ms)
		LoadAssemblies (157ms)
		RebuildTransferFunctionScriptingTraits (0ms)
		AnalyzeDomain (66ms)
			TypeCache.Refresh (7ms)
				TypeCache.ScanAssembly (0ms)
			BuildScriptInfoCaches (57ms)
			ResolveRequiredComponents (1ms)
	FinalizeReload (493ms)
		ReleaseScriptCaches (0ms)
		RebuildScriptCaches (0ms)
		SetupLoadedEditorAssemblies (431ms)
			LogAssemblyErrors (0ms)
			InitializePlatformSupportModulesInManaged (1ms)
			SetLoadedEditorAssemblies (2ms)
			BeforeProcessingInitializeOnLoad (117ms)
			ProcessInitializeOnLoadAttributes (203ms)
			ProcessInitializeOnLoadMethodAttributes (108ms)
			AfterProcessingInitializeOnLoad (0ms)
			EditorAssembliesLoaded (0ms)
		ExecutionOrderSort2 (0ms)
		AwakeInstancesAfterBackupRestoration (1ms)
Refreshing native plugins compatible for Editor in 1.06 ms, found 2 plugins.
Preloading 1 native plugins for Editor in 1.17 ms.
Unloading 43 Unused Serialized files (Serialized files now loaded: 0)
Unloading 5193 unused Assets / (12.5 MB). Loaded Objects now: 6416.
Memory consumption went from 145.7 MB to 133.2 MB.
Total: 7.981333 ms (FindLiveObjects: 0.195000 ms CreateObjectMapping: 0.077333 ms MarkObjects: 6.584417 ms  DeleteObjects: 1.124458 ms)

Prepare: number of updated asset objects reloaded= 0
========================================================================
Received Prepare
Refreshing native plugins compatible for Editor in 1.53 ms, found 2 plugins.
Preloading 1 native plugins for Editor in 1.19 ms.
Unloading 43 Unused Serialized files (Serialized files now loaded: 0)
Unloading 5148 unused Assets / (14.3 MB). Loaded Objects now: 6416.
Memory consumption went from 133.1 MB to 118.8 MB.
Total: 8.022667 ms (FindLiveObjects: 0.206083 ms CreateObjectMapping: 0.082208 ms MarkObjects: 6.368125 ms  DeleteObjects: 1.366042 ms)

Prepare: number of updated asset objects reloaded= 0
========================================================================
Received Prepare
Begin MonoManager ReloadAssembly
Thread 0x16b737000 may have been prematurely finalized
Symbol file LoadedFromMemory is not a mono symbol file
Symbol file LoadedFromMemory is not a mono symbol file
- Loaded All Assemblies, in  0.339 seconds
Refreshing native plugins compatible for Editor in 1.37 ms, found 2 plugins.
Native extension for OSXStandalone target not found
Native extension for WebGL target not found
Refreshing native plugins compatible for Editor in 1.01 ms, found 2 plugins.
[Package Manager] Failed to launch server process. Reason: Unity was launched with the -noUpm command-line argument
[Package Manager] Unable to send message (not connected to server process).
[Package Manager] Cannot connect to Unity Package Manager local server
ScheduleIndexationOnStartup MainProcess:False IndexOnStartup:True
Mono: successfully reloaded assembly
- Finished resetting the current domain, in  0.497 seconds
Domain Reload Profiling: 837ms
	BeginReloadAssembly (75ms)
		ExecutionOrderSort (0ms)
		DisableScriptedObjects (3ms)
		BackupInstance (0ms)
		ReleaseScriptingObjects (0ms)
		CreateAndSetChildDomain (23ms)
	RebuildCommonClasses (16ms)
	RebuildNativeTypeToScriptingClass (6ms)
	initialDomainReloadingComplete (16ms)
	LoadAllAssembliesAndSetupDomain (226ms)
		LoadAssemblies (181ms)
		RebuildTransferFunctionScriptingTraits (0ms)
		AnalyzeDomain (67ms)
			TypeCache.Refresh (7ms)
				TypeCache.ScanAssembly (0ms)
			BuildScriptInfoCaches (57ms)
			ResolveRequiredComponents (1ms)
	FinalizeReload (497ms)
		ReleaseScriptCaches (0ms)
		RebuildScriptCaches (0ms)
		SetupLoadedEditorAssemblies (431ms)
			LogAssemblyErrors (0ms)
			InitializePlatformSupportModulesInManaged (1ms)
			SetLoadedEditorAssemblies (2ms)
			BeforeProcessingInitializeOnLoad (116ms)
			ProcessInitializeOnLoadAttributes (203ms)
			ProcessInitializeOnLoadMethodAttributes (108ms)
			AfterProcessingInitializeOnLoad (0ms)
			EditorAssembliesLoaded (0ms)
		ExecutionOrderSort2 (0ms)
		AwakeInstancesAfterBackupRestoration (1ms)
Refreshing native plugins compatible for Editor in 1.52 ms, found 2 plugins.
Preloading 1 native plugins for Editor in 1.25 ms.
Unloading 43 Unused Serialized files (Serialized files now loaded: 0)
Unloading 5193 unused Assets / (14.0 MB). Loaded Objects now: 6420.
Memory consumption went from 145.7 MB to 131.7 MB.
Total: 7.920625 ms (FindLiveObjects: 0.211583 ms CreateObjectMapping: 0.084083 ms MarkObjects: 6.318250 ms  DeleteObjects: 1.306542 ms)

Prepare: number of updated asset objects reloaded= 0
========================================================================
Received Prepare
Refreshing native plugins compatible for Editor in 1.65 ms, found 2 plugins.
Preloading 1 native plugins for Editor in 1.25 ms.
Unloading 43 Unused Serialized files (Serialized files now loaded: 0)
Unloading 5148 unused Assets / (13.5 MB). Loaded Objects now: 6420.
Memory consumption went from 133.1 MB to 119.6 MB.
Total: 9.323792 ms (FindLiveObjects: 0.216625 ms CreateObjectMapping: 0.085375 ms MarkObjects: 7.652417 ms  DeleteObjects: 1.368917 ms)

Prepare: number of updated asset objects reloaded= 0
========================================================================
Received Prepare
Begin MonoManager ReloadAssembly
[Licensing::Client] Successfully resolved entitlement details
[Licensing::Module] License group:
  Id: F4-85AS-8ZW6-XMRF-425Z-XXXX
  Product: Unity Personal
  Type: ULF
  Expiration: Unlimited
[Licensing::Module] License group:
  Id: 6872810951280-UnityPersXXXX
  Product: Unity Personal
  Type: Assigned
  Expiration: Unlimited
Thread 0x16b737000 may have been prematurely finalized
Symbol file LoadedFromMemory is not a mono symbol file
Symbol file LoadedFromMemory is not a mono symbol file
- Loaded All Assemblies, in  0.371 seconds
Refreshing native plugins compatible for Editor in 1.57 ms, found 2 plugins.
Native extension for OSXStandalone target not found
Native extension for WebGL target not found
Refreshing native plugins compatible for Editor in 0.97 ms, found 2 plugins.
[Package Manager] Failed to launch server process. Reason: Unity was launched with the -noUpm command-line argument
[Package Manager] Unable to send message (not connected to server process).
[Package Manager] Cannot connect to Unity Package Manager local server
ScheduleIndexationOnStartup MainProcess:False IndexOnStartup:True
Mono: successfully reloaded assembly
- Finished resetting the current domain, in  0.522 seconds
Domain Reload Profiling: 895ms
	BeginReloadAssembly (77ms)
		ExecutionOrderSort (0ms)
		DisableScriptedObjects (3ms)
		BackupInstance (0ms)
		ReleaseScriptingObjects (0ms)
		CreateAndSetChildDomain (24ms)
	RebuildCommonClasses (16ms)
	RebuildNativeTypeToScriptingClass (6ms)
	initialDomainReloadingComplete (17ms)
	LoadAllAssembliesAndSetupDomain (256ms)
		LoadAssemblies (210ms)
		RebuildTransferFunctionScriptingTraits (0ms)
		AnalyzeDomain (69ms)
			TypeCache.Refresh (7ms)
				TypeCache.ScanAssembly (0ms)
			BuildScriptInfoCaches (59ms)
			ResolveRequiredComponents (1ms)
	FinalizeReload (522ms)
		ReleaseScriptCaches (0ms)
		RebuildScriptCaches (0ms)
		SetupLoadedEditorAssemblies (454ms)
			LogAssemblyErrors (0ms)
			InitializePlatformSupportModulesInManaged (1ms)
			SetLoadedEditorAssemblies (2ms)
			BeforeProcessingInitializeOnLoad (115ms)
			ProcessInitializeOnLoadAttributes (197ms)
			ProcessInitializeOnLoadMethodAttributes (139ms)
			AfterProcessingInitializeOnLoad (1ms)
			EditorAssembliesLoaded (0ms)
		ExecutionOrderSort2 (0ms)
		AwakeInstancesAfterBackupRestoration (2ms)
Refreshing native plugins compatible for Editor in 1.45 ms, found 2 plugins.
Preloading 1 native plugins for Editor in 1.17 ms.
Unloading 43 Unused Serialized files (Serialized files now loaded: 0)
Unloading 5193 unused Assets / (13.5 MB). Loaded Objects now: 6424.
Memory consumption went from 145.7 MB to 132.2 MB.
Total: 7.827625 ms (FindLiveObjects: 0.206584 ms CreateObjectMapping: 0.077250 ms MarkObjects: 6.392375 ms  DeleteObjects: 1.151209 ms)

Prepare: number of updated asset objects reloaded= 0
========================================================================
Received Prepare
Refreshing native plugins compatible for Editor in 1.27 ms, found 2 plugins.
Preloading 1 native plugins for Editor in 1.23 ms.
Unloading 43 Unused Serialized files (Serialized files now loaded: 0)
Unloading 5148 unused Assets / (13.5 MB). Loaded Objects now: 6424.
Memory consumption went from 133.2 MB to 119.7 MB.
Total: 8.283292 ms (FindLiveObjects: 0.210833 ms CreateObjectMapping: 0.089958 ms MarkObjects: 6.719250 ms  DeleteObjects: 1.263000 ms)

Prepare: number of updated asset objects reloaded= 0
========================================================================
Received Prepare
Begin MonoManager ReloadAssembly
Thread 0x16b737000 may have been prematurely finalized
Symbol file LoadedFromMemory is not a mono symbol file
Symbol file LoadedFromMemory is not a mono symbol file
- Loaded All Assemblies, in  0.318 seconds
Refreshing native plugins compatible for Editor in 1.18 ms, found 2 plugins.
Native extension for OSXStandalone target not found
Native extension for WebGL target not found
Refreshing native plugins compatible for Editor in 1.22 ms, found 2 plugins.
[Package Manager] Failed to launch server process. Reason: Unity was launched with the -noUpm command-line argument
[Package Manager] Unable to send message (not connected to server process).
[Package Manager] Cannot connect to Unity Package Manager local server
ScheduleIndexationOnStartup MainProcess:False IndexOnStartup:True
Mono: successfully reloaded assembly
- Finished resetting the current domain, in  0.516 seconds
Domain Reload Profiling: 835ms
	BeginReloadAssembly (72ms)
		ExecutionOrderSort (0ms)
		DisableScriptedObjects (3ms)
		BackupInstance (0ms)
		ReleaseScriptingObjects (0ms)
		CreateAndSetChildDomain (22ms)
	RebuildCommonClasses (16ms)
	RebuildNativeTypeToScriptingClass (6ms)
	initialDomainReloadingComplete (17ms)
	LoadAllAssembliesAndSetupDomain (208ms)
		LoadAssemblies (162ms)
		RebuildTransferFunctionScriptingTraits (0ms)
		AnalyzeDomain (68ms)
			TypeCache.Refresh (6ms)
				TypeCache.ScanAssembly (0ms)
			BuildScriptInfoCaches (59ms)
			ResolveRequiredComponents (1ms)
	FinalizeReload (516ms)
		ReleaseScriptCaches (0ms)
		RebuildScriptCaches (0ms)
		SetupLoadedEditorAssemblies (448ms)
			LogAssemblyErrors (0ms)
			InitializePlatformSupportModulesInManaged (1ms)
			SetLoadedEditorAssemblies (2ms)
			BeforeProcessingInitializeOnLoad (120ms)
			ProcessInitializeOnLoadAttributes (217ms)
			ProcessInitializeOnLoadMethodAttributes (108ms)
			AfterProcessingInitializeOnLoad (1ms)
			EditorAssembliesLoaded (0ms)
		ExecutionOrderSort2 (0ms)
		AwakeInstancesAfterBackupRestoration (1ms)
Refreshing native plugins compatible for Editor in 1.21 ms, found 2 plugins.
Preloading 1 native plugins for Editor in 1.18 ms.
Unloading 43 Unused Serialized files (Serialized files now loaded: 0)
Unloading 5193 unused Assets / (13.5 MB). Loaded Objects now: 6428.
Memory consumption went from 145.7 MB to 132.2 MB.
Total: 7.449541 ms (FindLiveObjects: 0.199958 ms CreateObjectMapping: 0.075417 ms MarkObjects: 6.145750 ms  DeleteObjects: 1.028291 ms)

Prepare: number of updated asset objects reloaded= 0
========================================================================
Received Prepare
Refreshing native plugins compatible for Editor in 1.35 ms, found 2 plugins.
Preloading 1 native plugins for Editor in 1.17 ms.
Unloading 43 Unused Serialized files (Serialized files now loaded: 0)
Unloading 5148 unused Assets / (13.7 MB). Loaded Objects now: 6428.
Memory consumption went from 133.2 MB to 119.5 MB.
Total: 7.670000 ms (FindLiveObjects: 0.205542 ms CreateObjectMapping: 0.077250 ms MarkObjects: 6.199167 ms  DeleteObjects: 1.187834 ms)

Prepare: number of updated asset objects reloaded= 0
========================================================================
Received Prepare
Begin MonoManager ReloadAssembly
Thread 0x16b737000 may have been prematurely finalized
Symbol file LoadedFromMemory is not a mono symbol file
Symbol file LoadedFromMemory is not a mono symbol file
- Loaded All Assemblies, in  0.356 seconds
Refreshing native plugins compatible for Editor in 1.41 ms, found 2 plugins.
Native extension for OSXStandalone target not found
Native extension for WebGL target not found
Refreshing native plugins compatible for Editor in 1.22 ms, found 2 plugins.
[Package Manager] Failed to launch server process. Reason: Unity was launched with the -noUpm command-line argument
[Package Manager] Unable to send message (not connected to server process).
[Package Manager] Cannot connect to Unity Package Manager local server
ScheduleIndexationOnStartup MainProcess:False IndexOnStartup:True
Mono: successfully reloaded assembly
- Finished resetting the current domain, in  0.492 seconds
Domain Reload Profiling: 849ms
	BeginReloadAssembly (79ms)
		ExecutionOrderSort (0ms)
		DisableScriptedObjects (3ms)
		BackupInstance (0ms)
		ReleaseScriptingObjects (0ms)
		CreateAndSetChildDomain (26ms)
	RebuildCommonClasses (17ms)
	RebuildNativeTypeToScriptingClass (6ms)
	initialDomainReloadingComplete (17ms)
	LoadAllAssembliesAndSetupDomain (238ms)
		LoadAssemblies (186ms)
		RebuildTransferFunctionScriptingTraits (0ms)
		AnalyzeDomain (77ms)
			TypeCache.Refresh (7ms)
				TypeCache.ScanAssembly (0ms)
			BuildScriptInfoCaches (67ms)
			ResolveRequiredComponents (1ms)
	FinalizeReload (492ms)
		ReleaseScriptCaches (0ms)
		RebuildScriptCaches (0ms)
		SetupLoadedEditorAssemblies (425ms)
			LogAssemblyErrors (0ms)
			InitializePlatformSupportModulesInManaged (1ms)
			SetLoadedEditorAssemblies (2ms)
			BeforeProcessingInitializeOnLoad (118ms)
			ProcessInitializeOnLoadAttributes (202ms)
			ProcessInitializeOnLoadMethodAttributes (102ms)
			AfterProcessingInitializeOnLoad (1ms)
			EditorAssembliesLoaded (0ms)
		ExecutionOrderSort2 (0ms)
		AwakeInstancesAfterBackupRestoration (1ms)
Refreshing native plugins compatible for Editor in 1.56 ms, found 2 plugins.
Preloading 1 native plugins for Editor in 1.19 ms.
Unloading 43 Unused Serialized files (Serialized files now loaded: 0)
Unloading 5193 unused Assets / (13.7 MB). Loaded Objects now: 6432.
Memory consumption went from 145.7 MB to 132.0 MB.
Total: 7.646708 ms (FindLiveObjects: 0.213417 ms CreateObjectMapping: 0.080708 ms MarkObjects: 6.167959 ms  DeleteObjects: 1.184416 ms)

Prepare: number of updated asset objects reloaded= 0
========================================================================
Received Prepare
Refreshing native plugins compatible for Editor in 1.42 ms, found 2 plugins.
Preloading 1 native plugins for Editor in 1.20 ms.
Unloading 43 Unused Serialized files (Serialized files now loaded: 0)
Unloading 5148 unused Assets / (13.6 MB). Loaded Objects now: 6432.
Memory consumption went from 133.2 MB to 119.6 MB.
Total: 7.528000 ms (FindLiveObjects: 0.203542 ms CreateObjectMapping: 0.088416 ms MarkObjects: 6.072375 ms  DeleteObjects: 1.163583 ms)

Prepare: number of updated asset objects reloaded= 0
========================================================================
Received Prepare
Begin MonoManager ReloadAssembly
Thread 0x16b737000 may have been prematurely finalized
Symbol file LoadedFromMemory is not a mono symbol file
Symbol file LoadedFromMemory is not a mono symbol file
- Loaded All Assemblies, in  0.330 seconds
Refreshing native plugins compatible for Editor in 1.21 ms, found 2 plugins.
Native extension for OSXStandalone target not found
Native extension for WebGL target not found
Refreshing native plugins compatible for Editor in 1.08 ms, found 2 plugins.
[Package Manager] Failed to launch server process. Reason: Unity was launched with the -noUpm command-line argument
[Package Manager] Unable to send message (not connected to server process).
[Package Manager] Cannot connect to Unity Package Manager local server
ScheduleIndexationOnStartup MainProcess:False IndexOnStartup:True
Mono: successfully reloaded assembly
- Finished resetting the current domain, in  0.499 seconds
Domain Reload Profiling: 830ms
	BeginReloadAssembly (77ms)
		ExecutionOrderSort (0ms)
		DisableScriptedObjects (3ms)
		BackupInstance (0ms)
		ReleaseScriptingObjects (0ms)
		CreateAndSetChildDomain (25ms)
	RebuildCommonClasses (16ms)
	RebuildNativeTypeToScriptingClass (6ms)
	initialDomainReloadingComplete (17ms)
	LoadAllAssembliesAndSetupDomain (215ms)
		LoadAssemblies (172ms)
		RebuildTransferFunctionScriptingTraits (0ms)
		AnalyzeDomain (67ms)
			TypeCache.Refresh (6ms)
				TypeCache.ScanAssembly (0ms)
			BuildScriptInfoCaches (58ms)
			ResolveRequiredComponents (1ms)
	FinalizeReload (499ms)
		ReleaseScriptCaches (0ms)
		RebuildScriptCaches (0ms)
		SetupLoadedEditorAssemblies (433ms)
			LogAssemblyErrors (0ms)
			InitializePlatformSupportModulesInManaged (1ms)
			SetLoadedEditorAssemblies (2ms)
			BeforeProcessingInitializeOnLoad (122ms)
			ProcessInitializeOnLoadAttributes (202ms)
			ProcessInitializeOnLoadMethodAttributes (105ms)
			AfterProcessingInitializeOnLoad (1ms)
			EditorAssembliesLoaded (0ms)
		ExecutionOrderSort2 (0ms)
		AwakeInstancesAfterBackupRestoration (1ms)
Refreshing native plugins compatible for Editor in 1.57 ms, found 2 plugins.
Preloading 1 native plugins for Editor in 1.23 ms.
Unloading 43 Unused Serialized files (Serialized files now loaded: 0)
Unloading 5193 unused Assets / (13.8 MB). Loaded Objects now: 6436.
Memory consumption went from 145.7 MB to 131.9 MB.
Total: 7.675167 ms (FindLiveObjects: 0.212250 ms CreateObjectMapping: 0.092375 ms MarkObjects: 6.139875 ms  DeleteObjects: 1.230375 ms)

Prepare: number of updated asset objects reloaded= 0
========================================================================
Received Prepare
Refreshing native plugins compatible for Editor in 1.25 ms, found 2 plugins.
Preloading 1 native plugins for Editor in 1.18 ms.
Unloading 43 Unused Serialized files (Serialized files now loaded: 0)
Unloading 5148 unused Assets / (13.7 MB). Loaded Objects now: 6436.
Memory consumption went from 133.2 MB to 119.5 MB.
Total: 7.595458 ms (FindLiveObjects: 0.213208 ms CreateObjectMapping: 0.081750 ms MarkObjects: 6.078625 ms  DeleteObjects: 1.221750 ms)

Prepare: number of updated asset objects reloaded= 0
========================================================================
Received Prepare
Begin MonoManager ReloadAssembly
Thread 0x16b737000 may have been prematurely finalized
Symbol file LoadedFromMemory is not a mono symbol file
Symbol file LoadedFromMemory is not a mono symbol file
- Loaded All Assemblies, in  0.335 seconds
Refreshing native plugins compatible for Editor in 1.25 ms, found 2 plugins.
Native extension for OSXStandalone target not found
Native extension for WebGL target not found
Refreshing native plugins compatible for Editor in 1.13 ms, found 2 plugins.
[Package Manager] Failed to launch server process. Reason: Unity was launched with the -noUpm command-line argument
[Package Manager] Unable to send message (not connected to server process).
[Package Manager] Cannot connect to Unity Package Manager local server
ScheduleIndexationOnStartup MainProcess:False IndexOnStartup:True
Mono: successfully reloaded assembly
- Finished resetting the current domain, in  0.484 seconds
Domain Reload Profiling: 821ms
	BeginReloadAssembly (74ms)
		ExecutionOrderSort (0ms)
		DisableScriptedObjects (3ms)
		BackupInstance (0ms)
		ReleaseScriptingObjects (0ms)
		CreateAndSetChildDomain (22ms)
	RebuildCommonClasses (16ms)
	RebuildNativeTypeToScriptingClass (6ms)
	initialDomainReloadingComplete (16ms)
	LoadAllAssembliesAndSetupDomain (225ms)
		LoadAssemblies (182ms)
		RebuildTransferFunctionScriptingTraits (0ms)
		AnalyzeDomain (66ms)
			TypeCache.Refresh (7ms)
				TypeCache.ScanAssembly (0ms)
			BuildScriptInfoCaches (56ms)
			ResolveRequiredComponents (1ms)
	FinalizeReload (484ms)
		ReleaseScriptCaches (0ms)
		RebuildScriptCaches (0ms)
		SetupLoadedEditorAssemblies (419ms)
			LogAssemblyErrors (0ms)
			InitializePlatformSupportModulesInManaged (1ms)
			SetLoadedEditorAssemblies (2ms)
			BeforeProcessingInitializeOnLoad (115ms)
			ProcessInitializeOnLoadAttributes (196ms)
			ProcessInitializeOnLoadMethodAttributes (105ms)
			AfterProcessingInitializeOnLoad (0ms)
			EditorAssembliesLoaded (0ms)
		ExecutionOrderSort2 (0ms)
		AwakeInstancesAfterBackupRestoration (1ms)
Refreshing native plugins compatible for Editor in 1.46 ms, found 2 plugins.
Preloading 1 native plugins for Editor in 1.17 ms.
Unloading 43 Unused Serialized files (Serialized files now loaded: 0)
Unloading 5193 unused Assets / (13.7 MB). Loaded Objects now: 6440.
Memory consumption went from 145.7 MB to 132.0 MB.
Total: 7.613041 ms (FindLiveObjects: 0.199833 ms CreateObjectMapping: 0.080000 ms MarkObjects: 6.131542 ms  DeleteObjects: 1.201458 ms)

Prepare: number of updated asset objects reloaded= 0
========================================================================
Received Prepare
Refreshing native plugins compatible for Editor in 1.27 ms, found 2 plugins.
Preloading 1 native plugins for Editor in 1.20 ms.
Unloading 43 Unused Serialized files (Serialized files now loaded: 0)
Unloading 5148 unused Assets / (13.8 MB). Loaded Objects now: 6440.
Memory consumption went from 133.2 MB to 119.3 MB.
Total: 7.749959 ms (FindLiveObjects: 0.207709 ms CreateObjectMapping: 0.080291 ms MarkObjects: 6.230042 ms  DeleteObjects: 1.231709 ms)

Prepare: number of updated asset objects reloaded= 0
========================================================================
Received Prepare
Begin MonoManager ReloadAssembly
Thread 0x16b737000 may have been prematurely finalized
Symbol file LoadedFromMemory is not a mono symbol file
Symbol file LoadedFromMemory is not a mono symbol file
- Loaded All Assemblies, in  0.336 seconds
Refreshing native plugins compatible for Editor in 1.19 ms, found 2 plugins.
Native extension for OSXStandalone target not found
Native extension for WebGL target not found
Refreshing native plugins compatible for Editor in 1.29 ms, found 2 plugins.
[Package Manager] Failed to launch server process. Reason: Unity was launched with the -noUpm command-line argument
[Package Manager] Unable to send message (not connected to server process).
[Package Manager] Cannot connect to Unity Package Manager local server
ScheduleIndexationOnStartup MainProcess:False IndexOnStartup:True
Mono: successfully reloaded assembly
- Finished resetting the current domain, in  0.507 seconds
Domain Reload Profiling: 845ms
	BeginReloadAssembly (74ms)
		ExecutionOrderSort (0ms)
		DisableScriptedObjects (3ms)
		BackupInstance (0ms)
		ReleaseScriptingObjects (0ms)
		CreateAndSetChildDomain (24ms)
	RebuildCommonClasses (16ms)
	RebuildNativeTypeToScriptingClass (6ms)
	initialDomainReloadingComplete (17ms)
	LoadAllAssembliesAndSetupDomain (225ms)
		LoadAssemblies (177ms)
		RebuildTransferFunctionScriptingTraits (0ms)
		AnalyzeDomain (69ms)
			TypeCache.Refresh (7ms)
				TypeCache.ScanAssembly (0ms)
			BuildScriptInfoCaches (59ms)
			ResolveRequiredComponents (1ms)
	FinalizeReload (508ms)
		ReleaseScriptCaches (0ms)
		RebuildScriptCaches (0ms)
		SetupLoadedEditorAssemblies (439ms)
			LogAssemblyErrors (0ms)
			InitializePlatformSupportModulesInManaged (1ms)
			SetLoadedEditorAssemblies (2ms)
			BeforeProcessingInitializeOnLoad (124ms)
			ProcessInitializeOnLoadAttributes (205ms)
			ProcessInitializeOnLoadMethodAttributes (107ms)
			AfterProcessingInitializeOnLoad (0ms)
			EditorAssembliesLoaded (0ms)
		ExecutionOrderSort2 (0ms)
		AwakeInstancesAfterBackupRestoration (1ms)
Refreshing native plugins compatible for Editor in 1.61 ms, found 2 plugins.
Preloading 1 native plugins for Editor in 1.20 ms.
Unloading 43 Unused Serialized files (Serialized files now loaded: 0)
Unloading 5193 unused Assets / (13.1 MB). Loaded Objects now: 6444.
Memory consumption went from 145.8 MB to 132.7 MB.
Total: 8.064167 ms (FindLiveObjects: 0.215667 ms CreateObjectMapping: 0.090000 ms MarkObjects: 6.521958 ms  DeleteObjects: 1.236167 ms)

Prepare: number of updated asset objects reloaded= 0
========================================================================
Received Prepare
Refreshing native plugins compatible for Editor in 1.31 ms, found 2 plugins.
Preloading 1 native plugins for Editor in 1.20 ms.
Unloading 43 Unused Serialized files (Serialized files now loaded: 0)
Unloading 5148 unused Assets / (14.1 MB). Loaded Objects now: 6444.
Memory consumption went from 133.2 MB to 119.1 MB.
Total: 7.908500 ms (FindLiveObjects: 0.211625 ms CreateObjectMapping: 0.079250 ms MarkObjects: 6.334375 ms  DeleteObjects: 1.283042 ms)

Prepare: number of updated asset objects reloaded= 0
========================================================================
Received Prepare
Begin MonoManager ReloadAssembly
[Licensing::Client] Successfully resolved entitlement details
[Licensing::Module] License group:
  Id: F4-85AS-8ZW6-XMRF-425Z-XXXX
  Product: Unity Personal
  Type: ULF
  Expiration: Unlimited
[Licensing::Module] License group:
  Id: 6872810951280-UnityPersXXXX
  Product: Unity Personal
  Type: Assigned
  Expiration: Unlimited
Thread 0x16b737000 may have been prematurely finalized
Symbol file LoadedFromMemory is not a mono symbol file
Symbol file LoadedFromMemory is not a mono symbol file
- Loaded All Assemblies, in  0.335 seconds
Refreshing native plugins compatible for Editor in 1.51 ms, found 2 plugins.
Native extension for OSXStandalone target not found
Native extension for WebGL target not found
Refreshing native plugins compatible for Editor in 1.29 ms, found 2 plugins.
[Package Manager] Failed to launch server process. Reason: Unity was launched with the -noUpm command-line argument
[Package Manager] Unable to send message (not connected to server process).
[Package Manager] Cannot connect to Unity Package Manager local server
ScheduleIndexationOnStartup MainProcess:False IndexOnStartup:True
Mono: successfully reloaded assembly
- Finished resetting the current domain, in  0.499 seconds
Domain Reload Profiling: 835ms
	BeginReloadAssembly (75ms)
		ExecutionOrderSort (0ms)
		DisableScriptedObjects (3ms)
		BackupInstance (0ms)
		ReleaseScriptingObjects (0ms)
		CreateAndSetChildDomain (23ms)
	RebuildCommonClasses (16ms)
	RebuildNativeTypeToScriptingClass (6ms)
	initialDomainReloadingComplete (16ms)
	LoadAllAssembliesAndSetupDomain (223ms)
		LoadAssemblies (179ms)
		RebuildTransferFunctionScriptingTraits (0ms)
		AnalyzeDomain (67ms)
			TypeCache.Refresh (7ms)
				TypeCache.ScanAssembly (0ms)
			BuildScriptInfoCaches (57ms)
			ResolveRequiredComponents (1ms)
	FinalizeReload (499ms)
		ReleaseScriptCaches (0ms)
		RebuildScriptCaches (0ms)
		SetupLoadedEditorAssemblies (432ms)
			LogAssemblyErrors (0ms)
			InitializePlatformSupportModulesInManaged (1ms)
			SetLoadedEditorAssemblies (2ms)
			BeforeProcessingInitializeOnLoad (121ms)
			ProcessInitializeOnLoadAttributes (202ms)
			ProcessInitializeOnLoadMethodAttributes (105ms)
			AfterProcessingInitializeOnLoad (1ms)
			EditorAssembliesLoaded (0ms)
		ExecutionOrderSort2 (0ms)
		AwakeInstancesAfterBackupRestoration (1ms)
Refreshing native plugins compatible for Editor in 1.52 ms, found 2 plugins.
Preloading 1 native plugins for Editor in 1.22 ms.
Unloading 43 Unused Serialized files (Serialized files now loaded: 0)
Unloading 5193 unused Assets / (13.7 MB). Loaded Objects now: 6448.
Memory consumption went from 145.8 MB to 132.1 MB.
Total: 7.736292 ms (FindLiveObjects: 0.210875 ms CreateObjectMapping: 0.079708 ms MarkObjects: 6.261458 ms  DeleteObjects: 1.184000 ms)

Prepare: number of updated asset objects reloaded= 0
========================================================================
Received Prepare
Refreshing native plugins compatible for Editor in 1.55 ms, found 2 plugins.
Preloading 1 native plugins for Editor in 1.21 ms.
Unloading 43 Unused Serialized files (Serialized files now loaded: 0)
Unloading 5148 unused Assets / (13.2 MB). Loaded Objects now: 6448.
Memory consumption went from 133.2 MB to 120.1 MB.
Total: 7.912167 ms (FindLiveObjects: 0.209459 ms CreateObjectMapping: 0.086584 ms MarkObjects: 6.399291 ms  DeleteObjects: 1.216709 ms)

Prepare: number of updated asset objects reloaded= 0
========================================================================
Received Prepare
Begin MonoManager ReloadAssembly
Thread 0x16b737000 may have been prematurely finalized
Symbol file LoadedFromMemory is not a mono symbol file
Symbol file LoadedFromMemory is not a mono symbol file
- Loaded All Assemblies, in  0.316 seconds
Refreshing native plugins compatible for Editor in 1.36 ms, found 2 plugins.
Native extension for OSXStandalone target not found
Native extension for WebGL target not found
Refreshing native plugins compatible for Editor in 1.06 ms, found 2 plugins.
[Package Manager] Failed to launch server process. Reason: Unity was launched with the -noUpm command-line argument
[Package Manager] Unable to send message (not connected to server process).
[Package Manager] Cannot connect to Unity Package Manager local server
ScheduleIndexationOnStartup MainProcess:False IndexOnStartup:True
Mono: successfully reloaded assembly
- Finished resetting the current domain, in  0.498 seconds
Domain Reload Profiling: 816ms
	BeginReloadAssembly (73ms)
		ExecutionOrderSort (0ms)
		DisableScriptedObjects (3ms)
		BackupInstance (0ms)
		ReleaseScriptingObjects (0ms)
		CreateAndSetChildDomain (22ms)
	RebuildCommonClasses (16ms)
	RebuildNativeTypeToScriptingClass (6ms)
	initialDomainReloadingComplete (16ms)
	LoadAllAssembliesAndSetupDomain (206ms)
		LoadAssemblies (163ms)
		RebuildTransferFunctionScriptingTraits (0ms)
		AnalyzeDomain (66ms)
			TypeCache.Refresh (6ms)
				TypeCache.ScanAssembly (0ms)
			BuildScriptInfoCaches (57ms)
			ResolveRequiredComponents (1ms)
	FinalizeReload (498ms)
		ReleaseScriptCaches (0ms)
		RebuildScriptCaches (0ms)
		SetupLoadedEditorAssemblies (433ms)
			LogAssemblyErrors (0ms)
			InitializePlatformSupportModulesInManaged (1ms)
			SetLoadedEditorAssemblies (2ms)
			BeforeProcessingInitializeOnLoad (120ms)
			ProcessInitializeOnLoadAttributes (203ms)
			ProcessInitializeOnLoadMethodAttributes (107ms)
			AfterProcessingInitializeOnLoad (0ms)
			EditorAssembliesLoaded (0ms)
		ExecutionOrderSort2 (0ms)
		AwakeInstancesAfterBackupRestoration (1ms)
Refreshing native plugins compatible for Editor in 1.56 ms, found 2 plugins.
Preloading 1 native plugins for Editor in 1.23 ms.
Unloading 43 Unused Serialized files (Serialized files now loaded: 0)
Unloading 5193 unused Assets / (13.8 MB). Loaded Objects now: 6452.
Memory consumption went from 145.8 MB to 132.0 MB.
Total: 7.725584 ms (FindLiveObjects: 0.208583 ms CreateObjectMapping: 0.076167 ms MarkObjects: 6.210416 ms  DeleteObjects: 1.230042 ms)

Prepare: number of updated asset objects reloaded= 0
========================================================================
Received Prepare
Refreshing native plugins compatible for Editor in 1.50 ms, found 2 plugins.
Preloading 1 native plugins for Editor in 1.19 ms.
Unloading 43 Unused Serialized files (Serialized files now loaded: 0)
Unloading 5148 unused Assets / (14.3 MB). Loaded Objects now: 6452.
Memory consumption went from 133.2 MB to 118.9 MB.
Total: 7.761792 ms (FindLiveObjects: 0.221583 ms CreateObjectMapping: 0.080542 ms MarkObjects: 6.162083 ms  DeleteObjects: 1.297250 ms)

Prepare: number of updated asset objects reloaded= 0
========================================================================
Received Prepare
Begin MonoManager ReloadAssembly
Thread 0x16b737000 may have been prematurely finalized
Symbol file LoadedFromMemory is not a mono symbol file
Symbol file LoadedFromMemory is not a mono symbol file
- Loaded All Assemblies, in  0.316 seconds
Refreshing native plugins compatible for Editor in 1.18 ms, found 2 plugins.
Native extension for OSXStandalone target not found
Native extension for WebGL target not found
Refreshing native plugins compatible for Editor in 1.23 ms, found 2 plugins.
[Package Manager] Failed to launch server process. Reason: Unity was launched with the -noUpm command-line argument
[Package Manager] Unable to send message (not connected to server process).
[Package Manager] Cannot connect to Unity Package Manager local server
ScheduleIndexationOnStartup MainProcess:False IndexOnStartup:True
Mono: successfully reloaded assembly
- Finished resetting the current domain, in  0.488 seconds
Domain Reload Profiling: 806ms
	BeginReloadAssembly (74ms)
		ExecutionOrderSort (0ms)
		DisableScriptedObjects (3ms)
		BackupInstance (0ms)
		ReleaseScriptingObjects (0ms)
		CreateAndSetChildDomain (23ms)
	RebuildCommonClasses (16ms)
	RebuildNativeTypeToScriptingClass (6ms)
	initialDomainReloadingComplete (17ms)
	LoadAllAssembliesAndSetupDomain (205ms)
		LoadAssemblies (162ms)
		RebuildTransferFunctionScriptingTraits (0ms)
		AnalyzeDomain (65ms)
			TypeCache.Refresh (6ms)
				TypeCache.ScanAssembly (0ms)
			BuildScriptInfoCaches (56ms)
			ResolveRequiredComponents (1ms)
	FinalizeReload (488ms)
		ReleaseScriptCaches (0ms)
		RebuildScriptCaches (0ms)
		SetupLoadedEditorAssemblies (423ms)
			LogAssemblyErrors (0ms)
			InitializePlatformSupportModulesInManaged (1ms)
			SetLoadedEditorAssemblies (2ms)
			BeforeProcessingInitializeOnLoad (120ms)
			ProcessInitializeOnLoadAttributes (195ms)
			ProcessInitializeOnLoadMethodAttributes (105ms)
			AfterProcessingInitializeOnLoad (1ms)
			EditorAssembliesLoaded (0ms)
		ExecutionOrderSort2 (0ms)
		AwakeInstancesAfterBackupRestoration (1ms)
Refreshing native plugins compatible for Editor in 1.34 ms, found 2 plugins.
Preloading 1 native plugins for Editor in 1.26 ms.
Unloading 43 Unused Serialized files (Serialized files now loaded: 0)
Unloading 5193 unused Assets / (13.6 MB). Loaded Objects now: 6456.
Memory consumption went from 145.8 MB to 132.2 MB.
Total: 7.561625 ms (FindLiveObjects: 0.212708 ms CreateObjectMapping: 0.076542 ms MarkObjects: 6.117958 ms  DeleteObjects: 1.154292 ms)

Prepare: number of updated asset objects reloaded= 0
========================================================================
Received Prepare
Refreshing native plugins compatible for Editor in 1.48 ms, found 2 plugins.
Preloading 1 native plugins for Editor in 1.17 ms.
Unloading 43 Unused Serialized files (Serialized files now loaded: 0)
Unloading 5148 unused Assets / (12.6 MB). Loaded Objects now: 6456.
Memory consumption went from 133.2 MB to 120.7 MB.
Total: 7.909083 ms (FindLiveObjects: 0.212666 ms CreateObjectMapping: 0.080292 ms MarkObjects: 6.402708 ms  DeleteObjects: 1.213167 ms)

Prepare: number of updated asset objects reloaded= 0
========================================================================
Received Prepare
Begin MonoManager ReloadAssembly
Thread 0x16b737000 may have been prematurely finalized
Symbol file LoadedFromMemory is not a mono symbol file
Symbol file LoadedFromMemory is not a mono symbol file
- Loaded All Assemblies, in  0.324 seconds
Refreshing native plugins compatible for Editor in 1.28 ms, found 2 plugins.
Native extension for OSXStandalone target not found
Native extension for WebGL target not found
Refreshing native plugins compatible for Editor in 1.37 ms, found 2 plugins.
[Package Manager] Failed to launch server process. Reason: Unity was launched with the -noUpm command-line argument
[Package Manager] Unable to send message (not connected to server process).
[Package Manager] Cannot connect to Unity Package Manager local server
ScheduleIndexationOnStartup MainProcess:False IndexOnStartup:True
Mono: successfully reloaded assembly
- Finished resetting the current domain, in  0.521 seconds
Domain Reload Profiling: 846ms
	BeginReloadAssembly (73ms)
		ExecutionOrderSort (0ms)
		DisableScriptedObjects (3ms)
		BackupInstance (0ms)
		ReleaseScriptingObjects (0ms)
		CreateAndSetChildDomain (23ms)
	RebuildCommonClasses (15ms)
	RebuildNativeTypeToScriptingClass (6ms)
	initialDomainReloadingComplete (17ms)
	LoadAllAssembliesAndSetupDomain (213ms)
		LoadAssemblies (168ms)
		RebuildTransferFunctionScriptingTraits (0ms)
		AnalyzeDomain (67ms)
			TypeCache.Refresh (6ms)
				TypeCache.ScanAssembly (0ms)
			BuildScriptInfoCaches (58ms)
			ResolveRequiredComponents (1ms)
	FinalizeReload (521ms)
		ReleaseScriptCaches (0ms)
		RebuildScriptCaches (0ms)
		SetupLoadedEditorAssemblies (452ms)
			LogAssemblyErrors (0ms)
			InitializePlatformSupportModulesInManaged (1ms)
			SetLoadedEditorAssemblies (2ms)
			BeforeProcessingInitializeOnLoad (130ms)
			ProcessInitializeOnLoadAttributes (210ms)
			ProcessInitializeOnLoadMethodAttributes (108ms)
			AfterProcessingInitializeOnLoad (0ms)
			EditorAssembliesLoaded (0ms)
		ExecutionOrderSort2 (0ms)
		AwakeInstancesAfterBackupRestoration (1ms)
Refreshing native plugins compatible for Editor in 1.57 ms, found 2 plugins.
Preloading 1 native plugins for Editor in 1.25 ms.
Unloading 43 Unused Serialized files (Serialized files now loaded: 0)
Unloading 5193 unused Assets / (13.8 MB). Loaded Objects now: 6460.
Memory consumption went from 145.8 MB to 132.0 MB.
Total: 7.712292 ms (FindLiveObjects: 0.214250 ms CreateObjectMapping: 0.074500 ms MarkObjects: 6.178708 ms  DeleteObjects: 1.244625 ms)

Prepare: number of updated asset objects reloaded= 0
========================================================================
Received Prepare
Refreshing native plugins compatible for Editor in 1.26 ms, found 2 plugins.
Preloading 1 native plugins for Editor in 1.19 ms.
Unloading 43 Unused Serialized files (Serialized files now loaded: 0)
Unloading 5148 unused Assets / (13.7 MB). Loaded Objects now: 6460.
Memory consumption went from 133.3 MB to 119.6 MB.
Total: 7.748709 ms (FindLiveObjects: 0.208833 ms CreateObjectMapping: 0.081792 ms MarkObjects: 6.307750 ms  DeleteObjects: 1.150125 ms)

Prepare: number of updated asset objects reloaded= 0
========================================================================
Received Prepare
Begin MonoManager ReloadAssembly
Thread 0x16b737000 may have been prematurely finalized
Symbol file LoadedFromMemory is not a mono symbol file
Symbol file LoadedFromMemory is not a mono symbol file
- Loaded All Assemblies, in  0.320 seconds
Refreshing native plugins compatible for Editor in 1.23 ms, found 2 plugins.
Native extension for OSXStandalone target not found
Native extension for WebGL target not found
Refreshing native plugins compatible for Editor in 1.22 ms, found 2 plugins.
[Package Manager] Failed to launch server process. Reason: Unity was launched with the -noUpm command-line argument
[Package Manager] Unable to send message (not connected to server process).
[Package Manager] Cannot connect to Unity Package Manager local server
ScheduleIndexationOnStartup MainProcess:False IndexOnStartup:True
Mono: successfully reloaded assembly
- Finished resetting the current domain, in  0.501 seconds
Domain Reload Profiling: 822ms
	BeginReloadAssembly (75ms)
		ExecutionOrderSort (0ms)
		DisableScriptedObjects (3ms)
		BackupInstance (0ms)
		ReleaseScriptingObjects (0ms)
		CreateAndSetChildDomain (23ms)
	RebuildCommonClasses (16ms)
	RebuildNativeTypeToScriptingClass (6ms)
	initialDomainReloadingComplete (17ms)
	LoadAllAssembliesAndSetupDomain (207ms)
		LoadAssemblies (164ms)
		RebuildTransferFunctionScriptingTraits (0ms)
		AnalyzeDomain (66ms)
			TypeCache.Refresh (5ms)
				TypeCache.ScanAssembly (0ms)
			BuildScriptInfoCaches (57ms)
			ResolveRequiredComponents (1ms)
	FinalizeReload (501ms)
		ReleaseScriptCaches (0ms)
		RebuildScriptCaches (0ms)
		SetupLoadedEditorAssemblies (433ms)
			LogAssemblyErrors (0ms)
			InitializePlatformSupportModulesInManaged (1ms)
			SetLoadedEditorAssemblies (2ms)
			BeforeProcessingInitializeOnLoad (121ms)
			ProcessInitializeOnLoadAttributes (203ms)
			ProcessInitializeOnLoadMethodAttributes (106ms)
			AfterProcessingInitializeOnLoad (0ms)
			EditorAssembliesLoaded (0ms)
		ExecutionOrderSort2 (0ms)
		AwakeInstancesAfterBackupRestoration (1ms)
Refreshing native plugins compatible for Editor in 1.56 ms, found 2 plugins.
Preloading 1 native plugins for Editor in 1.25 ms.
Unloading 43 Unused Serialized files (Serialized files now loaded: 0)
Unloading 5193 unused Assets / (14.3 MB). Loaded Objects now: 6464.
Memory consumption went from 145.8 MB to 131.5 MB.
Total: 7.751958 ms (FindLiveObjects: 0.203167 ms CreateObjectMapping: 0.083291 ms MarkObjects: 6.090500 ms  DeleteObjects: 1.374875 ms)

Prepare: number of updated asset objects reloaded= 0
========================================================================
Received Prepare
Refreshing native plugins compatible for Editor in 1.52 ms, found 2 plugins.
Preloading 1 native plugins for Editor in 1.21 ms.
Unloading 43 Unused Serialized files (Serialized files now loaded: 0)
Unloading 5148 unused Assets / (13.7 MB). Loaded Objects now: 6464.
Memory consumption went from 133.3 MB to 119.5 MB.
Total: 8.000084 ms (FindLiveObjects: 0.231750 ms CreateObjectMapping: 0.083166 ms MarkObjects: 6.399042 ms  DeleteObjects: 1.286042 ms)

Prepare: number of updated asset objects reloaded= 0
========================================================================
Received Prepare
Begin MonoManager ReloadAssembly
Thread 0x16b737000 may have been prematurely finalized
Symbol file LoadedFromMemory is not a mono symbol file
Symbol file LoadedFromMemory is not a mono symbol file
- Loaded All Assemblies, in  0.322 seconds
Refreshing native plugins compatible for Editor in 1.15 ms, found 2 plugins.
Native extension for OSXStandalone target not found
Native extension for WebGL target not found
Refreshing native plugins compatible for Editor in 1.20 ms, found 2 plugins.
[Package Manager] Failed to launch server process. Reason: Unity was launched with the -noUpm command-line argument
[Package Manager] Unable to send message (not connected to server process).
[Package Manager] Cannot connect to Unity Package Manager local server
ScheduleIndexationOnStartup MainProcess:False IndexOnStartup:True
Mono: successfully reloaded assembly
- Finished resetting the current domain, in  0.506 seconds
Domain Reload Profiling: 829ms
	BeginReloadAssembly (73ms)
		ExecutionOrderSort (0ms)
		DisableScriptedObjects (3ms)
		BackupInstance (0ms)
		ReleaseScriptingObjects (0ms)
		CreateAndSetChildDomain (24ms)
	RebuildCommonClasses (16ms)
	RebuildNativeTypeToScriptingClass (6ms)
	initialDomainReloadingComplete (17ms)
	LoadAllAssembliesAndSetupDomain (211ms)
		LoadAssemblies (166ms)
		RebuildTransferFunctionScriptingTraits (0ms)
		AnalyzeDomain (66ms)
			TypeCache.Refresh (6ms)
				TypeCache.ScanAssembly (0ms)
			BuildScriptInfoCaches (57ms)
			ResolveRequiredComponents (1ms)
	FinalizeReload (506ms)
		ReleaseScriptCaches (0ms)
		RebuildScriptCaches (0ms)
		SetupLoadedEditorAssemblies (439ms)
			LogAssemblyErrors (0ms)
			InitializePlatformSupportModulesInManaged (1ms)
			SetLoadedEditorAssemblies (2ms)
			BeforeProcessingInitializeOnLoad (121ms)
			ProcessInitializeOnLoadAttributes (208ms)
			ProcessInitializeOnLoadMethodAttributes (106ms)
			AfterProcessingInitializeOnLoad (1ms)
			EditorAssembliesLoaded (0ms)
		ExecutionOrderSort2 (0ms)
		AwakeInstancesAfterBackupRestoration (1ms)
Refreshing native plugins compatible for Editor in 1.21 ms, found 2 plugins.
Preloading 1 native plugins for Editor in 1.22 ms.
Unloading 43 Unused Serialized files (Serialized files now loaded: 0)
Unloading 5193 unused Assets / (14.3 MB). Loaded Objects now: 6468.
Memory consumption went from 145.8 MB to 131.5 MB.
Total: 7.843750 ms (FindLiveObjects: 0.193083 ms CreateObjectMapping: 0.084000 ms MarkObjects: 6.346500 ms  DeleteObjects: 1.220000 ms)

Prepare: number of updated asset objects reloaded= 0
========================================================================
Received Prepare
Refreshing native plugins compatible for Editor in 1.48 ms, found 2 plugins.
Preloading 1 native plugins for Editor in 1.15 ms.
Unloading 43 Unused Serialized files (Serialized files now loaded: 0)
Unloading 5148 unused Assets / (13.7 MB). Loaded Objects now: 6468.
Memory consumption went from 133.3 MB to 119.6 MB.
Total: 7.732917 ms (FindLiveObjects: 0.210875 ms CreateObjectMapping: 0.078208 ms MarkObjects: 6.275625 ms  DeleteObjects: 1.168042 ms)

Prepare: number of updated asset objects reloaded= 0
========================================================================
Received Prepare
Begin MonoManager ReloadAssembly
Thread 0x16b737000 may have been prematurely finalized
Symbol file LoadedFromMemory is not a mono symbol file
Symbol file LoadedFromMemory is not a mono symbol file
- Loaded All Assemblies, in  0.322 seconds
Refreshing native plugins compatible for Editor in 1.55 ms, found 2 plugins.
Native extension for OSXStandalone target not found
Native extension for WebGL target not found
Refreshing native plugins compatible for Editor in 1.33 ms, found 2 plugins.
[Package Manager] Failed to launch server process. Reason: Unity was launched with the -noUpm command-line argument
[Package Manager] Unable to send message (not connected to server process).
[Package Manager] Cannot connect to Unity Package Manager local server
ScheduleIndexationOnStartup MainProcess:False IndexOnStartup:True
Mono: successfully reloaded assembly
- Finished resetting the current domain, in  0.502 seconds
Domain Reload Profiling: 825ms
	BeginReloadAssembly (74ms)
		ExecutionOrderSort (0ms)
		DisableScriptedObjects (3ms)
		BackupInstance (0ms)
		ReleaseScriptingObjects (0ms)
		CreateAndSetChildDomain (23ms)
	RebuildCommonClasses (16ms)
	RebuildNativeTypeToScriptingClass (6ms)
	initialDomainReloadingComplete (18ms)
	LoadAllAssembliesAndSetupDomain (209ms)
		LoadAssemblies (167ms)
		RebuildTransferFunctionScriptingTraits (0ms)
		AnalyzeDomain (65ms)
			TypeCache.Refresh (6ms)
				TypeCache.ScanAssembly (0ms)
			BuildScriptInfoCaches (57ms)
			ResolveRequiredComponents (1ms)
	FinalizeReload (502ms)
		ReleaseScriptCaches (0ms)
		RebuildScriptCaches (0ms)
		SetupLoadedEditorAssemblies (435ms)
			LogAssemblyErrors (0ms)
			InitializePlatformSupportModulesInManaged (1ms)
			SetLoadedEditorAssemblies (2ms)
			BeforeProcessingInitializeOnLoad (122ms)
			ProcessInitializeOnLoadAttributes (201ms)
			ProcessInitializeOnLoadMethodAttributes (109ms)
			AfterProcessingInitializeOnLoad (1ms)
			EditorAssembliesLoaded (0ms)
		ExecutionOrderSort2 (0ms)
		AwakeInstancesAfterBackupRestoration (1ms)
Refreshing native plugins compatible for Editor in 1.62 ms, found 2 plugins.
Preloading 1 native plugins for Editor in 1.24 ms.
Unloading 43 Unused Serialized files (Serialized files now loaded: 0)
Unloading 5193 unused Assets / (13.7 MB). Loaded Objects now: 6472.
Memory consumption went from 145.8 MB to 132.1 MB.
Total: 7.733042 ms (FindLiveObjects: 0.201541 ms CreateObjectMapping: 0.079542 ms MarkObjects: 6.258250 ms  DeleteObjects: 1.193375 ms)

Prepare: number of updated asset objects reloaded= 0
========================================================================
Received Prepare
Refreshing native plugins compatible for Editor in 1.29 ms, found 2 plugins.
Preloading 1 native plugins for Editor in 1.21 ms.
Unloading 43 Unused Serialized files (Serialized files now loaded: 0)
Unloading 5148 unused Assets / (13.7 MB). Loaded Objects now: 6472.
Memory consumption went from 133.3 MB to 119.6 MB.
Total: 7.633667 ms (FindLiveObjects: 0.208750 ms CreateObjectMapping: 0.074584 ms MarkObjects: 6.187125 ms  DeleteObjects: 1.162917 ms)

Prepare: number of updated asset objects reloaded= 0
========================================================================
Received Prepare
Begin MonoManager ReloadAssembly
[Licensing::Client] Successfully resolved entitlement details
[Licensing::Module] License group:
  Id: F4-85AS-8ZW6-XMRF-425Z-XXXX
  Product: Unity Personal
  Type: ULF
  Expiration: Unlimited
[Licensing::Module] License group:
  Id: 6872810951280-UnityPersXXXX
  Product: Unity Personal
  Type: Assigned
  Expiration: Unlimited
Thread 0x16b737000 may have been prematurely finalized
Symbol file LoadedFromMemory is not a mono symbol file
Symbol file LoadedFromMemory is not a mono symbol file
- Loaded All Assemblies, in  0.330 seconds
Refreshing native plugins compatible for Editor in 1.51 ms, found 2 plugins.
Native extension for OSXStandalone target not found
Native extension for WebGL target not found
Refreshing native plugins compatible for Editor in 1.17 ms, found 2 plugins.
[Package Manager] Failed to launch server process. Reason: Unity was launched with the -noUpm command-line argument
[Package Manager] Unable to send message (not connected to server process).
[Package Manager] Cannot connect to Unity Package Manager local server
ScheduleIndexationOnStartup MainProcess:False IndexOnStartup:True
Mono: successfully reloaded assembly
- Finished resetting the current domain, in  0.507 seconds
Domain Reload Profiling: 839ms
	BeginReloadAssembly (75ms)
		ExecutionOrderSort (0ms)
		DisableScriptedObjects (3ms)
		BackupInstance (0ms)
		ReleaseScriptingObjects (0ms)
		CreateAndSetChildDomain (23ms)
	RebuildCommonClasses (16ms)
	RebuildNativeTypeToScriptingClass (6ms)
	initialDomainReloadingComplete (17ms)
	LoadAllAssembliesAndSetupDomain (217ms)
		LoadAssemblies (168ms)
		RebuildTransferFunctionScriptingTraits (0ms)
		AnalyzeDomain (72ms)
			TypeCache.Refresh (7ms)
				TypeCache.ScanAssembly (0ms)
			BuildScriptInfoCaches (62ms)
			ResolveRequiredComponents (1ms)
	FinalizeReload (507ms)
		ReleaseScriptCaches (0ms)
		RebuildScriptCaches (0ms)
		SetupLoadedEditorAssemblies (438ms)
			LogAssemblyErrors (0ms)
			InitializePlatformSupportModulesInManaged (1ms)
			SetLoadedEditorAssemblies (2ms)
			BeforeProcessingInitializeOnLoad (125ms)
			ProcessInitializeOnLoadAttributes (203ms)
			ProcessInitializeOnLoadMethodAttributes (106ms)
			AfterProcessingInitializeOnLoad (1ms)
			EditorAssembliesLoaded (0ms)
		ExecutionOrderSort2 (0ms)
		AwakeInstancesAfterBackupRestoration (1ms)
Refreshing native plugins compatible for Editor in 1.28 ms, found 2 plugins.
Preloading 1 native plugins for Editor in 1.27 ms.
Unloading 43 Unused Serialized files (Serialized files now loaded: 0)
Unloading 5193 unused Assets / (13.4 MB). Loaded Objects now: 6476.
Memory consumption went from 145.8 MB to 132.5 MB.
Total: 7.815500 ms (FindLiveObjects: 0.199625 ms CreateObjectMapping: 0.082625 ms MarkObjects: 6.336083 ms  DeleteObjects: 1.196916 ms)

Prepare: number of updated asset objects reloaded= 0
========================================================================
Received Prepare
Refreshing native plugins compatible for Editor in 1.32 ms, found 2 plugins.
Preloading 1 native plugins for Editor in 1.23 ms.
Unloading 43 Unused Serialized files (Serialized files now loaded: 0)
Unloading 5148 unused Assets / (13.6 MB). Loaded Objects now: 6476.
Memory consumption went from 133.3 MB to 119.7 MB.
Total: 8.291208 ms (FindLiveObjects: 0.208917 ms CreateObjectMapping: 0.087000 ms MarkObjects: 6.730458 ms  DeleteObjects: 1.264667 ms)

Prepare: number of updated asset objects reloaded= 0
========================================================================
Received Prepare
Begin MonoManager ReloadAssembly
Thread 0x16b737000 may have been prematurely finalized
Symbol file LoadedFromMemory is not a mono symbol file
Symbol file LoadedFromMemory is not a mono symbol file
- Loaded All Assemblies, in  0.328 seconds
Refreshing native plugins compatible for Editor in 1.12 ms, found 2 plugins.
Native extension for OSXStandalone target not found
Native extension for WebGL target not found
Refreshing native plugins compatible for Editor in 1.13 ms, found 2 plugins.
[Package Manager] Failed to launch server process. Reason: Unity was launched with the -noUpm command-line argument
[Package Manager] Unable to send message (not connected to server process).
[Package Manager] Cannot connect to Unity Package Manager local server
ScheduleIndexationOnStartup MainProcess:False IndexOnStartup:True
Mono: successfully reloaded assembly
- Finished resetting the current domain, in  0.510 seconds
Domain Reload Profiling: 839ms
	BeginReloadAssembly (72ms)
		ExecutionOrderSort (0ms)
		DisableScriptedObjects (3ms)
		BackupInstance (0ms)
		ReleaseScriptingObjects (0ms)
		CreateAndSetChildDomain (22ms)
	RebuildCommonClasses (15ms)
	RebuildNativeTypeToScriptingClass (6ms)
	initialDomainReloadingComplete (18ms)
	LoadAllAssembliesAndSetupDomain (217ms)
		LoadAssemblies (164ms)
		RebuildTransferFunctionScriptingTraits (0ms)
		AnalyzeDomain (75ms)
			TypeCache.Refresh (9ms)
				TypeCache.ScanAssembly (0ms)
			BuildScriptInfoCaches (63ms)
			ResolveRequiredComponents (1ms)
	FinalizeReload (510ms)
		ReleaseScriptCaches (0ms)
		RebuildScriptCaches (0ms)
		SetupLoadedEditorAssemblies (440ms)
			LogAssemblyErrors (0ms)
			InitializePlatformSupportModulesInManaged (1ms)
			SetLoadedEditorAssemblies (2ms)
			BeforeProcessingInitializeOnLoad (125ms)
			ProcessInitializeOnLoadAttributes (202ms)
			ProcessInitializeOnLoadMethodAttributes (110ms)
			AfterProcessingInitializeOnLoad (0ms)
			EditorAssembliesLoaded (0ms)
		ExecutionOrderSort2 (0ms)
		AwakeInstancesAfterBackupRestoration (1ms)
Refreshing native plugins compatible for Editor in 1.31 ms, found 2 plugins.
Preloading 1 native plugins for Editor in 1.25 ms.
Unloading 43 Unused Serialized files (Serialized files now loaded: 0)
Unloading 5193 unused Assets / (12.9 MB). Loaded Objects now: 6480.
Memory consumption went from 145.8 MB to 132.9 MB.
Total: 8.140208 ms (FindLiveObjects: 0.214209 ms CreateObjectMapping: 0.085084 ms MarkObjects: 6.662375 ms  DeleteObjects: 1.178291 ms)

Prepare: number of updated asset objects reloaded= 0
========================================================================
Received Prepare
Refreshing native plugins compatible for Editor in 1.24 ms, found 2 plugins.
Preloading 1 native plugins for Editor in 1.24 ms.
Unloading 43 Unused Serialized files (Serialized files now loaded: 0)
Unloading 5148 unused Assets / (13.7 MB). Loaded Objects now: 6480.
Memory consumption went from 133.3 MB to 119.6 MB.
Total: 8.077416 ms (FindLiveObjects: 0.202000 ms CreateObjectMapping: 0.084083 ms MarkObjects: 6.608042 ms  DeleteObjects: 1.183083 ms)

Prepare: number of updated asset objects reloaded= 0
========================================================================
Received Prepare
Begin MonoManager ReloadAssembly
Thread 0x16b737000 may have been prematurely finalized
Symbol file LoadedFromMemory is not a mono symbol file
Symbol file LoadedFromMemory is not a mono symbol file
- Loaded All Assemblies, in  0.326 seconds
Refreshing native plugins compatible for Editor in 1.54 ms, found 2 plugins.
Native extension for OSXStandalone target not found
Native extension for WebGL target not found
Refreshing native plugins compatible for Editor in 1.23 ms, found 2 plugins.
[Package Manager] Failed to launch server process. Reason: Unity was launched with the -noUpm command-line argument
[Package Manager] Unable to send message (not connected to server process).
[Package Manager] Cannot connect to Unity Package Manager local server
ScheduleIndexationOnStartup MainProcess:False IndexOnStartup:True
Mono: successfully reloaded assembly
- Finished resetting the current domain, in  0.514 seconds
Domain Reload Profiling: 841ms
	BeginReloadAssembly (74ms)
		ExecutionOrderSort (0ms)
		DisableScriptedObjects (3ms)
		BackupInstance (0ms)
		ReleaseScriptingObjects (0ms)
		CreateAndSetChildDomain (23ms)
	RebuildCommonClasses (15ms)
	RebuildNativeTypeToScriptingClass (6ms)
	initialDomainReloadingComplete (18ms)
	LoadAllAssembliesAndSetupDomain (214ms)
		LoadAssemblies (170ms)
		RebuildTransferFunctionScriptingTraits (0ms)
		AnalyzeDomain (66ms)
			TypeCache.Refresh (6ms)
				TypeCache.ScanAssembly (0ms)
			BuildScriptInfoCaches (57ms)
			ResolveRequiredComponents (1ms)
	FinalizeReload (514ms)
		ReleaseScriptCaches (0ms)
		RebuildScriptCaches (0ms)
		SetupLoadedEditorAssemblies (446ms)
			LogAssemblyErrors (0ms)
			InitializePlatformSupportModulesInManaged (1ms)
			SetLoadedEditorAssemblies (2ms)
			BeforeProcessingInitializeOnLoad (139ms)
			ProcessInitializeOnLoadAttributes (198ms)
			ProcessInitializeOnLoadMethodAttributes (107ms)
			AfterProcessingInitializeOnLoad (1ms)
			EditorAssembliesLoaded (0ms)
		ExecutionOrderSort2 (0ms)
		AwakeInstancesAfterBackupRestoration (1ms)
Refreshing native plugins compatible for Editor in 1.20 ms, found 2 plugins.
Preloading 1 native plugins for Editor in 1.23 ms.
Unloading 43 Unused Serialized files (Serialized files now loaded: 0)
Unloading 5193 unused Assets / (13.6 MB). Loaded Objects now: 6484.
Memory consumption went from 145.9 MB to 132.2 MB.
Total: 7.626583 ms (FindLiveObjects: 0.186042 ms CreateObjectMapping: 0.086042 ms MarkObjects: 6.256667 ms  DeleteObjects: 1.097500 ms)

Prepare: number of updated asset objects reloaded= 0
========================================================================
Received Prepare
Refreshing native plugins compatible for Editor in 1.55 ms, found 2 plugins.
Preloading 1 native plugins for Editor in 1.22 ms.
Unloading 43 Unused Serialized files (Serialized files now loaded: 0)
Unloading 5148 unused Assets / (13.6 MB). Loaded Objects now: 6484.
Memory consumption went from 133.3 MB to 119.7 MB.
Total: 7.783542 ms (FindLiveObjects: 0.210208 ms CreateObjectMapping: 0.078875 ms MarkObjects: 6.296125 ms  DeleteObjects: 1.198250 ms)

Prepare: number of updated asset objects reloaded= 0
========================================================================
Received Prepare
Begin MonoManager ReloadAssembly
Thread 0x16b737000 may have been prematurely finalized
Symbol file LoadedFromMemory is not a mono symbol file
Symbol file LoadedFromMemory is not a mono symbol file
- Loaded All Assemblies, in  0.321 seconds
Refreshing native plugins compatible for Editor in 1.33 ms, found 2 plugins.
Native extension for OSXStandalone target not found
Native extension for WebGL target not found
Refreshing native plugins compatible for Editor in 1.23 ms, found 2 plugins.
[Package Manager] Failed to launch server process. Reason: Unity was launched with the -noUpm command-line argument
[Package Manager] Unable to send message (not connected to server process).
[Package Manager] Cannot connect to Unity Package Manager local server
ScheduleIndexationOnStartup MainProcess:False IndexOnStartup:True
Mono: successfully reloaded assembly
- Finished resetting the current domain, in  0.513 seconds
Domain Reload Profiling: 835ms
	BeginReloadAssembly (72ms)
		ExecutionOrderSort (0ms)
		DisableScriptedObjects (3ms)
		BackupInstance (0ms)
		ReleaseScriptingObjects (0ms)
		CreateAndSetChildDomain (23ms)
	RebuildCommonClasses (16ms)
	RebuildNativeTypeToScriptingClass (6ms)
	initialDomainReloadingComplete (18ms)
	LoadAllAssembliesAndSetupDomain (211ms)
		LoadAssemblies (168ms)
		RebuildTransferFunctionScriptingTraits (0ms)
		AnalyzeDomain (64ms)
			TypeCache.Refresh (6ms)
				TypeCache.ScanAssembly (0ms)
			BuildScriptInfoCaches (56ms)
			ResolveRequiredComponents (1ms)
	FinalizeReload (513ms)
		ReleaseScriptCaches (0ms)
		RebuildScriptCaches (0ms)
		SetupLoadedEditorAssemblies (441ms)
			LogAssemblyErrors (0ms)
			InitializePlatformSupportModulesInManaged (1ms)
			SetLoadedEditorAssemblies (2ms)
			BeforeProcessingInitializeOnLoad (121ms)
			ProcessInitializeOnLoadAttributes (207ms)
			ProcessInitializeOnLoadMethodAttributes (109ms)
			AfterProcessingInitializeOnLoad (0ms)
			EditorAssembliesLoaded (0ms)
		ExecutionOrderSort2 (0ms)
		AwakeInstancesAfterBackupRestoration (1ms)
Refreshing native plugins compatible for Editor in 1.53 ms, found 2 plugins.
Preloading 1 native plugins for Editor in 1.24 ms.
Unloading 43 Unused Serialized files (Serialized files now loaded: 0)
Unloading 5193 unused Assets / (13.4 MB). Loaded Objects now: 6488.
Memory consumption went from 145.9 MB to 132.4 MB.
Total: 7.909417 ms (FindLiveObjects: 0.197875 ms CreateObjectMapping: 0.086000 ms MarkObjects: 6.445834 ms  DeleteObjects: 1.179334 ms)

Prepare: number of updated asset objects reloaded= 0
========================================================================
Received Prepare
Refreshing native plugins compatible for Editor in 1.57 ms, found 2 plugins.
Preloading 1 native plugins for Editor in 1.23 ms.
Unloading 43 Unused Serialized files (Serialized files now loaded: 0)
Unloading 5148 unused Assets / (13.5 MB). Loaded Objects now: 6488.
Memory consumption went from 133.3 MB to 119.8 MB.
Total: 8.005833 ms (FindLiveObjects: 0.208875 ms CreateObjectMapping: 0.077959 ms MarkObjects: 6.538833 ms  DeleteObjects: 1.179792 ms)

Prepare: number of updated asset objects reloaded= 0
========================================================================
Received Prepare
Begin MonoManager ReloadAssembly
Thread 0x16b737000 may have been prematurely finalized
Symbol file LoadedFromMemory is not a mono symbol file
Symbol file LoadedFromMemory is not a mono symbol file
- Loaded All Assemblies, in  0.326 seconds
Refreshing native plugins compatible for Editor in 1.61 ms, found 2 plugins.
Native extension for OSXStandalone target not found
Native extension for WebGL target not found
Refreshing native plugins compatible for Editor in 1.02 ms, found 2 plugins.
[Package Manager] Failed to launch server process. Reason: Unity was launched with the -noUpm command-line argument
[Package Manager] Unable to send message (not connected to server process).
[Package Manager] Cannot connect to Unity Package Manager local server
ScheduleIndexationOnStartup MainProcess:False IndexOnStartup:True
Mono: successfully reloaded assembly
- Finished resetting the current domain, in  0.515 seconds
Domain Reload Profiling: 843ms
	BeginReloadAssembly (75ms)
		ExecutionOrderSort (0ms)
		DisableScriptedObjects (3ms)
		BackupInstance (0ms)
		ReleaseScriptingObjects (0ms)
		CreateAndSetChildDomain (24ms)
	RebuildCommonClasses (16ms)
	RebuildNativeTypeToScriptingClass (6ms)
	initialDomainReloadingComplete (18ms)
	LoadAllAssembliesAndSetupDomain (212ms)
		LoadAssemblies (167ms)
		RebuildTransferFunctionScriptingTraits (0ms)
		AnalyzeDomain (67ms)
			TypeCache.Refresh (6ms)
				TypeCache.ScanAssembly (0ms)
			BuildScriptInfoCaches (58ms)
			ResolveRequiredComponents (1ms)
	FinalizeReload (515ms)
		ReleaseScriptCaches (0ms)
		RebuildScriptCaches (0ms)
		SetupLoadedEditorAssemblies (445ms)
			LogAssemblyErrors (0ms)
			InitializePlatformSupportModulesInManaged (1ms)
			SetLoadedEditorAssemblies (2ms)
			BeforeProcessingInitializeOnLoad (133ms)
			ProcessInitializeOnLoadAttributes (201ms)
			ProcessInitializeOnLoadMethodAttributes (108ms)
			AfterProcessingInitializeOnLoad (0ms)
			EditorAssembliesLoaded (0ms)
		ExecutionOrderSort2 (0ms)
		AwakeInstancesAfterBackupRestoration (1ms)
Refreshing native plugins compatible for Editor in 1.39 ms, found 2 plugins.
Preloading 1 native plugins for Editor in 1.22 ms.
Unloading 43 Unused Serialized files (Serialized files now loaded: 0)
Unloading 5193 unused Assets / (13.7 MB). Loaded Objects now: 6492.
Memory consumption went from 145.9 MB to 132.1 MB.
Total: 7.976250 ms (FindLiveObjects: 0.215041 ms CreateObjectMapping: 0.079959 ms MarkObjects: 6.401250 ms  DeleteObjects: 1.279834 ms)

Prepare: number of updated asset objects reloaded= 0
========================================================================
Received Prepare
Refreshing native plugins compatible for Editor in 1.58 ms, found 2 plugins.
Preloading 1 native plugins for Editor in 1.16 ms.
Unloading 43 Unused Serialized files (Serialized files now loaded: 0)
Unloading 5148 unused Assets / (13.3 MB). Loaded Objects now: 6492.
Memory consumption went from 133.3 MB to 120.1 MB.
Total: 11.134833 ms (FindLiveObjects: 0.290208 ms CreateObjectMapping: 0.080958 ms MarkObjects: 9.663709 ms  DeleteObjects: 1.099833 ms)

Prepare: number of updated asset objects reloaded= 0
========================================================================
Received Prepare
Begin MonoManager ReloadAssembly
[Licensing::Client] Successfully resolved entitlement details
[Licensing::Module] License group:
  Id: F4-85AS-8ZW6-XMRF-425Z-XXXX
  Product: Unity Personal
  Type: ULF
  Expiration: Unlimited
[Licensing::Module] License group:
  Id: 6872810951280-UnityPersXXXX
  Product: Unity Personal
  Type: Assigned
  Expiration: Unlimited
Thread 0x16b737000 may have been prematurely finalized
Symbol file LoadedFromMemory is not a mono symbol file
Symbol file LoadedFromMemory is not a mono symbol file
- Loaded All Assemblies, in  0.376 seconds
Refreshing native plugins compatible for Editor in 1.07 ms, found 2 plugins.
Native extension for OSXStandalone target not found
Native extension for WebGL target not found
Refreshing native plugins compatible for Editor in 1.01 ms, found 2 plugins.
[Package Manager] Failed to launch server process. Reason: Unity was launched with the -noUpm command-line argument
[Package Manager] Unable to send message (not connected to server process).
[Package Manager] Cannot connect to Unity Package Manager local server
ScheduleIndexationOnStartup MainProcess:False IndexOnStartup:True
Mono: successfully reloaded assembly
- Finished resetting the current domain, in  0.510 seconds
Domain Reload Profiling: 888ms
	BeginReloadAssembly (84ms)
		ExecutionOrderSort (0ms)
		DisableScriptedObjects (3ms)
		BackupInstance (0ms)
		ReleaseScriptingObjects (0ms)
		CreateAndSetChildDomain (27ms)
	RebuildCommonClasses (16ms)
	RebuildNativeTypeToScriptingClass (6ms)
	initialDomainReloadingComplete (18ms)
	LoadAllAssembliesAndSetupDomain (253ms)
		LoadAssemblies (214ms)
		RebuildTransferFunctionScriptingTraits (0ms)
		AnalyzeDomain (66ms)
			TypeCache.Refresh (7ms)
				TypeCache.ScanAssembly (0ms)
			BuildScriptInfoCaches (57ms)
			ResolveRequiredComponents (1ms)
	FinalizeReload (511ms)
		ReleaseScriptCaches (0ms)
		RebuildScriptCaches (0ms)
		SetupLoadedEditorAssemblies (443ms)
			LogAssemblyErrors (0ms)
			InitializePlatformSupportModulesInManaged (1ms)
			SetLoadedEditorAssemblies (2ms)
			BeforeProcessingInitializeOnLoad (127ms)
			ProcessInitializeOnLoadAttributes (203ms)
			ProcessInitializeOnLoadMethodAttributes (109ms)
			AfterProcessingInitializeOnLoad (0ms)
			EditorAssembliesLoaded (0ms)
		ExecutionOrderSort2 (0ms)
		AwakeInstancesAfterBackupRestoration (1ms)
Refreshing native plugins compatible for Editor in 1.41 ms, found 2 plugins.
Preloading 1 native plugins for Editor in 1.17 ms.
Unloading 43 Unused Serialized files (Serialized files now loaded: 0)
Unloading 5193 unused Assets / (13.8 MB). Loaded Objects now: 6496.
Memory consumption went from 145.9 MB to 132.1 MB.
Total: 7.703458 ms (FindLiveObjects: 0.209958 ms CreateObjectMapping: 0.074958 ms MarkObjects: 6.153417 ms  DeleteObjects: 1.265042 ms)

Prepare: number of updated asset objects reloaded= 0
========================================================================
Received Prepare
Refreshing native plugins compatible for Editor in 1.10 ms, found 2 plugins.
Preloading 1 native plugins for Editor in 1.17 ms.
Unloading 43 Unused Serialized files (Serialized files now loaded: 0)
Unloading 5148 unused Assets / (13.8 MB). Loaded Objects now: 6496.
Memory consumption went from 133.4 MB to 119.5 MB.
Total: 7.669792 ms (FindLiveObjects: 0.208541 ms CreateObjectMapping: 0.076459 ms MarkObjects: 6.156875 ms  DeleteObjects: 1.227625 ms)

Prepare: number of updated asset objects reloaded= 0
========================================================================
Received Prepare
Refreshing native plugins compatible for Editor in 1.51 ms, found 2 plugins.
Preloading 1 native plugins for Editor in 1.20 ms.
Unloading 43 Unused Serialized files (Serialized files now loaded: 0)
Unloading 5148 unused Assets / (14.1 MB). Loaded Objects now: 6496.
Memory consumption went from 133.4 MB to 119.3 MB.
Total: 8.005292 ms (FindLiveObjects: 0.203167 ms CreateObjectMapping: 0.090916 ms MarkObjects: 6.428834 ms  DeleteObjects: 1.282250 ms)

Prepare: number of updated asset objects reloaded= 0
========================================================================
Received Prepare
Refreshing native plugins compatible for Editor in 1.54 ms, found 2 plugins.
Preloading 1 native plugins for Editor in 1.16 ms.
Unloading 43 Unused Serialized files (Serialized files now loaded: 0)
Unloading 5148 unused Assets / (13.8 MB). Loaded Objects now: 6496.
Memory consumption went from 133.4 MB to 119.6 MB.
Total: 7.660583 ms (FindLiveObjects: 0.208375 ms CreateObjectMapping: 0.081333 ms MarkObjects: 6.150083 ms  DeleteObjects: 1.220542 ms)

Prepare: number of updated asset objects reloaded= 0
========================================================================
Received Prepare
Begin MonoManager ReloadAssembly
Thread 0x16b737000 may have been prematurely finalized
Symbol file LoadedFromMemory is not a mono symbol file
Symbol file LoadedFromMemory is not a mono symbol file
- Loaded All Assemblies, in  0.358 seconds
Refreshing native plugins compatible for Editor in 1.14 ms, found 2 plugins.
Native extension for OSXStandalone target not found
Native extension for WebGL target not found
Refreshing native plugins compatible for Editor in 1.56 ms, found 2 plugins.
[Package Manager] Failed to launch server process. Reason: Unity was launched with the -noUpm command-line argument
[Package Manager] Unable to send message (not connected to server process).
[Package Manager] Cannot connect to Unity Package Manager local server
ScheduleIndexationOnStartup MainProcess:False IndexOnStartup:True
Mono: successfully reloaded assembly
- Finished resetting the current domain, in  0.503 seconds
Domain Reload Profiling: 862ms
	BeginReloadAssembly (75ms)
		ExecutionOrderSort (0ms)
		DisableScriptedObjects (3ms)
		BackupInstance (0ms)
		ReleaseScriptingObjects (0ms)
		CreateAndSetChildDomain (23ms)
	RebuildCommonClasses (16ms)
	RebuildNativeTypeToScriptingClass (6ms)
	initialDomainReloadingComplete (19ms)
	LoadAllAssembliesAndSetupDomain (244ms)
		LoadAssemblies (198ms)
		RebuildTransferFunctionScriptingTraits (0ms)
		AnalyzeDomain (68ms)
			TypeCache.Refresh (7ms)
				TypeCache.ScanAssembly (0ms)
			BuildScriptInfoCaches (58ms)
			ResolveRequiredComponents (1ms)
	FinalizeReload (503ms)
		ReleaseScriptCaches (0ms)
		RebuildScriptCaches (0ms)
		SetupLoadedEditorAssemblies (436ms)
			LogAssemblyErrors (0ms)
			InitializePlatformSupportModulesInManaged (1ms)
			SetLoadedEditorAssemblies (2ms)
			BeforeProcessingInitializeOnLoad (122ms)
			ProcessInitializeOnLoadAttributes (202ms)
			ProcessInitializeOnLoadMethodAttributes (108ms)
			AfterProcessingInitializeOnLoad (1ms)
			EditorAssembliesLoaded (0ms)
		ExecutionOrderSort2 (0ms)
		AwakeInstancesAfterBackupRestoration (1ms)
Refreshing native plugins compatible for Editor in 1.66 ms, found 2 plugins.
Preloading 1 native plugins for Editor in 1.22 ms.
Unloading 43 Unused Serialized files (Serialized files now loaded: 0)
Unloading 5193 unused Assets / (14.3 MB). Loaded Objects now: 6500.
Memory consumption went from 145.9 MB to 131.7 MB.
Total: 7.745958 ms (FindLiveObjects: 0.212041 ms CreateObjectMapping: 0.079417 ms MarkObjects: 6.145458 ms  DeleteObjects: 1.308792 ms)

Prepare: number of updated asset objects reloaded= 0
========================================================================
Received Prepare
Refreshing native plugins compatible for Editor in 1.41 ms, found 2 plugins.
Preloading 1 native plugins for Editor in 1.18 ms.
Unloading 43 Unused Serialized files (Serialized files now loaded: 0)
Unloading 5148 unused Assets / (13.7 MB). Loaded Objects now: 6500.
Memory consumption went from 133.4 MB to 119.7 MB.
Total: 7.538125 ms (FindLiveObjects: 0.206084 ms CreateObjectMapping: 0.082458 ms MarkObjects: 6.024375 ms  DeleteObjects: 1.224792 ms)

Prepare: number of updated asset objects reloaded= 0
========================================================================
Received Prepare
Refreshing native plugins compatible for Editor in 1.52 ms, found 2 plugins.
Preloading 1 native plugins for Editor in 1.24 ms.
Unloading 43 Unused Serialized files (Serialized files now loaded: 0)
Unloading 5148 unused Assets / (13.4 MB). Loaded Objects now: 6500.
Memory consumption went from 133.4 MB to 120.0 MB.
Total: 7.672500 ms (FindLiveObjects: 0.208125 ms CreateObjectMapping: 0.083583 ms MarkObjects: 6.139084 ms  DeleteObjects: 1.241541 ms)

Prepare: number of updated asset objects reloaded= 0
========================================================================
Received Prepare
Refreshing native plugins compatible for Editor in 1.48 ms, found 2 plugins.
Preloading 1 native plugins for Editor in 1.18 ms.
Unloading 43 Unused Serialized files (Serialized files now loaded: 0)
Unloading 5148 unused Assets / (13.7 MB). Loaded Objects now: 6500.
Memory consumption went from 133.4 MB to 119.6 MB.
Total: 7.708084 ms (FindLiveObjects: 0.210666 ms CreateObjectMapping: 0.079917 ms MarkObjects: 6.154417 ms  DeleteObjects: 1.262958 ms)

Prepare: number of updated asset objects reloaded= 0
========================================================================
Received Prepare
Refreshing native plugins compatible for Editor in 1.48 ms, found 2 plugins.
Preloading 1 native plugins for Editor in 1.19 ms.
Unloading 43 Unused Serialized files (Serialized files now loaded: 0)
Unloading 5148 unused Assets / (13.7 MB). Loaded Objects now: 6500.
Memory consumption went from 133.4 MB to 119.7 MB.
Total: 7.604792 ms (FindLiveObjects: 0.209750 ms CreateObjectMapping: 0.074250 ms MarkObjects: 6.077917 ms  DeleteObjects: 1.242666 ms)

Prepare: number of updated asset objects reloaded= 0
========================================================================
Received Prepare
Refreshing native plugins compatible for Editor in 1.47 ms, found 2 plugins.
Preloading 1 native plugins for Editor in 1.18 ms.
Unloading 43 Unused Serialized files (Serialized files now loaded: 0)
Unloading 5148 unused Assets / (13.6 MB). Loaded Objects now: 6500.
Memory consumption went from 133.4 MB to 119.8 MB.
Total: 7.518042 ms (FindLiveObjects: 0.210667 ms CreateObjectMapping: 0.087917 ms MarkObjects: 6.075959 ms  DeleteObjects: 1.143292 ms)

Prepare: number of updated asset objects reloaded= 0
========================================================================
Received Prepare
Refreshing native plugins compatible for Editor in 1.51 ms, found 2 plugins.
Preloading 1 native plugins for Editor in 1.19 ms.
Unloading 43 Unused Serialized files (Serialized files now loaded: 0)
Unloading 5148 unused Assets / (13.1 MB). Loaded Objects now: 6500.
Memory consumption went from 133.4 MB to 120.3 MB.
Total: 7.845833 ms (FindLiveObjects: 0.209500 ms CreateObjectMapping: 0.080542 ms MarkObjects: 6.324416 ms  DeleteObjects: 1.231250 ms)

Prepare: number of updated asset objects reloaded= 0
========================================================================
Received Prepare
Begin MonoManager ReloadAssembly
[Licensing::Client] Successfully resolved entitlement details
[Licensing::Module] License group:
  Id: F4-85AS-8ZW6-XMRF-425Z-XXXX
  Product: Unity Personal
  Type: ULF
  Expiration: Unlimited
[Licensing::Module] License group:
  Id: 6872810951280-UnityPersXXXX
  Product: Unity Personal
  Type: Assigned
  Expiration: Unlimited
Thread 0x16b737000 may have been prematurely finalized
Symbol file LoadedFromMemory is not a mono symbol file
Symbol file LoadedFromMemory is not a mono symbol file
- Loaded All Assemblies, in  0.385 seconds
Refreshing native plugins compatible for Editor in 1.09 ms, found 2 plugins.
Native extension for OSXStandalone target not found
Native extension for WebGL target not found
Refreshing native plugins compatible for Editor in 1.32 ms, found 2 plugins.
[Package Manager] Failed to launch server process. Reason: Unity was launched with the -noUpm command-line argument
[Package Manager] Unable to send message (not connected to server process).
[Package Manager] Cannot connect to Unity Package Manager local server
ScheduleIndexationOnStartup MainProcess:False IndexOnStartup:True
Mono: successfully reloaded assembly
- Finished resetting the current domain, in  0.507 seconds
Domain Reload Profiling: 894ms
	BeginReloadAssembly (89ms)
		ExecutionOrderSort (0ms)
		DisableScriptedObjects (3ms)
		BackupInstance (0ms)
		ReleaseScriptingObjects (0ms)
		CreateAndSetChildDomain (23ms)
	RebuildCommonClasses (17ms)
	RebuildNativeTypeToScriptingClass (8ms)
	initialDomainReloadingComplete (19ms)
	LoadAllAssembliesAndSetupDomain (254ms)
		LoadAssemblies (222ms)
		RebuildTransferFunctionScriptingTraits (0ms)
		AnalyzeDomain (68ms)
			TypeCache.Refresh (7ms)
				TypeCache.ScanAssembly (0ms)
			BuildScriptInfoCaches (58ms)
			ResolveRequiredComponents (1ms)
	FinalizeReload (507ms)
		ReleaseScriptCaches (0ms)
		RebuildScriptCaches (0ms)
		SetupLoadedEditorAssemblies (438ms)
			LogAssemblyErrors (0ms)
			InitializePlatformSupportModulesInManaged (1ms)
			SetLoadedEditorAssemblies (2ms)
			BeforeProcessingInitializeOnLoad (120ms)
			ProcessInitializeOnLoadAttributes (206ms)
			ProcessInitializeOnLoadMethodAttributes (110ms)
			AfterProcessingInitializeOnLoad (0ms)
			EditorAssembliesLoaded (0ms)
		ExecutionOrderSort2 (0ms)
		AwakeInstancesAfterBackupRestoration (1ms)
Refreshing native plugins compatible for Editor in 1.52 ms, found 2 plugins.
Preloading 1 native plugins for Editor in 1.20 ms.
Unloading 43 Unused Serialized files (Serialized files now loaded: 0)
Unloading 5193 unused Assets / (12.6 MB). Loaded Objects now: 6504.
Memory consumption went from 145.9 MB to 133.3 MB.
Total: 7.890917 ms (FindLiveObjects: 0.217708 ms CreateObjectMapping: 0.080625 ms MarkObjects: 6.387875 ms  DeleteObjects: 1.204500 ms)

Prepare: number of updated asset objects reloaded= 0
========================================================================
Received Prepare
Refreshing native plugins compatible for Editor in 1.21 ms, found 2 plugins.
Preloading 1 native plugins for Editor in 1.18 ms.
Unloading 43 Unused Serialized files (Serialized files now loaded: 0)
Unloading 5148 unused Assets / (13.7 MB). Loaded Objects now: 6504.
Memory consumption went from 133.4 MB to 119.6 MB.
Total: 7.741917 ms (FindLiveObjects: 0.213500 ms CreateObjectMapping: 0.085167 ms MarkObjects: 6.254166 ms  DeleteObjects: 1.188917 ms)

Prepare: number of updated asset objects reloaded= 0
========================================================================
Received Prepare
Refreshing native plugins compatible for Editor in 1.39 ms, found 2 plugins.
Preloading 1 native plugins for Editor in 1.20 ms.
Unloading 43 Unused Serialized files (Serialized files now loaded: 0)
Unloading 5148 unused Assets / (14.0 MB). Loaded Objects now: 6504.
Memory consumption went from 133.4 MB to 119.4 MB.
Total: 7.555625 ms (FindLiveObjects: 0.215416 ms CreateObjectMapping: 0.083750 ms MarkObjects: 5.996292 ms  DeleteObjects: 1.259792 ms)

Prepare: number of updated asset objects reloaded= 0
========================================================================
Received Prepare
Begin MonoManager ReloadAssembly
Thread 0x16b737000 may have been prematurely finalized
Symbol file LoadedFromMemory is not a mono symbol file
Symbol file LoadedFromMemory is not a mono symbol file
- Loaded All Assemblies, in  0.329 seconds
Refreshing native plugins compatible for Editor in 1.08 ms, found 2 plugins.
Native extension for OSXStandalone target not found
Native extension for WebGL target not found
Refreshing native plugins compatible for Editor in 1.23 ms, found 2 plugins.
[Package Manager] Failed to launch server process. Reason: Unity was launched with the -noUpm command-line argument
[Package Manager] Unable to send message (not connected to server process).
[Package Manager] Cannot connect to Unity Package Manager local server
ScheduleIndexationOnStartup MainProcess:False IndexOnStartup:True
Mono: successfully reloaded assembly
- Finished resetting the current domain, in  0.519 seconds
Domain Reload Profiling: 849ms
	BeginReloadAssembly (73ms)
		ExecutionOrderSort (0ms)
		DisableScriptedObjects (3ms)
		BackupInstance (0ms)
		ReleaseScriptingObjects (0ms)
		CreateAndSetChildDomain (22ms)
	RebuildCommonClasses (15ms)
	RebuildNativeTypeToScriptingClass (6ms)
	initialDomainReloadingComplete (18ms)
	LoadAllAssembliesAndSetupDomain (217ms)
		LoadAssemblies (176ms)
		RebuildTransferFunctionScriptingTraits (0ms)
		AnalyzeDomain (63ms)
			TypeCache.Refresh (4ms)
				TypeCache.ScanAssembly (0ms)
			BuildScriptInfoCaches (56ms)
			ResolveRequiredComponents (1ms)
	FinalizeReload (519ms)
		ReleaseScriptCaches (0ms)
		RebuildScriptCaches (0ms)
		SetupLoadedEditorAssemblies (449ms)
			LogAssemblyErrors (0ms)
			InitializePlatformSupportModulesInManaged (1ms)
			SetLoadedEditorAssemblies (2ms)
			BeforeProcessingInitializeOnLoad (128ms)
			ProcessInitializeOnLoadAttributes (210ms)
			ProcessInitializeOnLoadMethodAttributes (108ms)
			AfterProcessingInitializeOnLoad (0ms)
			EditorAssembliesLoaded (0ms)
		ExecutionOrderSort2 (0ms)
		AwakeInstancesAfterBackupRestoration (1ms)
Refreshing native plugins compatible for Editor in 1.42 ms, found 2 plugins.
Preloading 1 native plugins for Editor in 1.18 ms.
Unloading 43 Unused Serialized files (Serialized files now loaded: 0)
Unloading 5193 unused Assets / (13.7 MB). Loaded Objects now: 6508.
Memory consumption went from 145.9 MB to 132.2 MB.
Total: 7.730959 ms (FindLiveObjects: 0.231084 ms CreateObjectMapping: 0.117291 ms MarkObjects: 6.172084 ms  DeleteObjects: 1.210375 ms)

Prepare: number of updated asset objects reloaded= 0
========================================================================
Received Prepare
Refreshing native plugins compatible for Editor in 1.33 ms, found 2 plugins.
Preloading 1 native plugins for Editor in 1.18 ms.
Unloading 43 Unused Serialized files (Serialized files now loaded: 0)
Unloading 5148 unused Assets / (13.6 MB). Loaded Objects now: 6508.
Memory consumption went from 133.4 MB to 119.7 MB.
Total: 8.234875 ms (FindLiveObjects: 0.217209 ms CreateObjectMapping: 0.087291 ms MarkObjects: 6.680334 ms  DeleteObjects: 1.249875 ms)

Prepare: number of updated asset objects reloaded= 0
========================================================================
Received Prepare
Refreshing native plugins compatible for Editor in 1.59 ms, found 2 plugins.
Preloading 1 native plugins for Editor in 1.15 ms.
Unloading 43 Unused Serialized files (Serialized files now loaded: 0)
Unloading 5148 unused Assets / (13.3 MB). Loaded Objects now: 6508.
Memory consumption went from 133.4 MB to 120.1 MB.
Total: 7.892416 ms (FindLiveObjects: 0.211750 ms CreateObjectMapping: 0.088125 ms MarkObjects: 6.435333 ms  DeleteObjects: 1.156875 ms)

Prepare: number of updated asset objects reloaded= 0
========================================================================
Received Prepare
Refreshing native plugins compatible for Editor in 0.98 ms, found 2 plugins.
Preloading 1 native plugins for Editor in 1.18 ms.
Unloading 43 Unused Serialized files (Serialized files now loaded: 0)
Unloading 5148 unused Assets / (12.7 MB). Loaded Objects now: 6508.
Memory consumption went from 133.4 MB to 120.7 MB.
Total: 8.265625 ms (FindLiveObjects: 0.202625 ms CreateObjectMapping: 0.079625 ms MarkObjects: 6.849333 ms  DeleteObjects: 1.133791 ms)

Prepare: number of updated asset objects reloaded= 0
========================================================================
Received Prepare
Begin MonoManager ReloadAssembly
[Licensing::Client] Successfully resolved entitlement details
[Licensing::Module] License group:
  Id: F4-85AS-8ZW6-XMRF-425Z-XXXX
  Product: Unity Personal
  Type: ULF
  Expiration: Unlimited
[Licensing::Module] License group:
  Id: 6872810951280-UnityPersXXXX
  Product: Unity Personal
  Type: Assigned
  Expiration: Unlimited
Thread 0x16b737000 may have been prematurely finalized
Symbol file LoadedFromMemory is not a mono symbol file
Symbol file LoadedFromMemory is not a mono symbol file
- Loaded All Assemblies, in  0.346 seconds
Refreshing native plugins compatible for Editor in 1.46 ms, found 2 plugins.
Native extension for OSXStandalone target not found
Native extension for WebGL target not found
Refreshing native plugins compatible for Editor in 1.31 ms, found 2 plugins.
[Package Manager] Failed to launch server process. Reason: Unity was launched with the -noUpm command-line argument
[Package Manager] Unable to send message (not connected to server process).
[Package Manager] Cannot connect to Unity Package Manager local server
ScheduleIndexationOnStartup MainProcess:False IndexOnStartup:True
Mono: successfully reloaded assembly
- Finished resetting the current domain, in  0.512 seconds
Domain Reload Profiling: 860ms
	BeginReloadAssembly (75ms)
		ExecutionOrderSort (0ms)
		DisableScriptedObjects (3ms)
		BackupInstance (0ms)
		ReleaseScriptingObjects (0ms)
		CreateAndSetChildDomain (23ms)
	RebuildCommonClasses (16ms)
	RebuildNativeTypeToScriptingClass (6ms)
	initialDomainReloadingComplete (19ms)
	LoadAllAssembliesAndSetupDomain (231ms)
		LoadAssemblies (188ms)
		RebuildTransferFunctionScriptingTraits (0ms)
		AnalyzeDomain (67ms)
			TypeCache.Refresh (7ms)
				TypeCache.ScanAssembly (0ms)
			BuildScriptInfoCaches (57ms)
			ResolveRequiredComponents (1ms)
	FinalizeReload (513ms)
		ReleaseScriptCaches (0ms)
		RebuildScriptCaches (0ms)
		SetupLoadedEditorAssemblies (442ms)
			LogAssemblyErrors (0ms)
			InitializePlatformSupportModulesInManaged (1ms)
			SetLoadedEditorAssemblies (2ms)
			BeforeProcessingInitializeOnLoad (123ms)
			ProcessInitializeOnLoadAttributes (204ms)
			ProcessInitializeOnLoadMethodAttributes (112ms)
			AfterProcessingInitializeOnLoad (1ms)
			EditorAssembliesLoaded (0ms)
		ExecutionOrderSort2 (0ms)
		AwakeInstancesAfterBackupRestoration (2ms)
Refreshing native plugins compatible for Editor in 1.50 ms, found 2 plugins.
Preloading 1 native plugins for Editor in 1.32 ms.
Unloading 43 Unused Serialized files (Serialized files now loaded: 0)
Unloading 5193 unused Assets / (12.7 MB). Loaded Objects now: 6512.
Memory consumption went from 145.9 MB to 133.2 MB.
Total: 8.381542 ms (FindLiveObjects: 0.212792 ms CreateObjectMapping: 0.077583 ms MarkObjects: 6.774750 ms  DeleteObjects: 1.316167 ms)

Prepare: number of updated asset objects reloaded= 0
========================================================================
Received Prepare
Refreshing native plugins compatible for Editor in 1.51 ms, found 2 plugins.
Preloading 1 native plugins for Editor in 1.23 ms.
Unloading 43 Unused Serialized files (Serialized files now loaded: 0)
Unloading 5148 unused Assets / (13.7 MB). Loaded Objects now: 6512.
Memory consumption went from 133.4 MB to 119.7 MB.
Total: 9.538167 ms (FindLiveObjects: 0.236125 ms CreateObjectMapping: 0.089791 ms MarkObjects: 7.963667 ms  DeleteObjects: 1.248333 ms)

Prepare: number of updated asset objects reloaded= 0
========================================================================
Received Prepare
Refreshing native plugins compatible for Editor in 1.23 ms, found 2 plugins.
Preloading 1 native plugins for Editor in 1.21 ms.
Unloading 43 Unused Serialized files (Serialized files now loaded: 0)
Unloading 5148 unused Assets / (13.7 MB). Loaded Objects now: 6512.
Memory consumption went from 133.4 MB to 119.7 MB.
Total: 7.495667 ms (FindLiveObjects: 0.212250 ms CreateObjectMapping: 0.079000 ms MarkObjects: 6.006958 ms  DeleteObjects: 1.197292 ms)

Prepare: number of updated asset objects reloaded= 0
========================================================================
Received Prepare
Begin MonoManager ReloadAssembly
[Licensing::Client] Successfully resolved entitlement details
[Licensing::Module] License group:
  Id: F4-85AS-8ZW6-XMRF-425Z-XXXX
  Product: Unity Personal
  Type: ULF
  Expiration: Unlimited
[Licensing::Module] License group:
  Id: 6872810951280-UnityPersXXXX
  Product: Unity Personal
  Type: Assigned
  Expiration: Unlimited
Thread 0x16b737000 may have been prematurely finalized
Symbol file LoadedFromMemory is not a mono symbol file
Symbol file LoadedFromMemory is not a mono symbol file
- Loaded All Assemblies, in  0.377 seconds
Refreshing native plugins compatible for Editor in 1.75 ms, found 2 plugins.
Native extension for OSXStandalone target not found
Native extension for WebGL target not found
Refreshing native plugins compatible for Editor in 1.42 ms, found 2 plugins.
[Package Manager] Failed to launch server process. Reason: Unity was launched with the -noUpm command-line argument
[Package Manager] Unable to send message (not connected to server process).
[Package Manager] Cannot connect to Unity Package Manager local server
ScheduleIndexationOnStartup MainProcess:False IndexOnStartup:True
Mono: successfully reloaded assembly
- Finished resetting the current domain, in  0.526 seconds
Domain Reload Profiling: 905ms
	BeginReloadAssembly (77ms)
		ExecutionOrderSort (0ms)
		DisableScriptedObjects (3ms)
		BackupInstance (0ms)
		ReleaseScriptingObjects (0ms)
		CreateAndSetChildDomain (24ms)
	RebuildCommonClasses (16ms)
	RebuildNativeTypeToScriptingClass (6ms)
	initialDomainReloadingComplete (19ms)
	LoadAllAssembliesAndSetupDomain (260ms)
		LoadAssemblies (216ms)
		RebuildTransferFunctionScriptingTraits (0ms)
		AnalyzeDomain (68ms)
			TypeCache.Refresh (7ms)
				TypeCache.ScanAssembly (0ms)
			BuildScriptInfoCaches (58ms)
			ResolveRequiredComponents (1ms)
	FinalizeReload (526ms)
		ReleaseScriptCaches (0ms)
		RebuildScriptCaches (0ms)
		SetupLoadedEditorAssemblies (454ms)
			LogAssemblyErrors (0ms)
			InitializePlatformSupportModulesInManaged (1ms)
			SetLoadedEditorAssemblies (2ms)
			BeforeProcessingInitializeOnLoad (128ms)
			ProcessInitializeOnLoadAttributes (205ms)
			ProcessInitializeOnLoadMethodAttributes (118ms)
			AfterProcessingInitializeOnLoad (1ms)
			EditorAssembliesLoaded (0ms)
		ExecutionOrderSort2 (0ms)
		AwakeInstancesAfterBackupRestoration (1ms)
Refreshing native plugins compatible for Editor in 1.50 ms, found 2 plugins.
Preloading 1 native plugins for Editor in 1.43 ms.
Unloading 43 Unused Serialized files (Serialized files now loaded: 0)
Unloading 5193 unused Assets / (13.7 MB). Loaded Objects now: 6516.
Memory consumption went from 145.9 MB to 132.2 MB.
Total: 7.829042 ms (FindLiveObjects: 0.216208 ms CreateObjectMapping: 0.079958 ms MarkObjects: 6.323375 ms  DeleteObjects: 1.209292 ms)

Prepare: number of updated asset objects reloaded= 0
========================================================================
Received Prepare
Refreshing native plugins compatible for Editor in 1.59 ms, found 2 plugins.
Preloading 1 native plugins for Editor in 1.24 ms.
Unloading 43 Unused Serialized files (Serialized files now loaded: 0)
Unloading 5148 unused Assets / (13.2 MB). Loaded Objects now: 6516.
Memory consumption went from 133.4 MB to 120.2 MB.
Total: 8.213583 ms (FindLiveObjects: 0.218292 ms CreateObjectMapping: 0.083250 ms MarkObjects: 6.666041 ms  DeleteObjects: 1.245750 ms)

Prepare: number of updated asset objects reloaded= 0
========================================================================
Received Prepare
Begin MonoManager ReloadAssembly
Thread 0x16b737000 may have been prematurely finalized
Symbol file LoadedFromMemory is not a mono symbol file
Symbol file LoadedFromMemory is not a mono symbol file
- Loaded All Assemblies, in  0.336 seconds
Refreshing native plugins compatible for Editor in 1.14 ms, found 2 plugins.
Native extension for OSXStandalone target not found
Native extension for WebGL target not found
Refreshing native plugins compatible for Editor in 1.24 ms, found 2 plugins.
[Package Manager] Failed to launch server process. Reason: Unity was launched with the -noUpm command-line argument
[Package Manager] Unable to send message (not connected to server process).
[Package Manager] Cannot connect to Unity Package Manager local server
ScheduleIndexationOnStartup MainProcess:False IndexOnStartup:True
Mono: successfully reloaded assembly
- Finished resetting the current domain, in  0.504 seconds
Domain Reload Profiling: 842ms
	BeginReloadAssembly (76ms)
		ExecutionOrderSort (0ms)
		DisableScriptedObjects (3ms)
		BackupInstance (0ms)
		ReleaseScriptingObjects (0ms)
		CreateAndSetChildDomain (26ms)
	RebuildCommonClasses (16ms)
	RebuildNativeTypeToScriptingClass (6ms)
	initialDomainReloadingComplete (20ms)
	LoadAllAssembliesAndSetupDomain (219ms)
		LoadAssemblies (175ms)
		RebuildTransferFunctionScriptingTraits (0ms)
		AnalyzeDomain (66ms)
			TypeCache.Refresh (6ms)
				TypeCache.ScanAssembly (0ms)
			BuildScriptInfoCaches (57ms)
			ResolveRequiredComponents (1ms)
	FinalizeReload (504ms)
		ReleaseScriptCaches (0ms)
		RebuildScriptCaches (0ms)
		SetupLoadedEditorAssemblies (436ms)
			LogAssemblyErrors (0ms)
			InitializePlatformSupportModulesInManaged (1ms)
			SetLoadedEditorAssemblies (2ms)
			BeforeProcessingInitializeOnLoad (124ms)
			ProcessInitializeOnLoadAttributes (202ms)
			ProcessInitializeOnLoadMethodAttributes (108ms)
			AfterProcessingInitializeOnLoad (0ms)
			EditorAssembliesLoaded (0ms)
		ExecutionOrderSort2 (0ms)
		AwakeInstancesAfterBackupRestoration (1ms)
Refreshing native plugins compatible for Editor in 1.49 ms, found 2 plugins.
Preloading 1 native plugins for Editor in 1.19 ms.
Unloading 43 Unused Serialized files (Serialized files now loaded: 0)
Unloading 5193 unused Assets / (13.6 MB). Loaded Objects now: 6520.
Memory consumption went from 146.0 MB to 132.3 MB.
Total: 7.593000 ms (FindLiveObjects: 0.203125 ms CreateObjectMapping: 0.077458 ms MarkObjects: 6.063167 ms  DeleteObjects: 1.249125 ms)

Prepare: number of updated asset objects reloaded= 0
========================================================================
Received Prepare
Refreshing native plugins compatible for Editor in 1.31 ms, found 2 plugins.
Preloading 1 native plugins for Editor in 1.26 ms.
Unloading 43 Unused Serialized files (Serialized files now loaded: 0)
Unloading 5148 unused Assets / (11.4 MB). Loaded Objects now: 6520.
Memory consumption went from 133.4 MB to 122.0 MB.
Total: 8.463583 ms (FindLiveObjects: 0.216333 ms CreateObjectMapping: 0.091125 ms MarkObjects: 6.981542 ms  DeleteObjects: 1.174041 ms)

Prepare: number of updated asset objects reloaded= 0
========================================================================
Received Prepare
Begin MonoManager ReloadAssembly
[Licensing::Client] Successfully resolved entitlement details
[Licensing::Module] License group:
  Id: F4-85AS-8ZW6-XMRF-425Z-XXXX
  Product: Unity Personal
  Type: ULF
  Expiration: Unlimited
[Licensing::Module] License group:
  Id: 6872810951280-UnityPersXXXX
  Product: Unity Personal
  Type: Assigned
  Expiration: Unlimited
Thread 0x16b737000 may have been prematurely finalized
Symbol file LoadedFromMemory is not a mono symbol file
Symbol file LoadedFromMemory is not a mono symbol file
- Loaded All Assemblies, in  0.336 seconds
Refreshing native plugins compatible for Editor in 1.56 ms, found 2 plugins.
Native extension for OSXStandalone target not found
Native extension for WebGL target not found
Refreshing native plugins compatible for Editor in 1.48 ms, found 2 plugins.
[Package Manager] Failed to launch server process. Reason: Unity was launched with the -noUpm command-line argument
[Package Manager] Unable to send message (not connected to server process).
[Package Manager] Cannot connect to Unity Package Manager local server
ScheduleIndexationOnStartup MainProcess:False IndexOnStartup:True
Mono: successfully reloaded assembly
- Finished resetting the current domain, in  0.512 seconds
Domain Reload Profiling: 850ms
	BeginReloadAssembly (74ms)
		ExecutionOrderSort (0ms)
		DisableScriptedObjects (3ms)
		BackupInstance (0ms)
		ReleaseScriptingObjects (0ms)
		CreateAndSetChildDomain (23ms)
	RebuildCommonClasses (16ms)
	RebuildNativeTypeToScriptingClass (6ms)
	initialDomainReloadingComplete (19ms)
	LoadAllAssembliesAndSetupDomain (222ms)
		LoadAssemblies (175ms)
		RebuildTransferFunctionScriptingTraits (0ms)
		AnalyzeDomain (70ms)
			TypeCache.Refresh (7ms)
				TypeCache.ScanAssembly (0ms)
			BuildScriptInfoCaches (59ms)
			ResolveRequiredComponents (1ms)
	FinalizeReload (512ms)
		ReleaseScriptCaches (0ms)
		RebuildScriptCaches (0ms)
		SetupLoadedEditorAssemblies (442ms)
			LogAssemblyErrors (0ms)
			InitializePlatformSupportModulesInManaged (1ms)
			SetLoadedEditorAssemblies (2ms)
			BeforeProcessingInitializeOnLoad (133ms)
			ProcessInitializeOnLoadAttributes (199ms)
			ProcessInitializeOnLoadMethodAttributes (107ms)
			AfterProcessingInitializeOnLoad (1ms)
			EditorAssembliesLoaded (0ms)
		ExecutionOrderSort2 (0ms)
		AwakeInstancesAfterBackupRestoration (1ms)
Refreshing native plugins compatible for Editor in 1.53 ms, found 2 plugins.
Preloading 1 native plugins for Editor in 1.18 ms.
Unloading 43 Unused Serialized files (Serialized files now loaded: 0)
Unloading 5193 unused Assets / (13.4 MB). Loaded Objects now: 6524.
Memory consumption went from 145.9 MB to 132.5 MB.
Total: 7.727333 ms (FindLiveObjects: 0.201500 ms CreateObjectMapping: 0.072250 ms MarkObjects: 6.317291 ms  DeleteObjects: 1.136125 ms)

Prepare: number of updated asset objects reloaded= 0
========================================================================
Received Prepare
Refreshing native plugins compatible for Editor in 1.20 ms, found 2 plugins.
Preloading 1 native plugins for Editor in 1.17 ms.
Unloading 43 Unused Serialized files (Serialized files now loaded: 0)
Unloading 5148 unused Assets / (13.8 MB). Loaded Objects now: 6524.
Memory consumption went from 133.4 MB to 119.6 MB.
Total: 7.586125 ms (FindLiveObjects: 0.215916 ms CreateObjectMapping: 0.081709 ms MarkObjects: 6.054791 ms  DeleteObjects: 1.233417 ms)

Prepare: number of updated asset objects reloaded= 0
========================================================================
Received Prepare
Begin MonoManager ReloadAssembly
Thread 0x16b737000 may have been prematurely finalized
Symbol file LoadedFromMemory is not a mono symbol file
Symbol file LoadedFromMemory is not a mono symbol file
- Loaded All Assemblies, in  0.325 seconds
Refreshing native plugins compatible for Editor in 1.14 ms, found 2 plugins.
Native extension for OSXStandalone target not found
Native extension for WebGL target not found
Refreshing native plugins compatible for Editor in 1.50 ms, found 2 plugins.
[Package Manager] Failed to launch server process. Reason: Unity was launched with the -noUpm command-line argument
[Package Manager] Unable to send message (not connected to server process).
[Package Manager] Cannot connect to Unity Package Manager local server
ScheduleIndexationOnStartup MainProcess:False IndexOnStartup:True
Mono: successfully reloaded assembly
- Finished resetting the current domain, in  0.531 seconds
Domain Reload Profiling: 857ms
	BeginReloadAssembly (73ms)
		ExecutionOrderSort (0ms)
		DisableScriptedObjects (3ms)
		BackupInstance (0ms)
		ReleaseScriptingObjects (0ms)
		CreateAndSetChildDomain (22ms)
	RebuildCommonClasses (15ms)
	RebuildNativeTypeToScriptingClass (6ms)
	initialDomainReloadingComplete (19ms)
	LoadAllAssembliesAndSetupDomain (213ms)
		LoadAssemblies (170ms)
		RebuildTransferFunctionScriptingTraits (0ms)
		AnalyzeDomain (64ms)
			TypeCache.Refresh (6ms)
				TypeCache.ScanAssembly (0ms)
			BuildScriptInfoCaches (56ms)
			ResolveRequiredComponents (1ms)
	FinalizeReload (531ms)
		ReleaseScriptCaches (0ms)
		RebuildScriptCaches (0ms)
		SetupLoadedEditorAssemblies (462ms)
			LogAssemblyErrors (0ms)
			InitializePlatformSupportModulesInManaged (1ms)
			SetLoadedEditorAssemblies (2ms)
			BeforeProcessingInitializeOnLoad (129ms)
			ProcessInitializeOnLoadAttributes (211ms)
			ProcessInitializeOnLoadMethodAttributes (118ms)
			AfterProcessingInitializeOnLoad (0ms)
			EditorAssembliesLoaded (0ms)
		ExecutionOrderSort2 (0ms)
		AwakeInstancesAfterBackupRestoration (1ms)
Refreshing native plugins compatible for Editor in 1.02 ms, found 2 plugins.
Preloading 1 native plugins for Editor in 1.18 ms.
Unloading 43 Unused Serialized files (Serialized files now loaded: 0)
Unloading 5193 unused Assets / (12.1 MB). Loaded Objects now: 6528.
Memory consumption went from 145.9 MB to 133.7 MB.
Total: 10.093542 ms (FindLiveObjects: 0.192209 ms CreateObjectMapping: 0.085666 ms MarkObjects: 8.012708 ms  DeleteObjects: 1.802500 ms)

Prepare: number of updated asset objects reloaded= 0
========================================================================
Received Prepare
Refreshing native plugins compatible for Editor in 1.20 ms, found 2 plugins.
Preloading 1 native plugins for Editor in 1.22 ms.
Unloading 43 Unused Serialized files (Serialized files now loaded: 0)
Unloading 5148 unused Assets / (13.4 MB). Loaded Objects now: 6528.
Memory consumption went from 133.4 MB to 120.0 MB.
Total: 8.259000 ms (FindLiveObjects: 0.204709 ms CreateObjectMapping: 0.129334 ms MarkObjects: 6.706833 ms  DeleteObjects: 1.217667 ms)

Prepare: number of updated asset objects reloaded= 0
========================================================================
Received Prepare
Begin MonoManager ReloadAssembly
Thread 0x16b737000 may have been prematurely finalized
Symbol file LoadedFromMemory is not a mono symbol file
Symbol file LoadedFromMemory is not a mono symbol file
- Loaded All Assemblies, in  0.332 seconds
Refreshing native plugins compatible for Editor in 1.20 ms, found 2 plugins.
Native extension for OSXStandalone target not found
Native extension for WebGL target not found
Refreshing native plugins compatible for Editor in 1.37 ms, found 2 plugins.
[Package Manager] Failed to launch server process. Reason: Unity was launched with the -noUpm command-line argument
[Package Manager] Unable to send message (not connected to server process).
[Package Manager] Cannot connect to Unity Package Manager local server
ScheduleIndexationOnStartup MainProcess:False IndexOnStartup:True
Mono: successfully reloaded assembly
- Finished resetting the current domain, in  0.529 seconds
Domain Reload Profiling: 862ms
	BeginReloadAssembly (74ms)
		ExecutionOrderSort (0ms)
		DisableScriptedObjects (3ms)
		BackupInstance (0ms)
		ReleaseScriptingObjects (0ms)
		CreateAndSetChildDomain (22ms)
	RebuildCommonClasses (16ms)
	RebuildNativeTypeToScriptingClass (6ms)
	initialDomainReloadingComplete (19ms)
	LoadAllAssembliesAndSetupDomain (219ms)
		LoadAssemblies (176ms)
		RebuildTransferFunctionScriptingTraits (0ms)
		AnalyzeDomain (65ms)
			TypeCache.Refresh (6ms)
				TypeCache.ScanAssembly (0ms)
			BuildScriptInfoCaches (57ms)
			ResolveRequiredComponents (1ms)
	FinalizeReload (529ms)
		ReleaseScriptCaches (0ms)
		RebuildScriptCaches (0ms)
		SetupLoadedEditorAssemblies (460ms)
			LogAssemblyErrors (0ms)
			InitializePlatformSupportModulesInManaged (1ms)
			SetLoadedEditorAssemblies (2ms)
			BeforeProcessingInitializeOnLoad (128ms)
			ProcessInitializeOnLoadAttributes (215ms)
			ProcessInitializeOnLoadMethodAttributes (113ms)
			AfterProcessingInitializeOnLoad (0ms)
			EditorAssembliesLoaded (0ms)
		ExecutionOrderSort2 (0ms)
		AwakeInstancesAfterBackupRestoration (1ms)
Refreshing native plugins compatible for Editor in 1.51 ms, found 2 plugins.
Preloading 1 native plugins for Editor in 1.21 ms.
Unloading 43 Unused Serialized files (Serialized files now loaded: 0)
Unloading 5193 unused Assets / (13.7 MB). Loaded Objects now: 6532.
Memory consumption went from 145.9 MB to 132.1 MB.
Total: 7.554750 ms (FindLiveObjects: 0.218250 ms CreateObjectMapping: 0.083292 ms MarkObjects: 6.075958 ms  DeleteObjects: 1.176917 ms)

Prepare: number of updated asset objects reloaded= 0
========================================================================
Received Prepare
Refreshing native plugins compatible for Editor in 1.09 ms, found 2 plugins.
Preloading 1 native plugins for Editor in 1.10 ms.
Unloading 43 Unused Serialized files (Serialized files now loaded: 0)
Unloading 5148 unused Assets / (13.7 MB). Loaded Objects now: 6532.
Memory consumption went from 133.4 MB to 119.7 MB.
Total: 7.778792 ms (FindLiveObjects: 0.214875 ms CreateObjectMapping: 0.074708 ms MarkObjects: 6.230125 ms  DeleteObjects: 1.258750 ms)

Prepare: number of updated asset objects reloaded= 0
========================================================================
Received Prepare
Begin MonoManager ReloadAssembly
Thread 0x16b737000 may have been prematurely finalized
Symbol file LoadedFromMemory is not a mono symbol file
Symbol file LoadedFromMemory is not a mono symbol file
- Loaded All Assemblies, in  0.325 seconds
Refreshing native plugins compatible for Editor in 1.04 ms, found 2 plugins.
Native extension for OSXStandalone target not found
Native extension for WebGL target not found
Refreshing native plugins compatible for Editor in 1.27 ms, found 2 plugins.
[Package Manager] Failed to launch server process. Reason: Unity was launched with the -noUpm command-line argument
[Package Manager] Unable to send message (not connected to server process).
[Package Manager] Cannot connect to Unity Package Manager local server
ScheduleIndexationOnStartup MainProcess:False IndexOnStartup:True
Mono: successfully reloaded assembly
- Finished resetting the current domain, in  0.518 seconds
Domain Reload Profiling: 845ms
	BeginReloadAssembly (71ms)
		ExecutionOrderSort (0ms)
		DisableScriptedObjects (3ms)
		BackupInstance (0ms)
		ReleaseScriptingObjects (0ms)
		CreateAndSetChildDomain (23ms)
	RebuildCommonClasses (15ms)
	RebuildNativeTypeToScriptingClass (6ms)
	initialDomainReloadingComplete (19ms)
	LoadAllAssembliesAndSetupDomain (215ms)
		LoadAssemblies (170ms)
		RebuildTransferFunctionScriptingTraits (0ms)
		AnalyzeDomain (65ms)
			TypeCache.Refresh (5ms)
				TypeCache.ScanAssembly (0ms)
			BuildScriptInfoCaches (57ms)
			ResolveRequiredComponents (1ms)
	FinalizeReload (518ms)
		ReleaseScriptCaches (0ms)
		RebuildScriptCaches (0ms)
		SetupLoadedEditorAssemblies (447ms)
			LogAssemblyErrors (0ms)
			InitializePlatformSupportModulesInManaged (1ms)
			SetLoadedEditorAssemblies (2ms)
			BeforeProcessingInitializeOnLoad (123ms)
			ProcessInitializeOnLoadAttributes (212ms)
			ProcessInitializeOnLoadMethodAttributes (109ms)
			AfterProcessingInitializeOnLoad (0ms)
			EditorAssembliesLoaded (0ms)
		ExecutionOrderSort2 (0ms)
		AwakeInstancesAfterBackupRestoration (1ms)
Refreshing native plugins compatible for Editor in 0.99 ms, found 2 plugins.
Preloading 1 native plugins for Editor in 1.20 ms.
Unloading 43 Unused Serialized files (Serialized files now loaded: 0)
Unloading 5193 unused Assets / (13.8 MB). Loaded Objects now: 6536.
Memory consumption went from 145.9 MB to 132.1 MB.
Total: 7.820209 ms (FindLiveObjects: 0.191625 ms CreateObjectMapping: 0.130000 ms MarkObjects: 6.405125 ms  DeleteObjects: 1.093209 ms)

Prepare: number of updated asset objects reloaded= 0
========================================================================
Received Prepare
Refreshing native plugins compatible for Editor in 1.76 ms, found 2 plugins.
Preloading 1 native plugins for Editor in 1.21 ms.
Unloading 43 Unused Serialized files (Serialized files now loaded: 0)
Unloading 5148 unused Assets / (13.7 MB). Loaded Objects now: 6536.
Memory consumption went from 133.4 MB to 119.7 MB.
Total: 7.622084 ms (FindLiveObjects: 0.214209 ms CreateObjectMapping: 0.083167 ms MarkObjects: 6.064875 ms  DeleteObjects: 1.259625 ms)

Prepare: number of updated asset objects reloaded= 0
========================================================================
Received Prepare
Refreshing native plugins compatible for Editor in 1.55 ms, found 2 plugins.
Preloading 1 native plugins for Editor in 1.17 ms.
Unloading 43 Unused Serialized files (Serialized files now loaded: 0)
Unloading 5148 unused Assets / (13.7 MB). Loaded Objects now: 6536.
Memory consumption went from 133.4 MB to 119.7 MB.
Total: 7.751125 ms (FindLiveObjects: 0.215375 ms CreateObjectMapping: 0.082041 ms MarkObjects: 6.245542 ms  DeleteObjects: 1.207958 ms)

Prepare: number of updated asset objects reloaded= 0
========================================================================
Received Prepare
Refreshing native plugins compatible for Editor in 1.55 ms, found 2 plugins.
Preloading 1 native plugins for Editor in 1.19 ms.
Unloading 43 Unused Serialized files (Serialized files now loaded: 0)
Unloading 5148 unused Assets / (13.7 MB). Loaded Objects now: 6536.
Memory consumption went from 133.4 MB to 119.7 MB.
Total: 7.850625 ms (FindLiveObjects: 0.222042 ms CreateObjectMapping: 0.081542 ms MarkObjects: 6.235000 ms  DeleteObjects: 1.311916 ms)

Prepare: number of updated asset objects reloaded= 0
========================================================================
Received Prepare
Refreshing native plugins compatible for Editor in 1.29 ms, found 2 plugins.
Preloading 1 native plugins for Editor in 1.24 ms.
Unloading 43 Unused Serialized files (Serialized files now loaded: 0)
Unloading 5148 unused Assets / (12.9 MB). Loaded Objects now: 6536.
Memory consumption went from 133.4 MB to 120.5 MB.
Total: 7.777208 ms (FindLiveObjects: 0.217792 ms CreateObjectMapping: 0.083958 ms MarkObjects: 6.320792 ms  DeleteObjects: 1.154500 ms)

Prepare: number of updated asset objects reloaded= 0
========================================================================
Received Prepare
Refreshing native plugins compatible for Editor in 1.40 ms, found 2 plugins.
Preloading 1 native plugins for Editor in 1.17 ms.
Unloading 43 Unused Serialized files (Serialized files now loaded: 0)
Unloading 5148 unused Assets / (13.7 MB). Loaded Objects now: 6536.
Memory consumption went from 133.4 MB to 119.7 MB.
Total: 7.497125 ms (FindLiveObjects: 0.219167 ms CreateObjectMapping: 0.072917 ms MarkObjects: 6.014416 ms  DeleteObjects: 1.190416 ms)

Prepare: number of updated asset objects reloaded= 0
========================================================================
Received Prepare
Refreshing native plugins compatible for Editor in 1.43 ms, found 2 plugins.
Preloading 1 native plugins for Editor in 1.17 ms.
Unloading 43 Unused Serialized files (Serialized files now loaded: 0)
Unloading 5148 unused Assets / (13.8 MB). Loaded Objects now: 6536.
Memory consumption went from 133.4 MB to 119.7 MB.
Total: 7.586459 ms (FindLiveObjects: 0.209666 ms CreateObjectMapping: 0.078334 ms MarkObjects: 6.004833 ms  DeleteObjects: 1.293500 ms)

Prepare: number of updated asset objects reloaded= 0
========================================================================
Received Prepare
Refreshing native plugins compatible for Editor in 1.62 ms, found 2 plugins.
Preloading 1 native plugins for Editor in 1.24 ms.
Unloading 43 Unused Serialized files (Serialized files now loaded: 0)
Unloading 5148 unused Assets / (13.6 MB). Loaded Objects now: 6536.
Memory consumption went from 133.4 MB to 119.8 MB.
Total: 8.847208 ms (FindLiveObjects: 0.232291 ms CreateObjectMapping: 0.086167 ms MarkObjects: 7.325042 ms  DeleteObjects: 1.203500 ms)

Prepare: number of updated asset objects reloaded= 0
========================================================================
Received Prepare
Refreshing native plugins compatible for Editor in 1.47 ms, found 2 plugins.
Preloading 1 native plugins for Editor in 1.17 ms.
Unloading 43 Unused Serialized files (Serialized files now loaded: 0)
Unloading 5148 unused Assets / (13.7 MB). Loaded Objects now: 6536.
Memory consumption went from 133.4 MB to 119.7 MB.
Total: 7.633083 ms (FindLiveObjects: 0.213000 ms CreateObjectMapping: 0.076541 ms MarkObjects: 6.118709 ms  DeleteObjects: 1.224666 ms)

Prepare: number of updated asset objects reloaded= 0
========================================================================
Received Prepare
Refreshing native plugins compatible for Editor in 1.34 ms, found 2 plugins.
Preloading 1 native plugins for Editor in 1.23 ms.
Unloading 43 Unused Serialized files (Serialized files now loaded: 0)
Unloading 5148 unused Assets / (12.1 MB). Loaded Objects now: 6536.
Memory consumption went from 133.4 MB to 121.3 MB.
Total: 7.666417 ms (FindLiveObjects: 0.217292 ms CreateObjectMapping: 0.079375 ms MarkObjects: 6.305708 ms  DeleteObjects: 1.063833 ms)

Prepare: number of updated asset objects reloaded= 0
========================================================================
Received Prepare
Refreshing native plugins compatible for Editor in 1.34 ms, found 2 plugins.
Preloading 1 native plugins for Editor in 1.19 ms.
Unloading 43 Unused Serialized files (Serialized files now loaded: 0)
Unloading 5148 unused Assets / (13.4 MB). Loaded Objects now: 6536.
Memory consumption went from 133.4 MB to 120.1 MB.
Total: 7.687125 ms (FindLiveObjects: 0.204125 ms CreateObjectMapping: 0.073916 ms MarkObjects: 6.376125 ms  DeleteObjects: 1.032750 ms)

Prepare: number of updated asset objects reloaded= 0
========================================================================
Received Prepare
Refreshing native plugins compatible for Editor in 1.57 ms, found 2 plugins.
Preloading 1 native plugins for Editor in 1.24 ms.
Unloading 43 Unused Serialized files (Serialized files now loaded: 0)
Unloading 5148 unused Assets / (13.6 MB). Loaded Objects now: 6536.
Memory consumption went from 133.4 MB to 119.9 MB.
Total: 7.770667 ms (FindLiveObjects: 0.224834 ms CreateObjectMapping: 0.085166 ms MarkObjects: 6.260084 ms  DeleteObjects: 1.200417 ms)

Prepare: number of updated asset objects reloaded= 0
========================================================================
Received Prepare
Begin MonoManager ReloadAssembly
[Licensing::Client] Successfully resolved entitlement details
[Licensing::Module] License group:
  Id: F4-85AS-8ZW6-XMRF-425Z-XXXX
  Product: Unity Personal
  Type: ULF
  Expiration: Unlimited
[Licensing::Module] License group:
  Id: 6872810951280-UnityPersXXXX
  Product: Unity Personal
  Type: Assigned
  Expiration: Unlimited
Thread 0x16b737000 may have been prematurely finalized
Symbol file LoadedFromMemory is not a mono symbol file
Symbol file LoadedFromMemory is not a mono symbol file
- Loaded All Assemblies, in  0.378 seconds
Refreshing native plugins compatible for Editor in 1.35 ms, found 2 plugins.
Native extension for OSXStandalone target not found
Native extension for WebGL target not found
Refreshing native plugins compatible for Editor in 1.37 ms, found 2 plugins.
[Package Manager] Failed to launch server process. Reason: Unity was launched with the -noUpm command-line argument
[Package Manager] Unable to send message (not connected to server process).
[Package Manager] Cannot connect to Unity Package Manager local server
ScheduleIndexationOnStartup MainProcess:False IndexOnStartup:True
Mono: successfully reloaded assembly
- Finished resetting the current domain, in  0.525 seconds
Domain Reload Profiling: 904ms
	BeginReloadAssembly (82ms)
		ExecutionOrderSort (0ms)
		DisableScriptedObjects (3ms)
		BackupInstance (0ms)
		ReleaseScriptingObjects (0ms)
		CreateAndSetChildDomain (24ms)
	RebuildCommonClasses (16ms)
	RebuildNativeTypeToScriptingClass (6ms)
	initialDomainReloadingComplete (22ms)
	LoadAllAssembliesAndSetupDomain (253ms)
		LoadAssemblies (213ms)
		RebuildTransferFunctionScriptingTraits (0ms)
		AnalyzeDomain (69ms)
			TypeCache.Refresh (7ms)
				TypeCache.ScanAssembly (0ms)
			BuildScriptInfoCaches (59ms)
			ResolveRequiredComponents (1ms)
	FinalizeReload (525ms)
		ReleaseScriptCaches (0ms)
		RebuildScriptCaches (0ms)
		SetupLoadedEditorAssemblies (454ms)
			LogAssemblyErrors (0ms)
			InitializePlatformSupportModulesInManaged (1ms)
			SetLoadedEditorAssemblies (2ms)
			BeforeProcessingInitializeOnLoad (126ms)
			ProcessInitializeOnLoadAttributes (213ms)
			ProcessInitializeOnLoadMethodAttributes (111ms)
			AfterProcessingInitializeOnLoad (0ms)
			EditorAssembliesLoaded (0ms)
		ExecutionOrderSort2 (0ms)
		AwakeInstancesAfterBackupRestoration (1ms)
Refreshing native plugins compatible for Editor in 1.54 ms, found 2 plugins.
Preloading 1 native plugins for Editor in 1.21 ms.
Unloading 43 Unused Serialized files (Serialized files now loaded: 0)
Unloading 5193 unused Assets / (14.2 MB). Loaded Objects now: 6540.
Memory consumption went from 145.9 MB to 131.7 MB.
Total: 7.766125 ms (FindLiveObjects: 0.207333 ms CreateObjectMapping: 0.076167 ms MarkObjects: 6.181292 ms  DeleteObjects: 1.301167 ms)

Prepare: number of updated asset objects reloaded= 0
========================================================================
Received Prepare
Refreshing native plugins compatible for Editor in 1.10 ms, found 2 plugins.
Preloading 1 native plugins for Editor in 1.12 ms.
Unloading 43 Unused Serialized files (Serialized files now loaded: 0)
Unloading 5148 unused Assets / (13.7 MB). Loaded Objects now: 6540.
Memory consumption went from 133.4 MB to 119.7 MB.
Total: 7.630959 ms (FindLiveObjects: 0.210375 ms CreateObjectMapping: 0.076584 ms MarkObjects: 6.157042 ms  DeleteObjects: 1.186792 ms)

Prepare: number of updated asset objects reloaded= 0
========================================================================
Received Prepare
Begin MonoManager ReloadAssembly
Thread 0x16b737000 may have been prematurely finalized
Symbol file LoadedFromMemory is not a mono symbol file
Symbol file LoadedFromMemory is not a mono symbol file
- Loaded All Assemblies, in  0.373 seconds
Refreshing native plugins compatible for Editor in 1.38 ms, found 2 plugins.
Native extension for OSXStandalone target not found
Native extension for WebGL target not found
Refreshing native plugins compatible for Editor in 1.15 ms, found 2 plugins.
[Package Manager] Failed to launch server process. Reason: Unity was launched with the -noUpm command-line argument
[Package Manager] Unable to send message (not connected to server process).
[Package Manager] Cannot connect to Unity Package Manager local server
ScheduleIndexationOnStartup MainProcess:False IndexOnStartup:True
Mono: successfully reloaded assembly
- Finished resetting the current domain, in  0.528 seconds
Domain Reload Profiling: 902ms
	BeginReloadAssembly (78ms)
		ExecutionOrderSort (0ms)
		DisableScriptedObjects (3ms)
		BackupInstance (0ms)
		ReleaseScriptingObjects (0ms)
		CreateAndSetChildDomain (24ms)
	RebuildCommonClasses (16ms)
	RebuildNativeTypeToScriptingClass (6ms)
	initialDomainReloadingComplete (20ms)
	LoadAllAssembliesAndSetupDomain (254ms)
		LoadAssemblies (212ms)
		RebuildTransferFunctionScriptingTraits (0ms)
		AnalyzeDomain (66ms)
			TypeCache.Refresh (7ms)
				TypeCache.ScanAssembly (0ms)
			BuildScriptInfoCaches (57ms)
			ResolveRequiredComponents (1ms)
	FinalizeReload (528ms)
		ReleaseScriptCaches (0ms)
		RebuildScriptCaches (0ms)
		SetupLoadedEditorAssemblies (455ms)
			LogAssemblyErrors (0ms)
			InitializePlatformSupportModulesInManaged (1ms)
			SetLoadedEditorAssemblies (2ms)
			BeforeProcessingInitializeOnLoad (131ms)
			ProcessInitializeOnLoadAttributes (211ms)
			ProcessInitializeOnLoadMethodAttributes (110ms)
			AfterProcessingInitializeOnLoad (1ms)
			EditorAssembliesLoaded (0ms)
		ExecutionOrderSort2 (0ms)
		AwakeInstancesAfterBackupRestoration (1ms)
Refreshing native plugins compatible for Editor in 1.37 ms, found 2 plugins.
Preloading 1 native plugins for Editor in 1.22 ms.
Unloading 43 Unused Serialized files (Serialized files now loaded: 0)
Unloading 5193 unused Assets / (13.8 MB). Loaded Objects now: 6544.
Memory consumption went from 145.9 MB to 132.1 MB.
Total: 7.726875 ms (FindLiveObjects: 0.212042 ms CreateObjectMapping: 0.079833 ms MarkObjects: 6.166958 ms  DeleteObjects: 1.267667 ms)

Prepare: number of updated asset objects reloaded= 0
========================================================================
Received Prepare
Refreshing native plugins compatible for Editor in 1.54 ms, found 2 plugins.
Preloading 1 native plugins for Editor in 1.19 ms.
Unloading 43 Unused Serialized files (Serialized files now loaded: 0)
Unloading 5148 unused Assets / (13.7 MB). Loaded Objects now: 6544.
Memory consumption went from 133.5 MB to 119.8 MB.
Total: 7.706709 ms (FindLiveObjects: 0.209042 ms CreateObjectMapping: 0.078708 ms MarkObjects: 6.242792 ms  DeleteObjects: 1.176083 ms)

Prepare: number of updated asset objects reloaded= 0
========================================================================
Received Prepare
Begin MonoManager ReloadAssembly
Thread 0x16b737000 may have been prematurely finalized
Symbol file LoadedFromMemory is not a mono symbol file
Symbol file LoadedFromMemory is not a mono symbol file
- Loaded All Assemblies, in  0.336 seconds
Refreshing native plugins compatible for Editor in 1.10 ms, found 2 plugins.
Native extension for OSXStandalone target not found
Native extension for WebGL target not found
Refreshing native plugins compatible for Editor in 1.49 ms, found 2 plugins.
[Package Manager] Failed to launch server process. Reason: Unity was launched with the -noUpm command-line argument
[Package Manager] Unable to send message (not connected to server process).
[Package Manager] Cannot connect to Unity Package Manager local server
ScheduleIndexationOnStartup MainProcess:False IndexOnStartup:True
Mono: successfully reloaded assembly
- Finished resetting the current domain, in  0.533 seconds
Domain Reload Profiling: 870ms
	BeginReloadAssembly (72ms)
		ExecutionOrderSort (0ms)
		DisableScriptedObjects (3ms)
		BackupInstance (0ms)
		ReleaseScriptingObjects (0ms)
		CreateAndSetChildDomain (22ms)
	RebuildCommonClasses (15ms)
	RebuildNativeTypeToScriptingClass (6ms)
	initialDomainReloadingComplete (20ms)
	LoadAllAssembliesAndSetupDomain (223ms)
		LoadAssemblies (177ms)
		RebuildTransferFunctionScriptingTraits (0ms)
		AnalyzeDomain (67ms)
			TypeCache.Refresh (6ms)
				TypeCache.ScanAssembly (0ms)
			BuildScriptInfoCaches (58ms)
			ResolveRequiredComponents (1ms)
	FinalizeReload (533ms)
		ReleaseScriptCaches (0ms)
		RebuildScriptCaches (0ms)
		SetupLoadedEditorAssemblies (463ms)
			LogAssemblyErrors (0ms)
			InitializePlatformSupportModulesInManaged (1ms)
			SetLoadedEditorAssemblies (2ms)
			BeforeProcessingInitializeOnLoad (129ms)
			ProcessInitializeOnLoadAttributes (218ms)
			ProcessInitializeOnLoadMethodAttributes (112ms)
			AfterProcessingInitializeOnLoad (0ms)
			EditorAssembliesLoaded (0ms)
		ExecutionOrderSort2 (0ms)
		AwakeInstancesAfterBackupRestoration (1ms)
Refreshing native plugins compatible for Editor in 1.40 ms, found 2 plugins.
Preloading 1 native plugins for Editor in 1.18 ms.
Unloading 43 Unused Serialized files (Serialized files now loaded: 0)
Unloading 5193 unused Assets / (13.8 MB). Loaded Objects now: 6548.
Memory consumption went from 145.9 MB to 132.1 MB.
Total: 7.632584 ms (FindLiveObjects: 0.203875 ms CreateObjectMapping: 0.080542 ms MarkObjects: 6.131750 ms  DeleteObjects: 1.216000 ms)

Prepare: number of updated asset objects reloaded= 0
========================================================================
Received Prepare
Refreshing native plugins compatible for Editor in 1.44 ms, found 2 plugins.
Preloading 1 native plugins for Editor in 1.19 ms.
Unloading 43 Unused Serialized files (Serialized files now loaded: 0)
Unloading 5148 unused Assets / (14.2 MB). Loaded Objects now: 6548.
Memory consumption went from 133.5 MB to 119.2 MB.
Total: 8.428625 ms (FindLiveObjects: 0.221042 ms CreateObjectMapping: 0.082416 ms MarkObjects: 6.793167 ms  DeleteObjects: 1.331875 ms)

Prepare: number of updated asset objects reloaded= 0
========================================================================
Received Prepare
Begin MonoManager ReloadAssembly
[Licensing::Client] Successfully resolved entitlement details
[Licensing::Module] License group:
  Id: F4-85AS-8ZW6-XMRF-425Z-XXXX
  Product: Unity Personal
  Type: ULF
  Expiration: Unlimited
[Licensing::Module] License group:
  Id: 6872810951280-UnityPersXXXX
  Product: Unity Personal
  Type: Assigned
  Expiration: Unlimited
Thread 0x16b737000 may have been prematurely finalized
Symbol file LoadedFromMemory is not a mono symbol file
Symbol file LoadedFromMemory is not a mono symbol file
- Loaded All Assemblies, in  0.355 seconds
Refreshing native plugins compatible for Editor in 1.15 ms, found 2 plugins.
Native extension for OSXStandalone target not found
Native extension for WebGL target not found
Refreshing native plugins compatible for Editor in 1.17 ms, found 2 plugins.
[Package Manager] Failed to launch server process. Reason: Unity was launched with the -noUpm command-line argument
[Package Manager] Unable to send message (not connected to server process).
[Package Manager] Cannot connect to Unity Package Manager local server
ScheduleIndexationOnStartup MainProcess:False IndexOnStartup:True
Mono: successfully reloaded assembly
- Finished resetting the current domain, in  0.521 seconds
Domain Reload Profiling: 877ms
	BeginReloadAssembly (77ms)
		ExecutionOrderSort (0ms)
		DisableScriptedObjects (3ms)
		BackupInstance (0ms)
		ReleaseScriptingObjects (0ms)
		CreateAndSetChildDomain (23ms)
	RebuildCommonClasses (16ms)
	RebuildNativeTypeToScriptingClass (6ms)
	initialDomainReloadingComplete (20ms)
	LoadAllAssembliesAndSetupDomain (237ms)
		LoadAssemblies (195ms)
		RebuildTransferFunctionScriptingTraits (0ms)
		AnalyzeDomain (67ms)
			TypeCache.Refresh (7ms)
				TypeCache.ScanAssembly (0ms)
			BuildScriptInfoCaches (57ms)
			ResolveRequiredComponents (1ms)
	FinalizeReload (521ms)
		ReleaseScriptCaches (0ms)
		RebuildScriptCaches (0ms)
		SetupLoadedEditorAssemblies (451ms)
			LogAssemblyErrors (0ms)
			InitializePlatformSupportModulesInManaged (1ms)
			SetLoadedEditorAssemblies (2ms)
			BeforeProcessingInitializeOnLoad (129ms)
			ProcessInitializeOnLoadAttributes (210ms)
			ProcessInitializeOnLoadMethodAttributes (109ms)
			AfterProcessingInitializeOnLoad (1ms)
			EditorAssembliesLoaded (0ms)
		ExecutionOrderSort2 (0ms)
		AwakeInstancesAfterBackupRestoration (1ms)
Refreshing native plugins compatible for Editor in 1.22 ms, found 2 plugins.
Preloading 1 native plugins for Editor in 1.17 ms.
Unloading 43 Unused Serialized files (Serialized files now loaded: 0)
Unloading 5193 unused Assets / (12.8 MB). Loaded Objects now: 6552.
Memory consumption went from 145.9 MB to 133.1 MB.
Total: 8.067042 ms (FindLiveObjects: 0.213041 ms CreateObjectMapping: 0.083292 ms MarkObjects: 6.503583 ms  DeleteObjects: 1.266792 ms)

Prepare: number of updated asset objects reloaded= 0
========================================================================
Received Prepare
Refreshing native plugins compatible for Editor in 0.96 ms, found 2 plugins.
Preloading 1 native plugins for Editor in 1.13 ms.
Unloading 43 Unused Serialized files (Serialized files now loaded: 0)
Unloading 5148 unused Assets / (13.6 MB). Loaded Objects now: 6552.
Memory consumption went from 133.5 MB to 119.9 MB.
Total: 7.660084 ms (FindLiveObjects: 0.195250 ms CreateObjectMapping: 0.115042 ms MarkObjects: 6.326958 ms  DeleteObjects: 1.022625 ms)

Prepare: number of updated asset objects reloaded= 0
========================================================================
Received Prepare
Begin MonoManager ReloadAssembly
Thread 0x16b737000 may have been prematurely finalized
Symbol file LoadedFromMemory is not a mono symbol file
Symbol file LoadedFromMemory is not a mono symbol file
- Loaded All Assemblies, in  0.351 seconds
Refreshing native plugins compatible for Editor in 1.56 ms, found 2 plugins.
Native extension for OSXStandalone target not found
Native extension for WebGL target not found
Refreshing native plugins compatible for Editor in 1.03 ms, found 2 plugins.
[Package Manager] Failed to launch server process. Reason: Unity was launched with the -noUpm command-line argument
[Package Manager] Unable to send message (not connected to server process).
[Package Manager] Cannot connect to Unity Package Manager local server
ScheduleIndexationOnStartup MainProcess:False IndexOnStartup:True
Mono: successfully reloaded assembly
- Finished resetting the current domain, in  0.529 seconds
Domain Reload Profiling: 881ms
	BeginReloadAssembly (75ms)
		ExecutionOrderSort (0ms)
		DisableScriptedObjects (3ms)
		BackupInstance (0ms)
		ReleaseScriptingObjects (0ms)
		CreateAndSetChildDomain (23ms)
	RebuildCommonClasses (16ms)
	RebuildNativeTypeToScriptingClass (6ms)
	initialDomainReloadingComplete (20ms)
	LoadAllAssembliesAndSetupDomain (235ms)
		LoadAssemblies (193ms)
		RebuildTransferFunctionScriptingTraits (0ms)
		AnalyzeDomain (66ms)
			TypeCache.Refresh (6ms)
				TypeCache.ScanAssembly (0ms)
			BuildScriptInfoCaches (56ms)
			ResolveRequiredComponents (1ms)
	FinalizeReload (529ms)
		ReleaseScriptCaches (0ms)
		RebuildScriptCaches (0ms)
		SetupLoadedEditorAssemblies (457ms)
			LogAssemblyErrors (0ms)
			InitializePlatformSupportModulesInManaged (1ms)
			SetLoadedEditorAssemblies (2ms)
			BeforeProcessingInitializeOnLoad (129ms)
			ProcessInitializeOnLoadAttributes (214ms)
			ProcessInitializeOnLoadMethodAttributes (110ms)
			AfterProcessingInitializeOnLoad (1ms)
			EditorAssembliesLoaded (0ms)
		ExecutionOrderSort2 (0ms)
		AwakeInstancesAfterBackupRestoration (1ms)
Refreshing native plugins compatible for Editor in 1.37 ms, found 2 plugins.
Preloading 1 native plugins for Editor in 1.17 ms.
Unloading 43 Unused Serialized files (Serialized files now loaded: 0)
Unloading 5193 unused Assets / (14.3 MB). Loaded Objects now: 6556.
Memory consumption went from 145.9 MB to 131.6 MB.
Total: 7.891958 ms (FindLiveObjects: 0.231208 ms CreateObjectMapping: 0.134958 ms MarkObjects: 6.182125 ms  DeleteObjects: 1.343250 ms)

Prepare: number of updated asset objects reloaded= 0
========================================================================
Received Prepare
Refreshing native plugins compatible for Editor in 1.17 ms, found 2 plugins.
Preloading 1 native plugins for Editor in 1.18 ms.
Unloading 43 Unused Serialized files (Serialized files now loaded: 0)
Unloading 5148 unused Assets / (14.1 MB). Loaded Objects now: 6556.
Memory consumption went from 133.5 MB to 119.4 MB.
Total: 7.723834 ms (FindLiveObjects: 0.192042 ms CreateObjectMapping: 0.080916 ms MarkObjects: 6.206959 ms  DeleteObjects: 1.243667 ms)

Prepare: number of updated asset objects reloaded= 0
========================================================================
Received Prepare
Begin MonoManager ReloadAssembly
Thread 0x16b737000 may have been prematurely finalized
Symbol file LoadedFromMemory is not a mono symbol file
Symbol file LoadedFromMemory is not a mono symbol file
- Loaded All Assemblies, in  0.328 seconds
Refreshing native plugins compatible for Editor in 1.31 ms, found 2 plugins.
Native extension for OSXStandalone target not found
Native extension for WebGL target not found
Refreshing native plugins compatible for Editor in 1.30 ms, found 2 plugins.
[Package Manager] Failed to launch server process. Reason: Unity was launched with the -noUpm command-line argument
[Package Manager] Unable to send message (not connected to server process).
[Package Manager] Cannot connect to Unity Package Manager local server
ScheduleIndexationOnStartup MainProcess:False IndexOnStartup:True
Mono: successfully reloaded assembly
- Finished resetting the current domain, in  0.524 seconds
Domain Reload Profiling: 853ms
	BeginReloadAssembly (72ms)
		ExecutionOrderSort (0ms)
		DisableScriptedObjects (3ms)
		BackupInstance (0ms)
		ReleaseScriptingObjects (0ms)
		CreateAndSetChildDomain (22ms)
	RebuildCommonClasses (16ms)
	RebuildNativeTypeToScriptingClass (6ms)
	initialDomainReloadingComplete (21ms)
	LoadAllAssembliesAndSetupDomain (215ms)
		LoadAssemblies (172ms)
		RebuildTransferFunctionScriptingTraits (0ms)
		AnalyzeDomain (65ms)
			TypeCache.Refresh (6ms)
				TypeCache.ScanAssembly (0ms)
			BuildScriptInfoCaches (57ms)
			ResolveRequiredComponents (1ms)
	FinalizeReload (524ms)
		ReleaseScriptCaches (0ms)
		RebuildScriptCaches (0ms)
		SetupLoadedEditorAssemblies (454ms)
			LogAssemblyErrors (0ms)
			InitializePlatformSupportModulesInManaged (1ms)
			SetLoadedEditorAssemblies (2ms)
			BeforeProcessingInitializeOnLoad (133ms)
			ProcessInitializeOnLoadAttributes (213ms)
			ProcessInitializeOnLoadMethodAttributes (105ms)
			AfterProcessingInitializeOnLoad (1ms)
			EditorAssembliesLoaded (0ms)
		ExecutionOrderSort2 (0ms)
		AwakeInstancesAfterBackupRestoration (1ms)
Refreshing native plugins compatible for Editor in 1.21 ms, found 2 plugins.
Preloading 1 native plugins for Editor in 1.18 ms.
Unloading 43 Unused Serialized files (Serialized files now loaded: 0)
Unloading 5193 unused Assets / (13.6 MB). Loaded Objects now: 6560.
Memory consumption went from 145.9 MB to 132.3 MB.
Total: 7.561959 ms (FindLiveObjects: 0.190583 ms CreateObjectMapping: 0.081208 ms MarkObjects: 6.136500 ms  DeleteObjects: 1.153208 ms)

Prepare: number of updated asset objects reloaded= 0
========================================================================
Received Prepare
Refreshing native plugins compatible for Editor in 1.52 ms, found 2 plugins.
Preloading 1 native plugins for Editor in 1.17 ms.
Unloading 43 Unused Serialized files (Serialized files now loaded: 0)
Unloading 5148 unused Assets / (13.7 MB). Loaded Objects now: 6560.
Memory consumption went from 133.5 MB to 119.8 MB.
Total: 7.667500 ms (FindLiveObjects: 0.213208 ms CreateObjectMapping: 0.083666 ms MarkObjects: 6.167709 ms  DeleteObjects: 1.202584 ms)

Prepare: number of updated asset objects reloaded= 0
========================================================================
Received Prepare
Begin MonoManager ReloadAssembly
[Licensing::Client] Successfully resolved entitlement details
[Licensing::Module] License group:
  Id: F4-85AS-8ZW6-XMRF-425Z-XXXX
  Product: Unity Personal
  Type: ULF
  Expiration: Unlimited
[Licensing::Module] License group:
  Id: 6872810951280-UnityPersXXXX
  Product: Unity Personal
  Type: Assigned
  Expiration: Unlimited
Thread 0x16b737000 may have been prematurely finalized
Symbol file LoadedFromMemory is not a mono symbol file
Symbol file LoadedFromMemory is not a mono symbol file
- Loaded All Assemblies, in  0.324 seconds
Refreshing native plugins compatible for Editor in 1.12 ms, found 2 plugins.
Native extension for OSXStandalone target not found
Native extension for WebGL target not found
Refreshing native plugins compatible for Editor in 1.02 ms, found 2 plugins.
[Package Manager] Failed to launch server process. Reason: Unity was launched with the -noUpm command-line argument
[Package Manager] Unable to send message (not connected to server process).
[Package Manager] Cannot connect to Unity Package Manager local server
ScheduleIndexationOnStartup MainProcess:False IndexOnStartup:True
Mono: successfully reloaded assembly
- Finished resetting the current domain, in  0.527 seconds
Domain Reload Profiling: 852ms
	BeginReloadAssembly (72ms)
		ExecutionOrderSort (0ms)
		DisableScriptedObjects (3ms)
		BackupInstance (0ms)
		ReleaseScriptingObjects (0ms)
		CreateAndSetChildDomain (22ms)
	RebuildCommonClasses (15ms)
	RebuildNativeTypeToScriptingClass (6ms)
	initialDomainReloadingComplete (20ms)
	LoadAllAssembliesAndSetupDomain (212ms)
		LoadAssemblies (168ms)
		RebuildTransferFunctionScriptingTraits (0ms)
		AnalyzeDomain (65ms)
			TypeCache.Refresh (6ms)
				TypeCache.ScanAssembly (0ms)
			BuildScriptInfoCaches (56ms)
			ResolveRequiredComponents (1ms)
	FinalizeReload (527ms)
		ReleaseScriptCaches (0ms)
		RebuildScriptCaches (0ms)
		SetupLoadedEditorAssemblies (455ms)
			LogAssemblyErrors (0ms)
			InitializePlatformSupportModulesInManaged (1ms)
			SetLoadedEditorAssemblies (2ms)
			BeforeProcessingInitializeOnLoad (130ms)
			ProcessInitializeOnLoadAttributes (211ms)
			ProcessInitializeOnLoadMethodAttributes (110ms)
			AfterProcessingInitializeOnLoad (1ms)
			EditorAssembliesLoaded (0ms)
		ExecutionOrderSort2 (0ms)
		AwakeInstancesAfterBackupRestoration (1ms)
Refreshing native plugins compatible for Editor in 1.40 ms, found 2 plugins.
Preloading 1 native plugins for Editor in 1.19 ms.
Unloading 43 Unused Serialized files (Serialized files now loaded: 0)
Unloading 5193 unused Assets / (13.6 MB). Loaded Objects now: 6564.
Memory consumption went from 145.9 MB to 132.3 MB.
Total: 8.271583 ms (FindLiveObjects: 0.214667 ms CreateObjectMapping: 0.083750 ms MarkObjects: 6.666542 ms  DeleteObjects: 1.306458 ms)

Prepare: number of updated asset objects reloaded= 0
========================================================================
Received Prepare
Begin MonoManager ReloadAssembly
[Licensing::Client] Successfully resolved entitlement details
[Licensing::Module] License group:
  Id: F4-85AS-8ZW6-XMRF-425Z-XXXX
  Product: Unity Personal
  Type: ULF
  Expiration: Unlimited
[Licensing::Module] License group:
  Id: 6872810951280-UnityPersXXXX
  Product: Unity Personal
  Type: Assigned
  Expiration: Unlimited
Thread 0x16b737000 may have been prematurely finalized
Symbol file LoadedFromMemory is not a mono symbol file
Symbol file LoadedFromMemory is not a mono symbol file
- Loaded All Assemblies, in  0.472 seconds
Refreshing native plugins compatible for Editor in 1.75 ms, found 2 plugins.
Native extension for OSXStandalone target not found
Native extension for WebGL target not found
Refreshing native plugins compatible for Editor in 1.18 ms, found 2 plugins.
[Package Manager] Failed to launch server process. Reason: Unity was launched with the -noUpm command-line argument
[Package Manager] Unable to send message (not connected to server process).
[Package Manager] Cannot connect to Unity Package Manager local server
ScheduleIndexationOnStartup MainProcess:False IndexOnStartup:True
Mono: successfully reloaded assembly
- Finished resetting the current domain, in  0.531 seconds
Domain Reload Profiling: 1006ms
	BeginReloadAssembly (156ms)
		ExecutionOrderSort (0ms)
		DisableScriptedObjects (6ms)
		BackupInstance (0ms)
		ReleaseScriptingObjects (0ms)
		CreateAndSetChildDomain (63ms)
	RebuildCommonClasses (16ms)
	RebuildNativeTypeToScriptingClass (6ms)
	initialDomainReloadingComplete (26ms)
	LoadAllAssembliesAndSetupDomain (270ms)
		LoadAssemblies (245ms)
		RebuildTransferFunctionScriptingTraits (0ms)
		AnalyzeDomain (70ms)
			TypeCache.Refresh (6ms)
				TypeCache.ScanAssembly (0ms)
			BuildScriptInfoCaches (61ms)
			ResolveRequiredComponents (1ms)
	FinalizeReload (532ms)
		ReleaseScriptCaches (0ms)
		RebuildScriptCaches (0ms)
		SetupLoadedEditorAssemblies (460ms)
			LogAssemblyErrors (0ms)
			InitializePlatformSupportModulesInManaged (1ms)
			SetLoadedEditorAssemblies (2ms)
			BeforeProcessingInitializeOnLoad (128ms)
			ProcessInitializeOnLoadAttributes (211ms)
			ProcessInitializeOnLoadMethodAttributes (117ms)
			AfterProcessingInitializeOnLoad (0ms)
			EditorAssembliesLoaded (0ms)
		ExecutionOrderSort2 (0ms)
		AwakeInstancesAfterBackupRestoration (1ms)
Refreshing native plugins compatible for Editor in 1.64 ms, found 2 plugins.
Preloading 1 native plugins for Editor in 1.23 ms.
Unloading 43 Unused Serialized files (Serialized files now loaded: 0)
Unloading 5193 unused Assets / (13.5 MB). Loaded Objects now: 6568.
Memory consumption went from 145.9 MB to 132.5 MB.
Total: 8.265917 ms (FindLiveObjects: 0.216000 ms CreateObjectMapping: 0.086625 ms MarkObjects: 6.675042 ms  DeleteObjects: 1.288083 ms)

Prepare: number of updated asset objects reloaded= 0
========================================================================
Received Prepare
Begin MonoManager ReloadAssembly
[Licensing::Client] Successfully resolved entitlement details
[Licensing::Module] License group:
  Id: F4-85AS-8ZW6-XMRF-425Z-XXXX
  Product: Unity Personal
  Type: ULF
  Expiration: Unlimited
[Licensing::Module] License group:
  Id: 6872810951280-UnityPersXXXX
  Product: Unity Personal
  Type: Assigned
  Expiration: Unlimited
Thread 0x16b737000 may have been prematurely finalized
Symbol file LoadedFromMemory is not a mono symbol file
Symbol file LoadedFromMemory is not a mono symbol file
- Loaded All Assemblies, in  0.383 seconds
Refreshing native plugins compatible for Editor in 0.92 ms, found 2 plugins.
Native extension for OSXStandalone target not found
Native extension for WebGL target not found
Refreshing native plugins compatible for Editor in 1.03 ms, found 2 plugins.
[Package Manager] Failed to launch server process. Reason: Unity was launched with the -noUpm command-line argument
[Package Manager] Unable to send message (not connected to server process).
[Package Manager] Cannot connect to Unity Package Manager local server
ScheduleIndexationOnStartup MainProcess:False IndexOnStartup:True
Mono: successfully reloaded assembly
- Finished resetting the current domain, in  0.521 seconds
Domain Reload Profiling: 906ms
	BeginReloadAssembly (74ms)
		ExecutionOrderSort (0ms)
		DisableScriptedObjects (3ms)
		BackupInstance (0ms)
		ReleaseScriptingObjects (0ms)
		CreateAndSetChildDomain (23ms)
	RebuildCommonClasses (16ms)
	RebuildNativeTypeToScriptingClass (6ms)
	initialDomainReloadingComplete (21ms)
	LoadAllAssembliesAndSetupDomain (268ms)
		LoadAssemblies (223ms)
		RebuildTransferFunctionScriptingTraits (0ms)
		AnalyzeDomain (67ms)
			TypeCache.Refresh (6ms)
				TypeCache.ScanAssembly (0ms)
			BuildScriptInfoCaches (58ms)
			ResolveRequiredComponents (1ms)
	FinalizeReload (521ms)
		ReleaseScriptCaches (0ms)
		RebuildScriptCaches (0ms)
		SetupLoadedEditorAssemblies (449ms)
			LogAssemblyErrors (0ms)
			InitializePlatformSupportModulesInManaged (1ms)
			SetLoadedEditorAssemblies (2ms)
			BeforeProcessingInitializeOnLoad (126ms)
			ProcessInitializeOnLoadAttributes (207ms)
			ProcessInitializeOnLoadMethodAttributes (113ms)
			AfterProcessingInitializeOnLoad (0ms)
			EditorAssembliesLoaded (0ms)
		ExecutionOrderSort2 (0ms)
		AwakeInstancesAfterBackupRestoration (1ms)
Refreshing native plugins compatible for Editor in 1.84 ms, found 2 plugins.
Preloading 1 native plugins for Editor in 1.25 ms.
Unloading 43 Unused Serialized files (Serialized files now loaded: 0)
Unloading 5193 unused Assets / (13.4 MB). Loaded Objects now: 6572.
Memory consumption went from 145.9 MB to 132.5 MB.
Total: 8.358917 ms (FindLiveObjects: 0.214541 ms CreateObjectMapping: 0.158750 ms MarkObjects: 6.631750 ms  DeleteObjects: 1.353583 ms)

Prepare: number of updated asset objects reloaded= 0
