Unity Editor version:    6000.3.10f1 (e35f0c77bd8e)
Branch:                  6000.3/staging
Build type:              Release
Batch mode:              YES
macOS version:           Version 26.3 (Build 25D125)
Darwin version:          25.3.0
Architecture:            arm64
Running under Rosetta:   NO
Available memory:        24576 MB
Date:                    2026-05-17T19:25:59Z
[Licensing::Module] Trying to connect to existing licensing client channel...
[Licensing::IpcConnector] Successfully connected to: "LicenseClient-ivanopiredda90" at "2026-05-17T19:25:59.294199Z"

COMMAND LINE ARGUMENTS:
/Applications/Unity/Hub/Editor/6000.3.10f1/Unity.app/Contents/MacOS/Unity
-adb2
-batchMode
-noUpm
-name
AssetImportWorker0
-projectPath
/Users/ivanopiredda90/Desktop/TheRoyalGameOfUr3D
-logFile
Logs/AssetImportWorker0.log
-srvPort
62139
-licensingIpc
LicenseClient-ivanopiredda90
-job-worker-count
4
-background-job-worker-count
8
-gc-helper-count
1
-name AssetImport
Successfully changed project path to: /Users/ivanopiredda90/Desktop/TheRoyalGameOfUr3D
/Users/ivanopiredda90/Desktop/TheRoyalGameOfUr3D
[UnityMemory] Configuration Parameters - Can be set up in boot.config
    "memorysetup-allocator-temp-initial-block-size-main=262144"
    "memorysetup-allocator-temp-initial-block-size-worker=262144"
    "memorysetup-temp-allocator-size-background-worker=32768"
    "memorysetup-temp-allocator-size-job-worker=262144"
    "memorysetup-temp-allocator-size-preload-manager=33554432"
    "memorysetup-temp-allocator-size-nav-mesh-worker=65536"
    "memorysetup-temp-allocator-size-audio-worker=65536"
    "memorysetup-temp-allocator-size-cloud-worker=32768"
    "memorysetup-bucket-allocator-granularity=16"
    "memorysetup-bucket-allocator-bucket-count=8"
    "memorysetup-bucket-allocator-block-size=33554432"
    "memorysetup-bucket-allocator-block-count=8"
    "memorysetup-main-allocator-block-size=16777216"
    "memorysetup-thread-allocator-block-size=16777216"
    "memorysetup-gfx-main-allocator-block-size=16777216"
    "memorysetup-gfx-thread-allocator-block-size=16777216"
    "memorysetup-cache-allocator-block-size=4194304"
    "memorysetup-typetree-allocator-block-size=2097152"
    "memorysetup-profiler-bucket-allocator-granularity=16"
    "memorysetup-profiler-bucket-allocator-bucket-count=8"
    "memorysetup-profiler-bucket-allocator-block-size=33554432"
    "memorysetup-profiler-bucket-allocator-block-count=8"
    "memorysetup-profiler-allocator-block-size=16777216"
    "memorysetup-profiler-editor-allocator-block-size=1048576"
    "memorysetup-temp-allocator-size-main=16777216"
    "memorysetup-job-temp-allocator-block-size=2097152"
    "memorysetup-job-temp-allocator-block-size-background=1048576"
    "memorysetup-job-temp-allocator-reduction-small-platforms=262144"
    "memorysetup-temp-allocator-size-gi-baking-worker=262144"
    "memorysetup-temp-allocator-size-gi-baking-worker=262144"
    "memorysetup-temp-allocator-size-gi-baking-worker=262144"
    "memorysetup-temp-allocator-size-gi-baking-worker=262144"
    "memorysetup-temp-allocator-size-gi-baking-worker=262144"
    "memorysetup-temp-allocator-size-gfx=262144"
Player connection [8458334336]  Target information:

Player connection [8458334336]  * "[IP] 192.168.1.63 [Port] 0 [Flags] 2 [Guid] 1331118456 [EditorId] 1331118456 [Version] 1048832 [Id] OSXEditor(0,MacBook-Pro.local) [Debug] 1 [PackageName] OSXEditor [ProjectName] Editor" 

Player connection [8458334336] Host joined multi-casting on [225.0.0.222:54997]...
Player connection [8458334336] Host joined alternative multi-casting on [225.0.0.222:34997]...
JobSystem: Creating JobQueue using job-worker-count value 4
Input System module state changed to: Initialized.
[Physics::Module] Initialized fallback backend.
[Physics::Module] Id: 0xdecafbad
Library Redirect Path: Library/
[Physics::Module] Selected backend.
[Physics::Module] Name: PhysX
[Physics::Module] Id: 0xf2b8ea05
[Physics::Module] SDK Version: 4.1.2
[Physics::Module] Integration Version: 1.0.0
[Physics::Module] Threading Mode: Multi-Threaded
Refreshing native plugins compatible for Editor in 2.01 ms, found 2 plugins.
Preloading 1 native plugins for Editor in 2.23 ms.
Initialize engine version: 6000.3.10f1 (e35f0c77bd8e)
[Subsystems] Discovering subsystems at path /Applications/Unity/Hub/Editor/6000.3.10f1/Unity.app/Contents/Resources/UnitySubsystems
[Subsystems] Discovering subsystems at path /Users/ivanopiredda90/Desktop/TheRoyalGameOfUr3D/Assets
GfxDevice: creating device client; kGfxThreadingModeNonThreaded
 preferred device: Apple M5 (high power)
Metal devices available: 1
0: Apple M5 (high power)
Using device Apple M5 (high power)
Initializing Metal device caps: Apple M5
Mac GPU Family: 2
Apple GPU Family: 9
MSL Version: 3.0
Has Float MSAA: 1
Has Float Filtering: 1
ReadWrite Texture Tier: 2
Initialize mono
Mono path[0] = '/Applications/Unity/Hub/Editor/6000.3.10f1/Unity.app/Contents/Resources/Scripting/Managed'
Mono path[1] = '/Applications/Unity/Hub/Editor/6000.3.10f1/Unity.app/Contents/Resources/Scripting/MonoBleedingEdge/lib/mono/unityjit-macos'
Mono config path = '/Applications/Unity/Hub/Editor/6000.3.10f1/Unity.app/Contents/Resources/Scripting/MonoBleedingEdge/etc'
Using monoOptions --debugger-agent=transport=dt_socket,embedding=1,server=y,suspend=n,address=127.0.0.1:56589
Begin MonoManager ReloadAssembly
Registering precompiled unity dll's ...
Register platform support module: /Applications/Unity/Hub/Editor/6000.3.10f1/PlaybackEngines/WebGLSupport/UnityEditor.WebGL.Extensions.dll
Register platform support module: /Applications/Unity/Hub/Editor/6000.3.10f1/Unity.app/Contents/PlaybackEngines/MacStandaloneSupport/UnityEditor.OSXStandalone.Extensions.dll
Registered in 0.000404 seconds.
[Licensing::Client] Handshaking with LicensingClient:
  Version:                 1.17.4+4293ba1
  Session Id:              647a5a09c7c14eacbd87a408f615f4b8
  Correlation Id:          b87b21f6c54bd388c5c6f91c52ca74df
  External correlation Id: 2986366587757859792
  Machine Id:              yOme4EDk+YvHUsEe7+5+3MQuzwI=
[Licensing::Module] Successfully connected to LicensingClient on channel: "LicenseClient-ivanopiredda90" (connect: 0.00s, validation: 0.00s, handshake: 0.38s)
[Licensing::IpcConnector] Successfully connected to: "LicenseClient-ivanopiredda90-notifications" at "2026-05-17T19:25:59.678508Z"
[Licensing::Module] Licensing Background thread has ended after 0.38s
- Loaded All Assemblies, in  0.155 seconds
Native extension for OSXStandalone target not found
Native extension for WebGL target not found
ScheduleIndexationOnStartup MainProcess:False IndexOnStartup:True
Mono: successfully reloaded assembly
- Finished resetting the current domain, in  0.191 seconds
Domain Reload Profiling: 347ms
	BeginReloadAssembly (37ms)
		ExecutionOrderSort (0ms)
		DisableScriptedObjects (0ms)
		BackupInstance (0ms)
		ReleaseScriptingObjects (0ms)
		CreateAndSetChildDomain (0ms)
	RebuildCommonClasses (16ms)
	RebuildNativeTypeToScriptingClass (6ms)
	initialDomainReloadingComplete (18ms)
	LoadAllAssembliesAndSetupDomain (78ms)
		LoadAssemblies (37ms)
		RebuildTransferFunctionScriptingTraits (0ms)
		AnalyzeDomain (77ms)
			TypeCache.Refresh (76ms)
				TypeCache.ScanAssembly (70ms)
			BuildScriptInfoCaches (0ms)
			ResolveRequiredComponents (0ms)
	FinalizeReload (192ms)
		ReleaseScriptCaches (0ms)
		RebuildScriptCaches (0ms)
		SetupLoadedEditorAssemblies (170ms)
			LogAssemblyErrors (0ms)
			InitializePlatformSupportModulesInManaged (22ms)
			SetLoadedEditorAssemblies (2ms)
			BeforeProcessingInitializeOnLoad (46ms)
			ProcessInitializeOnLoadAttributes (70ms)
			ProcessInitializeOnLoadMethodAttributes (32ms)
			AfterProcessingInitializeOnLoad (0ms)
			EditorAssembliesLoaded (0ms)
		ExecutionOrderSort2 (0ms)
		AwakeInstancesAfterBackupRestoration (0ms)
[CoreBusinessMetrics] Unexpected thread when updating session info.
========================================================================
Worker process is ready to serve import requests
Import Worker Mode flag is 0x00
Begin MonoManager ReloadAssembly
[Licensing::Client] Successfully resolved entitlement details
[Licensing::Module] License group:
  Id: F4-85AS-8ZW6-XMRF-425Z-XXXX
  Product: Unity Personal
  Type: ULF
  Expiration: Unlimited
[Licensing::Module] License group:
  Id: 6872810951280-UnityPersXXXX
  Product: Unity Personal
  Type: Assigned
  Expiration: Unlimited
Symbol file LoadedFromMemory is not a mono symbol file
Symbol file LoadedFromMemory is not a mono symbol file
- Loaded All Assemblies, in  0.311 seconds
Refreshing native plugins compatible for Editor in 1.86 ms, found 2 plugins.
Native extension for OSXStandalone target not found
Native extension for WebGL target not found
Refreshing native plugins compatible for Editor in 1.73 ms, found 2 plugins.
Package Manager log level set to [2]
[Package Manager] Failed to launch server process. Reason: Unity was launched with the -noUpm command-line argument
[Package Manager] Unable to send message (not connected to server process).
[Package Manager] Cannot connect to Unity Package Manager local server
ScheduleIndexationOnStartup MainProcess:False IndexOnStartup:True
Mono: successfully reloaded assembly
- Finished resetting the current domain, in  0.423 seconds
Domain Reload Profiling: 734ms
	BeginReloadAssembly (60ms)
		ExecutionOrderSort (0ms)
		DisableScriptedObjects (2ms)
		BackupInstance (0ms)
		ReleaseScriptingObjects (0ms)
		CreateAndSetChildDomain (12ms)
	RebuildCommonClasses (16ms)
	RebuildNativeTypeToScriptingClass (6ms)
	initialDomainReloadingComplete (14ms)
	LoadAllAssembliesAndSetupDomain (215ms)
		LoadAssemblies (149ms)
		RebuildTransferFunctionScriptingTraits (0ms)
		AnalyzeDomain (93ms)
			TypeCache.Refresh (72ms)
				TypeCache.ScanAssembly (63ms)
			BuildScriptInfoCaches (18ms)
			ResolveRequiredComponents (1ms)
	FinalizeReload (423ms)
		ReleaseScriptCaches (0ms)
		RebuildScriptCaches (0ms)
		SetupLoadedEditorAssemblies (374ms)
			LogAssemblyErrors (0ms)
			InitializePlatformSupportModulesInManaged (1ms)
			SetLoadedEditorAssemblies (2ms)
			BeforeProcessingInitializeOnLoad (79ms)
			ProcessInitializeOnLoadAttributes (190ms)
			ProcessInitializeOnLoadMethodAttributes (101ms)
			AfterProcessingInitializeOnLoad (1ms)
			EditorAssembliesLoaded (0ms)
		ExecutionOrderSort2 (0ms)
		AwakeInstancesAfterBackupRestoration (1ms)
Launching external process: /Applications/Unity/Hub/Editor/6000.3.10f1/Unity.app/Contents/Helpers/UnityShaderCompiler
Launched and connected shader compiler UnityShaderCompiler after 0.02 seconds
Refreshing native plugins compatible for Editor in 1.54 ms, found 2 plugins.
Preloading 1 native plugins for Editor in 1.25 ms.
Unloading 43 Unused Serialized files (Serialized files now loaded: 0)
Unloading 5194 unused Assets / (15.1 MB). Loaded Objects now: 5768.
Memory consumption went from 132.4 MB to 117.3 MB.
Total: 8.785833 ms (FindLiveObjects: 0.198125 ms CreateObjectMapping: 0.083209 ms MarkObjects: 6.690291 ms  DeleteObjects: 1.813959 ms)

========================================================================
Received Import Request.
  Time since last request: 74828.878047 seconds.
  path: Assets/Prefabs/Player1-Stone.prefab
  artifactKey: Guid(21b2e42baf17c594fab50572e63543ae) Importer(2089858483,b0f066a214c2f5e87bad3c948f4d605d)
Start importing Assets/Prefabs/Player1-Stone.prefab using Guid(21b2e42baf17c594fab50572e63543ae) Importer(2089858483,b0f066a214c2f5e87bad3c948f4d605d) (ScriptedImporter) -> (artifact id: '89042682ad2ea2720f396508b86ac43e') in 0.0426505 seconds
Number of updated asset objects reloaded before import = 0Number of asset objects unloaded after import = 12

========================================================================
Received Prepare
Begin MonoManager ReloadAssembly
[Licensing::Client] Successfully resolved entitlement details
[Licensing::Module] License group:
  Id: F4-85AS-8ZW6-XMRF-425Z-XXXX
  Product: Unity Personal
  Type: ULF
  Expiration: Unlimited
[Licensing::Module] License group:
  Id: 6872810951280-UnityPersXXXX
  Product: Unity Personal
  Type: Assigned
  Expiration: Unlimited
Thread 0x174fc7000 may have been prematurely finalized
Symbol file LoadedFromMemory is not a mono symbol file
Symbol file LoadedFromMemory is not a mono symbol file
- Loaded All Assemblies, in  0.287 seconds
Refreshing native plugins compatible for Editor in 1.28 ms, found 2 plugins.
Native extension for OSXStandalone target not found
Native extension for WebGL target not found
Refreshing native plugins compatible for Editor in 1.32 ms, found 2 plugins.
[Package Manager] Failed to launch server process. Reason: Unity was launched with the -noUpm command-line argument
[Package Manager] Unable to send message (not connected to server process).
[Package Manager] Cannot connect to Unity Package Manager local server
ScheduleIndexationOnStartup MainProcess:False IndexOnStartup:True
Mono: successfully reloaded assembly
- Finished resetting the current domain, in  0.437 seconds
Domain Reload Profiling: 725ms
	BeginReloadAssembly (72ms)
		ExecutionOrderSort (0ms)
		DisableScriptedObjects (3ms)
		BackupInstance (0ms)
		ReleaseScriptingObjects (0ms)
		CreateAndSetChildDomain (22ms)
	RebuildCommonClasses (16ms)
	RebuildNativeTypeToScriptingClass (6ms)
	initialDomainReloadingComplete (9ms)
	LoadAllAssembliesAndSetupDomain (185ms)
		LoadAssemblies (143ms)
		RebuildTransferFunctionScriptingTraits (0ms)
		AnalyzeDomain (63ms)
			TypeCache.Refresh (4ms)
				TypeCache.ScanAssembly (0ms)
			BuildScriptInfoCaches (57ms)
			ResolveRequiredComponents (1ms)
	FinalizeReload (437ms)
		ReleaseScriptCaches (0ms)
		RebuildScriptCaches (0ms)
		SetupLoadedEditorAssemblies (388ms)
			LogAssemblyErrors (0ms)
			InitializePlatformSupportModulesInManaged (1ms)
			SetLoadedEditorAssemblies (2ms)
			BeforeProcessingInitializeOnLoad (92ms)
			ProcessInitializeOnLoadAttributes (189ms)
			ProcessInitializeOnLoadMethodAttributes (103ms)
			AfterProcessingInitializeOnLoad (1ms)
			EditorAssembliesLoaded (0ms)
		ExecutionOrderSort2 (0ms)
		AwakeInstancesAfterBackupRestoration (1ms)
Refreshing native plugins compatible for Editor in 1.58 ms, found 2 plugins.
Preloading 1 native plugins for Editor in 1.16 ms.
Unloading 43 Unused Serialized files (Serialized files now loaded: 0)
Unloading 5192 unused Assets / (13.9 MB). Loaded Objects now: 5775.
Memory consumption went from 148.3 MB to 134.4 MB.
Total: 8.512041 ms (FindLiveObjects: 0.193417 ms CreateObjectMapping: 0.083000 ms MarkObjects: 7.045917 ms  DeleteObjects: 1.189500 ms)

Prepare: number of updated asset objects reloaded= 0
========================================================================
Received Prepare
Begin MonoManager ReloadAssembly
Thread 0x16ef63000 may have been prematurely finalized
Symbol file LoadedFromMemory is not a mono symbol file
Symbol file LoadedFromMemory is not a mono symbol file
- Loaded All Assemblies, in  0.275 seconds
Refreshing native plugins compatible for Editor in 1.55 ms, found 2 plugins.
Native extension for OSXStandalone target not found
Native extension for WebGL target not found
Refreshing native plugins compatible for Editor in 1.30 ms, found 2 plugins.
[Package Manager] Failed to launch server process. Reason: Unity was launched with the -noUpm command-line argument
[Package Manager] Unable to send message (not connected to server process).
[Package Manager] Cannot connect to Unity Package Manager local server
ScheduleIndexationOnStartup MainProcess:False IndexOnStartup:True
Mono: successfully reloaded assembly
- Finished resetting the current domain, in  0.442 seconds
Domain Reload Profiling: 719ms
	BeginReloadAssembly (70ms)
		ExecutionOrderSort (0ms)
		DisableScriptedObjects (3ms)
		BackupInstance (0ms)
		ReleaseScriptingObjects (0ms)
		CreateAndSetChildDomain (21ms)
	RebuildCommonClasses (16ms)
	RebuildNativeTypeToScriptingClass (6ms)
	initialDomainReloadingComplete (9ms)
	LoadAllAssembliesAndSetupDomain (175ms)
		LoadAssemblies (133ms)
		RebuildTransferFunctionScriptingTraits (0ms)
		AnalyzeDomain (63ms)
			TypeCache.Refresh (4ms)
				TypeCache.ScanAssembly (0ms)
			BuildScriptInfoCaches (57ms)
			ResolveRequiredComponents (1ms)
	FinalizeReload (442ms)
		ReleaseScriptCaches (0ms)
		RebuildScriptCaches (0ms)
		SetupLoadedEditorAssemblies (387ms)
			LogAssemblyErrors (0ms)
			InitializePlatformSupportModulesInManaged (1ms)
			SetLoadedEditorAssemblies (2ms)
			BeforeProcessingInitializeOnLoad (91ms)
			ProcessInitializeOnLoadAttributes (188ms)
			ProcessInitializeOnLoadMethodAttributes (105ms)
			AfterProcessingInitializeOnLoad (1ms)
			EditorAssembliesLoaded (0ms)
		ExecutionOrderSort2 (0ms)
		AwakeInstancesAfterBackupRestoration (2ms)
Refreshing native plugins compatible for Editor in 1.54 ms, found 2 plugins.
Preloading 1 native plugins for Editor in 1.24 ms.
Unloading 43 Unused Serialized files (Serialized files now loaded: 0)
Unloading 5192 unused Assets / (12.6 MB). Loaded Objects now: 5779.
Memory consumption went from 150.1 MB to 137.5 MB.
Total: 8.400167 ms (FindLiveObjects: 0.199041 ms CreateObjectMapping: 0.098667 ms MarkObjects: 6.620208 ms  DeleteObjects: 1.481958 ms)

Prepare: number of updated asset objects reloaded= 0
========================================================================
Received Prepare
Begin MonoManager ReloadAssembly
[Licensing::Client] Successfully resolved entitlement details
[Licensing::Module] License group:
  Id: F4-85AS-8ZW6-XMRF-425Z-XXXX
  Product: Unity Personal
  Type: ULF
  Expiration: Unlimited
[Licensing::Module] License group:
  Id: 6872810951280-UnityPersXXXX
  Product: Unity Personal
  Type: Assigned
  Expiration: Unlimited
Thread 0x16ef63000 may have been prematurely finalized
Symbol file LoadedFromMemory is not a mono symbol file
Symbol file LoadedFromMemory is not a mono symbol file
- Loaded All Assemblies, in  0.286 seconds
Refreshing native plugins compatible for Editor in 1.57 ms, found 2 plugins.
Native extension for OSXStandalone target not found
Native extension for WebGL target not found
Refreshing native plugins compatible for Editor in 1.72 ms, found 2 plugins.
[Package Manager] Failed to launch server process. Reason: Unity was launched with the -noUpm command-line argument
[Package Manager] Unable to send message (not connected to server process).
[Package Manager] Cannot connect to Unity Package Manager local server
ScheduleIndexationOnStartup MainProcess:False IndexOnStartup:True
Mono: successfully reloaded assembly
- Finished resetting the current domain, in  0.431 seconds
Domain Reload Profiling: 719ms
	BeginReloadAssembly (72ms)
		ExecutionOrderSort (0ms)
		DisableScriptedObjects (3ms)
		BackupInstance (0ms)
		ReleaseScriptingObjects (0ms)
		CreateAndSetChildDomain (21ms)
	RebuildCommonClasses (16ms)
	RebuildNativeTypeToScriptingClass (6ms)
	initialDomainReloadingComplete (9ms)
	LoadAllAssembliesAndSetupDomain (184ms)
		LoadAssemblies (143ms)
		RebuildTransferFunctionScriptingTraits (0ms)
		AnalyzeDomain (63ms)
			TypeCache.Refresh (4ms)
				TypeCache.ScanAssembly (0ms)
			BuildScriptInfoCaches (57ms)
			ResolveRequiredComponents (1ms)
	FinalizeReload (432ms)
		ReleaseScriptCaches (0ms)
		RebuildScriptCaches (0ms)
		SetupLoadedEditorAssemblies (381ms)
			LogAssemblyErrors (0ms)
			InitializePlatformSupportModulesInManaged (1ms)
			SetLoadedEditorAssemblies (2ms)
			BeforeProcessingInitializeOnLoad (92ms)
			ProcessInitializeOnLoadAttributes (184ms)
			ProcessInitializeOnLoadMethodAttributes (101ms)
			AfterProcessingInitializeOnLoad (1ms)
			EditorAssembliesLoaded (0ms)
		ExecutionOrderSort2 (0ms)
		AwakeInstancesAfterBackupRestoration (1ms)
Refreshing native plugins compatible for Editor in 1.39 ms, found 2 plugins.
Preloading 1 native plugins for Editor in 1.21 ms.
Unloading 43 Unused Serialized files (Serialized files now loaded: 0)
Unloading 5192 unused Assets / (13.8 MB). Loaded Objects now: 5783.
Memory consumption went from 149.9 MB to 136.2 MB.
Total: 8.205833 ms (FindLiveObjects: 0.184750 ms CreateObjectMapping: 0.085958 ms MarkObjects: 6.686250 ms  DeleteObjects: 1.248458 ms)

Prepare: number of updated asset objects reloaded= 0
========================================================================
Received Prepare
Refreshing native plugins compatible for Editor in 1.67 ms, found 2 plugins.
Preloading 1 native plugins for Editor in 1.21 ms.
Unloading 43 Unused Serialized files (Serialized files now loaded: 0)
Unloading 5147 unused Assets / (12.2 MB). Loaded Objects now: 5783.
Memory consumption went from 134.6 MB to 122.3 MB.
Total: 21.355667 ms (FindLiveObjects: 0.195375 ms CreateObjectMapping: 0.072416 ms MarkObjects: 19.839250 ms  DeleteObjects: 1.248500 ms)

Prepare: number of updated asset objects reloaded= 0
========================================================================
Received Prepare
Begin MonoManager ReloadAssembly
[Licensing::Client] Successfully resolved entitlement details
[Licensing::Module] License group:
  Id: F4-85AS-8ZW6-XMRF-425Z-XXXX
  Product: Unity Personal
  Type: ULF
  Expiration: Unlimited
[Licensing::Module] License group:
  Id: 6872810951280-UnityPersXXXX
  Product: Unity Personal
  Type: Assigned
  Expiration: Unlimited
Thread 0x16f643000 may have been prematurely finalized
Symbol file LoadedFromMemory is not a mono symbol file
Symbol file LoadedFromMemory is not a mono symbol file
- Loaded All Assemblies, in  0.338 seconds
Refreshing native plugins compatible for Editor in 1.16 ms, found 2 plugins.
Native extension for OSXStandalone target not found
Native extension for WebGL target not found
Refreshing native plugins compatible for Editor in 1.42 ms, found 2 plugins.
[Package Manager] Failed to launch server process. Reason: Unity was launched with the -noUpm command-line argument
[Package Manager] Unable to send message (not connected to server process).
[Package Manager] Cannot connect to Unity Package Manager local server
ScheduleIndexationOnStartup MainProcess:False IndexOnStartup:True
Mono: successfully reloaded assembly
- Finished resetting the current domain, in  0.399 seconds
Domain Reload Profiling: 738ms
	BeginReloadAssembly (84ms)
		ExecutionOrderSort (0ms)
		DisableScriptedObjects (4ms)
		BackupInstance (0ms)
		ReleaseScriptingObjects (0ms)
		CreateAndSetChildDomain (25ms)
	RebuildCommonClasses (16ms)
	RebuildNativeTypeToScriptingClass (6ms)
	initialDomainReloadingComplete (10ms)
	LoadAllAssembliesAndSetupDomain (222ms)
		LoadAssemblies (184ms)
		RebuildTransferFunctionScriptingTraits (0ms)
		AnalyzeDomain (67ms)
			TypeCache.Refresh (7ms)
				TypeCache.ScanAssembly (0ms)
			BuildScriptInfoCaches (57ms)
			ResolveRequiredComponents (1ms)
	FinalizeReload (400ms)
		ReleaseScriptCaches (0ms)
		RebuildScriptCaches (0ms)
		SetupLoadedEditorAssemblies (350ms)
			LogAssemblyErrors (0ms)
			InitializePlatformSupportModulesInManaged (1ms)
			SetLoadedEditorAssemblies (2ms)
			BeforeProcessingInitializeOnLoad (82ms)
			ProcessInitializeOnLoadAttributes (168ms)
			ProcessInitializeOnLoadMethodAttributes (97ms)
			AfterProcessingInitializeOnLoad (1ms)
			EditorAssembliesLoaded (0ms)
		ExecutionOrderSort2 (0ms)
		AwakeInstancesAfterBackupRestoration (1ms)
Refreshing native plugins compatible for Editor in 1.71 ms, found 2 plugins.
Preloading 1 native plugins for Editor in 1.17 ms.
Unloading 43 Unused Serialized files (Serialized files now loaded: 0)
Unloading 5192 unused Assets / (14.1 MB). Loaded Objects now: 5787.
Memory consumption went from 148.9 MB to 134.7 MB.
Total: 7.855042 ms (FindLiveObjects: 0.183458 ms CreateObjectMapping: 0.081458 ms MarkObjects: 6.294000 ms  DeleteObjects: 1.296000 ms)

Prepare: number of updated asset objects reloaded= 0
========================================================================
Received Prepare
Refreshing native plugins compatible for Editor in 1.61 ms, found 2 plugins.
Preloading 1 native plugins for Editor in 1.21 ms.
Unloading 43 Unused Serialized files (Serialized files now loaded: 0)
Unloading 5147 unused Assets / (13.2 MB). Loaded Objects now: 5787.
Memory consumption went from 133.6 MB to 120.3 MB.
Total: 8.209167 ms (FindLiveObjects: 0.184167 ms CreateObjectMapping: 0.073083 ms MarkObjects: 6.637334 ms  DeleteObjects: 1.314292 ms)

Prepare: number of updated asset objects reloaded= 0
========================================================================
Received Import Request.
  Time since last request: 901.004402 seconds.
  path: Assets/Scripts/StateManager.cs
  artifactKey: Guid(aca25b81987b3c04fb8ac5c32a240ee3) Importer(815301076,1909f56bfc062723c751e8b465ee728b)
Start importing Assets/Scripts/StateManager.cs using Guid(aca25b81987b3c04fb8ac5c32a240ee3) Importer(815301076,1909f56bfc062723c751e8b465ee728b) (PreviewImporter) -> (artifact id: '744f5bc6fbf23a94b425ba62c70c72ab') in 0.001163875 seconds
Number of updated asset objects reloaded before import = 0Number of asset objects unloaded after import = 0

========================================================================
Received Prepare
Begin MonoManager ReloadAssembly
Thread 0x16f6c3000 may have been prematurely finalized
Symbol file LoadedFromMemory is not a mono symbol file
Symbol file LoadedFromMemory is not a mono symbol file
- Loaded All Assemblies, in  0.301 seconds
Refreshing native plugins compatible for Editor in 1.21 ms, found 2 plugins.
Native extension for OSXStandalone target not found
Native extension for WebGL target not found
Refreshing native plugins compatible for Editor in 1.11 ms, found 2 plugins.
[Package Manager] Failed to launch server process. Reason: Unity was launched with the -noUpm command-line argument
[Package Manager] Unable to send message (not connected to server process).
[Package Manager] Cannot connect to Unity Package Manager local server
ScheduleIndexationOnStartup MainProcess:False IndexOnStartup:True
Mono: successfully reloaded assembly
- Finished resetting the current domain, in  0.406 seconds
Domain Reload Profiling: 709ms
	BeginReloadAssembly (71ms)
		ExecutionOrderSort (0ms)
		DisableScriptedObjects (3ms)
		BackupInstance (0ms)
		ReleaseScriptingObjects (0ms)
		CreateAndSetChildDomain (21ms)
	RebuildCommonClasses (16ms)
	RebuildNativeTypeToScriptingClass (6ms)
	initialDomainReloadingComplete (9ms)
	LoadAllAssembliesAndSetupDomain (200ms)
		LoadAssemblies (154ms)
		RebuildTransferFunctionScriptingTraits (0ms)
		AnalyzeDomain (68ms)
			TypeCache.Refresh (7ms)
				TypeCache.ScanAssembly (0ms)
			BuildScriptInfoCaches (58ms)
			ResolveRequiredComponents (1ms)
	FinalizeReload (407ms)
		ReleaseScriptCaches (0ms)
		RebuildScriptCaches (0ms)
		SetupLoadedEditorAssemblies (356ms)
			LogAssemblyErrors (0ms)
			InitializePlatformSupportModulesInManaged (1ms)
			SetLoadedEditorAssemblies (2ms)
			BeforeProcessingInitializeOnLoad (84ms)
			ProcessInitializeOnLoadAttributes (173ms)
			ProcessInitializeOnLoadMethodAttributes (96ms)
			AfterProcessingInitializeOnLoad (0ms)
			EditorAssembliesLoaded (0ms)
		ExecutionOrderSort2 (0ms)
		AwakeInstancesAfterBackupRestoration (1ms)
Refreshing native plugins compatible for Editor in 1.66 ms, found 2 plugins.
Preloading 1 native plugins for Editor in 1.19 ms.
Unloading 43 Unused Serialized files (Serialized files now loaded: 0)
Unloading 5192 unused Assets / (14.0 MB). Loaded Objects now: 5791.
Memory consumption went from 147.9 MB to 134.0 MB.
Total: 7.513458 ms (FindLiveObjects: 0.198334 ms CreateObjectMapping: 0.073208 ms MarkObjects: 6.105958 ms  DeleteObjects: 1.135708 ms)

Prepare: number of updated asset objects reloaded= 0
========================================================================
Received Prepare
Begin MonoManager ReloadAssembly
Thread 0x175087000 may have been prematurely finalized
Symbol file LoadedFromMemory is not a mono symbol file
Symbol file LoadedFromMemory is not a mono symbol file
- Loaded All Assemblies, in  0.288 seconds
Refreshing native plugins compatible for Editor in 1.47 ms, found 2 plugins.
Native extension for OSXStandalone target not found
Native extension for WebGL target not found
Refreshing native plugins compatible for Editor in 1.14 ms, found 2 plugins.
[Package Manager] Failed to launch server process. Reason: Unity was launched with the -noUpm command-line argument
[Package Manager] Unable to send message (not connected to server process).
[Package Manager] Cannot connect to Unity Package Manager local server
ScheduleIndexationOnStartup MainProcess:False IndexOnStartup:True
Mono: successfully reloaded assembly
- Finished resetting the current domain, in  0.431 seconds
Domain Reload Profiling: 720ms
	BeginReloadAssembly (71ms)
		ExecutionOrderSort (0ms)
		DisableScriptedObjects (3ms)
		BackupInstance (0ms)
		ReleaseScriptingObjects (0ms)
		CreateAndSetChildDomain (22ms)
	RebuildCommonClasses (16ms)
	RebuildNativeTypeToScriptingClass (6ms)
	initialDomainReloadingComplete (9ms)
	LoadAllAssembliesAndSetupDomain (187ms)
		LoadAssemblies (144ms)
		RebuildTransferFunctionScriptingTraits (0ms)
		AnalyzeDomain (63ms)
			TypeCache.Refresh (4ms)
				TypeCache.ScanAssembly (0ms)
			BuildScriptInfoCaches (56ms)
			ResolveRequiredComponents (2ms)
	FinalizeReload (431ms)
		ReleaseScriptCaches (0ms)
		RebuildScriptCaches (0ms)
		SetupLoadedEditorAssemblies (380ms)
			LogAssemblyErrors (0ms)
			InitializePlatformSupportModulesInManaged (1ms)
			SetLoadedEditorAssemblies (2ms)
			BeforeProcessingInitializeOnLoad (94ms)
			ProcessInitializeOnLoadAttributes (179ms)
			ProcessInitializeOnLoadMethodAttributes (104ms)
			AfterProcessingInitializeOnLoad (1ms)
			EditorAssembliesLoaded (0ms)
		ExecutionOrderSort2 (0ms)
		AwakeInstancesAfterBackupRestoration (1ms)
Refreshing native plugins compatible for Editor in 1.55 ms, found 2 plugins.
Preloading 1 native plugins for Editor in 1.23 ms.
Unloading 43 Unused Serialized files (Serialized files now loaded: 0)
Unloading 5192 unused Assets / (12.8 MB). Loaded Objects now: 5795.
Memory consumption went from 147.7 MB to 134.9 MB.
Total: 8.721375 ms (FindLiveObjects: 0.218375 ms CreateObjectMapping: 0.078208 ms MarkObjects: 7.033958 ms  DeleteObjects: 1.390166 ms)

Prepare: number of updated asset objects reloaded= 0
========================================================================
Received Import Request.
  Time since last request: 1277.658366 seconds.
  path: Assets/Scripts/StateManager.cs
  artifactKey: Guid(aca25b81987b3c04fb8ac5c32a240ee3) Importer(2089858483,b0f066a214c2f5e87bad3c948f4d605d)
Start importing Assets/Scripts/StateManager.cs using Guid(aca25b81987b3c04fb8ac5c32a240ee3) Importer(2089858483,b0f066a214c2f5e87bad3c948f4d605d) (ScriptedImporter) -> (artifact id: 'd3b41dbdc93f87772dfc0651b6b5a7bf') in 0.032171208 seconds
Number of updated asset objects reloaded before import = 0Number of asset objects unloaded after import = 0

========================================================================
Received Prepare
Refreshing native plugins compatible for Editor in 1.59 ms, found 2 plugins.
Preloading 1 native plugins for Editor in 1.37 ms.
Unloading 43 Unused Serialized files (Serialized files now loaded: 0)
Unloading 5148 unused Assets / (13.0 MB). Loaded Objects now: 5796.
Memory consumption went from 132.9 MB to 119.9 MB.
Total: 8.900959 ms (FindLiveObjects: 0.236417 ms CreateObjectMapping: 0.101500 ms MarkObjects: 7.284958 ms  DeleteObjects: 1.277917 ms)

Prepare: number of updated asset objects reloaded= 0
========================================================================
Received Import Request.
  Time since last request: 10.780605 seconds.
  path: Assets/Scripts/RLAgent.cs
  artifactKey: Guid(f22ccae075dbc4c41b6428f77d50a8cc) Importer(815301076,1909f56bfc062723c751e8b465ee728b)
Start importing Assets/Scripts/RLAgent.cs using Guid(f22ccae075dbc4c41b6428f77d50a8cc) Importer(815301076,1909f56bfc062723c751e8b465ee728b) (PreviewImporter) -> (artifact id: 'd4a06e435d36471e3be947fe96a3ed0f') in 0.000415875 seconds
Number of updated asset objects reloaded before import = 0Number of asset objects unloaded after import = 0

========================================================================
Received Import Request.
  Time since last request: 0.886059 seconds.
  path: Assets/Scripts/RLAgent.cs
  artifactKey: Guid(f22ccae075dbc4c41b6428f77d50a8cc) Importer(2089858483,b0f066a214c2f5e87bad3c948f4d605d)
Start importing Assets/Scripts/RLAgent.cs using Guid(f22ccae075dbc4c41b6428f77d50a8cc) Importer(2089858483,b0f066a214c2f5e87bad3c948f4d605d) (ScriptedImporter) -> (artifact id: 'c636132777406f3c8bea7ac162145bd6') in 0.001160125 seconds
Number of updated asset objects reloaded before import = 0Number of asset objects unloaded after import = 0

========================================================================
Received Prepare
Begin MonoManager ReloadAssembly
[Licensing::Client] Successfully resolved entitlement details
[Licensing::Module] License group:
  Id: F4-85AS-8ZW6-XMRF-425Z-XXXX
  Product: Unity Personal
  Type: ULF
  Expiration: Unlimited
[Licensing::Module] License group:
  Id: 6872810951280-UnityPersXXXX
  Product: Unity Personal
  Type: Assigned
  Expiration: Unlimited
Thread 0x16f4b7000 may have been prematurely finalized
Symbol file LoadedFromMemory is not a mono symbol file
Symbol file LoadedFromMemory is not a mono symbol file
- Loaded All Assemblies, in  0.333 seconds
Refreshing native plugins compatible for Editor in 1.63 ms, found 2 plugins.
Native extension for OSXStandalone target not found
Native extension for WebGL target not found
Refreshing native plugins compatible for Editor in 1.49 ms, found 2 plugins.
[Package Manager] Failed to launch server process. Reason: Unity was launched with the -noUpm command-line argument
[Package Manager] Unable to send message (not connected to server process).
[Package Manager] Cannot connect to Unity Package Manager local server
ScheduleIndexationOnStartup MainProcess:False IndexOnStartup:True
Mono: successfully reloaded assembly
- Finished resetting the current domain, in  0.449 seconds
Domain Reload Profiling: 784ms
	BeginReloadAssembly (79ms)
		ExecutionOrderSort (0ms)
		DisableScriptedObjects (3ms)
		BackupInstance (0ms)
		ReleaseScriptingObjects (0ms)
		CreateAndSetChildDomain (26ms)
	RebuildCommonClasses (16ms)
	RebuildNativeTypeToScriptingClass (6ms)
	initialDomainReloadingComplete (9ms)
	LoadAllAssembliesAndSetupDomain (224ms)
		LoadAssemblies (178ms)
		RebuildTransferFunctionScriptingTraits (0ms)
		AnalyzeDomain (69ms)
			TypeCache.Refresh (7ms)
				TypeCache.ScanAssembly (0ms)
			BuildScriptInfoCaches (59ms)
			ResolveRequiredComponents (1ms)
	FinalizeReload (449ms)
		ReleaseScriptCaches (0ms)
		RebuildScriptCaches (0ms)
		SetupLoadedEditorAssemblies (394ms)
			LogAssemblyErrors (0ms)
			InitializePlatformSupportModulesInManaged (1ms)
			SetLoadedEditorAssemblies (2ms)
			BeforeProcessingInitializeOnLoad (91ms)
			ProcessInitializeOnLoadAttributes (189ms)
			ProcessInitializeOnLoadMethodAttributes (110ms)
			AfterProcessingInitializeOnLoad (0ms)
			EditorAssembliesLoaded (0ms)
		ExecutionOrderSort2 (0ms)
		AwakeInstancesAfterBackupRestoration (2ms)
Refreshing native plugins compatible for Editor in 1.32 ms, found 2 plugins.
Preloading 1 native plugins for Editor in 1.22 ms.
Unloading 43 Unused Serialized files (Serialized files now loaded: 0)
Unloading 5193 unused Assets / (13.3 MB). Loaded Objects now: 5800.
Memory consumption went from 147.3 MB to 134.0 MB.
Total: 8.278125 ms (FindLiveObjects: 0.197791 ms CreateObjectMapping: 0.118292 ms MarkObjects: 6.821625 ms  DeleteObjects: 1.140167 ms)

Prepare: number of updated asset objects reloaded= 0
========================================================================
Received Import Request.
  Time since last request: 4.688721 seconds.
  path: Assets/Scripts/RLAgent.cs
  artifactKey: Guid(f22ccae075dbc4c41b6428f77d50a8cc) Importer(815301076,1909f56bfc062723c751e8b465ee728b)
Start importing Assets/Scripts/RLAgent.cs using Guid(f22ccae075dbc4c41b6428f77d50a8cc) Importer(815301076,1909f56bfc062723c751e8b465ee728b) (PreviewImporter) -> (artifact id: '0b7ec0946f115280ccb900fb750b1a36') in 0.000874541 seconds
Number of updated asset objects reloaded before import = 0Number of asset objects unloaded after import = 0

========================================================================
Received Prepare
Refreshing native plugins compatible for Editor in 1.59 ms, found 2 plugins.
Preloading 1 native plugins for Editor in 1.16 ms.
Unloading 43 Unused Serialized files (Serialized files now loaded: 0)
Unloading 5148 unused Assets / (13.8 MB). Loaded Objects now: 5800.
Memory consumption went from 132.0 MB to 118.2 MB.
Total: 7.466166 ms (FindLiveObjects: 0.176666 ms CreateObjectMapping: 0.076709 ms MarkObjects: 6.149791 ms  DeleteObjects: 1.062459 ms)

Prepare: number of updated asset objects reloaded= 0
========================================================================
Received Import Request.
  Time since last request: 12.148656 seconds.
  path: Assets/Scripts/RLAgent.cs
  artifactKey: Guid(f22ccae075dbc4c41b6428f77d50a8cc) Importer(815301076,1909f56bfc062723c751e8b465ee728b)
Start importing Assets/Scripts/RLAgent.cs using Guid(f22ccae075dbc4c41b6428f77d50a8cc) Importer(815301076,1909f56bfc062723c751e8b465ee728b) (PreviewImporter) -> (artifact id: '40beadbe03f5c5b984b3efc20cc8c6e4') in 0.000341167 seconds
Number of updated asset objects reloaded before import = 0Number of asset objects unloaded after import = 0

========================================================================
Received Prepare
Begin MonoManager ReloadAssembly
Thread 0x16f6f7000 may have been prematurely finalized
Symbol file LoadedFromMemory is not a mono symbol file
Symbol file LoadedFromMemory is not a mono symbol file
- Loaded All Assemblies, in  0.319 seconds
Refreshing native plugins compatible for Editor in 1.26 ms, found 2 plugins.
Native extension for OSXStandalone target not found
Native extension for WebGL target not found
Refreshing native plugins compatible for Editor in 1.22 ms, found 2 plugins.
[Package Manager] Failed to launch server process. Reason: Unity was launched with the -noUpm command-line argument
[Package Manager] Unable to send message (not connected to server process).
[Package Manager] Cannot connect to Unity Package Manager local server
ScheduleIndexationOnStartup MainProcess:False IndexOnStartup:True
Mono: successfully reloaded assembly
- Finished resetting the current domain, in  0.406 seconds
Domain Reload Profiling: 726ms
	BeginReloadAssembly (70ms)
		ExecutionOrderSort (0ms)
		DisableScriptedObjects (3ms)
		BackupInstance (0ms)
		ReleaseScriptingObjects (0ms)
		CreateAndSetChildDomain (21ms)
	RebuildCommonClasses (15ms)
	RebuildNativeTypeToScriptingClass (6ms)
	initialDomainReloadingComplete (9ms)
	LoadAllAssembliesAndSetupDomain (220ms)
		LoadAssemblies (173ms)
		RebuildTransferFunctionScriptingTraits (0ms)
		AnalyzeDomain (68ms)
			TypeCache.Refresh (7ms)
				TypeCache.ScanAssembly (0ms)
			BuildScriptInfoCaches (58ms)
			ResolveRequiredComponents (1ms)
	FinalizeReload (406ms)
		ReleaseScriptCaches (0ms)
		RebuildScriptCaches (0ms)
		SetupLoadedEditorAssemblies (358ms)
			LogAssemblyErrors (0ms)
			InitializePlatformSupportModulesInManaged (1ms)
			SetLoadedEditorAssemblies (2ms)
			BeforeProcessingInitializeOnLoad (82ms)
			ProcessInitializeOnLoadAttributes (171ms)
			ProcessInitializeOnLoadMethodAttributes (102ms)
			AfterProcessingInitializeOnLoad (0ms)
			EditorAssembliesLoaded (0ms)
		ExecutionOrderSort2 (0ms)
		AwakeInstancesAfterBackupRestoration (1ms)
Refreshing native plugins compatible for Editor in 1.35 ms, found 2 plugins.
Preloading 1 native plugins for Editor in 1.17 ms.
Unloading 43 Unused Serialized files (Serialized files now loaded: 0)
Unloading 5193 unused Assets / (13.3 MB). Loaded Objects now: 5804.
Memory consumption went from 146.2 MB to 132.9 MB.
Total: 8.445000 ms (FindLiveObjects: 0.199792 ms CreateObjectMapping: 0.086500 ms MarkObjects: 6.976708 ms  DeleteObjects: 1.181625 ms)

Prepare: number of updated asset objects reloaded= 0
========================================================================
Received Prepare
Refreshing native plugins compatible for Editor in 1.36 ms, found 2 plugins.
Preloading 1 native plugins for Editor in 1.11 ms.
Unloading 43 Unused Serialized files (Serialized files now loaded: 0)
Unloading 5148 unused Assets / (13.0 MB). Loaded Objects now: 5804.
Memory consumption went from 130.8 MB to 117.8 MB.
Total: 7.985792 ms (FindLiveObjects: 0.194875 ms CreateObjectMapping: 0.073208 ms MarkObjects: 6.541834 ms  DeleteObjects: 1.175333 ms)

Prepare: number of updated asset objects reloaded= 0
========================================================================
Received Import Request.
  Time since last request: 5.494100 seconds.
  path: Assets/Scripts/RLAgent.cs
  artifactKey: Guid(f22ccae075dbc4c41b6428f77d50a8cc) Importer(815301076,1909f56bfc062723c751e8b465ee728b)
Start importing Assets/Scripts/RLAgent.cs using Guid(f22ccae075dbc4c41b6428f77d50a8cc) Importer(815301076,1909f56bfc062723c751e8b465ee728b) (PreviewImporter) -> (artifact id: 'd0b31de552dd3471d5b25579b842dc38') in 0.001005709 seconds
Number of updated asset objects reloaded before import = 0Number of asset objects unloaded after import = 0

========================================================================
Received Prepare
Refreshing native plugins compatible for Editor in 1.65 ms, found 2 plugins.
Preloading 1 native plugins for Editor in 1.21 ms.
Unloading 43 Unused Serialized files (Serialized files now loaded: 0)
Unloading 5148 unused Assets / (13.3 MB). Loaded Objects now: 5804.
Memory consumption went from 129.8 MB to 116.5 MB.
Total: 7.740583 ms (FindLiveObjects: 0.182958 ms CreateObjectMapping: 0.080917 ms MarkObjects: 6.311750 ms  DeleteObjects: 1.164792 ms)

Prepare: number of updated asset objects reloaded= 0
========================================================================
Received Prepare
Refreshing native plugins compatible for Editor in 1.36 ms, found 2 plugins.
Preloading 1 native plugins for Editor in 1.18 ms.
Unloading 43 Unused Serialized files (Serialized files now loaded: 0)
Unloading 5148 unused Assets / (12.8 MB). Loaded Objects now: 5804.
Memory consumption went from 129.4 MB to 116.6 MB.
Total: 7.856042 ms (FindLiveObjects: 0.183917 ms CreateObjectMapping: 0.077208 ms MarkObjects: 6.417333 ms  DeleteObjects: 1.177375 ms)

Prepare: number of updated asset objects reloaded= 0
========================================================================
Received Import Request.
  Time since last request: 9.788881 seconds.
  path: Assets/Scripts/RLAgent.cs
  artifactKey: Guid(f22ccae075dbc4c41b6428f77d50a8cc) Importer(815301076,1909f56bfc062723c751e8b465ee728b)
Start importing Assets/Scripts/RLAgent.cs using Guid(f22ccae075dbc4c41b6428f77d50a8cc) Importer(815301076,1909f56bfc062723c751e8b465ee728b) (PreviewImporter) -> (artifact id: '818732cdbdad70a27208d5a47e947cdc') in 0.000436208 seconds
Number of updated asset objects reloaded before import = 0Number of asset objects unloaded after import = 0

========================================================================
Received Prepare
Refreshing native plugins compatible for Editor in 1.40 ms, found 2 plugins.
Preloading 1 native plugins for Editor in 1.12 ms.
Unloading 43 Unused Serialized files (Serialized files now loaded: 0)
Unloading 5148 unused Assets / (14.0 MB). Loaded Objects now: 5804.
Memory consumption went from 129.4 MB to 115.4 MB.
Total: 7.446000 ms (FindLiveObjects: 0.188250 ms CreateObjectMapping: 0.078459 ms MarkObjects: 5.993167 ms  DeleteObjects: 1.185916 ms)

Prepare: number of updated asset objects reloaded= 0
========================================================================
Received Prepare
Refreshing native plugins compatible for Editor in 1.29 ms, found 2 plugins.
Preloading 1 native plugins for Editor in 1.18 ms.
Unloading 43 Unused Serialized files (Serialized files now loaded: 0)
Unloading 5148 unused Assets / (13.8 MB). Loaded Objects now: 5804.
Memory consumption went from 129.4 MB to 115.6 MB.
Total: 7.393583 ms (FindLiveObjects: 0.180750 ms CreateObjectMapping: 0.068250 ms MarkObjects: 6.080791 ms  DeleteObjects: 1.063625 ms)

Prepare: number of updated asset objects reloaded= 0
========================================================================
Received Import Request.
  Time since last request: 3.485274 seconds.
  path: Assets/Scripts/RLAgent.cs
  artifactKey: Guid(f22ccae075dbc4c41b6428f77d50a8cc) Importer(815301076,1909f56bfc062723c751e8b465ee728b)
Start importing Assets/Scripts/RLAgent.cs using Guid(f22ccae075dbc4c41b6428f77d50a8cc) Importer(815301076,1909f56bfc062723c751e8b465ee728b) (PreviewImporter) -> (artifact id: '1a8fb2d8bf0e3ca368dd25bd86c541d4') in 0.000417792 seconds
Number of updated asset objects reloaded before import = 0Number of asset objects unloaded after import = 0

========================================================================
Received Prepare
Begin MonoManager ReloadAssembly
Thread 0x16ef63000 may have been prematurely finalized
Symbol file LoadedFromMemory is not a mono symbol file
Symbol file LoadedFromMemory is not a mono symbol file
- Loaded All Assemblies, in  0.331 seconds
Refreshing native plugins compatible for Editor in 1.34 ms, found 2 plugins.
Native extension for OSXStandalone target not found
Native extension for WebGL target not found
Refreshing native plugins compatible for Editor in 1.25 ms, found 2 plugins.
[Package Manager] Failed to launch server process. Reason: Unity was launched with the -noUpm command-line argument
[Package Manager] Unable to send message (not connected to server process).
[Package Manager] Cannot connect to Unity Package Manager local server
ScheduleIndexationOnStartup MainProcess:False IndexOnStartup:True
Mono: successfully reloaded assembly
- Finished resetting the current domain, in  0.390 seconds
Domain Reload Profiling: 722ms
	BeginReloadAssembly (72ms)
		ExecutionOrderSort (0ms)
		DisableScriptedObjects (3ms)
		BackupInstance (0ms)
		ReleaseScriptingObjects (0ms)
		CreateAndSetChildDomain (21ms)
	RebuildCommonClasses (16ms)
	RebuildNativeTypeToScriptingClass (6ms)
	initialDomainReloadingComplete (10ms)
	LoadAllAssembliesAndSetupDomain (229ms)
		LoadAssemblies (184ms)
		RebuildTransferFunctionScriptingTraits (0ms)
		AnalyzeDomain (67ms)
			TypeCache.Refresh (7ms)
				TypeCache.ScanAssembly (0ms)
			BuildScriptInfoCaches (57ms)
			ResolveRequiredComponents (1ms)
	FinalizeReload (390ms)
		ReleaseScriptCaches (0ms)
		RebuildScriptCaches (0ms)
		SetupLoadedEditorAssemblies (343ms)
			LogAssemblyErrors (0ms)
			InitializePlatformSupportModulesInManaged (1ms)
			SetLoadedEditorAssemblies (2ms)
			BeforeProcessingInitializeOnLoad (81ms)
			ProcessInitializeOnLoadAttributes (163ms)
			ProcessInitializeOnLoadMethodAttributes (95ms)
			AfterProcessingInitializeOnLoad (1ms)
			EditorAssembliesLoaded (0ms)
		ExecutionOrderSort2 (0ms)
		AwakeInstancesAfterBackupRestoration (1ms)
Refreshing native plugins compatible for Editor in 1.55 ms, found 2 plugins.
Preloading 1 native plugins for Editor in 1.14 ms.
Unloading 43 Unused Serialized files (Serialized files now loaded: 0)
Unloading 5193 unused Assets / (12.9 MB). Loaded Objects now: 5808.
Memory consumption went from 142.7 MB to 129.9 MB.
Total: 7.743125 ms (FindLiveObjects: 0.180166 ms CreateObjectMapping: 0.076000 ms MarkObjects: 6.328834 ms  DeleteObjects: 1.157958 ms)

Prepare: number of updated asset objects reloaded= 0
========================================================================
Received Prepare
Refreshing native plugins compatible for Editor in 1.10 ms, found 2 plugins.
Preloading 1 native plugins for Editor in 1.08 ms.
Unloading 43 Unused Serialized files (Serialized files now loaded: 0)
Unloading 5148 unused Assets / (14.1 MB). Loaded Objects now: 5808.
Memory consumption went from 129.4 MB to 115.3 MB.
Total: 7.469000 ms (FindLiveObjects: 0.184208 ms CreateObjectMapping: 0.085167 ms MarkObjects: 6.026708 ms  DeleteObjects: 1.172708 ms)

Prepare: number of updated asset objects reloaded= 0
========================================================================
Received Prepare
Begin MonoManager ReloadAssembly
Thread 0x16ef63000 may have been prematurely finalized
Symbol file LoadedFromMemory is not a mono symbol file
Symbol file LoadedFromMemory is not a mono symbol file
- Loaded All Assemblies, in  0.299 seconds
Refreshing native plugins compatible for Editor in 1.63 ms, found 2 plugins.
Native extension for OSXStandalone target not found
Native extension for WebGL target not found
Refreshing native plugins compatible for Editor in 1.19 ms, found 2 plugins.
[Package Manager] Failed to launch server process. Reason: Unity was launched with the -noUpm command-line argument
[Package Manager] Unable to send message (not connected to server process).
[Package Manager] Cannot connect to Unity Package Manager local server
ScheduleIndexationOnStartup MainProcess:False IndexOnStartup:True
Mono: successfully reloaded assembly
- Finished resetting the current domain, in  0.424 seconds
Domain Reload Profiling: 724ms
	BeginReloadAssembly (71ms)
		ExecutionOrderSort (0ms)
		DisableScriptedObjects (3ms)
		BackupInstance (0ms)
		ReleaseScriptingObjects (0ms)
		CreateAndSetChildDomain (20ms)
	RebuildCommonClasses (16ms)
	RebuildNativeTypeToScriptingClass (6ms)
	initialDomainReloadingComplete (9ms)
	LoadAllAssembliesAndSetupDomain (197ms)
		LoadAssemblies (153ms)
		RebuildTransferFunctionScriptingTraits (0ms)
		AnalyzeDomain (67ms)
			TypeCache.Refresh (7ms)
				TypeCache.ScanAssembly (0ms)
			BuildScriptInfoCaches (58ms)
			ResolveRequiredComponents (1ms)
	FinalizeReload (424ms)
		ReleaseScriptCaches (0ms)
		RebuildScriptCaches (0ms)
		SetupLoadedEditorAssemblies (377ms)
			LogAssemblyErrors (0ms)
			InitializePlatformSupportModulesInManaged (1ms)
			SetLoadedEditorAssemblies (2ms)
			BeforeProcessingInitializeOnLoad (81ms)
			ProcessInitializeOnLoadAttributes (177ms)
			ProcessInitializeOnLoadMethodAttributes (115ms)
			AfterProcessingInitializeOnLoad (1ms)
			EditorAssembliesLoaded (0ms)
		ExecutionOrderSort2 (0ms)
		AwakeInstancesAfterBackupRestoration (1ms)
Refreshing native plugins compatible for Editor in 1.27 ms, found 2 plugins.
Preloading 1 native plugins for Editor in 1.21 ms.
Unloading 43 Unused Serialized files (Serialized files now loaded: 0)
Unloading 5193 unused Assets / (12.1 MB). Loaded Objects now: 5812.
Memory consumption went from 144.5 MB to 132.5 MB.
Total: 8.195333 ms (FindLiveObjects: 0.220792 ms CreateObjectMapping: 0.081041 ms MarkObjects: 6.864167 ms  DeleteObjects: 1.028750 ms)

Prepare: number of updated asset objects reloaded= 0
========================================================================
Received Prepare
Refreshing native plugins compatible for Editor in 1.22 ms, found 2 plugins.
Preloading 1 native plugins for Editor in 1.20 ms.
Unloading 43 Unused Serialized files (Serialized files now loaded: 0)
Unloading 5148 unused Assets / (13.7 MB). Loaded Objects now: 5812.
Memory consumption went from 131.3 MB to 117.6 MB.
Total: 7.565458 ms (FindLiveObjects: 0.181834 ms CreateObjectMapping: 0.082125 ms MarkObjects: 6.216625 ms  DeleteObjects: 1.084542 ms)

Prepare: number of updated asset objects reloaded= 0
========================================================================
Received Import Request.
  Time since last request: 21.493074 seconds.
  path: Assets/Scripts/RLAgent.cs
  artifactKey: Guid(f22ccae075dbc4c41b6428f77d50a8cc) Importer(815301076,1909f56bfc062723c751e8b465ee728b)
Start importing Assets/Scripts/RLAgent.cs using Guid(f22ccae075dbc4c41b6428f77d50a8cc) Importer(815301076,1909f56bfc062723c751e8b465ee728b) (PreviewImporter) -> (artifact id: 'b8ad96bf6907498fc98ed0bb0bb9d434') in 0.00092625 seconds
Number of updated asset objects reloaded before import = 0Number of asset objects unloaded after import = 0

========================================================================
Received Prepare
Refreshing native plugins compatible for Editor in 1.53 ms, found 2 plugins.
Preloading 1 native plugins for Editor in 1.17 ms.
Unloading 43 Unused Serialized files (Serialized files now loaded: 0)
Unloading 5148 unused Assets / (14.3 MB). Loaded Objects now: 5812.
Memory consumption went from 131.3 MB to 117.0 MB.
Total: 7.561125 ms (FindLiveObjects: 0.183125 ms CreateObjectMapping: 0.072708 ms MarkObjects: 6.053375 ms  DeleteObjects: 1.251709 ms)

Prepare: number of updated asset objects reloaded= 0
========================================================================
Received Import Request.
  Time since last request: 1.814034 seconds.
  path: Assets/Scripts/RLAgent.cs
  artifactKey: Guid(f22ccae075dbc4c41b6428f77d50a8cc) Importer(815301076,1909f56bfc062723c751e8b465ee728b)
Start importing Assets/Scripts/RLAgent.cs using Guid(f22ccae075dbc4c41b6428f77d50a8cc) Importer(815301076,1909f56bfc062723c751e8b465ee728b) (PreviewImporter) -> (artifact id: '57e2dfba77ae3eec1ae5b5aeca2ae3bb') in 0.0003265 seconds
Number of updated asset objects reloaded before import = 0Number of asset objects unloaded after import = 0

========================================================================
Received Prepare
Refreshing native plugins compatible for Editor in 1.54 ms, found 2 plugins.
Preloading 1 native plugins for Editor in 1.20 ms.
Unloading 43 Unused Serialized files (Serialized files now loaded: 0)
Unloading 5148 unused Assets / (14.2 MB). Loaded Objects now: 5812.
Memory consumption went from 131.3 MB to 117.1 MB.
Total: 7.430458 ms (FindLiveObjects: 0.175833 ms CreateObjectMapping: 0.084708 ms MarkObjects: 5.926875 ms  DeleteObjects: 1.242792 ms)

Prepare: number of updated asset objects reloaded= 0
========================================================================
Received Import Request.
  Time since last request: 3.792832 seconds.
  path: Assets/Scripts/RLAgent.cs
  artifactKey: Guid(f22ccae075dbc4c41b6428f77d50a8cc) Importer(815301076,1909f56bfc062723c751e8b465ee728b)
Start importing Assets/Scripts/RLAgent.cs using Guid(f22ccae075dbc4c41b6428f77d50a8cc) Importer(815301076,1909f56bfc062723c751e8b465ee728b) (PreviewImporter) -> (artifact id: 'f02115d4d0091c753bef197c090e0c40') in 0.000423208 seconds
Number of updated asset objects reloaded before import = 0Number of asset objects unloaded after import = 0

========================================================================
Received Prepare
Begin MonoManager ReloadAssembly
[Licensing::Client] Successfully resolved entitlement details
[Licensing::Module] License group:
  Id: F4-85AS-8ZW6-XMRF-425Z-XXXX
  Product: Unity Personal
  Type: ULF
  Expiration: Unlimited
[Licensing::Module] License group:
  Id: 6872810951280-UnityPersXXXX
  Product: Unity Personal
  Type: Assigned
  Expiration: Unlimited
Thread 0x16ef63000 may have been prematurely finalized
Symbol file LoadedFromMemory is not a mono symbol file
Symbol file LoadedFromMemory is not a mono symbol file
- Loaded All Assemblies, in  0.314 seconds
Refreshing native plugins compatible for Editor in 1.47 ms, found 2 plugins.
Native extension for OSXStandalone target not found
Native extension for WebGL target not found
Refreshing native plugins compatible for Editor in 1.04 ms, found 2 plugins.
[Package Manager] Failed to launch server process. Reason: Unity was launched with the -noUpm command-line argument
[Package Manager] Unable to send message (not connected to server process).
[Package Manager] Cannot connect to Unity Package Manager local server
ScheduleIndexationOnStartup MainProcess:False IndexOnStartup:True
Mono: successfully reloaded assembly
- Finished resetting the current domain, in  0.422 seconds
Domain Reload Profiling: 737ms
	BeginReloadAssembly (72ms)
		ExecutionOrderSort (0ms)
		DisableScriptedObjects (3ms)
		BackupInstance (0ms)
		ReleaseScriptingObjects (0ms)
		CreateAndSetChildDomain (23ms)
	RebuildCommonClasses (15ms)
	RebuildNativeTypeToScriptingClass (6ms)
	initialDomainReloadingComplete (9ms)
	LoadAllAssembliesAndSetupDomain (213ms)
		LoadAssemblies (166ms)
		RebuildTransferFunctionScriptingTraits (0ms)
		AnalyzeDomain (67ms)
			TypeCache.Refresh (7ms)
				TypeCache.ScanAssembly (0ms)
			BuildScriptInfoCaches (58ms)
			ResolveRequiredComponents (1ms)
	FinalizeReload (422ms)
		ReleaseScriptCaches (0ms)
		RebuildScriptCaches (0ms)
		SetupLoadedEditorAssemblies (369ms)
			LogAssemblyErrors (0ms)
			InitializePlatformSupportModulesInManaged (1ms)
			SetLoadedEditorAssemblies (2ms)
			BeforeProcessingInitializeOnLoad (83ms)
			ProcessInitializeOnLoadAttributes (167ms)
			ProcessInitializeOnLoadMethodAttributes (115ms)
			AfterProcessingInitializeOnLoad (1ms)
			EditorAssembliesLoaded (0ms)
		ExecutionOrderSort2 (0ms)
		AwakeInstancesAfterBackupRestoration (1ms)
Refreshing native plugins compatible for Editor in 1.65 ms, found 2 plugins.
Preloading 1 native plugins for Editor in 1.21 ms.
Unloading 43 Unused Serialized files (Serialized files now loaded: 0)
Unloading 5193 unused Assets / (12.6 MB). Loaded Objects now: 5816.
Memory consumption went from 144.5 MB to 131.8 MB.
Total: 8.261667 ms (FindLiveObjects: 0.194583 ms CreateObjectMapping: 0.077417 ms MarkObjects: 6.765042 ms  DeleteObjects: 1.224417 ms)

Prepare: number of updated asset objects reloaded= 0
========================================================================
Received Prepare
Refreshing native plugins compatible for Editor in 1.00 ms, found 2 plugins.
Preloading 1 native plugins for Editor in 1.11 ms.
Unloading 43 Unused Serialized files (Serialized files now loaded: 0)
Unloading 5148 unused Assets / (13.4 MB). Loaded Objects now: 5816.
Memory consumption went from 131.3 MB to 117.9 MB.
Total: 8.001083 ms (FindLiveObjects: 0.167291 ms CreateObjectMapping: 0.077417 ms MarkObjects: 6.491708 ms  DeleteObjects: 1.264583 ms)

Prepare: number of updated asset objects reloaded= 0
========================================================================
Received Prepare
Begin MonoManager ReloadAssembly
Thread 0x16ef63000 may have been prematurely finalized
Symbol file LoadedFromMemory is not a mono symbol file
Symbol file LoadedFromMemory is not a mono symbol file
- Loaded All Assemblies, in  0.287 seconds
Refreshing native plugins compatible for Editor in 1.60 ms, found 2 plugins.
Native extension for OSXStandalone target not found
Native extension for WebGL target not found
Refreshing native plugins compatible for Editor in 1.13 ms, found 2 plugins.
[Package Manager] Failed to launch server process. Reason: Unity was launched with the -noUpm command-line argument
[Package Manager] Unable to send message (not connected to server process).
[Package Manager] Cannot connect to Unity Package Manager local server
ScheduleIndexationOnStartup MainProcess:False IndexOnStartup:True
Mono: successfully reloaded assembly
- Finished resetting the current domain, in  0.398 seconds
Domain Reload Profiling: 687ms
	BeginReloadAssembly (70ms)
		ExecutionOrderSort (0ms)
		DisableScriptedObjects (3ms)
		BackupInstance (0ms)
		ReleaseScriptingObjects (0ms)
		CreateAndSetChildDomain (21ms)
	RebuildCommonClasses (16ms)
	RebuildNativeTypeToScriptingClass (6ms)
	initialDomainReloadingComplete (9ms)
	LoadAllAssembliesAndSetupDomain (187ms)
		LoadAssemblies (143ms)
		RebuildTransferFunctionScriptingTraits (0ms)
		AnalyzeDomain (66ms)
			TypeCache.Refresh (6ms)
				TypeCache.ScanAssembly (0ms)
			BuildScriptInfoCaches (56ms)
			ResolveRequiredComponents (1ms)
	FinalizeReload (399ms)
		ReleaseScriptCaches (0ms)
		RebuildScriptCaches (0ms)
		SetupLoadedEditorAssemblies (350ms)
			LogAssemblyErrors (0ms)
			InitializePlatformSupportModulesInManaged (1ms)
			SetLoadedEditorAssemblies (2ms)
			BeforeProcessingInitializeOnLoad (85ms)
			ProcessInitializeOnLoadAttributes (164ms)
			ProcessInitializeOnLoadMethodAttributes (97ms)
			AfterProcessingInitializeOnLoad (0ms)
			EditorAssembliesLoaded (0ms)
		ExecutionOrderSort2 (0ms)
		AwakeInstancesAfterBackupRestoration (1ms)
Refreshing native plugins compatible for Editor in 1.58 ms, found 2 plugins.
Preloading 1 native plugins for Editor in 1.27 ms.
Unloading 43 Unused Serialized files (Serialized files now loaded: 0)
Unloading 5193 unused Assets / (14.1 MB). Loaded Objects now: 5820.
Memory consumption went from 144.3 MB to 130.3 MB.
Total: 7.602542 ms (FindLiveObjects: 0.178250 ms CreateObjectMapping: 0.083708 ms MarkObjects: 6.174209 ms  DeleteObjects: 1.166083 ms)

Prepare: number of updated asset objects reloaded= 0
========================================================================
Received Prepare
Refreshing native plugins compatible for Editor in 1.50 ms, found 2 plugins.
Preloading 1 native plugins for Editor in 1.16 ms.
Unloading 43 Unused Serialized files (Serialized files now loaded: 0)
Unloading 5148 unused Assets / (13.8 MB). Loaded Objects now: 5820.
Memory consumption went from 131.3 MB to 117.6 MB.
Total: 7.586000 ms (FindLiveObjects: 0.187333 ms CreateObjectMapping: 0.085042 ms MarkObjects: 6.225292 ms  DeleteObjects: 1.088125 ms)

Prepare: number of updated asset objects reloaded= 0
========================================================================
Received Prepare
Begin MonoManager ReloadAssembly
Thread 0x16ef63000 may have been prematurely finalized
Symbol file LoadedFromMemory is not a mono symbol file
Symbol file LoadedFromMemory is not a mono symbol file
- Loaded All Assemblies, in  0.301 seconds
Refreshing native plugins compatible for Editor in 1.30 ms, found 2 plugins.
Native extension for OSXStandalone target not found
Native extension for WebGL target not found
Refreshing native plugins compatible for Editor in 1.40 ms, found 2 plugins.
[Package Manager] Failed to launch server process. Reason: Unity was launched with the -noUpm command-line argument
[Package Manager] Unable to send message (not connected to server process).
[Package Manager] Cannot connect to Unity Package Manager local server
ScheduleIndexationOnStartup MainProcess:False IndexOnStartup:True
Mono: successfully reloaded assembly
- Finished resetting the current domain, in  0.395 seconds
Domain Reload Profiling: 697ms
	BeginReloadAssembly (71ms)
		ExecutionOrderSort (0ms)
		DisableScriptedObjects (3ms)
		BackupInstance (0ms)
		ReleaseScriptingObjects (0ms)
		CreateAndSetChildDomain (21ms)
	RebuildCommonClasses (16ms)
	RebuildNativeTypeToScriptingClass (6ms)
	initialDomainReloadingComplete (9ms)
	LoadAllAssembliesAndSetupDomain (200ms)
		LoadAssemblies (155ms)
		RebuildTransferFunctionScriptingTraits (0ms)
		AnalyzeDomain (67ms)
			TypeCache.Refresh (6ms)
				TypeCache.ScanAssembly (0ms)
			BuildScriptInfoCaches (58ms)
			ResolveRequiredComponents (1ms)
	FinalizeReload (396ms)
		ReleaseScriptCaches (0ms)
		RebuildScriptCaches (0ms)
		SetupLoadedEditorAssemblies (346ms)
			LogAssemblyErrors (0ms)
			InitializePlatformSupportModulesInManaged (1ms)
			SetLoadedEditorAssemblies (2ms)
			BeforeProcessingInitializeOnLoad (81ms)
			ProcessInitializeOnLoadAttributes (165ms)
			ProcessInitializeOnLoadMethodAttributes (97ms)
			AfterProcessingInitializeOnLoad (0ms)
			EditorAssembliesLoaded (0ms)
		ExecutionOrderSort2 (0ms)
		AwakeInstancesAfterBackupRestoration (1ms)
Refreshing native plugins compatible for Editor in 1.56 ms, found 2 plugins.
Preloading 1 native plugins for Editor in 1.16 ms.
Unloading 43 Unused Serialized files (Serialized files now loaded: 0)
Unloading 5193 unused Assets / (13.9 MB). Loaded Objects now: 5824.
Memory consumption went from 144.3 MB to 130.4 MB.
Total: 7.291041 ms (FindLiveObjects: 0.185333 ms CreateObjectMapping: 0.078292 ms MarkObjects: 5.911166 ms  DeleteObjects: 1.116000 ms)

Prepare: number of updated asset objects reloaded= 0
========================================================================
Received Prepare
Refreshing native plugins compatible for Editor in 1.60 ms, found 2 plugins.
Preloading 1 native plugins for Editor in 1.17 ms.
Unloading 43 Unused Serialized files (Serialized files now loaded: 0)
Unloading 5148 unused Assets / (13.9 MB). Loaded Objects now: 5824.
Memory consumption went from 131.3 MB to 117.5 MB.
Total: 7.493875 ms (FindLiveObjects: 0.185084 ms CreateObjectMapping: 0.069041 ms MarkObjects: 6.106875 ms  DeleteObjects: 1.132625 ms)

Prepare: number of updated asset objects reloaded= 0
========================================================================
Received Prepare
Refreshing native plugins compatible for Editor in 1.66 ms, found 2 plugins.
Preloading 1 native plugins for Editor in 1.21 ms.
Unloading 43 Unused Serialized files (Serialized files now loaded: 0)
Unloading 5148 unused Assets / (13.7 MB). Loaded Objects now: 5824.
Memory consumption went from 131.3 MB to 117.7 MB.
Total: 7.826375 ms (FindLiveObjects: 0.178333 ms CreateObjectMapping: 0.082709 ms MarkObjects: 6.392875 ms  DeleteObjects: 1.172083 ms)

Prepare: number of updated asset objects reloaded= 0
========================================================================
Received Import Request.
  Time since last request: 42.299924 seconds.
  path: Assets/Scripts/RLAgent.cs
  artifactKey: Guid(f22ccae075dbc4c41b6428f77d50a8cc) Importer(815301076,1909f56bfc062723c751e8b465ee728b)
Start importing Assets/Scripts/RLAgent.cs using Guid(f22ccae075dbc4c41b6428f77d50a8cc) Importer(815301076,1909f56bfc062723c751e8b465ee728b) (PreviewImporter) -> (artifact id: '7216b4ddb11950d93ea65fcdc151cbe7') in 0.000978042 seconds
Number of updated asset objects reloaded before import = 0Number of asset objects unloaded after import = 0

========================================================================
Received Prepare
Refreshing native plugins compatible for Editor in 1.61 ms, found 2 plugins.
Preloading 1 native plugins for Editor in 1.18 ms.
Unloading 43 Unused Serialized files (Serialized files now loaded: 0)
Unloading 5148 unused Assets / (14.1 MB). Loaded Objects now: 5824.
Memory consumption went from 131.4 MB to 117.3 MB.
Total: 7.383667 ms (FindLiveObjects: 0.179333 ms CreateObjectMapping: 0.078292 ms MarkObjects: 5.939041 ms  DeleteObjects: 1.186708 ms)

Prepare: number of updated asset objects reloaded= 0
========================================================================
Received Prepare
Refreshing native plugins compatible for Editor in 1.60 ms, found 2 plugins.
Preloading 1 native plugins for Editor in 1.16 ms.
Unloading 43 Unused Serialized files (Serialized files now loaded: 0)
Unloading 5148 unused Assets / (14.2 MB). Loaded Objects now: 5824.
Memory consumption went from 131.4 MB to 117.1 MB.
Total: 7.422000 ms (FindLiveObjects: 0.184291 ms CreateObjectMapping: 0.075084 ms MarkObjects: 5.967708 ms  DeleteObjects: 1.194667 ms)

Prepare: number of updated asset objects reloaded= 0
========================================================================
Received Prepare
Refreshing native plugins compatible for Editor in 1.54 ms, found 2 plugins.
Preloading 1 native plugins for Editor in 1.16 ms.
Unloading 43 Unused Serialized files (Serialized files now loaded: 0)
Unloading 5148 unused Assets / (14.3 MB). Loaded Objects now: 5824.
Memory consumption went from 131.4 MB to 117.1 MB.
Total: 7.570750 ms (FindLiveObjects: 0.183667 ms CreateObjectMapping: 0.081625 ms MarkObjects: 6.093417 ms  DeleteObjects: 1.211916 ms)

Prepare: number of updated asset objects reloaded= 0
========================================================================
Received Prepare
Begin MonoManager ReloadAssembly
Thread 0x16ef63000 may have been prematurely finalized
Symbol file LoadedFromMemory is not a mono symbol file
Symbol file LoadedFromMemory is not a mono symbol file
- Loaded All Assemblies, in  0.316 seconds
Refreshing native plugins compatible for Editor in 1.22 ms, found 2 plugins.
Native extension for OSXStandalone target not found
Native extension for WebGL target not found
Refreshing native plugins compatible for Editor in 1.19 ms, found 2 plugins.
[Package Manager] Failed to launch server process. Reason: Unity was launched with the -noUpm command-line argument
[Package Manager] Unable to send message (not connected to server process).
[Package Manager] Cannot connect to Unity Package Manager local server
ScheduleIndexationOnStartup MainProcess:False IndexOnStartup:True
Mono: successfully reloaded assembly
- Finished resetting the current domain, in  0.429 seconds
Domain Reload Profiling: 746ms
	BeginReloadAssembly (72ms)
		ExecutionOrderSort (0ms)
		DisableScriptedObjects (3ms)
		BackupInstance (0ms)
		ReleaseScriptingObjects (0ms)
		CreateAndSetChildDomain (21ms)
	RebuildCommonClasses (15ms)
	RebuildNativeTypeToScriptingClass (6ms)
	initialDomainReloadingComplete (9ms)
	LoadAllAssembliesAndSetupDomain (214ms)
		LoadAssemblies (170ms)
		RebuildTransferFunctionScriptingTraits (0ms)
		AnalyzeDomain (66ms)
			TypeCache.Refresh (6ms)
				TypeCache.ScanAssembly (0ms)
			BuildScriptInfoCaches (57ms)
			ResolveRequiredComponents (1ms)
	FinalizeReload (429ms)
		ReleaseScriptCaches (0ms)
		RebuildScriptCaches (0ms)
		SetupLoadedEditorAssemblies (381ms)
			LogAssemblyErrors (0ms)
			InitializePlatformSupportModulesInManaged (1ms)
			SetLoadedEditorAssemblies (2ms)
			BeforeProcessingInitializeOnLoad (89ms)
			ProcessInitializeOnLoadAttributes (187ms)
			ProcessInitializeOnLoadMethodAttributes (101ms)
			AfterProcessingInitializeOnLoad (1ms)
			EditorAssembliesLoaded (0ms)
		ExecutionOrderSort2 (0ms)
		AwakeInstancesAfterBackupRestoration (1ms)
Refreshing native plugins compatible for Editor in 1.59 ms, found 2 plugins.
Preloading 1 native plugins for Editor in 1.16 ms.
Unloading 43 Unused Serialized files (Serialized files now loaded: 0)
Unloading 5193 unused Assets / (11.7 MB). Loaded Objects now: 5828.
Memory consumption went from 144.2 MB to 132.5 MB.
Total: 7.814167 ms (FindLiveObjects: 0.189792 ms CreateObjectMapping: 0.078500 ms MarkObjects: 6.362667 ms  DeleteObjects: 1.183083 ms)

Prepare: number of updated asset objects reloaded= 0
========================================================================
Received Prepare
Refreshing native plugins compatible for Editor in 1.26 ms, found 2 plugins.
Preloading 1 native plugins for Editor in 1.20 ms.
Unloading 43 Unused Serialized files (Serialized files now loaded: 0)
Unloading 5148 unused Assets / (11.8 MB). Loaded Objects now: 5828.
Memory consumption went from 131.4 MB to 119.6 MB.
Total: 7.342916 ms (FindLiveObjects: 0.172709 ms CreateObjectMapping: 0.080958 ms MarkObjects: 6.200708 ms  DeleteObjects: 0.888292 ms)

Prepare: number of updated asset objects reloaded= 0
========================================================================
Received Import Request.
  Time since last request: 10.191806 seconds.
  path: Assets/Scripts/RLAgent.cs
  artifactKey: Guid(f22ccae075dbc4c41b6428f77d50a8cc) Importer(815301076,1909f56bfc062723c751e8b465ee728b)
Start importing Assets/Scripts/RLAgent.cs using Guid(f22ccae075dbc4c41b6428f77d50a8cc) Importer(815301076,1909f56bfc062723c751e8b465ee728b) (PreviewImporter) -> (artifact id: 'cf467f0b0e63ad5fb9bdd9a5f78d4dec') in 0.000652917 seconds
Number of updated asset objects reloaded before import = 0Number of asset objects unloaded after import = 0

========================================================================
Received Prepare
Begin MonoManager ReloadAssembly
Thread 0x16ef63000 may have been prematurely finalized
Symbol file LoadedFromMemory is not a mono symbol file
Symbol file LoadedFromMemory is not a mono symbol file
- Loaded All Assemblies, in  0.293 seconds
Refreshing native plugins compatible for Editor in 1.82 ms, found 2 plugins.
Native extension for OSXStandalone target not found
Native extension for WebGL target not found
Refreshing native plugins compatible for Editor in 1.23 ms, found 2 plugins.
[Package Manager] Failed to launch server process. Reason: Unity was launched with the -noUpm command-line argument
[Package Manager] Unable to send message (not connected to server process).
[Package Manager] Cannot connect to Unity Package Manager local server
ScheduleIndexationOnStartup MainProcess:False IndexOnStartup:True
Mono: successfully reloaded assembly
- Finished resetting the current domain, in  0.401 seconds
Domain Reload Profiling: 695ms
	BeginReloadAssembly (71ms)
		ExecutionOrderSort (0ms)
		DisableScriptedObjects (3ms)
		BackupInstance (0ms)
		ReleaseScriptingObjects (0ms)
		CreateAndSetChildDomain (21ms)
	RebuildCommonClasses (16ms)
	RebuildNativeTypeToScriptingClass (6ms)
	initialDomainReloadingComplete (10ms)
	LoadAllAssembliesAndSetupDomain (191ms)
		LoadAssemblies (145ms)
		RebuildTransferFunctionScriptingTraits (0ms)
		AnalyzeDomain (67ms)
			TypeCache.Refresh (6ms)
				TypeCache.ScanAssembly (0ms)
			BuildScriptInfoCaches (59ms)
			ResolveRequiredComponents (1ms)
	FinalizeReload (401ms)
		ReleaseScriptCaches (0ms)
		RebuildScriptCaches (0ms)
		SetupLoadedEditorAssemblies (352ms)
			LogAssemblyErrors (0ms)
			InitializePlatformSupportModulesInManaged (1ms)
			SetLoadedEditorAssemblies (2ms)
			BeforeProcessingInitializeOnLoad (82ms)
			ProcessInitializeOnLoadAttributes (171ms)
			ProcessInitializeOnLoadMethodAttributes (96ms)
			AfterProcessingInitializeOnLoad (1ms)
			EditorAssembliesLoaded (0ms)
		ExecutionOrderSort2 (0ms)
		AwakeInstancesAfterBackupRestoration (1ms)
Refreshing native plugins compatible for Editor in 1.58 ms, found 2 plugins.
Preloading 1 native plugins for Editor in 1.19 ms.
Unloading 43 Unused Serialized files (Serialized files now loaded: 0)
Unloading 5193 unused Assets / (13.9 MB). Loaded Objects now: 5832.
Memory consumption went from 144.2 MB to 130.2 MB.
Total: 7.820000 ms (FindLiveObjects: 0.185959 ms CreateObjectMapping: 0.082708 ms MarkObjects: 6.360875 ms  DeleteObjects: 1.190250 ms)

Prepare: number of updated asset objects reloaded= 0
========================================================================
Received Prepare
Refreshing native plugins compatible for Editor in 1.38 ms, found 2 plugins.
Preloading 1 native plugins for Editor in 1.17 ms.
Unloading 43 Unused Serialized files (Serialized files now loaded: 0)
Unloading 5148 unused Assets / (14.4 MB). Loaded Objects now: 5832.
Memory consumption went from 131.4 MB to 117.0 MB.
Total: 7.527541 ms (FindLiveObjects: 0.181333 ms CreateObjectMapping: 0.078292 ms MarkObjects: 6.005958 ms  DeleteObjects: 1.261750 ms)

Prepare: number of updated asset objects reloaded= 0
========================================================================
Received Import Request.
  Time since last request: 6.207832 seconds.
  path: Assets/Scripts/RLAgent.cs
  artifactKey: Guid(f22ccae075dbc4c41b6428f77d50a8cc) Importer(815301076,1909f56bfc062723c751e8b465ee728b)
Start importing Assets/Scripts/RLAgent.cs using Guid(f22ccae075dbc4c41b6428f77d50a8cc) Importer(815301076,1909f56bfc062723c751e8b465ee728b) (PreviewImporter) -> (artifact id: 'eb5a02b24f4a52cbd1597573baef3920') in 0.000842959 seconds
Number of updated asset objects reloaded before import = 0Number of asset objects unloaded after import = 0

========================================================================
Received Prepare
Refreshing native plugins compatible for Editor in 1.43 ms, found 2 plugins.
Preloading 1 native plugins for Editor in 1.19 ms.
Unloading 43 Unused Serialized files (Serialized files now loaded: 0)
Unloading 5148 unused Assets / (14.2 MB). Loaded Objects now: 5832.
Memory consumption went from 131.4 MB to 117.2 MB.
Total: 7.429334 ms (FindLiveObjects: 0.185667 ms CreateObjectMapping: 0.077041 ms MarkObjects: 5.949209 ms  DeleteObjects: 1.217167 ms)

Prepare: number of updated asset objects reloaded= 0
========================================================================
Received Import Request.
  Time since last request: 1.886387 seconds.
  path: Assets/Scripts/RLAgent.cs
  artifactKey: Guid(f22ccae075dbc4c41b6428f77d50a8cc) Importer(815301076,1909f56bfc062723c751e8b465ee728b)
Start importing Assets/Scripts/RLAgent.cs using Guid(f22ccae075dbc4c41b6428f77d50a8cc) Importer(815301076,1909f56bfc062723c751e8b465ee728b) (PreviewImporter) -> (artifact id: '8d749881733f557b578cec7f33fa1899') in 0.000399709 seconds
Number of updated asset objects reloaded before import = 0Number of asset objects unloaded after import = 0

========================================================================
Received Prepare
Refreshing native plugins compatible for Editor in 1.43 ms, found 2 plugins.
Preloading 1 native plugins for Editor in 1.15 ms.
Unloading 43 Unused Serialized files (Serialized files now loaded: 0)
Unloading 5148 unused Assets / (14.4 MB). Loaded Objects now: 5832.
Memory consumption went from 131.4 MB to 117.0 MB.
Total: 7.569000 ms (FindLiveObjects: 0.181875 ms CreateObjectMapping: 0.070583 ms MarkObjects: 6.054750 ms  DeleteObjects: 1.261667 ms)

Prepare: number of updated asset objects reloaded= 0
========================================================================
Received Prepare
Refreshing native plugins compatible for Editor in 1.64 ms, found 2 plugins.
Preloading 1 native plugins for Editor in 1.20 ms.
Unloading 43 Unused Serialized files (Serialized files now loaded: 0)
Unloading 5148 unused Assets / (14.0 MB). Loaded Objects now: 5832.
Memory consumption went from 131.4 MB to 117.3 MB.
Total: 7.462667 ms (FindLiveObjects: 0.188542 ms CreateObjectMapping: 0.079291 ms MarkObjects: 6.031875 ms  DeleteObjects: 1.162750 ms)

Prepare: number of updated asset objects reloaded= 0
========================================================================
Received Prepare
Refreshing native plugins compatible for Editor in 1.63 ms, found 2 plugins.
Preloading 1 native plugins for Editor in 1.18 ms.
Unloading 43 Unused Serialized files (Serialized files now loaded: 0)
Unloading 5148 unused Assets / (14.0 MB). Loaded Objects now: 5832.
Memory consumption went from 131.4 MB to 117.4 MB.
Total: 7.392667 ms (FindLiveObjects: 0.184667 ms CreateObjectMapping: 0.079750 ms MarkObjects: 5.957667 ms  DeleteObjects: 1.170417 ms)

Prepare: number of updated asset objects reloaded= 0
========================================================================
Received Prepare
Refreshing native plugins compatible for Editor in 1.38 ms, found 2 plugins.
Preloading 1 native plugins for Editor in 1.17 ms.
Unloading 43 Unused Serialized files (Serialized files now loaded: 0)
Unloading 5148 unused Assets / (14.1 MB). Loaded Objects now: 5832.
Memory consumption went from 131.4 MB to 117.3 MB.
Total: 7.552625 ms (FindLiveObjects: 0.191334 ms CreateObjectMapping: 0.079708 ms MarkObjects: 6.056000 ms  DeleteObjects: 1.225333 ms)

Prepare: number of updated asset objects reloaded= 0
========================================================================
Received Import Request.
  Time since last request: 12.104262 seconds.
  path: Assets/Scripts/RLAgent.cs
  artifactKey: Guid(f22ccae075dbc4c41b6428f77d50a8cc) Importer(815301076,1909f56bfc062723c751e8b465ee728b)
Start importing Assets/Scripts/RLAgent.cs using Guid(f22ccae075dbc4c41b6428f77d50a8cc) Importer(815301076,1909f56bfc062723c751e8b465ee728b) (PreviewImporter) -> (artifact id: '97cb198a7d4f8e8817a78309813ff632') in 0.000464709 seconds
Number of updated asset objects reloaded before import = 0Number of asset objects unloaded after import = 0

========================================================================
Received Prepare
Refreshing native plugins compatible for Editor in 1.44 ms, found 2 plugins.
Preloading 1 native plugins for Editor in 1.17 ms.
Unloading 43 Unused Serialized files (Serialized files now loaded: 0)
Unloading 5148 unused Assets / (14.2 MB). Loaded Objects now: 5832.
Memory consumption went from 131.4 MB to 117.2 MB.
Total: 7.646541 ms (FindLiveObjects: 0.189709 ms CreateObjectMapping: 0.081208 ms MarkObjects: 6.105500 ms  DeleteObjects: 1.269958 ms)

Prepare: number of updated asset objects reloaded= 0
========================================================================
Received Prepare
Refreshing native plugins compatible for Editor in 1.44 ms, found 2 plugins.
Preloading 1 native plugins for Editor in 1.18 ms.
Unloading 43 Unused Serialized files (Serialized files now loaded: 0)
Unloading 5148 unused Assets / (13.8 MB). Loaded Objects now: 5832.
Memory consumption went from 131.4 MB to 117.5 MB.
Total: 7.451209 ms (FindLiveObjects: 0.185250 ms CreateObjectMapping: 0.077292 ms MarkObjects: 6.086625 ms  DeleteObjects: 1.101792 ms)

Prepare: number of updated asset objects reloaded= 0
========================================================================
Received Prepare
Refreshing native plugins compatible for Editor in 1.57 ms, found 2 plugins.
Preloading 1 native plugins for Editor in 1.17 ms.
Unloading 43 Unused Serialized files (Serialized files now loaded: 0)
Unloading 5148 unused Assets / (14.0 MB). Loaded Objects now: 5832.
Memory consumption went from 131.4 MB to 117.4 MB.
Total: 7.525209 ms (FindLiveObjects: 0.184667 ms CreateObjectMapping: 0.084833 ms MarkObjects: 6.095000 ms  DeleteObjects: 1.160542 ms)

Prepare: number of updated asset objects reloaded= 0
========================================================================
Received Import Request.
  Time since last request: 12.792126 seconds.
  path: Assets/Scripts/RLAgent.cs
  artifactKey: Guid(f22ccae075dbc4c41b6428f77d50a8cc) Importer(815301076,1909f56bfc062723c751e8b465ee728b)
Start importing Assets/Scripts/RLAgent.cs using Guid(f22ccae075dbc4c41b6428f77d50a8cc) Importer(815301076,1909f56bfc062723c751e8b465ee728b) (PreviewImporter) -> (artifact id: '7c4d6763c522b652c4e617267cb395d8') in 0.000413875 seconds
Number of updated asset objects reloaded before import = 0Number of asset objects unloaded after import = 0

========================================================================
Received Prepare
Refreshing native plugins compatible for Editor in 1.61 ms, found 2 plugins.
Preloading 1 native plugins for Editor in 1.13 ms.
Unloading 43 Unused Serialized files (Serialized files now loaded: 0)
Unloading 5148 unused Assets / (14.1 MB). Loaded Objects now: 5832.
Memory consumption went from 131.4 MB to 117.3 MB.
Total: 7.468125 ms (FindLiveObjects: 0.181709 ms CreateObjectMapping: 0.084708 ms MarkObjects: 6.019541 ms  DeleteObjects: 1.181792 ms)

Prepare: number of updated asset objects reloaded= 0
========================================================================
Received Import Request.
  Time since last request: 1.397338 seconds.
  path: Assets/Scripts/RLAgent.cs
  artifactKey: Guid(f22ccae075dbc4c41b6428f77d50a8cc) Importer(815301076,1909f56bfc062723c751e8b465ee728b)
Start importing Assets/Scripts/RLAgent.cs using Guid(f22ccae075dbc4c41b6428f77d50a8cc) Importer(815301076,1909f56bfc062723c751e8b465ee728b) (PreviewImporter) -> (artifact id: 'a29595329eeb057221e8a85580b7286c') in 0.000368667 seconds
Number of updated asset objects reloaded before import = 0Number of asset objects unloaded after import = 0

========================================================================
Received Prepare
Refreshing native plugins compatible for Editor in 1.54 ms, found 2 plugins.
Preloading 1 native plugins for Editor in 1.17 ms.
Unloading 43 Unused Serialized files (Serialized files now loaded: 0)
Unloading 5148 unused Assets / (13.9 MB). Loaded Objects now: 5832.
Memory consumption went from 131.4 MB to 117.4 MB.
Total: 7.421875 ms (FindLiveObjects: 0.191334 ms CreateObjectMapping: 0.080959 ms MarkObjects: 6.025333 ms  DeleteObjects: 1.123833 ms)

Prepare: number of updated asset objects reloaded= 0
========================================================================
Received Import Request.
  Time since last request: 4.798945 seconds.
  path: Assets/Scripts/RLAgent.cs
  artifactKey: Guid(f22ccae075dbc4c41b6428f77d50a8cc) Importer(815301076,1909f56bfc062723c751e8b465ee728b)
Start importing Assets/Scripts/RLAgent.cs using Guid(f22ccae075dbc4c41b6428f77d50a8cc) Importer(815301076,1909f56bfc062723c751e8b465ee728b) (PreviewImporter) -> (artifact id: '5605b3ab4815afc3a046f9d971f26609') in 0.000397958 seconds
Number of updated asset objects reloaded before import = 0Number of asset objects unloaded after import = 0

========================================================================
Received Prepare
Refreshing native plugins compatible for Editor in 1.51 ms, found 2 plugins.
Preloading 1 native plugins for Editor in 1.17 ms.
Unloading 43 Unused Serialized files (Serialized files now loaded: 0)
Unloading 5148 unused Assets / (14.0 MB). Loaded Objects now: 5832.
Memory consumption went from 131.4 MB to 117.4 MB.
Total: 7.417541 ms (FindLiveObjects: 0.181750 ms CreateObjectMapping: 0.080459 ms MarkObjects: 5.979958 ms  DeleteObjects: 1.175209 ms)

Prepare: number of updated asset objects reloaded= 0
========================================================================
Received Import Request.
  Time since last request: 8.195210 seconds.
  path: Assets/Scripts/RLAgent.cs
  artifactKey: Guid(f22ccae075dbc4c41b6428f77d50a8cc) Importer(815301076,1909f56bfc062723c751e8b465ee728b)
Start importing Assets/Scripts/RLAgent.cs using Guid(f22ccae075dbc4c41b6428f77d50a8cc) Importer(815301076,1909f56bfc062723c751e8b465ee728b) (PreviewImporter) -> (artifact id: '28c2e2778b713d47c6a492fe151931ff') in 0.000377833 seconds
Number of updated asset objects reloaded before import = 0Number of asset objects unloaded after import = 0

========================================================================
Received Prepare
Refreshing native plugins compatible for Editor in 1.56 ms, found 2 plugins.
Preloading 1 native plugins for Editor in 1.13 ms.
Unloading 43 Unused Serialized files (Serialized files now loaded: 0)
Unloading 5148 unused Assets / (13.2 MB). Loaded Objects now: 5832.
Memory consumption went from 131.4 MB to 118.1 MB.
Total: 7.422333 ms (FindLiveObjects: 0.175959 ms CreateObjectMapping: 0.075292 ms MarkObjects: 5.990833 ms  DeleteObjects: 1.180042 ms)

Prepare: number of updated asset objects reloaded= 0
========================================================================
Received Import Request.
  Time since last request: 14.793653 seconds.
  path: Assets/Scripts/RLAgent.cs
  artifactKey: Guid(f22ccae075dbc4c41b6428f77d50a8cc) Importer(815301076,1909f56bfc062723c751e8b465ee728b)
Start importing Assets/Scripts/RLAgent.cs using Guid(f22ccae075dbc4c41b6428f77d50a8cc) Importer(815301076,1909f56bfc062723c751e8b465ee728b) (PreviewImporter) -> (artifact id: '1cc24af5e76be944c9eb9ff22e8064da') in 0.000403667 seconds
Number of updated asset objects reloaded before import = 0Number of asset objects unloaded after import = 0

========================================================================
Received Prepare
Refreshing native plugins compatible for Editor in 1.58 ms, found 2 plugins.
Preloading 1 native plugins for Editor in 1.14 ms.
Unloading 43 Unused Serialized files (Serialized files now loaded: 0)
Unloading 5148 unused Assets / (14.1 MB). Loaded Objects now: 5832.
Memory consumption went from 131.4 MB to 117.3 MB.
Total: 7.360208 ms (FindLiveObjects: 0.189083 ms CreateObjectMapping: 0.080542 ms MarkObjects: 5.839083 ms  DeleteObjects: 1.251166 ms)

Prepare: number of updated asset objects reloaded= 0
========================================================================
Received Import Request.
  Time since last request: 7.005980 seconds.
  path: Assets/Scripts/RLAgent.cs
  artifactKey: Guid(f22ccae075dbc4c41b6428f77d50a8cc) Importer(815301076,1909f56bfc062723c751e8b465ee728b)
Start importing Assets/Scripts/RLAgent.cs using Guid(f22ccae075dbc4c41b6428f77d50a8cc) Importer(815301076,1909f56bfc062723c751e8b465ee728b) (PreviewImporter) -> (artifact id: '0122a70d55b8cb418b9b13d6ccd4f21c') in 0.000328875 seconds
Number of updated asset objects reloaded before import = 0Number of asset objects unloaded after import = 0

========================================================================
Received Prepare
Begin MonoManager ReloadAssembly
[Licensing::Client] Successfully resolved entitlement details
[Licensing::Module] License group:
  Id: F4-85AS-8ZW6-XMRF-425Z-XXXX
  Product: Unity Personal
  Type: ULF
  Expiration: Unlimited
[Licensing::Module] License group:
  Id: 6872810951280-UnityPersXXXX
  Product: Unity Personal
  Type: Assigned
  Expiration: Unlimited
Thread 0x16ef63000 may have been prematurely finalized
Symbol file LoadedFromMemory is not a mono symbol file
Symbol file LoadedFromMemory is not a mono symbol file
- Loaded All Assemblies, in  0.312 seconds
Refreshing native plugins compatible for Editor in 1.22 ms, found 2 plugins.
Native extension for OSXStandalone target not found
Native extension for WebGL target not found
Refreshing native plugins compatible for Editor in 1.67 ms, found 2 plugins.
[Package Manager] Failed to launch server process. Reason: Unity was launched with the -noUpm command-line argument
[Package Manager] Unable to send message (not connected to server process).
[Package Manager] Cannot connect to Unity Package Manager local server
ScheduleIndexationOnStartup MainProcess:False IndexOnStartup:True
Mono: successfully reloaded assembly
- Finished resetting the current domain, in  0.394 seconds
Domain Reload Profiling: 707ms
	BeginReloadAssembly (71ms)
		ExecutionOrderSort (0ms)
		DisableScriptedObjects (3ms)
		BackupInstance (0ms)
		ReleaseScriptingObjects (0ms)
		CreateAndSetChildDomain (21ms)
	RebuildCommonClasses (16ms)
	RebuildNativeTypeToScriptingClass (6ms)
	initialDomainReloadingComplete (9ms)
	LoadAllAssembliesAndSetupDomain (212ms)
		LoadAssemblies (166ms)
		RebuildTransferFunctionScriptingTraits (0ms)
		AnalyzeDomain (67ms)
			TypeCache.Refresh (7ms)
				TypeCache.ScanAssembly (0ms)
			BuildScriptInfoCaches (57ms)
			ResolveRequiredComponents (1ms)
	FinalizeReload (394ms)
		ReleaseScriptCaches (0ms)
		RebuildScriptCaches (0ms)
		SetupLoadedEditorAssemblies (346ms)
			LogAssemblyErrors (0ms)
			InitializePlatformSupportModulesInManaged (1ms)
			SetLoadedEditorAssemblies (2ms)
			BeforeProcessingInitializeOnLoad (81ms)
			ProcessInitializeOnLoadAttributes (165ms)
			ProcessInitializeOnLoadMethodAttributes (97ms)
			AfterProcessingInitializeOnLoad (1ms)
			EditorAssembliesLoaded (0ms)
		ExecutionOrderSort2 (0ms)
		AwakeInstancesAfterBackupRestoration (1ms)
Refreshing native plugins compatible for Editor in 1.60 ms, found 2 plugins.
Preloading 1 native plugins for Editor in 1.16 ms.
Unloading 43 Unused Serialized files (Serialized files now loaded: 0)
Unloading 5193 unused Assets / (14.2 MB). Loaded Objects now: 5836.
Memory consumption went from 143.5 MB to 129.4 MB.
Total: 7.503875 ms (FindLiveObjects: 0.183000 ms CreateObjectMapping: 0.078625 ms MarkObjects: 6.010375 ms  DeleteObjects: 1.231667 ms)

Prepare: number of updated asset objects reloaded= 0
========================================================================
Received Prepare
Refreshing native plugins compatible for Editor in 1.64 ms, found 2 plugins.
Preloading 1 native plugins for Editor in 1.16 ms.
Unloading 43 Unused Serialized files (Serialized files now loaded: 0)
Unloading 5148 unused Assets / (14.0 MB). Loaded Objects now: 5836.
Memory consumption went from 131.4 MB to 117.4 MB.
Total: 7.458542 ms (FindLiveObjects: 0.186500 ms CreateObjectMapping: 0.081792 ms MarkObjects: 6.032958 ms  DeleteObjects: 1.157167 ms)

Prepare: number of updated asset objects reloaded= 0
========================================================================
Received Import Request.
  Time since last request: 49.512584 seconds.
  path: Assets/Scripts/RLAgent.cs
  artifactKey: Guid(f22ccae075dbc4c41b6428f77d50a8cc) Importer(815301076,1909f56bfc062723c751e8b465ee728b)
Start importing Assets/Scripts/RLAgent.cs using Guid(f22ccae075dbc4c41b6428f77d50a8cc) Importer(815301076,1909f56bfc062723c751e8b465ee728b) (PreviewImporter) -> (artifact id: '6eba3492520a1052b52a11b08639240c') in 0.000829666 seconds
Number of updated asset objects reloaded before import = 0Number of asset objects unloaded after import = 0

========================================================================
Received Prepare
Begin MonoManager ReloadAssembly
Thread 0x16ef63000 may have been prematurely finalized
Symbol file LoadedFromMemory is not a mono symbol file
Symbol file LoadedFromMemory is not a mono symbol file
- Loaded All Assemblies, in  0.340 seconds
Refreshing native plugins compatible for Editor in 1.00 ms, found 2 plugins.
Native extension for OSXStandalone target not found
Native extension for WebGL target not found
Refreshing native plugins compatible for Editor in 1.21 ms, found 2 plugins.
[Package Manager] Failed to launch server process. Reason: Unity was launched with the -noUpm command-line argument
[Package Manager] Unable to send message (not connected to server process).
[Package Manager] Cannot connect to Unity Package Manager local server
ScheduleIndexationOnStartup MainProcess:False IndexOnStartup:True
Mono: successfully reloaded assembly
- Finished resetting the current domain, in  0.404 seconds
Domain Reload Profiling: 744ms
	BeginReloadAssembly (74ms)
		ExecutionOrderSort (0ms)
		DisableScriptedObjects (3ms)
		BackupInstance (0ms)
		ReleaseScriptingObjects (0ms)
		CreateAndSetChildDomain (22ms)
	RebuildCommonClasses (16ms)
	RebuildNativeTypeToScriptingClass (6ms)
	initialDomainReloadingComplete (10ms)
	LoadAllAssembliesAndSetupDomain (234ms)
		LoadAssemblies (188ms)
		RebuildTransferFunctionScriptingTraits (0ms)
		AnalyzeDomain (69ms)
			TypeCache.Refresh (7ms)
				TypeCache.ScanAssembly (0ms)
			BuildScriptInfoCaches (59ms)
			ResolveRequiredComponents (1ms)
	FinalizeReload (404ms)
		ReleaseScriptCaches (0ms)
		RebuildScriptCaches (0ms)
		SetupLoadedEditorAssemblies (355ms)
			LogAssemblyErrors (0ms)
			InitializePlatformSupportModulesInManaged (1ms)
			SetLoadedEditorAssemblies (2ms)
			BeforeProcessingInitializeOnLoad (86ms)
			ProcessInitializeOnLoadAttributes (165ms)
			ProcessInitializeOnLoadMethodAttributes (100ms)
			AfterProcessingInitializeOnLoad (0ms)
			EditorAssembliesLoaded (0ms)
		ExecutionOrderSort2 (0ms)
		AwakeInstancesAfterBackupRestoration (1ms)
Refreshing native plugins compatible for Editor in 1.17 ms, found 2 plugins.
Preloading 1 native plugins for Editor in 1.10 ms.
Unloading 43 Unused Serialized files (Serialized files now loaded: 0)
Unloading 5193 unused Assets / (13.8 MB). Loaded Objects now: 5840.
Memory consumption went from 143.6 MB to 129.8 MB.
Total: 7.398000 ms (FindLiveObjects: 0.194625 ms CreateObjectMapping: 0.076667 ms MarkObjects: 6.026708 ms  DeleteObjects: 1.099666 ms)

Prepare: number of updated asset objects reloaded= 0
========================================================================
Received Prepare
Refreshing native plugins compatible for Editor in 1.19 ms, found 2 plugins.
Preloading 1 native plugins for Editor in 1.09 ms.
Unloading 43 Unused Serialized files (Serialized files now loaded: 0)
Unloading 5148 unused Assets / (14.0 MB). Loaded Objects now: 5840.
Memory consumption went from 131.5 MB to 117.5 MB.
Total: 7.500834 ms (FindLiveObjects: 0.185125 ms CreateObjectMapping: 0.081917 ms MarkObjects: 6.092292 ms  DeleteObjects: 1.141334 ms)

Prepare: number of updated asset objects reloaded= 0
========================================================================
Received Import Request.
  Time since last request: 3.583932 seconds.
  path: Assets/Scripts/RLAgent.cs
  artifactKey: Guid(f22ccae075dbc4c41b6428f77d50a8cc) Importer(815301076,1909f56bfc062723c751e8b465ee728b)
Start importing Assets/Scripts/RLAgent.cs using Guid(f22ccae075dbc4c41b6428f77d50a8cc) Importer(815301076,1909f56bfc062723c751e8b465ee728b) (PreviewImporter) -> (artifact id: '3efefb2ef487401e672cfee5e9395969') in 0.000928916 seconds
Number of updated asset objects reloaded before import = 0Number of asset objects unloaded after import = 0

========================================================================
Received Prepare
Begin MonoManager ReloadAssembly
Thread 0x16ef63000 may have been prematurely finalized
Symbol file LoadedFromMemory is not a mono symbol file
Symbol file LoadedFromMemory is not a mono symbol file
- Loaded All Assemblies, in  0.293 seconds
Refreshing native plugins compatible for Editor in 1.29 ms, found 2 plugins.
Native extension for OSXStandalone target not found
Native extension for WebGL target not found
Refreshing native plugins compatible for Editor in 1.20 ms, found 2 plugins.
[Package Manager] Failed to launch server process. Reason: Unity was launched with the -noUpm command-line argument
[Package Manager] Unable to send message (not connected to server process).
[Package Manager] Cannot connect to Unity Package Manager local server
ScheduleIndexationOnStartup MainProcess:False IndexOnStartup:True
Mono: successfully reloaded assembly
- Finished resetting the current domain, in  0.398 seconds
Domain Reload Profiling: 692ms
	BeginReloadAssembly (71ms)
		ExecutionOrderSort (0ms)
		DisableScriptedObjects (3ms)
		BackupInstance (0ms)
		ReleaseScriptingObjects (0ms)
		CreateAndSetChildDomain (21ms)
	RebuildCommonClasses (16ms)
	RebuildNativeTypeToScriptingClass (6ms)
	initialDomainReloadingComplete (9ms)
	LoadAllAssembliesAndSetupDomain (192ms)
		LoadAssemblies (147ms)
		RebuildTransferFunctionScriptingTraits (0ms)
		AnalyzeDomain (67ms)
			TypeCache.Refresh (6ms)
				TypeCache.ScanAssembly (0ms)
			BuildScriptInfoCaches (58ms)
			ResolveRequiredComponents (1ms)
	FinalizeReload (398ms)
		ReleaseScriptCaches (0ms)
		RebuildScriptCaches (0ms)
		SetupLoadedEditorAssemblies (349ms)
			LogAssemblyErrors (0ms)
			InitializePlatformSupportModulesInManaged (1ms)
			SetLoadedEditorAssemblies (2ms)
			BeforeProcessingInitializeOnLoad (81ms)
			ProcessInitializeOnLoadAttributes (166ms)
			ProcessInitializeOnLoadMethodAttributes (99ms)
			AfterProcessingInitializeOnLoad (1ms)
			EditorAssembliesLoaded (0ms)
		ExecutionOrderSort2 (0ms)
		AwakeInstancesAfterBackupRestoration (1ms)
Refreshing native plugins compatible for Editor in 1.56 ms, found 2 plugins.
Preloading 1 native plugins for Editor in 1.21 ms.
Unloading 43 Unused Serialized files (Serialized files now loaded: 0)
Unloading 5193 unused Assets / (14.0 MB). Loaded Objects now: 5844.
Memory consumption went from 143.4 MB to 129.4 MB.
Total: 7.575500 ms (FindLiveObjects: 0.180208 ms CreateObjectMapping: 0.075584 ms MarkObjects: 6.140416 ms  DeleteObjects: 1.179209 ms)

Prepare: number of updated asset objects reloaded= 0
========================================================================
Received Prepare
Refreshing native plugins compatible for Editor in 1.60 ms, found 2 plugins.
Preloading 1 native plugins for Editor in 1.15 ms.
Unloading 43 Unused Serialized files (Serialized files now loaded: 0)
Unloading 5148 unused Assets / (14.1 MB). Loaded Objects now: 5844.
Memory consumption went from 131.5 MB to 117.5 MB.
Total: 7.825042 ms (FindLiveObjects: 0.184250 ms CreateObjectMapping: 0.079000 ms MarkObjects: 6.308375 ms  DeleteObjects: 1.253208 ms)

Prepare: number of updated asset objects reloaded= 0
========================================================================
Received Prepare
Begin MonoManager ReloadAssembly
Thread 0x16ef63000 may have been prematurely finalized
Symbol file LoadedFromMemory is not a mono symbol file
Symbol file LoadedFromMemory is not a mono symbol file
- Loaded All Assemblies, in  0.292 seconds
Refreshing native plugins compatible for Editor in 1.36 ms, found 2 plugins.
Native extension for OSXStandalone target not found
Native extension for WebGL target not found
Refreshing native plugins compatible for Editor in 1.25 ms, found 2 plugins.
[Package Manager] Failed to launch server process. Reason: Unity was launched with the -noUpm command-line argument
[Package Manager] Unable to send message (not connected to server process).
[Package Manager] Cannot connect to Unity Package Manager local server
ScheduleIndexationOnStartup MainProcess:False IndexOnStartup:True
Mono: successfully reloaded assembly
- Finished resetting the current domain, in  0.398 seconds
Domain Reload Profiling: 691ms
	BeginReloadAssembly (71ms)
		ExecutionOrderSort (0ms)
		DisableScriptedObjects (3ms)
		BackupInstance (0ms)
		ReleaseScriptingObjects (0ms)
		CreateAndSetChildDomain (22ms)
	RebuildCommonClasses (16ms)
	RebuildNativeTypeToScriptingClass (6ms)
	initialDomainReloadingComplete (10ms)
	LoadAllAssembliesAndSetupDomain (190ms)
		LoadAssemblies (147ms)
		RebuildTransferFunctionScriptingTraits (0ms)
		AnalyzeDomain (65ms)
			TypeCache.Refresh (5ms)
				TypeCache.ScanAssembly (0ms)
			BuildScriptInfoCaches (57ms)
			ResolveRequiredComponents (1ms)
	FinalizeReload (398ms)
		ReleaseScriptCaches (0ms)
		RebuildScriptCaches (0ms)
		SetupLoadedEditorAssemblies (349ms)
			LogAssemblyErrors (0ms)
			InitializePlatformSupportModulesInManaged (1ms)
			SetLoadedEditorAssemblies (2ms)
			BeforeProcessingInitializeOnLoad (83ms)
			ProcessInitializeOnLoadAttributes (166ms)
			ProcessInitializeOnLoadMethodAttributes (97ms)
			AfterProcessingInitializeOnLoad (1ms)
			EditorAssembliesLoaded (0ms)
		ExecutionOrderSort2 (0ms)
		AwakeInstancesAfterBackupRestoration (1ms)
Refreshing native plugins compatible for Editor in 1.08 ms, found 2 plugins.
Preloading 1 native plugins for Editor in 1.18 ms.
Unloading 43 Unused Serialized files (Serialized files now loaded: 0)
Unloading 5193 unused Assets / (12.2 MB). Loaded Objects now: 5848.
Memory consumption went from 143.3 MB to 131.1 MB.
Total: 7.865833 ms (FindLiveObjects: 0.176041 ms CreateObjectMapping: 0.074834 ms MarkObjects: 6.604750 ms  DeleteObjects: 1.009917 ms)

Prepare: number of updated asset objects reloaded= 0
========================================================================
Received Prepare
Refreshing native plugins compatible for Editor in 1.63 ms, found 2 plugins.
Preloading 1 native plugins for Editor in 1.15 ms.
Unloading 43 Unused Serialized files (Serialized files now loaded: 0)
Unloading 5148 unused Assets / (13.8 MB). Loaded Objects now: 5848.
Memory consumption went from 131.5 MB to 117.7 MB.
Total: 7.601709 ms (FindLiveObjects: 0.187500 ms CreateObjectMapping: 0.081208 ms MarkObjects: 6.211208 ms  DeleteObjects: 1.121667 ms)

Prepare: number of updated asset objects reloaded= 0
========================================================================
Received Import Request.
  Time since last request: 9.005036 seconds.
  path: Assets/Scripts/RLAgent.cs
  artifactKey: Guid(f22ccae075dbc4c41b6428f77d50a8cc) Importer(815301076,1909f56bfc062723c751e8b465ee728b)
Start importing Assets/Scripts/RLAgent.cs using Guid(f22ccae075dbc4c41b6428f77d50a8cc) Importer(815301076,1909f56bfc062723c751e8b465ee728b) (PreviewImporter) -> (artifact id: '640ce9f47cd33f941e5f9098c0467a19') in 0.000902084 seconds
Number of updated asset objects reloaded before import = 0Number of asset objects unloaded after import = 0

========================================================================
Received Prepare
Begin MonoManager ReloadAssembly
[Licensing::Client] Successfully resolved entitlement details
[Licensing::Module] License group:
  Id: F4-85AS-8ZW6-XMRF-425Z-XXXX
  Product: Unity Personal
  Type: ULF
  Expiration: Unlimited
[Licensing::Module] License group:
  Id: 6872810951280-UnityPersXXXX
  Product: Unity Personal
  Type: Assigned
  Expiration: Unlimited
Thread 0x16ef63000 may have been prematurely finalized
Symbol file LoadedFromMemory is not a mono symbol file
Symbol file LoadedFromMemory is not a mono symbol file
- Loaded All Assemblies, in  0.287 seconds
Refreshing native plugins compatible for Editor in 1.67 ms, found 2 plugins.
Native extension for OSXStandalone target not found
Native extension for WebGL target not found
Refreshing native plugins compatible for Editor in 1.08 ms, found 2 plugins.
[Package Manager] Failed to launch server process. Reason: Unity was launched with the -noUpm command-line argument
[Package Manager] Unable to send message (not connected to server process).
[Package Manager] Cannot connect to Unity Package Manager local server
ScheduleIndexationOnStartup MainProcess:False IndexOnStartup:True
Mono: successfully reloaded assembly
- Finished resetting the current domain, in  0.400 seconds
Domain Reload Profiling: 688ms
	BeginReloadAssembly (74ms)
		ExecutionOrderSort (0ms)
		DisableScriptedObjects (3ms)
		BackupInstance (0ms)
		ReleaseScriptingObjects (0ms)
		CreateAndSetChildDomain (22ms)
	RebuildCommonClasses (15ms)
	RebuildNativeTypeToScriptingClass (6ms)
	initialDomainReloadingComplete (9ms)
	LoadAllAssembliesAndSetupDomain (184ms)
		LoadAssemblies (140ms)
		RebuildTransferFunctionScriptingTraits (0ms)
		AnalyzeDomain (66ms)
			TypeCache.Refresh (6ms)
				TypeCache.ScanAssembly (0ms)
			BuildScriptInfoCaches (57ms)
			ResolveRequiredComponents (1ms)
	FinalizeReload (400ms)
		ReleaseScriptCaches (0ms)
		RebuildScriptCaches (0ms)
		SetupLoadedEditorAssemblies (350ms)
			LogAssemblyErrors (0ms)
			InitializePlatformSupportModulesInManaged (1ms)
			SetLoadedEditorAssemblies (2ms)
			BeforeProcessingInitializeOnLoad (82ms)
			ProcessInitializeOnLoadAttributes (167ms)
			ProcessInitializeOnLoadMethodAttributes (97ms)
			AfterProcessingInitializeOnLoad (0ms)
			EditorAssembliesLoaded (0ms)
		ExecutionOrderSort2 (0ms)
		AwakeInstancesAfterBackupRestoration (1ms)
Refreshing native plugins compatible for Editor in 1.03 ms, found 2 plugins.
Preloading 1 native plugins for Editor in 1.14 ms.
Unloading 43 Unused Serialized files (Serialized files now loaded: 0)
Unloading 5193 unused Assets / (14.0 MB). Loaded Objects now: 5852.
Memory consumption went from 143.3 MB to 129.3 MB.
Total: 7.661333 ms (FindLiveObjects: 0.165166 ms CreateObjectMapping: 0.119417 ms MarkObjects: 6.358583 ms  DeleteObjects: 1.017958 ms)

Prepare: number of updated asset objects reloaded= 0
========================================================================
Received Prepare
Refreshing native plugins compatible for Editor in 1.49 ms, found 2 plugins.
Preloading 1 native plugins for Editor in 1.14 ms.
Unloading 43 Unused Serialized files (Serialized files now loaded: 0)
Unloading 5148 unused Assets / (14.3 MB). Loaded Objects now: 5852.
Memory consumption went from 131.5 MB to 117.3 MB.
Total: 7.481583 ms (FindLiveObjects: 0.186833 ms CreateObjectMapping: 0.077625 ms MarkObjects: 5.971333 ms  DeleteObjects: 1.245541 ms)

Prepare: number of updated asset objects reloaded= 0
========================================================================
Received Import Request.
  Time since last request: 10.592835 seconds.
  path: Assets/Scripts/RLAgent.cs
  artifactKey: Guid(f22ccae075dbc4c41b6428f77d50a8cc) Importer(815301076,1909f56bfc062723c751e8b465ee728b)
Start importing Assets/Scripts/RLAgent.cs using Guid(f22ccae075dbc4c41b6428f77d50a8cc) Importer(815301076,1909f56bfc062723c751e8b465ee728b) (PreviewImporter) -> (artifact id: '1739782ada025dcff032e53e267add1a') in 0.000889834 seconds
Number of updated asset objects reloaded before import = 0Number of asset objects unloaded after import = 0

========================================================================
Received Prepare
Begin MonoManager ReloadAssembly
Thread 0x16ef63000 may have been prematurely finalized
Symbol file LoadedFromMemory is not a mono symbol file
Symbol file LoadedFromMemory is not a mono symbol file
- Loaded All Assemblies, in  0.291 seconds
Refreshing native plugins compatible for Editor in 1.16 ms, found 2 plugins.
Native extension for OSXStandalone target not found
Native extension for WebGL target not found
Refreshing native plugins compatible for Editor in 1.18 ms, found 2 plugins.
[Package Manager] Failed to launch server process. Reason: Unity was launched with the -noUpm command-line argument
[Package Manager] Unable to send message (not connected to server process).
[Package Manager] Cannot connect to Unity Package Manager local server
ScheduleIndexationOnStartup MainProcess:False IndexOnStartup:True
Mono: successfully reloaded assembly
- Finished resetting the current domain, in  0.404 seconds
Domain Reload Profiling: 695ms
	BeginReloadAssembly (71ms)
		ExecutionOrderSort (0ms)
		DisableScriptedObjects (3ms)
		BackupInstance (0ms)
		ReleaseScriptingObjects (0ms)
		CreateAndSetChildDomain (21ms)
	RebuildCommonClasses (16ms)
	RebuildNativeTypeToScriptingClass (6ms)
	initialDomainReloadingComplete (10ms)
	LoadAllAssembliesAndSetupDomain (189ms)
		LoadAssemblies (145ms)
		RebuildTransferFunctionScriptingTraits (0ms)
		AnalyzeDomain (66ms)
			TypeCache.Refresh (6ms)
				TypeCache.ScanAssembly (0ms)
			BuildScriptInfoCaches (57ms)
			ResolveRequiredComponents (1ms)
	FinalizeReload (404ms)
		ReleaseScriptCaches (0ms)
		RebuildScriptCaches (0ms)
		SetupLoadedEditorAssemblies (354ms)
			LogAssemblyErrors (0ms)
			InitializePlatformSupportModulesInManaged (1ms)
			SetLoadedEditorAssemblies (2ms)
			BeforeProcessingInitializeOnLoad (83ms)
			ProcessInitializeOnLoadAttributes (168ms)
			ProcessInitializeOnLoadMethodAttributes (100ms)
			AfterProcessingInitializeOnLoad (1ms)
			EditorAssembliesLoaded (0ms)
		ExecutionOrderSort2 (0ms)
		AwakeInstancesAfterBackupRestoration (1ms)
Refreshing native plugins compatible for Editor in 1.33 ms, found 2 plugins.
Preloading 1 native plugins for Editor in 1.18 ms.
Unloading 43 Unused Serialized files (Serialized files now loaded: 0)
Unloading 5193 unused Assets / (12.9 MB). Loaded Objects now: 5856.
Memory consumption went from 143.2 MB to 130.4 MB.
Total: 7.985750 ms (FindLiveObjects: 0.197500 ms CreateObjectMapping: 0.082125 ms MarkObjects: 6.591208 ms  DeleteObjects: 1.114792 ms)

Prepare: number of updated asset objects reloaded= 0
========================================================================
Received Prepare
Refreshing native plugins compatible for Editor in 1.23 ms, found 2 plugins.
Preloading 1 native plugins for Editor in 1.17 ms.
Unloading 43 Unused Serialized files (Serialized files now loaded: 0)
Unloading 5148 unused Assets / (13.9 MB). Loaded Objects now: 5856.
Memory consumption went from 131.5 MB to 117.6 MB.
Total: 7.725959 ms (FindLiveObjects: 0.210541 ms CreateObjectMapping: 0.087084 ms MarkObjects: 6.243208 ms  DeleteObjects: 1.184792 ms)

Prepare: number of updated asset objects reloaded= 0
========================================================================
Received Import Request.
  Time since last request: 5.997665 seconds.
  path: Assets/Scripts/RLAgent.cs
  artifactKey: Guid(f22ccae075dbc4c41b6428f77d50a8cc) Importer(815301076,1909f56bfc062723c751e8b465ee728b)
Start importing Assets/Scripts/RLAgent.cs using Guid(f22ccae075dbc4c41b6428f77d50a8cc) Importer(815301076,1909f56bfc062723c751e8b465ee728b) (PreviewImporter) -> (artifact id: '8fd896925df3fe0f120ffa6440734bbb') in 0.000905917 seconds
Number of updated asset objects reloaded before import = 0Number of asset objects unloaded after import = 0

========================================================================
Received Prepare
Begin MonoManager ReloadAssembly
Thread 0x16ef63000 may have been prematurely finalized
Symbol file LoadedFromMemory is not a mono symbol file
Symbol file LoadedFromMemory is not a mono symbol file
- Loaded All Assemblies, in  0.296 seconds
Refreshing native plugins compatible for Editor in 1.57 ms, found 2 plugins.
Native extension for OSXStandalone target not found
Native extension for WebGL target not found
Refreshing native plugins compatible for Editor in 1.41 ms, found 2 plugins.
[Package Manager] Failed to launch server process. Reason: Unity was launched with the -noUpm command-line argument
[Package Manager] Unable to send message (not connected to server process).
[Package Manager] Cannot connect to Unity Package Manager local server
ScheduleIndexationOnStartup MainProcess:False IndexOnStartup:True
Mono: successfully reloaded assembly
- Finished resetting the current domain, in  0.401 seconds
Domain Reload Profiling: 698ms
	BeginReloadAssembly (72ms)
		ExecutionOrderSort (0ms)
		DisableScriptedObjects (3ms)
		BackupInstance (0ms)
		ReleaseScriptingObjects (0ms)
		CreateAndSetChildDomain (21ms)
	RebuildCommonClasses (16ms)
	RebuildNativeTypeToScriptingClass (6ms)
	initialDomainReloadingComplete (9ms)
	LoadAllAssembliesAndSetupDomain (194ms)
		LoadAssemblies (150ms)
		RebuildTransferFunctionScriptingTraits (0ms)
		AnalyzeDomain (66ms)
			TypeCache.Refresh (6ms)
				TypeCache.ScanAssembly (0ms)
			BuildScriptInfoCaches (58ms)
			ResolveRequiredComponents (1ms)
	FinalizeReload (401ms)
		ReleaseScriptCaches (0ms)
		RebuildScriptCaches (0ms)
		SetupLoadedEditorAssemblies (352ms)
			LogAssemblyErrors (0ms)
			InitializePlatformSupportModulesInManaged (1ms)
			SetLoadedEditorAssemblies (2ms)
			BeforeProcessingInitializeOnLoad (82ms)
			ProcessInitializeOnLoadAttributes (166ms)
			ProcessInitializeOnLoadMethodAttributes (100ms)
			AfterProcessingInitializeOnLoad (1ms)
			EditorAssembliesLoaded (0ms)
		ExecutionOrderSort2 (0ms)
		AwakeInstancesAfterBackupRestoration (1ms)
Refreshing native plugins compatible for Editor in 1.46 ms, found 2 plugins.
Preloading 1 native plugins for Editor in 1.23 ms.
Unloading 43 Unused Serialized files (Serialized files now loaded: 0)
Unloading 5193 unused Assets / (12.7 MB). Loaded Objects now: 5860.
Memory consumption went from 143.1 MB to 130.5 MB.
Total: 7.880334 ms (FindLiveObjects: 0.196041 ms CreateObjectMapping: 0.079042 ms MarkObjects: 6.481791 ms  DeleteObjects: 1.123167 ms)

Prepare: number of updated asset objects reloaded= 0
========================================================================
Received Prepare
Refreshing native plugins compatible for Editor in 1.24 ms, found 2 plugins.
Preloading 1 native plugins for Editor in 1.19 ms.
Unloading 43 Unused Serialized files (Serialized files now loaded: 0)
Unloading 5148 unused Assets / (14.2 MB). Loaded Objects now: 5860.
Memory consumption went from 131.6 MB to 117.3 MB.
Total: 7.658458 ms (FindLiveObjects: 0.175125 ms CreateObjectMapping: 0.087875 ms MarkObjects: 6.134292 ms  DeleteObjects: 1.260834 ms)

Prepare: number of updated asset objects reloaded= 0
========================================================================
Received Import Request.
  Time since last request: 4.695222 seconds.
  path: Assets/Scripts/RLAgent.cs
  artifactKey: Guid(f22ccae075dbc4c41b6428f77d50a8cc) Importer(815301076,1909f56bfc062723c751e8b465ee728b)
Start importing Assets/Scripts/RLAgent.cs using Guid(f22ccae075dbc4c41b6428f77d50a8cc) Importer(815301076,1909f56bfc062723c751e8b465ee728b) (PreviewImporter) -> (artifact id: '16fddb66771602864172588bf0585bd6') in 0.000851541 seconds
Number of updated asset objects reloaded before import = 0Number of asset objects unloaded after import = 0

========================================================================
Received Prepare
Begin MonoManager ReloadAssembly
Thread 0x16ef63000 may have been prematurely finalized
Symbol file LoadedFromMemory is not a mono symbol file
Symbol file LoadedFromMemory is not a mono symbol file
- Loaded All Assemblies, in  0.314 seconds
Refreshing native plugins compatible for Editor in 1.28 ms, found 2 plugins.
Native extension for OSXStandalone target not found
Native extension for WebGL target not found
Refreshing native plugins compatible for Editor in 1.23 ms, found 2 plugins.
[Package Manager] Failed to launch server process. Reason: Unity was launched with the -noUpm command-line argument
[Package Manager] Unable to send message (not connected to server process).
[Package Manager] Cannot connect to Unity Package Manager local server
ScheduleIndexationOnStartup MainProcess:False IndexOnStartup:True
Mono: successfully reloaded assembly
- Finished resetting the current domain, in  0.405 seconds
Domain Reload Profiling: 721ms
	BeginReloadAssembly (72ms)
		ExecutionOrderSort (0ms)
		DisableScriptedObjects (3ms)
		BackupInstance (0ms)
		ReleaseScriptingObjects (0ms)
		CreateAndSetChildDomain (21ms)
	RebuildCommonClasses (16ms)
	RebuildNativeTypeToScriptingClass (6ms)
	initialDomainReloadingComplete (10ms)
	LoadAllAssembliesAndSetupDomain (212ms)
		LoadAssemblies (166ms)
		RebuildTransferFunctionScriptingTraits (0ms)
		AnalyzeDomain (68ms)
			TypeCache.Refresh (7ms)
				TypeCache.ScanAssembly (0ms)
			BuildScriptInfoCaches (58ms)
			ResolveRequiredComponents (1ms)
	FinalizeReload (405ms)
		ReleaseScriptCaches (0ms)
		RebuildScriptCaches (0ms)
		SetupLoadedEditorAssemblies (356ms)
			LogAssemblyErrors (0ms)
			InitializePlatformSupportModulesInManaged (1ms)
			SetLoadedEditorAssemblies (2ms)
			BeforeProcessingInitializeOnLoad (82ms)
			ProcessInitializeOnLoadAttributes (174ms)
			ProcessInitializeOnLoadMethodAttributes (97ms)
			AfterProcessingInitializeOnLoad (1ms)
			EditorAssembliesLoaded (0ms)
		ExecutionOrderSort2 (0ms)
		AwakeInstancesAfterBackupRestoration (1ms)
Refreshing native plugins compatible for Editor in 1.33 ms, found 2 plugins.
Preloading 1 native plugins for Editor in 1.18 ms.
Unloading 43 Unused Serialized files (Serialized files now loaded: 0)
Unloading 5193 unused Assets / (13.9 MB). Loaded Objects now: 5864.
Memory consumption went from 143.0 MB to 129.1 MB.
Total: 7.604750 ms (FindLiveObjects: 0.187417 ms CreateObjectMapping: 0.069958 ms MarkObjects: 6.200333 ms  DeleteObjects: 1.146917 ms)

Prepare: number of updated asset objects reloaded= 0
========================================================================
Received Prepare
Refreshing native plugins compatible for Editor in 1.53 ms, found 2 plugins.
Preloading 1 native plugins for Editor in 1.18 ms.
Unloading 43 Unused Serialized files (Serialized files now loaded: 0)
Unloading 5148 unused Assets / (13.9 MB). Loaded Objects now: 5864.
Memory consumption went from 131.6 MB to 117.6 MB.
Total: 7.651000 ms (FindLiveObjects: 0.184166 ms CreateObjectMapping: 0.071375 ms MarkObjects: 6.262250 ms  DeleteObjects: 1.133042 ms)

Prepare: number of updated asset objects reloaded= 0
========================================================================
Received Prepare
Begin MonoManager ReloadAssembly
Thread 0x16ef63000 may have been prematurely finalized
Symbol file LoadedFromMemory is not a mono symbol file
Symbol file LoadedFromMemory is not a mono symbol file
- Loaded All Assemblies, in  0.311 seconds
Refreshing native plugins compatible for Editor in 1.24 ms, found 2 plugins.
Native extension for OSXStandalone target not found
Native extension for WebGL target not found
Refreshing native plugins compatible for Editor in 1.20 ms, found 2 plugins.
[Package Manager] Failed to launch server process. Reason: Unity was launched with the -noUpm command-line argument
[Package Manager] Unable to send message (not connected to server process).
[Package Manager] Cannot connect to Unity Package Manager local server
ScheduleIndexationOnStartup MainProcess:False IndexOnStartup:True
Mono: successfully reloaded assembly
- Finished resetting the current domain, in  0.412 seconds
Domain Reload Profiling: 724ms
	BeginReloadAssembly (76ms)
		ExecutionOrderSort (0ms)
		DisableScriptedObjects (3ms)
		BackupInstance (0ms)
		ReleaseScriptingObjects (0ms)
		CreateAndSetChildDomain (25ms)
	RebuildCommonClasses (16ms)
	RebuildNativeTypeToScriptingClass (6ms)
	initialDomainReloadingComplete (10ms)
	LoadAllAssembliesAndSetupDomain (204ms)
		LoadAssemblies (159ms)
		RebuildTransferFunctionScriptingTraits (0ms)
		AnalyzeDomain (68ms)
			TypeCache.Refresh (7ms)
				TypeCache.ScanAssembly (0ms)
			BuildScriptInfoCaches (58ms)
			ResolveRequiredComponents (1ms)
	FinalizeReload (412ms)
		ReleaseScriptCaches (0ms)
		RebuildScriptCaches (0ms)
		SetupLoadedEditorAssemblies (361ms)
			LogAssemblyErrors (0ms)
			InitializePlatformSupportModulesInManaged (1ms)
			SetLoadedEditorAssemblies (2ms)
			BeforeProcessingInitializeOnLoad (86ms)
			ProcessInitializeOnLoadAttributes (174ms)
			ProcessInitializeOnLoadMethodAttributes (98ms)
			AfterProcessingInitializeOnLoad (1ms)
			EditorAssembliesLoaded (0ms)
		ExecutionOrderSort2 (0ms)
		AwakeInstancesAfterBackupRestoration (1ms)
Refreshing native plugins compatible for Editor in 1.63 ms, found 2 plugins.
Preloading 1 native plugins for Editor in 1.18 ms.
Unloading 43 Unused Serialized files (Serialized files now loaded: 0)
Unloading 5193 unused Assets / (13.9 MB). Loaded Objects now: 5868.
Memory consumption went from 142.9 MB to 129.0 MB.
Total: 7.594291 ms (FindLiveObjects: 0.184625 ms CreateObjectMapping: 0.081958 ms MarkObjects: 6.191084 ms  DeleteObjects: 1.136292 ms)

Prepare: number of updated asset objects reloaded= 0
========================================================================
Received Prepare
Refreshing native plugins compatible for Editor in 1.66 ms, found 2 plugins.
Preloading 1 native plugins for Editor in 1.18 ms.
Unloading 43 Unused Serialized files (Serialized files now loaded: 0)
Unloading 5148 unused Assets / (13.8 MB). Loaded Objects now: 5868.
Memory consumption went from 131.6 MB to 117.8 MB.
Total: 7.566834 ms (FindLiveObjects: 0.190833 ms CreateObjectMapping: 0.075708 ms MarkObjects: 6.162125 ms  DeleteObjects: 1.137833 ms)

Prepare: number of updated asset objects reloaded= 0
========================================================================
Received Import Request.
  Time since last request: 16.809127 seconds.
  path: Assets/Scripts/RLAgent.cs
  artifactKey: Guid(f22ccae075dbc4c41b6428f77d50a8cc) Importer(815301076,1909f56bfc062723c751e8b465ee728b)
Start importing Assets/Scripts/RLAgent.cs using Guid(f22ccae075dbc4c41b6428f77d50a8cc) Importer(815301076,1909f56bfc062723c751e8b465ee728b) (PreviewImporter) -> (artifact id: '199ebc46d2b620e253ad658f534a34aa') in 0.000939541 seconds
Number of updated asset objects reloaded before import = 0Number of asset objects unloaded after import = 0

========================================================================
Received Prepare
Begin MonoManager ReloadAssembly
Thread 0x16ef63000 may have been prematurely finalized
Symbol file LoadedFromMemory is not a mono symbol file
Symbol file LoadedFromMemory is not a mono symbol file
- Loaded All Assemblies, in  0.306 seconds
Refreshing native plugins compatible for Editor in 1.29 ms, found 2 plugins.
Native extension for OSXStandalone target not found
Native extension for WebGL target not found
Refreshing native plugins compatible for Editor in 1.67 ms, found 2 plugins.
[Package Manager] Failed to launch server process. Reason: Unity was launched with the -noUpm command-line argument
[Package Manager] Unable to send message (not connected to server process).
[Package Manager] Cannot connect to Unity Package Manager local server
ScheduleIndexationOnStartup MainProcess:False IndexOnStartup:True
Mono: successfully reloaded assembly
- Finished resetting the current domain, in  0.404 seconds
Domain Reload Profiling: 711ms
	BeginReloadAssembly (72ms)
		ExecutionOrderSort (0ms)
		DisableScriptedObjects (3ms)
		BackupInstance (0ms)
		ReleaseScriptingObjects (0ms)
		CreateAndSetChildDomain (22ms)
	RebuildCommonClasses (16ms)
	RebuildNativeTypeToScriptingClass (6ms)
	initialDomainReloadingComplete (10ms)
	LoadAllAssembliesAndSetupDomain (204ms)
		LoadAssemblies (158ms)
		RebuildTransferFunctionScriptingTraits (0ms)
		AnalyzeDomain (68ms)
			TypeCache.Refresh (7ms)
				TypeCache.ScanAssembly (0ms)
			BuildScriptInfoCaches (57ms)
			ResolveRequiredComponents (1ms)
	FinalizeReload (404ms)
		ReleaseScriptCaches (0ms)
		RebuildScriptCaches (0ms)
		SetupLoadedEditorAssemblies (354ms)
			LogAssemblyErrors (0ms)
			InitializePlatformSupportModulesInManaged (1ms)
			SetLoadedEditorAssemblies (2ms)
			BeforeProcessingInitializeOnLoad (81ms)
			ProcessInitializeOnLoadAttributes (171ms)
			ProcessInitializeOnLoadMethodAttributes (99ms)
			AfterProcessingInitializeOnLoad (0ms)
			EditorAssembliesLoaded (0ms)
		ExecutionOrderSort2 (0ms)
		AwakeInstancesAfterBackupRestoration (1ms)
Refreshing native plugins compatible for Editor in 1.56 ms, found 2 plugins.
Preloading 1 native plugins for Editor in 1.17 ms.
Unloading 43 Unused Serialized files (Serialized files now loaded: 0)
Unloading 5193 unused Assets / (14.2 MB). Loaded Objects now: 5872.
Memory consumption went from 142.9 MB to 128.7 MB.
Total: 7.791792 ms (FindLiveObjects: 0.189834 ms CreateObjectMapping: 0.079500 ms MarkObjects: 6.274000 ms  DeleteObjects: 1.248292 ms)

Prepare: number of updated asset objects reloaded= 0
========================================================================
Received Prepare
Refreshing native plugins compatible for Editor in 1.58 ms, found 2 plugins.
Preloading 1 native plugins for Editor in 1.20 ms.
Unloading 43 Unused Serialized files (Serialized files now loaded: 0)
Unloading 5148 unused Assets / (14.0 MB). Loaded Objects now: 5872.
Memory consumption went from 131.6 MB to 117.5 MB.
Total: 8.020417 ms (FindLiveObjects: 0.173958 ms CreateObjectMapping: 0.084583 ms MarkObjects: 6.523083 ms  DeleteObjects: 1.238500 ms)

Prepare: number of updated asset objects reloaded= 0
========================================================================
Received Import Request.
  Time since last request: 4.388929 seconds.
  path: Assets/Scripts/RLAgent.cs
  artifactKey: Guid(f22ccae075dbc4c41b6428f77d50a8cc) Importer(815301076,1909f56bfc062723c751e8b465ee728b)
Start importing Assets/Scripts/RLAgent.cs using Guid(f22ccae075dbc4c41b6428f77d50a8cc) Importer(815301076,1909f56bfc062723c751e8b465ee728b) (PreviewImporter) -> (artifact id: '2cc58ff069b0cc8266377698722fce38') in 0.000908 seconds
Number of updated asset objects reloaded before import = 0Number of asset objects unloaded after import = 0

========================================================================
Received Prepare
Begin MonoManager ReloadAssembly
Thread 0x16ef63000 may have been prematurely finalized
Symbol file LoadedFromMemory is not a mono symbol file
Symbol file LoadedFromMemory is not a mono symbol file
- Loaded All Assemblies, in  0.308 seconds
Refreshing native plugins compatible for Editor in 1.52 ms, found 2 plugins.
Native extension for OSXStandalone target not found
Native extension for WebGL target not found
Refreshing native plugins compatible for Editor in 1.07 ms, found 2 plugins.
[Package Manager] Failed to launch server process. Reason: Unity was launched with the -noUpm command-line argument
[Package Manager] Unable to send message (not connected to server process).
[Package Manager] Cannot connect to Unity Package Manager local server
ScheduleIndexationOnStartup MainProcess:False IndexOnStartup:True
Mono: successfully reloaded assembly
- Finished resetting the current domain, in  0.414 seconds
Domain Reload Profiling: 725ms
	BeginReloadAssembly (74ms)
		ExecutionOrderSort (0ms)
		DisableScriptedObjects (3ms)
		BackupInstance (0ms)
		ReleaseScriptingObjects (0ms)
		CreateAndSetChildDomain (23ms)
	RebuildCommonClasses (16ms)
	RebuildNativeTypeToScriptingClass (6ms)
	initialDomainReloadingComplete (10ms)
	LoadAllAssembliesAndSetupDomain (203ms)
		LoadAssemblies (156ms)
		RebuildTransferFunctionScriptingTraits (0ms)
		AnalyzeDomain (70ms)
			TypeCache.Refresh (7ms)
				TypeCache.ScanAssembly (0ms)
			BuildScriptInfoCaches (60ms)
			ResolveRequiredComponents (1ms)
	FinalizeReload (415ms)
		ReleaseScriptCaches (0ms)
		RebuildScriptCaches (0ms)
		SetupLoadedEditorAssemblies (363ms)
			LogAssemblyErrors (0ms)
			InitializePlatformSupportModulesInManaged (1ms)
			SetLoadedEditorAssemblies (2ms)
			BeforeProcessingInitializeOnLoad (87ms)
			ProcessInitializeOnLoadAttributes (172ms)
			ProcessInitializeOnLoadMethodAttributes (100ms)
			AfterProcessingInitializeOnLoad (1ms)
			EditorAssembliesLoaded (0ms)
		ExecutionOrderSort2 (0ms)
		AwakeInstancesAfterBackupRestoration (1ms)
Refreshing native plugins compatible for Editor in 1.50 ms, found 2 plugins.
Preloading 1 native plugins for Editor in 1.16 ms.
Unloading 43 Unused Serialized files (Serialized files now loaded: 0)
Unloading 5193 unused Assets / (13.9 MB). Loaded Objects now: 5876.
Memory consumption went from 142.8 MB to 128.9 MB.
Total: 7.764250 ms (FindLiveObjects: 0.210875 ms CreateObjectMapping: 0.079792 ms MarkObjects: 6.297333 ms  DeleteObjects: 1.175959 ms)

Prepare: number of updated asset objects reloaded= 0
========================================================================
Received Prepare
Begin MonoManager ReloadAssembly
[Licensing::Client] Successfully resolved entitlement details
[Licensing::Module] License group:
  Id: F4-85AS-8ZW6-XMRF-425Z-XXXX
  Product: Unity Personal
  Type: ULF
  Expiration: Unlimited
[Licensing::Module] License group:
  Id: 6872810951280-UnityPersXXXX
  Product: Unity Personal
  Type: Assigned
  Expiration: Unlimited
Thread 0x16ef63000 may have been prematurely finalized
Symbol file LoadedFromMemory is not a mono symbol file
Symbol file LoadedFromMemory is not a mono symbol file
- Loaded All Assemblies, in  0.321 seconds
Refreshing native plugins compatible for Editor in 1.23 ms, found 2 plugins.
Native extension for OSXStandalone target not found
Native extension for WebGL target not found
Refreshing native plugins compatible for Editor in 1.22 ms, found 2 plugins.
[Package Manager] Failed to launch server process. Reason: Unity was launched with the -noUpm command-line argument
[Package Manager] Unable to send message (not connected to server process).
[Package Manager] Cannot connect to Unity Package Manager local server
ScheduleIndexationOnStartup MainProcess:False IndexOnStartup:True
Mono: successfully reloaded assembly
- Finished resetting the current domain, in  0.449 seconds
Domain Reload Profiling: 771ms
	BeginReloadAssembly (76ms)
		ExecutionOrderSort (0ms)
		DisableScriptedObjects (3ms)
		BackupInstance (0ms)
		ReleaseScriptingObjects (0ms)
		CreateAndSetChildDomain (22ms)
	RebuildCommonClasses (16ms)
	RebuildNativeTypeToScriptingClass (6ms)
	initialDomainReloadingComplete (10ms)
	LoadAllAssembliesAndSetupDomain (214ms)
		LoadAssemblies (172ms)
		RebuildTransferFunctionScriptingTraits (0ms)
		AnalyzeDomain (67ms)
			TypeCache.Refresh (6ms)
				TypeCache.ScanAssembly (0ms)
			BuildScriptInfoCaches (58ms)
			ResolveRequiredComponents (1ms)
	FinalizeReload (450ms)
		ReleaseScriptCaches (0ms)
		RebuildScriptCaches (0ms)
		SetupLoadedEditorAssemblies (394ms)
			LogAssemblyErrors (0ms)
			InitializePlatformSupportModulesInManaged (1ms)
			SetLoadedEditorAssemblies (2ms)
			BeforeProcessingInitializeOnLoad (92ms)
			ProcessInitializeOnLoadAttributes (191ms)
			ProcessInitializeOnLoadMethodAttributes (108ms)
			AfterProcessingInitializeOnLoad (1ms)
			EditorAssembliesLoaded (0ms)
		ExecutionOrderSort2 (0ms)
		AwakeInstancesAfterBackupRestoration (1ms)
Refreshing native plugins compatible for Editor in 1.44 ms, found 2 plugins.
Preloading 1 native plugins for Editor in 1.18 ms.
Unloading 43 Unused Serialized files (Serialized files now loaded: 0)
Unloading 5193 unused Assets / (13.7 MB). Loaded Objects now: 5880.
Memory consumption went from 142.7 MB to 128.9 MB.
Total: 8.056333 ms (FindLiveObjects: 0.201625 ms CreateObjectMapping: 0.085500 ms MarkObjects: 6.560625 ms  DeleteObjects: 1.208458 ms)

Prepare: number of updated asset objects reloaded= 0
========================================================================
Received Import Request.
  Time since last request: 56.958543 seconds.
  path: Assets/Scripts/RLAgent.cs
  artifactKey: Guid(f22ccae075dbc4c41b6428f77d50a8cc) Importer(815301076,1909f56bfc062723c751e8b465ee728b)
Start importing Assets/Scripts/RLAgent.cs using Guid(f22ccae075dbc4c41b6428f77d50a8cc) Importer(815301076,1909f56bfc062723c751e8b465ee728b) (PreviewImporter) -> (artifact id: '3d4fc723e500ab7cf3d569c1ae0f476d') in 0.000848875 seconds
Number of updated asset objects reloaded before import = 0Number of asset objects unloaded after import = 0

========================================================================
Received Prepare
Refreshing native plugins compatible for Editor in 1.65 ms, found 2 plugins.
Preloading 1 native plugins for Editor in 1.22 ms.
Unloading 43 Unused Serialized files (Serialized files now loaded: 0)
Unloading 5148 unused Assets / (13.7 MB). Loaded Objects now: 5880.
Memory consumption went from 131.6 MB to 117.9 MB.
Total: 8.647625 ms (FindLiveObjects: 0.202000 ms CreateObjectMapping: 0.082208 ms MarkObjects: 7.123708 ms  DeleteObjects: 1.239541 ms)

Prepare: number of updated asset objects reloaded= 0
========================================================================
Received Prepare
Refreshing native plugins compatible for Editor in 1.56 ms, found 2 plugins.
Preloading 1 native plugins for Editor in 1.13 ms.
Unloading 43 Unused Serialized files (Serialized files now loaded: 0)
Unloading 5148 unused Assets / (14.0 MB). Loaded Objects now: 5880.
Memory consumption went from 131.6 MB to 117.6 MB.
Total: 7.312083 ms (FindLiveObjects: 0.184083 ms CreateObjectMapping: 0.073083 ms MarkObjects: 5.841875 ms  DeleteObjects: 1.212791 ms)

Prepare: number of updated asset objects reloaded= 0
========================================================================
Received Prepare
Refreshing native plugins compatible for Editor in 1.41 ms, found 2 plugins.
Preloading 1 native plugins for Editor in 1.13 ms.
Unloading 43 Unused Serialized files (Serialized files now loaded: 0)
Unloading 5148 unused Assets / (14.0 MB). Loaded Objects now: 5880.
Memory consumption went from 131.6 MB to 117.6 MB.
Total: 7.030208 ms (FindLiveObjects: 0.187208 ms CreateObjectMapping: 0.068375 ms MarkObjects: 5.634625 ms  DeleteObjects: 1.139708 ms)

Prepare: number of updated asset objects reloaded= 0
========================================================================
Received Prepare
Refreshing native plugins compatible for Editor in 1.40 ms, found 2 plugins.
Preloading 1 native plugins for Editor in 1.12 ms.
Unloading 43 Unused Serialized files (Serialized files now loaded: 0)
Unloading 5148 unused Assets / (13.9 MB). Loaded Objects now: 5880.
Memory consumption went from 131.6 MB to 117.7 MB.
Total: 7.374583 ms (FindLiveObjects: 0.182708 ms CreateObjectMapping: 0.080334 ms MarkObjects: 5.950709 ms  DeleteObjects: 1.160041 ms)

Prepare: number of updated asset objects reloaded= 0
========================================================================
Received Prepare
Refreshing native plugins compatible for Editor in 1.57 ms, found 2 plugins.
Preloading 1 native plugins for Editor in 1.18 ms.
Unloading 43 Unused Serialized files (Serialized files now loaded: 0)
Unloading 5148 unused Assets / (14.2 MB). Loaded Objects now: 5880.
Memory consumption went from 131.6 MB to 117.4 MB.
Total: 7.669542 ms (FindLiveObjects: 0.191542 ms CreateObjectMapping: 0.074291 ms MarkObjects: 6.174917 ms  DeleteObjects: 1.228667 ms)

Prepare: number of updated asset objects reloaded= 0
========================================================================
Received Prepare
Begin MonoManager ReloadAssembly
[Licensing::Client] Successfully resolved entitlement details
[Licensing::Module] License group:
  Id: F4-85AS-8ZW6-XMRF-425Z-XXXX
  Product: Unity Personal
  Type: ULF
  Expiration: Unlimited
[Licensing::Module] License group:
  Id: 6872810951280-UnityPersXXXX
  Product: Unity Personal
  Type: Assigned
  Expiration: Unlimited
Thread 0x16ef63000 may have been prematurely finalized
Symbol file LoadedFromMemory is not a mono symbol file
Symbol file LoadedFromMemory is not a mono symbol file
- Loaded All Assemblies, in  0.341 seconds
Refreshing native plugins compatible for Editor in 1.54 ms, found 2 plugins.
Native extension for OSXStandalone target not found
Native extension for WebGL target not found
Refreshing native plugins compatible for Editor in 1.44 ms, found 2 plugins.
[Package Manager] Failed to launch server process. Reason: Unity was launched with the -noUpm command-line argument
[Package Manager] Unable to send message (not connected to server process).
[Package Manager] Cannot connect to Unity Package Manager local server
ScheduleIndexationOnStartup MainProcess:False IndexOnStartup:True
Mono: successfully reloaded assembly
- Finished resetting the current domain, in  0.396 seconds
Domain Reload Profiling: 738ms
	BeginReloadAssembly (77ms)
		ExecutionOrderSort (0ms)
		DisableScriptedObjects (3ms)
		BackupInstance (0ms)
		ReleaseScriptingObjects (0ms)
		CreateAndSetChildDomain (22ms)
	RebuildCommonClasses (16ms)
	RebuildNativeTypeToScriptingClass (6ms)
	initialDomainReloadingComplete (10ms)
	LoadAllAssembliesAndSetupDomain (233ms)
		LoadAssemblies (189ms)
		RebuildTransferFunctionScriptingTraits (0ms)
		AnalyzeDomain (69ms)
			TypeCache.Refresh (7ms)
				TypeCache.ScanAssembly (0ms)
			BuildScriptInfoCaches (59ms)
			ResolveRequiredComponents (1ms)
	FinalizeReload (396ms)
		ReleaseScriptCaches (0ms)
		RebuildScriptCaches (0ms)
		SetupLoadedEditorAssemblies (349ms)
			LogAssemblyErrors (0ms)
			InitializePlatformSupportModulesInManaged (1ms)
			SetLoadedEditorAssemblies (2ms)
			BeforeProcessingInitializeOnLoad (81ms)
			ProcessInitializeOnLoadAttributes (165ms)
			ProcessInitializeOnLoadMethodAttributes (99ms)
			AfterProcessingInitializeOnLoad (1ms)
			EditorAssembliesLoaded (0ms)
		ExecutionOrderSort2 (0ms)
		AwakeInstancesAfterBackupRestoration (1ms)
Refreshing native plugins compatible for Editor in 1.26 ms, found 2 plugins.
Preloading 1 native plugins for Editor in 1.26 ms.
Unloading 43 Unused Serialized files (Serialized files now loaded: 0)
Unloading 5193 unused Assets / (12.7 MB). Loaded Objects now: 5884.
Memory consumption went from 142.5 MB to 129.9 MB.
Total: 8.171709 ms (FindLiveObjects: 0.181125 ms CreateObjectMapping: 0.077250 ms MarkObjects: 6.739083 ms  DeleteObjects: 1.174125 ms)

Prepare: number of updated asset objects reloaded= 0
========================================================================
Received Prepare
Refreshing native plugins compatible for Editor in 1.01 ms, found 2 plugins.
Preloading 1 native plugins for Editor in 1.08 ms.
Unloading 43 Unused Serialized files (Serialized files now loaded: 0)
Unloading 5148 unused Assets / (13.9 MB). Loaded Objects now: 5884.
Memory consumption went from 131.6 MB to 117.7 MB.
Total: 7.894875 ms (FindLiveObjects: 0.180083 ms CreateObjectMapping: 0.090083 ms MarkObjects: 6.548125 ms  DeleteObjects: 1.076458 ms)

Prepare: number of updated asset objects reloaded= 0
========================================================================
Received Prepare
Begin MonoManager ReloadAssembly
Thread 0x16ef63000 may have been prematurely finalized
Symbol file LoadedFromMemory is not a mono symbol file
Symbol file LoadedFromMemory is not a mono symbol file
- Loaded All Assemblies, in  0.327 seconds
Refreshing native plugins compatible for Editor in 1.61 ms, found 2 plugins.
Native extension for OSXStandalone target not found
Native extension for WebGL target not found
Refreshing native plugins compatible for Editor in 1.26 ms, found 2 plugins.
[Package Manager] Failed to launch server process. Reason: Unity was launched with the -noUpm command-line argument
[Package Manager] Unable to send message (not connected to server process).
[Package Manager] Cannot connect to Unity Package Manager local server
ScheduleIndexationOnStartup MainProcess:False IndexOnStartup:True
Mono: successfully reloaded assembly
- Finished resetting the current domain, in  0.454 seconds
Domain Reload Profiling: 782ms
	BeginReloadAssembly (72ms)
		ExecutionOrderSort (0ms)
		DisableScriptedObjects (3ms)
		BackupInstance (0ms)
		ReleaseScriptingObjects (0ms)
		CreateAndSetChildDomain (21ms)
	RebuildCommonClasses (16ms)
	RebuildNativeTypeToScriptingClass (6ms)
	initialDomainReloadingComplete (10ms)
	LoadAllAssembliesAndSetupDomain (224ms)
		LoadAssemblies (179ms)
		RebuildTransferFunctionScriptingTraits (0ms)
		AnalyzeDomain (67ms)
			TypeCache.Refresh (7ms)
				TypeCache.ScanAssembly (0ms)
			BuildScriptInfoCaches (57ms)
			ResolveRequiredComponents (1ms)
	FinalizeReload (454ms)
		ReleaseScriptCaches (0ms)
		RebuildScriptCaches (0ms)
		SetupLoadedEditorAssemblies (392ms)
			LogAssemblyErrors (0ms)
			InitializePlatformSupportModulesInManaged (1ms)
			SetLoadedEditorAssemblies (2ms)
			BeforeProcessingInitializeOnLoad (95ms)
			ProcessInitializeOnLoadAttributes (190ms)
			ProcessInitializeOnLoadMethodAttributes (104ms)
			AfterProcessingInitializeOnLoad (1ms)
			EditorAssembliesLoaded (0ms)
		ExecutionOrderSort2 (0ms)
		AwakeInstancesAfterBackupRestoration (1ms)
Refreshing native plugins compatible for Editor in 1.57 ms, found 2 plugins.
Preloading 1 native plugins for Editor in 1.18 ms.
Unloading 43 Unused Serialized files (Serialized files now loaded: 0)
Unloading 5193 unused Assets / (13.3 MB). Loaded Objects now: 5888.
Memory consumption went from 142.6 MB to 129.2 MB.
Total: 8.004833 ms (FindLiveObjects: 0.197584 ms CreateObjectMapping: 0.078625 ms MarkObjects: 6.505416 ms  DeleteObjects: 1.222958 ms)

Prepare: number of updated asset objects reloaded= 0
========================================================================
Received Prepare
Refreshing native plugins compatible for Editor in 1.30 ms, found 2 plugins.
Preloading 1 native plugins for Editor in 1.19 ms.
Unloading 43 Unused Serialized files (Serialized files now loaded: 0)
Unloading 5148 unused Assets / (12.2 MB). Loaded Objects now: 5888.
Memory consumption went from 131.6 MB to 119.4 MB.
Total: 7.950417 ms (FindLiveObjects: 0.180916 ms CreateObjectMapping: 0.081584 ms MarkObjects: 6.672500 ms  DeleteObjects: 1.015209 ms)

Prepare: number of updated asset objects reloaded= 0
========================================================================
Received Prepare
Begin MonoManager ReloadAssembly
Thread 0x16ef63000 may have been prematurely finalized
Symbol file LoadedFromMemory is not a mono symbol file
Symbol file LoadedFromMemory is not a mono symbol file
- Loaded All Assemblies, in  0.306 seconds
Refreshing native plugins compatible for Editor in 1.10 ms, found 2 plugins.
Native extension for OSXStandalone target not found
Native extension for WebGL target not found
Refreshing native plugins compatible for Editor in 1.24 ms, found 2 plugins.
[Package Manager] Failed to launch server process. Reason: Unity was launched with the -noUpm command-line argument
[Package Manager] Unable to send message (not connected to server process).
[Package Manager] Cannot connect to Unity Package Manager local server
ScheduleIndexationOnStartup MainProcess:False IndexOnStartup:True
Mono: successfully reloaded assembly
- Finished resetting the current domain, in  0.412 seconds
Domain Reload Profiling: 719ms
	BeginReloadAssembly (73ms)
		ExecutionOrderSort (0ms)
		DisableScriptedObjects (3ms)
		BackupInstance (0ms)
		ReleaseScriptingObjects (0ms)
		CreateAndSetChildDomain (22ms)
	RebuildCommonClasses (16ms)
	RebuildNativeTypeToScriptingClass (6ms)
	initialDomainReloadingComplete (9ms)
	LoadAllAssembliesAndSetupDomain (203ms)
		LoadAssemblies (158ms)
		RebuildTransferFunctionScriptingTraits (0ms)
		AnalyzeDomain (68ms)
			TypeCache.Refresh (7ms)
				TypeCache.ScanAssembly (0ms)
			BuildScriptInfoCaches (58ms)
			ResolveRequiredComponents (1ms)
	FinalizeReload (412ms)
		ReleaseScriptCaches (0ms)
		RebuildScriptCaches (0ms)
		SetupLoadedEditorAssemblies (360ms)
			LogAssemblyErrors (0ms)
			InitializePlatformSupportModulesInManaged (1ms)
			SetLoadedEditorAssemblies (2ms)
			BeforeProcessingInitializeOnLoad (87ms)
			ProcessInitializeOnLoadAttributes (171ms)
			ProcessInitializeOnLoadMethodAttributes (98ms)
			AfterProcessingInitializeOnLoad (1ms)
			EditorAssembliesLoaded (0ms)
		ExecutionOrderSort2 (0ms)
		AwakeInstancesAfterBackupRestoration (1ms)
Refreshing native plugins compatible for Editor in 1.20 ms, found 2 plugins.
Preloading 1 native plugins for Editor in 1.14 ms.
Unloading 43 Unused Serialized files (Serialized files now loaded: 0)
Unloading 5193 unused Assets / (13.8 MB). Loaded Objects now: 5892.
Memory consumption went from 142.6 MB to 128.8 MB.
Total: 7.538875 ms (FindLiveObjects: 0.163375 ms CreateObjectMapping: 0.069333 ms MarkObjects: 6.240541 ms  DeleteObjects: 1.065459 ms)

Prepare: number of updated asset objects reloaded= 0
========================================================================
Received Prepare
Refreshing native plugins compatible for Editor in 1.53 ms, found 2 plugins.
Preloading 1 native plugins for Editor in 1.12 ms.
Unloading 43 Unused Serialized files (Serialized files now loaded: 0)
Unloading 5148 unused Assets / (13.9 MB). Loaded Objects now: 5892.
Memory consumption went from 131.6 MB to 117.7 MB.
Total: 7.623875 ms (FindLiveObjects: 0.185041 ms CreateObjectMapping: 0.072000 ms MarkObjects: 6.212084 ms  DeleteObjects: 1.154542 ms)

Prepare: number of updated asset objects reloaded= 0
========================================================================
Received Prepare
Begin MonoManager ReloadAssembly
Thread 0x16ef63000 may have been prematurely finalized
Symbol file LoadedFromMemory is not a mono symbol file
Symbol file LoadedFromMemory is not a mono symbol file
- Loaded All Assemblies, in  0.297 seconds
Refreshing native plugins compatible for Editor in 1.51 ms, found 2 plugins.
Native extension for OSXStandalone target not found
Native extension for WebGL target not found
Refreshing native plugins compatible for Editor in 1.20 ms, found 2 plugins.
[Package Manager] Failed to launch server process. Reason: Unity was launched with the -noUpm command-line argument
[Package Manager] Unable to send message (not connected to server process).
[Package Manager] Cannot connect to Unity Package Manager local server
ScheduleIndexationOnStartup MainProcess:False IndexOnStartup:True
Mono: successfully reloaded assembly
- Finished resetting the current domain, in  0.395 seconds
Domain Reload Profiling: 694ms
	BeginReloadAssembly (72ms)
		ExecutionOrderSort (0ms)
		DisableScriptedObjects (3ms)
		BackupInstance (0ms)
		ReleaseScriptingObjects (0ms)
		CreateAndSetChildDomain (22ms)
	RebuildCommonClasses (16ms)
	RebuildNativeTypeToScriptingClass (6ms)
	initialDomainReloadingComplete (9ms)
	LoadAllAssembliesAndSetupDomain (194ms)
		LoadAssemblies (151ms)
		RebuildTransferFunctionScriptingTraits (0ms)
		AnalyzeDomain (66ms)
			TypeCache.Refresh (6ms)
				TypeCache.ScanAssembly (0ms)
			BuildScriptInfoCaches (58ms)
			ResolveRequiredComponents (1ms)
	FinalizeReload (395ms)
		ReleaseScriptCaches (0ms)
		RebuildScriptCaches (0ms)
		SetupLoadedEditorAssemblies (346ms)
			LogAssemblyErrors (0ms)
			InitializePlatformSupportModulesInManaged (1ms)
			SetLoadedEditorAssemblies (2ms)
			BeforeProcessingInitializeOnLoad (82ms)
			ProcessInitializeOnLoadAttributes (166ms)
			ProcessInitializeOnLoadMethodAttributes (95ms)
			AfterProcessingInitializeOnLoad (1ms)
			EditorAssembliesLoaded (0ms)
		ExecutionOrderSort2 (0ms)
		AwakeInstancesAfterBackupRestoration (1ms)
Refreshing native plugins compatible for Editor in 1.24 ms, found 2 plugins.
Preloading 1 native plugins for Editor in 1.12 ms.
Unloading 43 Unused Serialized files (Serialized files now loaded: 0)
Unloading 5193 unused Assets / (14.0 MB). Loaded Objects now: 5896.
Memory consumption went from 142.6 MB to 128.6 MB.
Total: 7.507750 ms (FindLiveObjects: 0.190625 ms CreateObjectMapping: 0.081417 ms MarkObjects: 6.057166 ms  DeleteObjects: 1.178417 ms)

Prepare: number of updated asset objects reloaded= 0
========================================================================
Received Prepare
Refreshing native plugins compatible for Editor in 1.57 ms, found 2 plugins.
Preloading 1 native plugins for Editor in 1.11 ms.
Unloading 43 Unused Serialized files (Serialized files now loaded: 0)
Unloading 5148 unused Assets / (14.3 MB). Loaded Objects now: 5896.
Memory consumption went from 131.6 MB to 117.4 MB.
Total: 7.501458 ms (FindLiveObjects: 0.190958 ms CreateObjectMapping: 0.072667 ms MarkObjects: 5.982208 ms  DeleteObjects: 1.255292 ms)

Prepare: number of updated asset objects reloaded= 0
========================================================================
Received Prepare
Begin MonoManager ReloadAssembly
[Licensing::Client] Successfully resolved entitlement details
[Licensing::Module] License group:
  Id: F4-85AS-8ZW6-XMRF-425Z-XXXX
  Product: Unity Personal
  Type: ULF
  Expiration: Unlimited
[Licensing::Module] License group:
  Id: 6872810951280-UnityPersXXXX
  Product: Unity Personal
  Type: Assigned
  Expiration: Unlimited
Thread 0x16ef63000 may have been prematurely finalized
Symbol file LoadedFromMemory is not a mono symbol file
Symbol file LoadedFromMemory is not a mono symbol file
- Loaded All Assemblies, in  0.302 seconds
Refreshing native plugins compatible for Editor in 1.55 ms, found 2 plugins.
Native extension for OSXStandalone target not found
Native extension for WebGL target not found
Refreshing native plugins compatible for Editor in 1.06 ms, found 2 plugins.
[Package Manager] Failed to launch server process. Reason: Unity was launched with the -noUpm command-line argument
[Package Manager] Unable to send message (not connected to server process).
[Package Manager] Cannot connect to Unity Package Manager local server
ScheduleIndexationOnStartup MainProcess:False IndexOnStartup:True
Mono: successfully reloaded assembly
- Finished resetting the current domain, in  0.403 seconds
Domain Reload Profiling: 706ms
	BeginReloadAssembly (74ms)
		ExecutionOrderSort (0ms)
		DisableScriptedObjects (3ms)
		BackupInstance (0ms)
		ReleaseScriptingObjects (0ms)
		CreateAndSetChildDomain (22ms)
	RebuildCommonClasses (16ms)
	RebuildNativeTypeToScriptingClass (6ms)
	initialDomainReloadingComplete (9ms)
	LoadAllAssembliesAndSetupDomain (198ms)
		LoadAssemblies (154ms)
		RebuildTransferFunctionScriptingTraits (0ms)
		AnalyzeDomain (68ms)
			TypeCache.Refresh (6ms)
				TypeCache.ScanAssembly (0ms)
			BuildScriptInfoCaches (58ms)
			ResolveRequiredComponents (1ms)
	FinalizeReload (403ms)
		ReleaseScriptCaches (0ms)
		RebuildScriptCaches (0ms)
		SetupLoadedEditorAssemblies (353ms)
			LogAssemblyErrors (0ms)
			InitializePlatformSupportModulesInManaged (1ms)
			SetLoadedEditorAssemblies (2ms)
			BeforeProcessingInitializeOnLoad (83ms)
			ProcessInitializeOnLoadAttributes (168ms)
			ProcessInitializeOnLoadMethodAttributes (98ms)
			AfterProcessingInitializeOnLoad (1ms)
			EditorAssembliesLoaded (0ms)
		ExecutionOrderSort2 (0ms)
		AwakeInstancesAfterBackupRestoration (1ms)
Refreshing native plugins compatible for Editor in 1.43 ms, found 2 plugins.
Preloading 1 native plugins for Editor in 1.24 ms.
Unloading 43 Unused Serialized files (Serialized files now loaded: 0)
Unloading 5193 unused Assets / (12.7 MB). Loaded Objects now: 5900.
Memory consumption went from 142.6 MB to 129.9 MB.
Total: 8.142167 ms (FindLiveObjects: 0.208042 ms CreateObjectMapping: 0.109417 ms MarkObjects: 6.614625 ms  DeleteObjects: 1.209917 ms)

Prepare: number of updated asset objects reloaded= 0
========================================================================
Received Prepare
Refreshing native plugins compatible for Editor in 1.54 ms, found 2 plugins.
Preloading 1 native plugins for Editor in 1.12 ms.
Unloading 43 Unused Serialized files (Serialized files now loaded: 0)
Unloading 5148 unused Assets / (14.0 MB). Loaded Objects now: 5900.
Memory consumption went from 131.6 MB to 117.7 MB.
Total: 7.455458 ms (FindLiveObjects: 0.184209 ms CreateObjectMapping: 0.075416 ms MarkObjects: 6.029209 ms  DeleteObjects: 1.166083 ms)

Prepare: number of updated asset objects reloaded= 0
========================================================================
Received Prepare
Begin MonoManager ReloadAssembly
Thread 0x16ef63000 may have been prematurely finalized
Symbol file LoadedFromMemory is not a mono symbol file
Symbol file LoadedFromMemory is not a mono symbol file
- Loaded All Assemblies, in  0.312 seconds
Refreshing native plugins compatible for Editor in 1.51 ms, found 2 plugins.
Native extension for OSXStandalone target not found
Native extension for WebGL target not found
Refreshing native plugins compatible for Editor in 1.34 ms, found 2 plugins.
[Package Manager] Failed to launch server process. Reason: Unity was launched with the -noUpm command-line argument
[Package Manager] Unable to send message (not connected to server process).
[Package Manager] Cannot connect to Unity Package Manager local server
ScheduleIndexationOnStartup MainProcess:False IndexOnStartup:True
Mono: successfully reloaded assembly
- Finished resetting the current domain, in  0.410 seconds
Domain Reload Profiling: 724ms
	BeginReloadAssembly (73ms)
		ExecutionOrderSort (0ms)
		DisableScriptedObjects (3ms)
		BackupInstance (0ms)
		ReleaseScriptingObjects (0ms)
		CreateAndSetChildDomain (23ms)
	RebuildCommonClasses (16ms)
	RebuildNativeTypeToScriptingClass (6ms)
	initialDomainReloadingComplete (10ms)
	LoadAllAssembliesAndSetupDomain (209ms)
		LoadAssemblies (163ms)
		RebuildTransferFunctionScriptingTraits (0ms)
		AnalyzeDomain (68ms)
			TypeCache.Refresh (7ms)
				TypeCache.ScanAssembly (0ms)
			BuildScriptInfoCaches (58ms)
			ResolveRequiredComponents (1ms)
	FinalizeReload (410ms)
		ReleaseScriptCaches (0ms)
		RebuildScriptCaches (0ms)
		SetupLoadedEditorAssemblies (362ms)
			LogAssemblyErrors (0ms)
			InitializePlatformSupportModulesInManaged (1ms)
			SetLoadedEditorAssemblies (2ms)
			BeforeProcessingInitializeOnLoad (86ms)
			ProcessInitializeOnLoadAttributes (171ms)
			ProcessInitializeOnLoadMethodAttributes (102ms)
			AfterProcessingInitializeOnLoad (0ms)
			EditorAssembliesLoaded (0ms)
		ExecutionOrderSort2 (0ms)
		AwakeInstancesAfterBackupRestoration (1ms)
Refreshing native plugins compatible for Editor in 1.46 ms, found 2 plugins.
Preloading 1 native plugins for Editor in 1.18 ms.
Unloading 43 Unused Serialized files (Serialized files now loaded: 0)
Unloading 5193 unused Assets / (13.9 MB). Loaded Objects now: 5904.
Memory consumption went from 142.6 MB to 128.7 MB.
Total: 7.425833 ms (FindLiveObjects: 0.193042 ms CreateObjectMapping: 0.075583 ms MarkObjects: 5.961083 ms  DeleteObjects: 1.195792 ms)

Prepare: number of updated asset objects reloaded= 0
========================================================================
Received Prepare
Refreshing native plugins compatible for Editor in 1.55 ms, found 2 plugins.
Preloading 1 native plugins for Editor in 1.16 ms.
Unloading 43 Unused Serialized files (Serialized files now loaded: 0)
Unloading 5148 unused Assets / (14.2 MB). Loaded Objects now: 5904.
Memory consumption went from 131.7 MB to 117.5 MB.
Total: 7.528334 ms (FindLiveObjects: 0.187541 ms CreateObjectMapping: 0.079209 ms MarkObjects: 6.026083 ms  DeleteObjects: 1.235417 ms)

Prepare: number of updated asset objects reloaded= 0
========================================================================
Received Prepare
Begin MonoManager ReloadAssembly
Thread 0x16ef63000 may have been prematurely finalized
Symbol file LoadedFromMemory is not a mono symbol file
Symbol file LoadedFromMemory is not a mono symbol file
- Loaded All Assemblies, in  0.302 seconds
Refreshing native plugins compatible for Editor in 1.46 ms, found 2 plugins.
Native extension for OSXStandalone target not found
Native extension for WebGL target not found
Refreshing native plugins compatible for Editor in 1.08 ms, found 2 plugins.
[Package Manager] Failed to launch server process. Reason: Unity was launched with the -noUpm command-line argument
[Package Manager] Unable to send message (not connected to server process).
[Package Manager] Cannot connect to Unity Package Manager local server
ScheduleIndexationOnStartup MainProcess:False IndexOnStartup:True
Mono: successfully reloaded assembly
- Finished resetting the current domain, in  0.399 seconds
Domain Reload Profiling: 703ms
	BeginReloadAssembly (73ms)
		ExecutionOrderSort (0ms)
		DisableScriptedObjects (3ms)
		BackupInstance (0ms)
		ReleaseScriptingObjects (0ms)
		CreateAndSetChildDomain (22ms)
	RebuildCommonClasses (16ms)
	RebuildNativeTypeToScriptingClass (6ms)
	initialDomainReloadingComplete (9ms)
	LoadAllAssembliesAndSetupDomain (199ms)
		LoadAssemblies (154ms)
		RebuildTransferFunctionScriptingTraits (0ms)
		AnalyzeDomain (68ms)
			TypeCache.Refresh (7ms)
				TypeCache.ScanAssembly (0ms)
			BuildScriptInfoCaches (58ms)
			ResolveRequiredComponents (1ms)
	FinalizeReload (399ms)
		ReleaseScriptCaches (0ms)
		RebuildScriptCaches (0ms)
		SetupLoadedEditorAssemblies (351ms)
			LogAssemblyErrors (0ms)
			InitializePlatformSupportModulesInManaged (1ms)
			SetLoadedEditorAssemblies (2ms)
			BeforeProcessingInitializeOnLoad (83ms)
			ProcessInitializeOnLoadAttributes (168ms)
			ProcessInitializeOnLoadMethodAttributes (96ms)
			AfterProcessingInitializeOnLoad (1ms)
			EditorAssembliesLoaded (0ms)
		ExecutionOrderSort2 (0ms)
		AwakeInstancesAfterBackupRestoration (1ms)
Refreshing native plugins compatible for Editor in 1.27 ms, found 2 plugins.
Preloading 1 native plugins for Editor in 1.18 ms.
Unloading 43 Unused Serialized files (Serialized files now loaded: 0)
Unloading 5193 unused Assets / (13.2 MB). Loaded Objects now: 5908.
Memory consumption went from 142.6 MB to 129.4 MB.
Total: 7.977625 ms (FindLiveObjects: 0.187084 ms CreateObjectMapping: 0.078583 ms MarkObjects: 6.603833 ms  DeleteObjects: 1.107625 ms)

Prepare: number of updated asset objects reloaded= 0
========================================================================
Received Prepare
Refreshing native plugins compatible for Editor in 1.16 ms, found 2 plugins.
Preloading 1 native plugins for Editor in 1.11 ms.
Unloading 43 Unused Serialized files (Serialized files now loaded: 0)
Unloading 5148 unused Assets / (14.1 MB). Loaded Objects now: 5908.
Memory consumption went from 131.7 MB to 117.6 MB.
Total: 7.677125 ms (FindLiveObjects: 0.167458 ms CreateObjectMapping: 0.076458 ms MarkObjects: 6.341417 ms  DeleteObjects: 1.091291 ms)

Prepare: number of updated asset objects reloaded= 0
========================================================================
Received Prepare
Begin MonoManager ReloadAssembly
[Licensing::Client] Successfully resolved entitlement details
[Licensing::Module] License group:
  Id: F4-85AS-8ZW6-XMRF-425Z-XXXX
  Product: Unity Personal
  Type: ULF
  Expiration: Unlimited
[Licensing::Module] License group:
  Id: 6872810951280-UnityPersXXXX
  Product: Unity Personal
  Type: Assigned
  Expiration: Unlimited
Thread 0x16ef63000 may have been prematurely finalized
Symbol file LoadedFromMemory is not a mono symbol file
Symbol file LoadedFromMemory is not a mono symbol file
- Loaded All Assemblies, in  0.315 seconds
Refreshing native plugins compatible for Editor in 1.16 ms, found 2 plugins.
Native extension for OSXStandalone target not found
Native extension for WebGL target not found
Refreshing native plugins compatible for Editor in 1.68 ms, found 2 plugins.
[Package Manager] Failed to launch server process. Reason: Unity was launched with the -noUpm command-line argument
[Package Manager] Unable to send message (not connected to server process).
[Package Manager] Cannot connect to Unity Package Manager local server
ScheduleIndexationOnStartup MainProcess:False IndexOnStartup:True
Mono: successfully reloaded assembly
- Finished resetting the current domain, in  0.397 seconds
Domain Reload Profiling: 714ms
	BeginReloadAssembly (71ms)
		ExecutionOrderSort (0ms)
		DisableScriptedObjects (3ms)
		BackupInstance (0ms)
		ReleaseScriptingObjects (0ms)
		CreateAndSetChildDomain (21ms)
	RebuildCommonClasses (16ms)
	RebuildNativeTypeToScriptingClass (6ms)
	initialDomainReloadingComplete (9ms)
	LoadAllAssembliesAndSetupDomain (214ms)
		LoadAssemblies (170ms)
		RebuildTransferFunctionScriptingTraits (0ms)
		AnalyzeDomain (66ms)
			TypeCache.Refresh (7ms)
				TypeCache.ScanAssembly (0ms)
			BuildScriptInfoCaches (57ms)
			ResolveRequiredComponents (1ms)
	FinalizeReload (398ms)
		ReleaseScriptCaches (0ms)
		RebuildScriptCaches (0ms)
		SetupLoadedEditorAssemblies (349ms)
			LogAssemblyErrors (0ms)
			InitializePlatformSupportModulesInManaged (1ms)
			SetLoadedEditorAssemblies (2ms)
			BeforeProcessingInitializeOnLoad (83ms)
			ProcessInitializeOnLoadAttributes (164ms)
			ProcessInitializeOnLoadMethodAttributes (98ms)
			AfterProcessingInitializeOnLoad (1ms)
			EditorAssembliesLoaded (0ms)
		ExecutionOrderSort2 (0ms)
		AwakeInstancesAfterBackupRestoration (1ms)
Refreshing native plugins compatible for Editor in 1.28 ms, found 2 plugins.
Preloading 1 native plugins for Editor in 1.20 ms.
Unloading 43 Unused Serialized files (Serialized files now loaded: 0)
Unloading 5193 unused Assets / (13.9 MB). Loaded Objects now: 5912.
Memory consumption went from 142.6 MB to 128.7 MB.
Total: 7.495333 ms (FindLiveObjects: 0.199584 ms CreateObjectMapping: 0.090583 ms MarkObjects: 6.059500 ms  DeleteObjects: 1.145583 ms)

Prepare: number of updated asset objects reloaded= 0
========================================================================
Received Prepare
Refreshing native plugins compatible for Editor in 1.16 ms, found 2 plugins.
Preloading 1 native plugins for Editor in 1.12 ms.
Unloading 43 Unused Serialized files (Serialized files now loaded: 0)
Unloading 5148 unused Assets / (14.3 MB). Loaded Objects now: 5912.
Memory consumption went from 131.7 MB to 117.4 MB.
Total: 7.382792 ms (FindLiveObjects: 0.165459 ms CreateObjectMapping: 0.071167 ms MarkObjects: 6.028208 ms  DeleteObjects: 1.117708 ms)

Prepare: number of updated asset objects reloaded= 0
========================================================================
Received Prepare
Begin MonoManager ReloadAssembly
Thread 0x16ef63000 may have been prematurely finalized
Symbol file LoadedFromMemory is not a mono symbol file
Symbol file LoadedFromMemory is not a mono symbol file
- Loaded All Assemblies, in  0.320 seconds
Refreshing native plugins compatible for Editor in 1.36 ms, found 2 plugins.
Native extension for OSXStandalone target not found
Native extension for WebGL target not found
Refreshing native plugins compatible for Editor in 1.10 ms, found 2 plugins.
[Package Manager] Failed to launch server process. Reason: Unity was launched with the -noUpm command-line argument
[Package Manager] Unable to send message (not connected to server process).
[Package Manager] Cannot connect to Unity Package Manager local server
ScheduleIndexationOnStartup MainProcess:False IndexOnStartup:True
Mono: successfully reloaded assembly
- Finished resetting the current domain, in  0.428 seconds
Domain Reload Profiling: 750ms
	BeginReloadAssembly (84ms)
		ExecutionOrderSort (0ms)
		DisableScriptedObjects (3ms)
		BackupInstance (0ms)
		ReleaseScriptingObjects (0ms)
		CreateAndSetChildDomain (32ms)
	RebuildCommonClasses (16ms)
	RebuildNativeTypeToScriptingClass (6ms)
	initialDomainReloadingComplete (9ms)
	LoadAllAssembliesAndSetupDomain (207ms)
		LoadAssemblies (160ms)
		RebuildTransferFunctionScriptingTraits (0ms)
		AnalyzeDomain (70ms)
			TypeCache.Refresh (7ms)
				TypeCache.ScanAssembly (0ms)
			BuildScriptInfoCaches (60ms)
			ResolveRequiredComponents (1ms)
	FinalizeReload (428ms)
		ReleaseScriptCaches (0ms)
		RebuildScriptCaches (0ms)
		SetupLoadedEditorAssemblies (377ms)
			LogAssemblyErrors (0ms)
			InitializePlatformSupportModulesInManaged (1ms)
			SetLoadedEditorAssemblies (2ms)
			BeforeProcessingInitializeOnLoad (96ms)
			ProcessInitializeOnLoadAttributes (175ms)
			ProcessInitializeOnLoadMethodAttributes (102ms)
			AfterProcessingInitializeOnLoad (1ms)
			EditorAssembliesLoaded (0ms)
		ExecutionOrderSort2 (0ms)
		AwakeInstancesAfterBackupRestoration (1ms)
Refreshing native plugins compatible for Editor in 1.31 ms, found 2 plugins.
Preloading 1 native plugins for Editor in 1.16 ms.
Unloading 43 Unused Serialized files (Serialized files now loaded: 0)
Unloading 5193 unused Assets / (14.3 MB). Loaded Objects now: 5916.
Memory consumption went from 142.6 MB to 128.3 MB.
Total: 7.579875 ms (FindLiveObjects: 0.184583 ms CreateObjectMapping: 0.076584 ms MarkObjects: 6.031583 ms  DeleteObjects: 1.285375 ms)

Prepare: number of updated asset objects reloaded= 0
========================================================================
Received Prepare
Refreshing native plugins compatible for Editor in 1.59 ms, found 2 plugins.
Preloading 1 native plugins for Editor in 1.14 ms.
Unloading 43 Unused Serialized files (Serialized files now loaded: 0)
Unloading 5148 unused Assets / (13.7 MB). Loaded Objects now: 5916.
Memory consumption went from 131.7 MB to 118.0 MB.
Total: 7.677708 ms (FindLiveObjects: 0.185834 ms CreateObjectMapping: 0.072125 ms MarkObjects: 6.309292 ms  DeleteObjects: 1.109708 ms)

Prepare: number of updated asset objects reloaded= 0
========================================================================
Received Prepare
Refreshing native plugins compatible for Editor in 1.52 ms, found 2 plugins.
Preloading 1 native plugins for Editor in 1.11 ms.
Unloading 43 Unused Serialized files (Serialized files now loaded: 0)
Unloading 5148 unused Assets / (14.2 MB). Loaded Objects now: 5916.
Memory consumption went from 131.7 MB to 117.5 MB.
Total: 7.490208 ms (FindLiveObjects: 0.186666 ms CreateObjectMapping: 0.069542 ms MarkObjects: 5.990917 ms  DeleteObjects: 1.242875 ms)

Prepare: number of updated asset objects reloaded= 0
========================================================================
Received Prepare
Refreshing native plugins compatible for Editor in 1.31 ms, found 2 plugins.
Preloading 1 native plugins for Editor in 1.15 ms.
Unloading 43 Unused Serialized files (Serialized files now loaded: 0)
Unloading 5148 unused Assets / (14.2 MB). Loaded Objects now: 5916.
Memory consumption went from 131.7 MB to 117.5 MB.
Total: 7.429584 ms (FindLiveObjects: 0.183792 ms CreateObjectMapping: 0.074916 ms MarkObjects: 5.941667 ms  DeleteObjects: 1.229084 ms)

Prepare: number of updated asset objects reloaded= 0
========================================================================
Received Prepare
Refreshing native plugins compatible for Editor in 1.59 ms, found 2 plugins.
Preloading 1 native plugins for Editor in 1.15 ms.
Unloading 43 Unused Serialized files (Serialized files now loaded: 0)
Unloading 5148 unused Assets / (14.1 MB). Loaded Objects now: 5916.
Memory consumption went from 131.7 MB to 117.6 MB.
Total: 7.457458 ms (FindLiveObjects: 0.191833 ms CreateObjectMapping: 0.089833 ms MarkObjects: 6.004292 ms  DeleteObjects: 1.171333 ms)

Prepare: number of updated asset objects reloaded= 0
========================================================================
Received Prepare
Begin MonoManager ReloadAssembly
Thread 0x16ef63000 may have been prematurely finalized
Symbol file LoadedFromMemory is not a mono symbol file
Symbol file LoadedFromMemory is not a mono symbol file
- Loaded All Assemblies, in  0.322 seconds
Refreshing native plugins compatible for Editor in 1.57 ms, found 2 plugins.
Native extension for OSXStandalone target not found
Native extension for WebGL target not found
Refreshing native plugins compatible for Editor in 1.37 ms, found 2 plugins.
[Package Manager] Failed to launch server process. Reason: Unity was launched with the -noUpm command-line argument
[Package Manager] Unable to send message (not connected to server process).
[Package Manager] Cannot connect to Unity Package Manager local server
ScheduleIndexationOnStartup MainProcess:False IndexOnStartup:True
Mono: successfully reloaded assembly
- Finished resetting the current domain, in  0.407 seconds
Domain Reload Profiling: 730ms
	BeginReloadAssembly (73ms)
		ExecutionOrderSort (0ms)
		DisableScriptedObjects (3ms)
		BackupInstance (0ms)
		ReleaseScriptingObjects (0ms)
		CreateAndSetChildDomain (22ms)
	RebuildCommonClasses (16ms)
	RebuildNativeTypeToScriptingClass (6ms)
	initialDomainReloadingComplete (10ms)
	LoadAllAssembliesAndSetupDomain (219ms)
		LoadAssemblies (174ms)
		RebuildTransferFunctionScriptingTraits (0ms)
		AnalyzeDomain (67ms)
			TypeCache.Refresh (6ms)
				TypeCache.ScanAssembly (0ms)
			BuildScriptInfoCaches (58ms)
			ResolveRequiredComponents (1ms)
	FinalizeReload (407ms)
		ReleaseScriptCaches (0ms)
		RebuildScriptCaches (0ms)
		SetupLoadedEditorAssemblies (356ms)
			LogAssemblyErrors (0ms)
			InitializePlatformSupportModulesInManaged (1ms)
			SetLoadedEditorAssemblies (2ms)
			BeforeProcessingInitializeOnLoad (86ms)
			ProcessInitializeOnLoadAttributes (173ms)
			ProcessInitializeOnLoadMethodAttributes (94ms)
			AfterProcessingInitializeOnLoad (0ms)
			EditorAssembliesLoaded (0ms)
		ExecutionOrderSort2 (0ms)
		AwakeInstancesAfterBackupRestoration (1ms)
Refreshing native plugins compatible for Editor in 1.68 ms, found 2 plugins.
Preloading 1 native plugins for Editor in 1.17 ms.
Unloading 43 Unused Serialized files (Serialized files now loaded: 0)
Unloading 5193 unused Assets / (14.0 MB). Loaded Objects now: 5920.
Memory consumption went from 142.6 MB to 128.7 MB.
Total: 7.658542 ms (FindLiveObjects: 0.189250 ms CreateObjectMapping: 0.075042 ms MarkObjects: 6.236833 ms  DeleteObjects: 1.157125 ms)

Prepare: number of updated asset objects reloaded= 0
========================================================================
Received Prepare
Refreshing native plugins compatible for Editor in 1.35 ms, found 2 plugins.
Preloading 1 native plugins for Editor in 1.14 ms.
Unloading 43 Unused Serialized files (Serialized files now loaded: 0)
Unloading 5148 unused Assets / (14.0 MB). Loaded Objects now: 5920.
Memory consumption went from 131.7 MB to 117.7 MB.
Total: 7.237375 ms (FindLiveObjects: 0.188500 ms CreateObjectMapping: 0.074750 ms MarkObjects: 5.833500 ms  DeleteObjects: 1.140458 ms)

Prepare: number of updated asset objects reloaded= 0
========================================================================
Received Prepare
Begin MonoManager ReloadAssembly
Thread 0x16ef63000 may have been prematurely finalized
Symbol file LoadedFromMemory is not a mono symbol file
Symbol file LoadedFromMemory is not a mono symbol file
- Loaded All Assemblies, in  0.305 seconds
Refreshing native plugins compatible for Editor in 1.88 ms, found 2 plugins.
Native extension for OSXStandalone target not found
Native extension for WebGL target not found
Refreshing native plugins compatible for Editor in 1.56 ms, found 2 plugins.
[Package Manager] Failed to launch server process. Reason: Unity was launched with the -noUpm command-line argument
[Package Manager] Unable to send message (not connected to server process).
[Package Manager] Cannot connect to Unity Package Manager local server
ScheduleIndexationOnStartup MainProcess:False IndexOnStartup:True
Mono: successfully reloaded assembly
- Finished resetting the current domain, in  0.408 seconds
Domain Reload Profiling: 713ms
	BeginReloadAssembly (74ms)
		ExecutionOrderSort (0ms)
		DisableScriptedObjects (3ms)
		BackupInstance (0ms)
		ReleaseScriptingObjects (0ms)
		CreateAndSetChildDomain (23ms)
	RebuildCommonClasses (16ms)
	RebuildNativeTypeToScriptingClass (6ms)
	initialDomainReloadingComplete (9ms)
	LoadAllAssembliesAndSetupDomain (200ms)
		LoadAssemblies (153ms)
		RebuildTransferFunctionScriptingTraits (0ms)
		AnalyzeDomain (71ms)
			TypeCache.Refresh (7ms)
				TypeCache.ScanAssembly (0ms)
			BuildScriptInfoCaches (61ms)
			ResolveRequiredComponents (1ms)
	FinalizeReload (408ms)
		ReleaseScriptCaches (0ms)
		RebuildScriptCaches (0ms)
		SetupLoadedEditorAssemblies (357ms)
			LogAssemblyErrors (0ms)
			InitializePlatformSupportModulesInManaged (1ms)
			SetLoadedEditorAssemblies (2ms)
			BeforeProcessingInitializeOnLoad (83ms)
			ProcessInitializeOnLoadAttributes (171ms)
			ProcessInitializeOnLoadMethodAttributes (100ms)
			AfterProcessingInitializeOnLoad (0ms)
			EditorAssembliesLoaded (0ms)
		ExecutionOrderSort2 (0ms)
		AwakeInstancesAfterBackupRestoration (1ms)
Refreshing native plugins compatible for Editor in 1.53 ms, found 2 plugins.
Preloading 1 native plugins for Editor in 1.15 ms.
Unloading 43 Unused Serialized files (Serialized files now loaded: 0)
Unloading 5193 unused Assets / (13.9 MB). Loaded Objects now: 5924.
Memory consumption went from 142.6 MB to 128.7 MB.
Total: 7.532542 ms (FindLiveObjects: 0.191916 ms CreateObjectMapping: 0.071125 ms MarkObjects: 6.123417 ms  DeleteObjects: 1.145792 ms)

Prepare: number of updated asset objects reloaded= 0
========================================================================
Received Prepare
Refreshing native plugins compatible for Editor in 1.54 ms, found 2 plugins.
Preloading 1 native plugins for Editor in 1.16 ms.
Unloading 43 Unused Serialized files (Serialized files now loaded: 0)
Unloading 5148 unused Assets / (14.1 MB). Loaded Objects now: 5924.
Memory consumption went from 131.7 MB to 117.6 MB.
Total: 7.534875 ms (FindLiveObjects: 0.187542 ms CreateObjectMapping: 0.068500 ms MarkObjects: 6.083000 ms  DeleteObjects: 1.195708 ms)

Prepare: number of updated asset objects reloaded= 0
========================================================================
Received Prepare
Begin MonoManager ReloadAssembly
[Licensing::Client] Successfully resolved entitlement details
[Licensing::Module] License group:
  Id: F4-85AS-8ZW6-XMRF-425Z-XXXX
  Product: Unity Personal
  Type: ULF
  Expiration: Unlimited
[Licensing::Module] License group:
  Id: 6872810951280-UnityPersXXXX
  Product: Unity Personal
  Type: Assigned
  Expiration: Unlimited
Thread 0x16ef63000 may have been prematurely finalized
Symbol file LoadedFromMemory is not a mono symbol file
Symbol file LoadedFromMemory is not a mono symbol file
- Loaded All Assemblies, in  0.309 seconds
Refreshing native plugins compatible for Editor in 1.23 ms, found 2 plugins.
Native extension for OSXStandalone target not found
Native extension for WebGL target not found
Refreshing native plugins compatible for Editor in 1.21 ms, found 2 plugins.
[Package Manager] Failed to launch server process. Reason: Unity was launched with the -noUpm command-line argument
[Package Manager] Unable to send message (not connected to server process).
[Package Manager] Cannot connect to Unity Package Manager local server
ScheduleIndexationOnStartup MainProcess:False IndexOnStartup:True
Mono: successfully reloaded assembly
- Finished resetting the current domain, in  0.394 seconds
Domain Reload Profiling: 703ms
	BeginReloadAssembly (72ms)
		ExecutionOrderSort (0ms)
		DisableScriptedObjects (3ms)
		BackupInstance (0ms)
		ReleaseScriptingObjects (0ms)
		CreateAndSetChildDomain (21ms)
	RebuildCommonClasses (16ms)
	RebuildNativeTypeToScriptingClass (6ms)
	initialDomainReloadingComplete (9ms)
	LoadAllAssembliesAndSetupDomain (206ms)
		LoadAssemblies (160ms)
		RebuildTransferFunctionScriptingTraits (0ms)
		AnalyzeDomain (69ms)
			TypeCache.Refresh (7ms)
				TypeCache.ScanAssembly (0ms)
			BuildScriptInfoCaches (59ms)
			ResolveRequiredComponents (1ms)
	FinalizeReload (394ms)
		ReleaseScriptCaches (0ms)
		RebuildScriptCaches (0ms)
		SetupLoadedEditorAssemblies (346ms)
			LogAssemblyErrors (0ms)
			InitializePlatformSupportModulesInManaged (1ms)
			SetLoadedEditorAssemblies (2ms)
			BeforeProcessingInitializeOnLoad (83ms)
			ProcessInitializeOnLoadAttributes (163ms)
			ProcessInitializeOnLoadMethodAttributes (97ms)
			AfterProcessingInitializeOnLoad (1ms)
			EditorAssembliesLoaded (0ms)
		ExecutionOrderSort2 (0ms)
		AwakeInstancesAfterBackupRestoration (1ms)
Refreshing native plugins compatible for Editor in 1.57 ms, found 2 plugins.
Preloading 1 native plugins for Editor in 1.14 ms.
Unloading 43 Unused Serialized files (Serialized files now loaded: 0)
Unloading 5193 unused Assets / (13.8 MB). Loaded Objects now: 5928.
Memory consumption went from 142.7 MB to 128.8 MB.
Total: 7.705250 ms (FindLiveObjects: 0.201333 ms CreateObjectMapping: 0.088875 ms MarkObjects: 6.186042 ms  DeleteObjects: 1.228834 ms)

Prepare: number of updated asset objects reloaded= 0
========================================================================
Received Prepare
Refreshing native plugins compatible for Editor in 1.50 ms, found 2 plugins.
Preloading 1 native plugins for Editor in 1.12 ms.
Unloading 43 Unused Serialized files (Serialized files now loaded: 0)
Unloading 5148 unused Assets / (14.0 MB). Loaded Objects now: 5928.
Memory consumption went from 131.7 MB to 117.7 MB.
Total: 7.573666 ms (FindLiveObjects: 0.188000 ms CreateObjectMapping: 0.076208 ms MarkObjects: 6.127250 ms  DeleteObjects: 1.181792 ms)

Prepare: number of updated asset objects reloaded= 0
========================================================================
Received Prepare
Begin MonoManager ReloadAssembly
Thread 0x16ef63000 may have been prematurely finalized
Symbol file LoadedFromMemory is not a mono symbol file
Symbol file LoadedFromMemory is not a mono symbol file
- Loaded All Assemblies, in  0.300 seconds
Refreshing native plugins compatible for Editor in 1.42 ms, found 2 plugins.
Native extension for OSXStandalone target not found
Native extension for WebGL target not found
Refreshing native plugins compatible for Editor in 1.13 ms, found 2 plugins.
[Package Manager] Failed to launch server process. Reason: Unity was launched with the -noUpm command-line argument
[Package Manager] Unable to send message (not connected to server process).
[Package Manager] Cannot connect to Unity Package Manager local server
ScheduleIndexationOnStartup MainProcess:False IndexOnStartup:True
Mono: successfully reloaded assembly
- Finished resetting the current domain, in  0.403 seconds
Domain Reload Profiling: 705ms
	BeginReloadAssembly (72ms)
		ExecutionOrderSort (0ms)
		DisableScriptedObjects (3ms)
		BackupInstance (0ms)
		ReleaseScriptingObjects (0ms)
		CreateAndSetChildDomain (21ms)
	RebuildCommonClasses (16ms)
	RebuildNativeTypeToScriptingClass (6ms)
	initialDomainReloadingComplete (10ms)
	LoadAllAssembliesAndSetupDomain (197ms)
		LoadAssemblies (154ms)
		RebuildTransferFunctionScriptingTraits (0ms)
		AnalyzeDomain (66ms)
			TypeCache.Refresh (5ms)
				TypeCache.ScanAssembly (0ms)
			BuildScriptInfoCaches (58ms)
			ResolveRequiredComponents (1ms)
	FinalizeReload (403ms)
		ReleaseScriptCaches (0ms)
		RebuildScriptCaches (0ms)
		SetupLoadedEditorAssemblies (353ms)
			LogAssemblyErrors (0ms)
			InitializePlatformSupportModulesInManaged (1ms)
			SetLoadedEditorAssemblies (2ms)
			BeforeProcessingInitializeOnLoad (82ms)
			ProcessInitializeOnLoadAttributes (169ms)
			ProcessInitializeOnLoadMethodAttributes (99ms)
			AfterProcessingInitializeOnLoad (1ms)
			EditorAssembliesLoaded (0ms)
		ExecutionOrderSort2 (0ms)
		AwakeInstancesAfterBackupRestoration (1ms)
Refreshing native plugins compatible for Editor in 1.72 ms, found 2 plugins.
Preloading 1 native plugins for Editor in 1.22 ms.
Unloading 43 Unused Serialized files (Serialized files now loaded: 0)
Unloading 5193 unused Assets / (13.3 MB). Loaded Objects now: 5932.
Memory consumption went from 142.7 MB to 129.4 MB.
Total: 8.044167 ms (FindLiveObjects: 0.193125 ms CreateObjectMapping: 0.083083 ms MarkObjects: 6.562542 ms  DeleteObjects: 1.205208 ms)

Prepare: number of updated asset objects reloaded= 0
========================================================================
Received Prepare
Refreshing native plugins compatible for Editor in 1.52 ms, found 2 plugins.
Preloading 1 native plugins for Editor in 1.15 ms.
Unloading 43 Unused Serialized files (Serialized files now loaded: 0)
Unloading 5148 unused Assets / (14.1 MB). Loaded Objects now: 5932.
Memory consumption went from 131.7 MB to 117.6 MB.
Total: 7.447958 ms (FindLiveObjects: 0.191583 ms CreateObjectMapping: 0.068208 ms MarkObjects: 6.007208 ms  DeleteObjects: 1.180792 ms)

Prepare: number of updated asset objects reloaded= 0
========================================================================
Received Prepare
Refreshing native plugins compatible for Editor in 1.54 ms, found 2 plugins.
Preloading 1 native plugins for Editor in 1.16 ms.
Unloading 43 Unused Serialized files (Serialized files now loaded: 0)
Unloading 5148 unused Assets / (12.8 MB). Loaded Objects now: 5932.
Memory consumption went from 131.7 MB to 118.9 MB.
Total: 7.574292 ms (FindLiveObjects: 0.187916 ms CreateObjectMapping: 0.082708 ms MarkObjects: 6.176459 ms  DeleteObjects: 1.126959 ms)

Prepare: number of updated asset objects reloaded= 0
========================================================================
Received Prepare
Refreshing native plugins compatible for Editor in 1.56 ms, found 2 plugins.
Preloading 1 native plugins for Editor in 1.14 ms.
Unloading 43 Unused Serialized files (Serialized files now loaded: 0)
Unloading 5148 unused Assets / (14.0 MB). Loaded Objects now: 5932.
Memory consumption went from 131.7 MB to 117.7 MB.
Total: 7.507875 ms (FindLiveObjects: 0.189209 ms CreateObjectMapping: 0.082833 ms MarkObjects: 6.075333 ms  DeleteObjects: 1.160292 ms)

Prepare: number of updated asset objects reloaded= 0
========================================================================
Received Prepare
Begin MonoManager ReloadAssembly
Thread 0x16ef63000 may have been prematurely finalized
Symbol file LoadedFromMemory is not a mono symbol file
Symbol file LoadedFromMemory is not a mono symbol file
- Loaded All Assemblies, in  0.351 seconds
Refreshing native plugins compatible for Editor in 1.28 ms, found 2 plugins.
Native extension for OSXStandalone target not found
Native extension for WebGL target not found
Refreshing native plugins compatible for Editor in 1.41 ms, found 2 plugins.
[Package Manager] Failed to launch server process. Reason: Unity was launched with the -noUpm command-line argument
[Package Manager] Unable to send message (not connected to server process).
[Package Manager] Cannot connect to Unity Package Manager local server
ScheduleIndexationOnStartup MainProcess:False IndexOnStartup:True
Mono: successfully reloaded assembly
- Finished resetting the current domain, in  0.412 seconds
Domain Reload Profiling: 765ms
	BeginReloadAssembly (76ms)
		ExecutionOrderSort (0ms)
		DisableScriptedObjects (2ms)
		BackupInstance (0ms)
		ReleaseScriptingObjects (0ms)
		CreateAndSetChildDomain (26ms)
	RebuildCommonClasses (16ms)
	RebuildNativeTypeToScriptingClass (6ms)
	initialDomainReloadingComplete (9ms)
	LoadAllAssembliesAndSetupDomain (246ms)
		LoadAssemblies (194ms)
		RebuildTransferFunctionScriptingTraits (0ms)
		AnalyzeDomain (74ms)
			TypeCache.Refresh (8ms)
				TypeCache.ScanAssembly (0ms)
			BuildScriptInfoCaches (62ms)
			ResolveRequiredComponents (1ms)
	FinalizeReload (412ms)
		ReleaseScriptCaches (0ms)
		RebuildScriptCaches (0ms)
		SetupLoadedEditorAssemblies (360ms)
			LogAssemblyErrors (0ms)
			InitializePlatformSupportModulesInManaged (1ms)
			SetLoadedEditorAssemblies (2ms)
			BeforeProcessingInitializeOnLoad (84ms)
			ProcessInitializeOnLoadAttributes (173ms)
			ProcessInitializeOnLoadMethodAttributes (100ms)
			AfterProcessingInitializeOnLoad (1ms)
			EditorAssembliesLoaded (0ms)
		ExecutionOrderSort2 (0ms)
		AwakeInstancesAfterBackupRestoration (1ms)
Refreshing native plugins compatible for Editor in 1.47 ms, found 2 plugins.
Preloading 1 native plugins for Editor in 1.21 ms.
Unloading 43 Unused Serialized files (Serialized files now loaded: 0)
Unloading 5193 unused Assets / (12.9 MB). Loaded Objects now: 5936.
Memory consumption went from 142.7 MB to 129.8 MB.
Total: 8.085917 ms (FindLiveObjects: 0.200375 ms CreateObjectMapping: 0.077792 ms MarkObjects: 6.269416 ms  DeleteObjects: 1.538000 ms)

Prepare: number of updated asset objects reloaded= 0
========================================================================
Received Prepare
Refreshing native plugins compatible for Editor in 1.56 ms, found 2 plugins.
Preloading 1 native plugins for Editor in 1.15 ms.
Unloading 43 Unused Serialized files (Serialized files now loaded: 0)
Unloading 5148 unused Assets / (14.0 MB). Loaded Objects now: 5936.
Memory consumption went from 131.7 MB to 117.7 MB.
Total: 7.406416 ms (FindLiveObjects: 0.186959 ms CreateObjectMapping: 0.077750 ms MarkObjects: 5.987041 ms  DeleteObjects: 1.154208 ms)

Prepare: number of updated asset objects reloaded= 0
========================================================================
Received Prepare
Begin MonoManager ReloadAssembly
[Licensing::Client] Successfully resolved entitlement details
[Licensing::Module] License group:
  Id: F4-85AS-8ZW6-XMRF-425Z-XXXX
  Product: Unity Personal
  Type: ULF
  Expiration: Unlimited
[Licensing::Module] License group:
  Id: 6872810951280-UnityPersXXXX
  Product: Unity Personal
  Type: Assigned
  Expiration: Unlimited
Thread 0x16ef63000 may have been prematurely finalized
Symbol file LoadedFromMemory is not a mono symbol file
Symbol file LoadedFromMemory is not a mono symbol file
- Loaded All Assemblies, in  0.305 seconds
Refreshing native plugins compatible for Editor in 1.51 ms, found 2 plugins.
Native extension for OSXStandalone target not found
Native extension for WebGL target not found
Refreshing native plugins compatible for Editor in 1.19 ms, found 2 plugins.
[Package Manager] Failed to launch server process. Reason: Unity was launched with the -noUpm command-line argument
[Package Manager] Unable to send message (not connected to server process).
[Package Manager] Cannot connect to Unity Package Manager local server
ScheduleIndexationOnStartup MainProcess:False IndexOnStartup:True
Mono: successfully reloaded assembly
- Finished resetting the current domain, in  0.396 seconds
Domain Reload Profiling: 702ms
	BeginReloadAssembly (73ms)
		ExecutionOrderSort (0ms)
		DisableScriptedObjects (3ms)
		BackupInstance (0ms)
		ReleaseScriptingObjects (0ms)
		CreateAndSetChildDomain (22ms)
	RebuildCommonClasses (15ms)
	RebuildNativeTypeToScriptingClass (6ms)
	initialDomainReloadingComplete (10ms)
	LoadAllAssembliesAndSetupDomain (202ms)
		LoadAssemblies (158ms)
		RebuildTransferFunctionScriptingTraits (0ms)
		AnalyzeDomain (67ms)
			TypeCache.Refresh (6ms)
				TypeCache.ScanAssembly (0ms)
			BuildScriptInfoCaches (57ms)
			ResolveRequiredComponents (1ms)
	FinalizeReload (396ms)
		ReleaseScriptCaches (0ms)
		RebuildScriptCaches (0ms)
		SetupLoadedEditorAssemblies (348ms)
			LogAssemblyErrors (0ms)
			InitializePlatformSupportModulesInManaged (1ms)
			SetLoadedEditorAssemblies (2ms)
			BeforeProcessingInitializeOnLoad (83ms)
			ProcessInitializeOnLoadAttributes (164ms)
			ProcessInitializeOnLoadMethodAttributes (98ms)
			AfterProcessingInitializeOnLoad (1ms)
			EditorAssembliesLoaded (0ms)
		ExecutionOrderSort2 (0ms)
		AwakeInstancesAfterBackupRestoration (1ms)
Refreshing native plugins compatible for Editor in 0.97 ms, found 2 plugins.
Preloading 1 native plugins for Editor in 1.08 ms.
Unloading 43 Unused Serialized files (Serialized files now loaded: 0)
Unloading 5193 unused Assets / (14.0 MB). Loaded Objects now: 5940.
Memory consumption went from 142.7 MB to 128.7 MB.
Total: 7.474875 ms (FindLiveObjects: 0.167250 ms CreateObjectMapping: 0.113750 ms MarkObjects: 6.200500 ms  DeleteObjects: 0.993167 ms)

Prepare: number of updated asset objects reloaded= 0
========================================================================
Received Prepare
Refreshing native plugins compatible for Editor in 1.54 ms, found 2 plugins.
Preloading 1 native plugins for Editor in 1.11 ms.
Unloading 43 Unused Serialized files (Serialized files now loaded: 0)
Unloading 5148 unused Assets / (14.0 MB). Loaded Objects now: 5940.
Memory consumption went from 131.7 MB to 117.8 MB.
Total: 7.709000 ms (FindLiveObjects: 0.187583 ms CreateObjectMapping: 0.077333 ms MarkObjects: 6.197792 ms  DeleteObjects: 1.246042 ms)

Prepare: number of updated asset objects reloaded= 0
========================================================================
Received Prepare
Refreshing native plugins compatible for Editor in 1.64 ms, found 2 plugins.
Preloading 1 native plugins for Editor in 1.14 ms.
Unloading 43 Unused Serialized files (Serialized files now loaded: 0)
Unloading 5148 unused Assets / (14.2 MB). Loaded Objects now: 5940.
Memory consumption went from 131.7 MB to 117.5 MB.
Total: 7.406209 ms (FindLiveObjects: 0.194583 ms CreateObjectMapping: 0.076292 ms MarkObjects: 5.891166 ms  DeleteObjects: 1.243709 ms)

Prepare: number of updated asset objects reloaded= 0
========================================================================
Received Prepare
Refreshing native plugins compatible for Editor in 1.48 ms, found 2 plugins.
Preloading 1 native plugins for Editor in 1.08 ms.
Unloading 43 Unused Serialized files (Serialized files now loaded: 0)
Unloading 5148 unused Assets / (14.2 MB). Loaded Objects now: 5940.
Memory consumption went from 131.7 MB to 117.5 MB.
Total: 7.481458 ms (FindLiveObjects: 0.187500 ms CreateObjectMapping: 0.077750 ms MarkObjects: 5.986333 ms  DeleteObjects: 1.229625 ms)

Prepare: number of updated asset objects reloaded= 0
========================================================================
Received Prepare
Refreshing native plugins compatible for Editor in 1.45 ms, found 2 plugins.
Preloading 1 native plugins for Editor in 1.16 ms.
Unloading 43 Unused Serialized files (Serialized files now loaded: 0)
Unloading 5148 unused Assets / (14.0 MB). Loaded Objects now: 5940.
Memory consumption went from 131.7 MB to 117.7 MB.
Total: 7.709125 ms (FindLiveObjects: 0.188708 ms CreateObjectMapping: 0.074917 ms MarkObjects: 6.263292 ms  DeleteObjects: 1.182000 ms)

Prepare: number of updated asset objects reloaded= 0
========================================================================
Received Prepare
Refreshing native plugins compatible for Editor in 1.57 ms, found 2 plugins.
Preloading 1 native plugins for Editor in 1.15 ms.
Unloading 43 Unused Serialized files (Serialized files now loaded: 0)
Unloading 5148 unused Assets / (14.0 MB). Loaded Objects now: 5940.
Memory consumption went from 131.7 MB to 117.8 MB.
Total: 7.340083 ms (FindLiveObjects: 0.190458 ms CreateObjectMapping: 0.089792 ms MarkObjects: 5.918708 ms  DeleteObjects: 1.140958 ms)

Prepare: number of updated asset objects reloaded= 0
========================================================================
Received Prepare
Refreshing native plugins compatible for Editor in 1.64 ms, found 2 plugins.
Preloading 1 native plugins for Editor in 1.15 ms.
Unloading 43 Unused Serialized files (Serialized files now loaded: 0)
Unloading 5148 unused Assets / (14.2 MB). Loaded Objects now: 5940.
Memory consumption went from 131.7 MB to 117.5 MB.
Total: 7.479209 ms (FindLiveObjects: 0.184791 ms CreateObjectMapping: 0.080792 ms MarkObjects: 5.983208 ms  DeleteObjects: 1.230292 ms)

Prepare: number of updated asset objects reloaded= 0
========================================================================
Received Prepare
Refreshing native plugins compatible for Editor in 1.55 ms, found 2 plugins.
Preloading 1 native plugins for Editor in 1.15 ms.
Unloading 43 Unused Serialized files (Serialized files now loaded: 0)
Unloading 5148 unused Assets / (14.2 MB). Loaded Objects now: 5940.
Memory consumption went from 131.7 MB to 117.5 MB.
Total: 7.482417 ms (FindLiveObjects: 0.188625 ms CreateObjectMapping: 0.086292 ms MarkObjects: 6.010791 ms  DeleteObjects: 1.196625 ms)

Prepare: number of updated asset objects reloaded= 0
========================================================================
Received Prepare
Refreshing native plugins compatible for Editor in 1.51 ms, found 2 plugins.
Preloading 1 native plugins for Editor in 1.13 ms.
Unloading 43 Unused Serialized files (Serialized files now loaded: 0)
Unloading 5148 unused Assets / (14.2 MB). Loaded Objects now: 5940.
Memory consumption went from 131.7 MB to 117.6 MB.
Total: 7.146041 ms (FindLiveObjects: 0.192291 ms CreateObjectMapping: 0.075292 ms MarkObjects: 5.688417 ms  DeleteObjects: 1.189666 ms)

Prepare: number of updated asset objects reloaded= 0
========================================================================
Received Prepare
Refreshing native plugins compatible for Editor in 1.55 ms, found 2 plugins.
Preloading 1 native plugins for Editor in 1.13 ms.
Unloading 43 Unused Serialized files (Serialized files now loaded: 0)
Unloading 5148 unused Assets / (14.2 MB). Loaded Objects now: 5940.
Memory consumption went from 131.7 MB to 117.5 MB.
Total: 7.788292 ms (FindLiveObjects: 0.195459 ms CreateObjectMapping: 0.075625 ms MarkObjects: 6.286583 ms  DeleteObjects: 1.230333 ms)

Prepare: number of updated asset objects reloaded= 0
========================================================================
Received Prepare
Refreshing native plugins compatible for Editor in 1.60 ms, found 2 plugins.
Preloading 1 native plugins for Editor in 1.14 ms.
Unloading 43 Unused Serialized files (Serialized files now loaded: 0)
Unloading 5148 unused Assets / (14.0 MB). Loaded Objects now: 5940.
Memory consumption went from 131.7 MB to 117.8 MB.
Total: 7.463958 ms (FindLiveObjects: 0.188917 ms CreateObjectMapping: 0.075583 ms MarkObjects: 6.030458 ms  DeleteObjects: 1.168625 ms)

Prepare: number of updated asset objects reloaded= 0
========================================================================
Received Prepare
Refreshing native plugins compatible for Editor in 1.57 ms, found 2 plugins.
Preloading 1 native plugins for Editor in 1.14 ms.
Unloading 43 Unused Serialized files (Serialized files now loaded: 0)
Unloading 5148 unused Assets / (14.1 MB). Loaded Objects now: 5940.
Memory consumption went from 131.7 MB to 117.6 MB.
Total: 7.544584 ms (FindLiveObjects: 0.191750 ms CreateObjectMapping: 0.076708 ms MarkObjects: 6.044917 ms  DeleteObjects: 1.231000 ms)

Prepare: number of updated asset objects reloaded= 0
========================================================================
Received Prepare
Refreshing native plugins compatible for Editor in 1.53 ms, found 2 plugins.
Preloading 1 native plugins for Editor in 1.06 ms.
Unloading 43 Unused Serialized files (Serialized files now loaded: 0)
Unloading 5148 unused Assets / (14.3 MB). Loaded Objects now: 5940.
Memory consumption went from 131.7 MB to 117.4 MB.
Total: 7.585750 ms (FindLiveObjects: 0.188333 ms CreateObjectMapping: 0.071584 ms MarkObjects: 6.050750 ms  DeleteObjects: 1.274792 ms)

Prepare: number of updated asset objects reloaded= 0
========================================================================
Received Prepare
Refreshing native plugins compatible for Editor in 1.57 ms, found 2 plugins.
Preloading 1 native plugins for Editor in 1.13 ms.
Unloading 43 Unused Serialized files (Serialized files now loaded: 0)
Unloading 5148 unused Assets / (14.1 MB). Loaded Objects now: 5940.
Memory consumption went from 131.7 MB to 117.7 MB.
Total: 7.392000 ms (FindLiveObjects: 0.187541 ms CreateObjectMapping: 0.084250 ms MarkObjects: 5.959542 ms  DeleteObjects: 1.160166 ms)

Prepare: number of updated asset objects reloaded= 0
========================================================================
Received Prepare
Refreshing native plugins compatible for Editor in 1.52 ms, found 2 plugins.
Preloading 1 native plugins for Editor in 1.11 ms.
Unloading 43 Unused Serialized files (Serialized files now loaded: 0)
Unloading 5148 unused Assets / (13.8 MB). Loaded Objects now: 5940.
Memory consumption went from 131.7 MB to 117.9 MB.
Total: 7.492125 ms (FindLiveObjects: 0.192667 ms CreateObjectMapping: 0.078666 ms MarkObjects: 6.058792 ms  DeleteObjects: 1.161750 ms)

Prepare: number of updated asset objects reloaded= 0
========================================================================
Received Prepare
Refreshing native plugins compatible for Editor in 1.34 ms, found 2 plugins.
Preloading 1 native plugins for Editor in 1.15 ms.
Unloading 43 Unused Serialized files (Serialized files now loaded: 0)
Unloading 5148 unused Assets / (14.1 MB). Loaded Objects now: 5940.
Memory consumption went from 131.7 MB to 117.6 MB.
Total: 7.346750 ms (FindLiveObjects: 0.189958 ms CreateObjectMapping: 0.071125 ms MarkObjects: 5.896250 ms  DeleteObjects: 1.189208 ms)

Prepare: number of updated asset objects reloaded= 0
========================================================================
Received Prepare
Refreshing native plugins compatible for Editor in 1.50 ms, found 2 plugins.
Preloading 1 native plugins for Editor in 1.18 ms.
Unloading 43 Unused Serialized files (Serialized files now loaded: 0)
Unloading 5148 unused Assets / (14.1 MB). Loaded Objects now: 5940.
Memory consumption went from 131.7 MB to 117.7 MB.
Total: 7.853417 ms (FindLiveObjects: 0.197583 ms CreateObjectMapping: 0.079750 ms MarkObjects: 6.336291 ms  DeleteObjects: 1.239584 ms)

Prepare: number of updated asset objects reloaded= 0
========================================================================
Received Prepare
Refreshing native plugins compatible for Editor in 1.51 ms, found 2 plugins.
Preloading 1 native plugins for Editor in 1.14 ms.
Unloading 43 Unused Serialized files (Serialized files now loaded: 0)
Unloading 5148 unused Assets / (13.9 MB). Loaded Objects now: 5940.
Memory consumption went from 131.7 MB to 117.8 MB.
Total: 7.316709 ms (FindLiveObjects: 0.192334 ms CreateObjectMapping: 0.074250 ms MarkObjects: 5.936542 ms  DeleteObjects: 1.113000 ms)

Prepare: number of updated asset objects reloaded= 0
========================================================================
Received Prepare
Refreshing native plugins compatible for Editor in 1.69 ms, found 2 plugins.
Preloading 1 native plugins for Editor in 1.21 ms.
Unloading 43 Unused Serialized files (Serialized files now loaded: 0)
Unloading 5148 unused Assets / (13.8 MB). Loaded Objects now: 5940.
Memory consumption went from 131.7 MB to 117.9 MB.
Total: 7.966500 ms (FindLiveObjects: 0.186375 ms CreateObjectMapping: 0.082000 ms MarkObjects: 6.407917 ms  DeleteObjects: 1.290042 ms)

Prepare: number of updated asset objects reloaded= 0
========================================================================
Received Prepare
Refreshing native plugins compatible for Editor in 1.33 ms, found 2 plugins.
Preloading 1 native plugins for Editor in 1.16 ms.
Unloading 43 Unused Serialized files (Serialized files now loaded: 0)
Unloading 5148 unused Assets / (11.3 MB). Loaded Objects now: 5940.
Memory consumption went from 131.7 MB to 120.4 MB.
Total: 7.553708 ms (FindLiveObjects: 0.200625 ms CreateObjectMapping: 0.073125 ms MarkObjects: 6.183916 ms  DeleteObjects: 1.095958 ms)

Prepare: number of updated asset objects reloaded= 0
========================================================================
Received Prepare
Refreshing native plugins compatible for Editor in 1.63 ms, found 2 plugins.
Preloading 1 native plugins for Editor in 1.15 ms.
Unloading 43 Unused Serialized files (Serialized files now loaded: 0)
Unloading 5148 unused Assets / (14.1 MB). Loaded Objects now: 5940.
Memory consumption went from 131.7 MB to 117.7 MB.
Total: 7.464834 ms (FindLiveObjects: 0.192709 ms CreateObjectMapping: 0.074708 ms MarkObjects: 5.975333 ms  DeleteObjects: 1.221917 ms)

Prepare: number of updated asset objects reloaded= 0
========================================================================
Received Prepare
Refreshing native plugins compatible for Editor in 1.65 ms, found 2 plugins.
Preloading 1 native plugins for Editor in 1.14 ms.
Unloading 43 Unused Serialized files (Serialized files now loaded: 0)
Unloading 5148 unused Assets / (14.2 MB). Loaded Objects now: 5940.
Memory consumption went from 131.7 MB to 117.5 MB.
Total: 7.775958 ms (FindLiveObjects: 0.194166 ms CreateObjectMapping: 0.076209 ms MarkObjects: 6.256000 ms  DeleteObjects: 1.249166 ms)

Prepare: number of updated asset objects reloaded= 0
========================================================================
Received Prepare
Refreshing native plugins compatible for Editor in 1.56 ms, found 2 plugins.
Preloading 1 native plugins for Editor in 1.15 ms.
Unloading 43 Unused Serialized files (Serialized files now loaded: 0)
Unloading 5148 unused Assets / (14.0 MB). Loaded Objects now: 5940.
Memory consumption went from 131.7 MB to 117.7 MB.
Total: 7.293500 ms (FindLiveObjects: 0.188875 ms CreateObjectMapping: 0.077875 ms MarkObjects: 5.836708 ms  DeleteObjects: 1.189750 ms)

Prepare: number of updated asset objects reloaded= 0
========================================================================
Received Prepare
Refreshing native plugins compatible for Editor in 1.69 ms, found 2 plugins.
Preloading 1 native plugins for Editor in 1.23 ms.
Unloading 43 Unused Serialized files (Serialized files now loaded: 0)
Unloading 5148 unused Assets / (14.2 MB). Loaded Objects now: 5940.
Memory consumption went from 131.7 MB to 117.6 MB.
Total: 7.540125 ms (FindLiveObjects: 0.181750 ms CreateObjectMapping: 0.078542 ms MarkObjects: 6.002708 ms  DeleteObjects: 1.276875 ms)

Prepare: number of updated asset objects reloaded= 0
========================================================================
Received Prepare
Refreshing native plugins compatible for Editor in 1.43 ms, found 2 plugins.
Preloading 1 native plugins for Editor in 1.15 ms.
Unloading 43 Unused Serialized files (Serialized files now loaded: 0)
Unloading 5148 unused Assets / (13.9 MB). Loaded Objects now: 5940.
Memory consumption went from 131.7 MB to 117.8 MB.
Total: 7.366292 ms (FindLiveObjects: 0.185583 ms CreateObjectMapping: 0.078500 ms MarkObjects: 5.953500 ms  DeleteObjects: 1.148583 ms)

Prepare: number of updated asset objects reloaded= 0
========================================================================
Received Prepare
Refreshing native plugins compatible for Editor in 1.54 ms, found 2 plugins.
Preloading 1 native plugins for Editor in 1.12 ms.
Unloading 43 Unused Serialized files (Serialized files now loaded: 0)
Unloading 5148 unused Assets / (14.2 MB). Loaded Objects now: 5940.
Memory consumption went from 131.7 MB to 117.5 MB.
Total: 7.369083 ms (FindLiveObjects: 0.194250 ms CreateObjectMapping: 0.076834 ms MarkObjects: 5.863542 ms  DeleteObjects: 1.234000 ms)

Prepare: number of updated asset objects reloaded= 0
========================================================================
Received Prepare
Refreshing native plugins compatible for Editor in 1.30 ms, found 2 plugins.
Preloading 1 native plugins for Editor in 1.13 ms.
Unloading 43 Unused Serialized files (Serialized files now loaded: 0)
Unloading 5148 unused Assets / (14.1 MB). Loaded Objects now: 5940.
Memory consumption went from 131.7 MB to 117.6 MB.
Total: 7.338125 ms (FindLiveObjects: 0.187250 ms CreateObjectMapping: 0.081125 ms MarkObjects: 5.780250 ms  DeleteObjects: 1.289167 ms)

Prepare: number of updated asset objects reloaded= 0
========================================================================
Received Prepare
Refreshing native plugins compatible for Editor in 1.47 ms, found 2 plugins.
Preloading 1 native plugins for Editor in 1.11 ms.
Unloading 43 Unused Serialized files (Serialized files now loaded: 0)
Unloading 5148 unused Assets / (14.2 MB). Loaded Objects now: 5940.
Memory consumption went from 131.7 MB to 117.5 MB.
Total: 7.512458 ms (FindLiveObjects: 0.193875 ms CreateObjectMapping: 0.079708 ms MarkObjects: 6.001459 ms  DeleteObjects: 1.236958 ms)

Prepare: number of updated asset objects reloaded= 0
========================================================================
Received Prepare
Refreshing native plugins compatible for Editor in 1.59 ms, found 2 plugins.
Preloading 1 native plugins for Editor in 1.13 ms.
Unloading 43 Unused Serialized files (Serialized files now loaded: 0)
Unloading 5148 unused Assets / (14.0 MB). Loaded Objects now: 5940.
Memory consumption went from 131.7 MB to 117.7 MB.
Total: 7.329000 ms (FindLiveObjects: 0.185541 ms CreateObjectMapping: 0.076125 ms MarkObjects: 5.909459 ms  DeleteObjects: 1.157625 ms)

Prepare: number of updated asset objects reloaded= 0
========================================================================
Received Prepare
Refreshing native plugins compatible for Editor in 1.53 ms, found 2 plugins.
Preloading 1 native plugins for Editor in 1.13 ms.
Unloading 43 Unused Serialized files (Serialized files now loaded: 0)
Unloading 5148 unused Assets / (13.9 MB). Loaded Objects now: 5940.
Memory consumption went from 131.7 MB to 117.9 MB.
Total: 7.558208 ms (FindLiveObjects: 0.202292 ms CreateObjectMapping: 0.079625 ms MarkObjects: 6.124250 ms  DeleteObjects: 1.151833 ms)

Prepare: number of updated asset objects reloaded= 0
========================================================================
Received Prepare
Refreshing native plugins compatible for Editor in 1.57 ms, found 2 plugins.
Preloading 1 native plugins for Editor in 1.16 ms.
Unloading 43 Unused Serialized files (Serialized files now loaded: 0)
Unloading 5148 unused Assets / (14.1 MB). Loaded Objects now: 5940.
Memory consumption went from 131.7 MB to 117.6 MB.
Total: 7.851375 ms (FindLiveObjects: 0.210375 ms CreateObjectMapping: 0.084000 ms MarkObjects: 6.232875 ms  DeleteObjects: 1.323917 ms)

Prepare: number of updated asset objects reloaded= 0
========================================================================
Received Prepare
Refreshing native plugins compatible for Editor in 1.46 ms, found 2 plugins.
Preloading 1 native plugins for Editor in 1.10 ms.
Unloading 43 Unused Serialized files (Serialized files now loaded: 0)
Unloading 5148 unused Assets / (14.3 MB). Loaded Objects now: 5940.
Memory consumption went from 131.7 MB to 117.5 MB.
Total: 7.436250 ms (FindLiveObjects: 0.183667 ms CreateObjectMapping: 0.076000 ms MarkObjects: 5.893209 ms  DeleteObjects: 1.282875 ms)

Prepare: number of updated asset objects reloaded= 0
========================================================================
Received Prepare
Refreshing native plugins compatible for Editor in 1.55 ms, found 2 plugins.
Preloading 1 native plugins for Editor in 1.17 ms.
Unloading 43 Unused Serialized files (Serialized files now loaded: 0)
Unloading 5148 unused Assets / (14.2 MB). Loaded Objects now: 5940.
Memory consumption went from 131.7 MB to 117.5 MB.
Total: 7.532583 ms (FindLiveObjects: 0.190333 ms CreateObjectMapping: 0.078667 ms MarkObjects: 5.986708 ms  DeleteObjects: 1.276792 ms)

Prepare: number of updated asset objects reloaded= 0
========================================================================
Received Prepare
Refreshing native plugins compatible for Editor in 1.56 ms, found 2 plugins.
Preloading 1 native plugins for Editor in 1.14 ms.
Unloading 43 Unused Serialized files (Serialized files now loaded: 0)
Unloading 5148 unused Assets / (13.8 MB). Loaded Objects now: 5940.
Memory consumption went from 131.7 MB to 117.9 MB.
Total: 7.341875 ms (FindLiveObjects: 0.205375 ms CreateObjectMapping: 0.081792 ms MarkObjects: 5.884584 ms  DeleteObjects: 1.169833 ms)

Prepare: number of updated asset objects reloaded= 0
========================================================================
Received Prepare
Refreshing native plugins compatible for Editor in 1.44 ms, found 2 plugins.
Preloading 1 native plugins for Editor in 1.15 ms.
Unloading 43 Unused Serialized files (Serialized files now loaded: 0)
Unloading 5148 unused Assets / (14.3 MB). Loaded Objects now: 5940.
Memory consumption went from 131.7 MB to 117.4 MB.
Total: 7.390250 ms (FindLiveObjects: 0.183292 ms CreateObjectMapping: 0.071666 ms MarkObjects: 5.856417 ms  DeleteObjects: 1.278542 ms)

Prepare: number of updated asset objects reloaded= 0
========================================================================
Received Prepare
Refreshing native plugins compatible for Editor in 1.35 ms, found 2 plugins.
Preloading 1 native plugins for Editor in 1.15 ms.
Unloading 43 Unused Serialized files (Serialized files now loaded: 0)
Unloading 5148 unused Assets / (14.3 MB). Loaded Objects now: 5940.
Memory consumption went from 131.7 MB to 117.4 MB.
Total: 7.497292 ms (FindLiveObjects: 0.186250 ms CreateObjectMapping: 0.077792 ms MarkObjects: 5.940041 ms  DeleteObjects: 1.292875 ms)

Prepare: number of updated asset objects reloaded= 0
========================================================================
Received Prepare
Refreshing native plugins compatible for Editor in 1.54 ms, found 2 plugins.
Preloading 1 native plugins for Editor in 1.13 ms.
Unloading 43 Unused Serialized files (Serialized files now loaded: 0)
Unloading 5148 unused Assets / (14.0 MB). Loaded Objects now: 5940.
Memory consumption went from 131.7 MB to 117.8 MB.
Total: 7.470958 ms (FindLiveObjects: 0.191792 ms CreateObjectMapping: 0.075416 ms MarkObjects: 6.035167 ms  DeleteObjects: 1.168333 ms)

Prepare: number of updated asset objects reloaded= 0
========================================================================
Received Prepare
Refreshing native plugins compatible for Editor in 1.53 ms, found 2 plugins.
Preloading 1 native plugins for Editor in 1.15 ms.
Unloading 43 Unused Serialized files (Serialized files now loaded: 0)
Unloading 5148 unused Assets / (14.4 MB). Loaded Objects now: 5940.
Memory consumption went from 131.7 MB to 117.4 MB.
Total: 7.459167 ms (FindLiveObjects: 0.183917 ms CreateObjectMapping: 0.078833 ms MarkObjects: 5.921834 ms  DeleteObjects: 1.274334 ms)

Prepare: number of updated asset objects reloaded= 0
========================================================================
Received Prepare
Refreshing native plugins compatible for Editor in 1.29 ms, found 2 plugins.
Preloading 1 native plugins for Editor in 1.15 ms.
Unloading 43 Unused Serialized files (Serialized files now loaded: 0)
Unloading 5148 unused Assets / (13.9 MB). Loaded Objects now: 5940.
Memory consumption went from 131.7 MB to 117.9 MB.
Total: 7.238792 ms (FindLiveObjects: 0.183292 ms CreateObjectMapping: 0.082417 ms MarkObjects: 5.864125 ms  DeleteObjects: 1.108667 ms)

Prepare: number of updated asset objects reloaded= 0
========================================================================
Received Prepare
Begin MonoManager ReloadAssembly
[Licensing::Client] Successfully resolved entitlement details
[Licensing::Module] License group:
  Id: F4-85AS-8ZW6-XMRF-425Z-XXXX
  Product: Unity Personal
  Type: ULF
  Expiration: Unlimited
[Licensing::Module] License group:
  Id: 6872810951280-UnityPersXXXX
  Product: Unity Personal
  Type: Assigned
  Expiration: Unlimited
Thread 0x16ef63000 may have been prematurely finalized
Symbol file LoadedFromMemory is not a mono symbol file
Symbol file LoadedFromMemory is not a mono symbol file
- Loaded All Assemblies, in  0.344 seconds
Refreshing native plugins compatible for Editor in 1.48 ms, found 2 plugins.
Native extension for OSXStandalone target not found
Native extension for WebGL target not found
Refreshing native plugins compatible for Editor in 1.25 ms, found 2 plugins.
[Package Manager] Failed to launch server process. Reason: Unity was launched with the -noUpm command-line argument
[Package Manager] Unable to send message (not connected to server process).
[Package Manager] Cannot connect to Unity Package Manager local server
ScheduleIndexationOnStartup MainProcess:False IndexOnStartup:True
Mono: successfully reloaded assembly
- Finished resetting the current domain, in  0.398 seconds
Domain Reload Profiling: 744ms
	BeginReloadAssembly (75ms)
		ExecutionOrderSort (0ms)
		DisableScriptedObjects (3ms)
		BackupInstance (0ms)
		ReleaseScriptingObjects (0ms)
		CreateAndSetChildDomain (23ms)
	RebuildCommonClasses (15ms)
	RebuildNativeTypeToScriptingClass (6ms)
	initialDomainReloadingComplete (9ms)
	LoadAllAssembliesAndSetupDomain (239ms)
		LoadAssemblies (193ms)
		RebuildTransferFunctionScriptingTraits (0ms)
		AnalyzeDomain (69ms)
			TypeCache.Refresh (7ms)
				TypeCache.ScanAssembly (0ms)
			BuildScriptInfoCaches (59ms)
			ResolveRequiredComponents (1ms)
	FinalizeReload (399ms)
		ReleaseScriptCaches (0ms)
		RebuildScriptCaches (0ms)
		SetupLoadedEditorAssemblies (351ms)
			LogAssemblyErrors (0ms)
			InitializePlatformSupportModulesInManaged (1ms)
			SetLoadedEditorAssemblies (2ms)
			BeforeProcessingInitializeOnLoad (85ms)
			ProcessInitializeOnLoadAttributes (166ms)
			ProcessInitializeOnLoadMethodAttributes (97ms)
			AfterProcessingInitializeOnLoad (1ms)
			EditorAssembliesLoaded (0ms)
		ExecutionOrderSort2 (0ms)
		AwakeInstancesAfterBackupRestoration (1ms)
Refreshing native plugins compatible for Editor in 1.48 ms, found 2 plugins.
Preloading 1 native plugins for Editor in 1.17 ms.
Unloading 43 Unused Serialized files (Serialized files now loaded: 0)
Unloading 5193 unused Assets / (14.0 MB). Loaded Objects now: 5944.
Memory consumption went from 142.6 MB to 128.5 MB.
Total: 7.520750 ms (FindLiveObjects: 0.188000 ms CreateObjectMapping: 0.080667 ms MarkObjects: 6.086541 ms  DeleteObjects: 1.165375 ms)

Prepare: number of updated asset objects reloaded= 0
========================================================================
Received Prepare
Begin MonoManager ReloadAssembly
Thread 0x16ef63000 may have been prematurely finalized
Symbol file LoadedFromMemory is not a mono symbol file
Symbol file LoadedFromMemory is not a mono symbol file
- Loaded All Assemblies, in  0.324 seconds
Refreshing native plugins compatible for Editor in 1.80 ms, found 2 plugins.
Native extension for OSXStandalone target not found
Native extension for WebGL target not found
Refreshing native plugins compatible for Editor in 1.28 ms, found 2 plugins.
[Package Manager] Failed to launch server process. Reason: Unity was launched with the -noUpm command-line argument
[Package Manager] Unable to send message (not connected to server process).
[Package Manager] Cannot connect to Unity Package Manager local server
ScheduleIndexationOnStartup MainProcess:False IndexOnStartup:True
Mono: successfully reloaded assembly
- Finished resetting the current domain, in  0.466 seconds
Domain Reload Profiling: 792ms
	BeginReloadAssembly (71ms)
		ExecutionOrderSort (0ms)
		DisableScriptedObjects (2ms)
		BackupInstance (0ms)
		ReleaseScriptingObjects (0ms)
		CreateAndSetChildDomain (22ms)
	RebuildCommonClasses (16ms)
	RebuildNativeTypeToScriptingClass (6ms)
	initialDomainReloadingComplete (10ms)
	LoadAllAssembliesAndSetupDomain (223ms)
		LoadAssemblies (175ms)
		RebuildTransferFunctionScriptingTraits (0ms)
		AnalyzeDomain (68ms)
			TypeCache.Refresh (5ms)
				TypeCache.ScanAssembly (0ms)
			BuildScriptInfoCaches (59ms)
			ResolveRequiredComponents (1ms)
	FinalizeReload (466ms)
		ReleaseScriptCaches (0ms)
		RebuildScriptCaches (0ms)
		SetupLoadedEditorAssemblies (404ms)
			LogAssemblyErrors (0ms)
			InitializePlatformSupportModulesInManaged (1ms)
			SetLoadedEditorAssemblies (2ms)
			BeforeProcessingInitializeOnLoad (97ms)
			ProcessInitializeOnLoadAttributes (191ms)
			ProcessInitializeOnLoadMethodAttributes (112ms)
			AfterProcessingInitializeOnLoad (1ms)
			EditorAssembliesLoaded (0ms)
		ExecutionOrderSort2 (0ms)
		AwakeInstancesAfterBackupRestoration (1ms)
Refreshing native plugins compatible for Editor in 1.68 ms, found 2 plugins.
Preloading 1 native plugins for Editor in 1.20 ms.
Unloading 43 Unused Serialized files (Serialized files now loaded: 0)
Unloading 5193 unused Assets / (13.0 MB). Loaded Objects now: 5948.
Memory consumption went from 142.6 MB to 129.6 MB.
Total: 9.188417 ms (FindLiveObjects: 0.250375 ms CreateObjectMapping: 0.118208 ms MarkObjects: 7.209583 ms  DeleteObjects: 1.610000 ms)

Prepare: number of updated asset objects reloaded= 0
========================================================================
Received Prepare
Refreshing native plugins compatible for Editor in 1.48 ms, found 2 plugins.
Preloading 1 native plugins for Editor in 1.22 ms.
Unloading 43 Unused Serialized files (Serialized files now loaded: 0)
Unloading 5148 unused Assets / (13.4 MB). Loaded Objects now: 5948.
Memory consumption went from 131.8 MB to 118.4 MB.
Total: 7.948291 ms (FindLiveObjects: 0.199750 ms CreateObjectMapping: 0.074791 ms MarkObjects: 6.494459 ms  DeleteObjects: 1.179250 ms)

Prepare: number of updated asset objects reloaded= 0
========================================================================
Received Prepare
Begin MonoManager ReloadAssembly
Thread 0x16ef63000 may have been prematurely finalized
Symbol file LoadedFromMemory is not a mono symbol file
Symbol file LoadedFromMemory is not a mono symbol file
- Loaded All Assemblies, in  0.325 seconds
Refreshing native plugins compatible for Editor in 1.34 ms, found 2 plugins.
Native extension for OSXStandalone target not found
Native extension for WebGL target not found
Refreshing native plugins compatible for Editor in 1.32 ms, found 2 plugins.
[Package Manager] Failed to launch server process. Reason: Unity was launched with the -noUpm command-line argument
[Package Manager] Unable to send message (not connected to server process).
[Package Manager] Cannot connect to Unity Package Manager local server
ScheduleIndexationOnStartup MainProcess:False IndexOnStartup:True
Mono: successfully reloaded assembly
- Finished resetting the current domain, in  0.411 seconds
Domain Reload Profiling: 737ms
	BeginReloadAssembly (73ms)
		ExecutionOrderSort (0ms)
		DisableScriptedObjects (3ms)
		BackupInstance (0ms)
		ReleaseScriptingObjects (0ms)
		CreateAndSetChildDomain (22ms)
	RebuildCommonClasses (16ms)
	RebuildNativeTypeToScriptingClass (6ms)
	initialDomainReloadingComplete (10ms)
	LoadAllAssembliesAndSetupDomain (221ms)
		LoadAssemblies (175ms)
		RebuildTransferFunctionScriptingTraits (0ms)
		AnalyzeDomain (69ms)
			TypeCache.Refresh (7ms)
				TypeCache.ScanAssembly (0ms)
			BuildScriptInfoCaches (59ms)
			ResolveRequiredComponents (1ms)
	FinalizeReload (411ms)
		ReleaseScriptCaches (0ms)
		RebuildScriptCaches (0ms)
		SetupLoadedEditorAssemblies (361ms)
			LogAssemblyErrors (0ms)
			InitializePlatformSupportModulesInManaged (1ms)
			SetLoadedEditorAssemblies (2ms)
			BeforeProcessingInitializeOnLoad (83ms)
			ProcessInitializeOnLoadAttributes (173ms)
			ProcessInitializeOnLoadMethodAttributes (102ms)
			AfterProcessingInitializeOnLoad (1ms)
			EditorAssembliesLoaded (0ms)
		ExecutionOrderSort2 (0ms)
		AwakeInstancesAfterBackupRestoration (1ms)
Refreshing native plugins compatible for Editor in 1.26 ms, found 2 plugins.
Preloading 1 native plugins for Editor in 1.22 ms.
Unloading 43 Unused Serialized files (Serialized files now loaded: 0)
Unloading 5193 unused Assets / (13.4 MB). Loaded Objects now: 5952.
Memory consumption went from 142.6 MB to 129.2 MB.
Total: 8.011333 ms (FindLiveObjects: 0.172417 ms CreateObjectMapping: 0.078666 ms MarkObjects: 6.688250 ms  DeleteObjects: 1.071834 ms)

Prepare: number of updated asset objects reloaded= 0
========================================================================
Received Prepare
Refreshing native plugins compatible for Editor in 1.25 ms, found 2 plugins.
Preloading 1 native plugins for Editor in 1.18 ms.
Unloading 43 Unused Serialized files (Serialized files now loaded: 0)
Unloading 5148 unused Assets / (13.9 MB). Loaded Objects now: 5952.
Memory consumption went from 131.8 MB to 117.8 MB.
Total: 7.510917 ms (FindLiveObjects: 0.172292 ms CreateObjectMapping: 0.077875 ms MarkObjects: 6.118334 ms  DeleteObjects: 1.142083 ms)

Prepare: number of updated asset objects reloaded= 0
========================================================================
Received Prepare
Begin MonoManager ReloadAssembly
Thread 0x16ef63000 may have been prematurely finalized
Symbol file LoadedFromMemory is not a mono symbol file
Symbol file LoadedFromMemory is not a mono symbol file
- Loaded All Assemblies, in  0.328 seconds
Refreshing native plugins compatible for Editor in 1.46 ms, found 2 plugins.
Native extension for OSXStandalone target not found
Native extension for WebGL target not found
Refreshing native plugins compatible for Editor in 1.10 ms, found 2 plugins.
[Package Manager] Failed to launch server process. Reason: Unity was launched with the -noUpm command-line argument
[Package Manager] Unable to send message (not connected to server process).
[Package Manager] Cannot connect to Unity Package Manager local server
ScheduleIndexationOnStartup MainProcess:False IndexOnStartup:True
Mono: successfully reloaded assembly
- Finished resetting the current domain, in  0.408 seconds
Domain Reload Profiling: 736ms
	BeginReloadAssembly (73ms)
		ExecutionOrderSort (0ms)
		DisableScriptedObjects (3ms)
		BackupInstance (0ms)
		ReleaseScriptingObjects (0ms)
		CreateAndSetChildDomain (22ms)
	RebuildCommonClasses (15ms)
	RebuildNativeTypeToScriptingClass (6ms)
	initialDomainReloadingComplete (9ms)
	LoadAllAssembliesAndSetupDomain (224ms)
		LoadAssemblies (178ms)
		RebuildTransferFunctionScriptingTraits (0ms)
		AnalyzeDomain (69ms)
			TypeCache.Refresh (7ms)
				TypeCache.ScanAssembly (0ms)
			BuildScriptInfoCaches (58ms)
			ResolveRequiredComponents (1ms)
	FinalizeReload (408ms)
		ReleaseScriptCaches (0ms)
		RebuildScriptCaches (0ms)
		SetupLoadedEditorAssemblies (359ms)
			LogAssemblyErrors (0ms)
			InitializePlatformSupportModulesInManaged (1ms)
			SetLoadedEditorAssemblies (2ms)
			BeforeProcessingInitializeOnLoad (83ms)
			ProcessInitializeOnLoadAttributes (170ms)
			ProcessInitializeOnLoadMethodAttributes (103ms)
			AfterProcessingInitializeOnLoad (0ms)
			EditorAssembliesLoaded (0ms)
		ExecutionOrderSort2 (0ms)
		AwakeInstancesAfterBackupRestoration (1ms)
Refreshing native plugins compatible for Editor in 1.60 ms, found 2 plugins.
Preloading 1 native plugins for Editor in 1.18 ms.
Unloading 43 Unused Serialized files (Serialized files now loaded: 0)
Unloading 5193 unused Assets / (14.1 MB). Loaded Objects now: 5956.
Memory consumption went from 142.6 MB to 128.5 MB.
Total: 7.707541 ms (FindLiveObjects: 0.186209 ms CreateObjectMapping: 0.081541 ms MarkObjects: 6.225792 ms  DeleteObjects: 1.213750 ms)

Prepare: number of updated asset objects reloaded= 0
========================================================================
Received Prepare
Refreshing native plugins compatible for Editor in 1.55 ms, found 2 plugins.
Preloading 1 native plugins for Editor in 1.18 ms.
Unloading 43 Unused Serialized files (Serialized files now loaded: 0)
Unloading 5148 unused Assets / (14.1 MB). Loaded Objects now: 5956.
Memory consumption went from 131.8 MB to 117.7 MB.
Total: 7.729084 ms (FindLiveObjects: 0.196584 ms CreateObjectMapping: 0.085541 ms MarkObjects: 6.255042 ms  DeleteObjects: 1.191500 ms)

Prepare: number of updated asset objects reloaded= 0
========================================================================
Received Prepare
Begin MonoManager ReloadAssembly
[Licensing::Client] Successfully resolved entitlement details
[Licensing::Module] License group:
  Id: F4-85AS-8ZW6-XMRF-425Z-XXXX
  Product: Unity Personal
  Type: ULF
  Expiration: Unlimited
[Licensing::Module] License group:
  Id: 6872810951280-UnityPersXXXX
  Product: Unity Personal
  Type: Assigned
  Expiration: Unlimited
Thread 0x16ef63000 may have been prematurely finalized
Symbol file LoadedFromMemory is not a mono symbol file
Symbol file LoadedFromMemory is not a mono symbol file
- Loaded All Assemblies, in  0.299 seconds
Refreshing native plugins compatible for Editor in 1.43 ms, found 2 plugins.
Native extension for OSXStandalone target not found
Native extension for WebGL target not found
Refreshing native plugins compatible for Editor in 1.38 ms, found 2 plugins.
[Package Manager] Failed to launch server process. Reason: Unity was launched with the -noUpm command-line argument
[Package Manager] Unable to send message (not connected to server process).
[Package Manager] Cannot connect to Unity Package Manager local server
ScheduleIndexationOnStartup MainProcess:False IndexOnStartup:True
Mono: successfully reloaded assembly
- Finished resetting the current domain, in  0.404 seconds
Domain Reload Profiling: 705ms
	BeginReloadAssembly (73ms)
		ExecutionOrderSort (0ms)
		DisableScriptedObjects (3ms)
		BackupInstance (0ms)
		ReleaseScriptingObjects (0ms)
		CreateAndSetChildDomain (21ms)
	RebuildCommonClasses (15ms)
	RebuildNativeTypeToScriptingClass (6ms)
	initialDomainReloadingComplete (9ms)
	LoadAllAssembliesAndSetupDomain (197ms)
		LoadAssemblies (152ms)
		RebuildTransferFunctionScriptingTraits (0ms)
		AnalyzeDomain (67ms)
			TypeCache.Refresh (6ms)
				TypeCache.ScanAssembly (0ms)
			BuildScriptInfoCaches (58ms)
			ResolveRequiredComponents (1ms)
	FinalizeReload (404ms)
		ReleaseScriptCaches (0ms)
		RebuildScriptCaches (0ms)
		SetupLoadedEditorAssemblies (356ms)
			LogAssemblyErrors (0ms)
			InitializePlatformSupportModulesInManaged (1ms)
			SetLoadedEditorAssemblies (2ms)
			BeforeProcessingInitializeOnLoad (83ms)
			ProcessInitializeOnLoadAttributes (169ms)
			ProcessInitializeOnLoadMethodAttributes (101ms)
			AfterProcessingInitializeOnLoad (0ms)
			EditorAssembliesLoaded (0ms)
		ExecutionOrderSort2 (0ms)
		AwakeInstancesAfterBackupRestoration (1ms)
Refreshing native plugins compatible for Editor in 1.01 ms, found 2 plugins.
Preloading 1 native plugins for Editor in 1.16 ms.
Unloading 43 Unused Serialized files (Serialized files now loaded: 0)
Unloading 5193 unused Assets / (14.0 MB). Loaded Objects now: 5960.
Memory consumption went from 142.7 MB to 128.8 MB.
Total: 7.788833 ms (FindLiveObjects: 0.175292 ms CreateObjectMapping: 0.098208 ms MarkObjects: 6.339042 ms  DeleteObjects: 1.176166 ms)

Prepare: number of updated asset objects reloaded= 0
========================================================================
Received Prepare
Refreshing native plugins compatible for Editor in 1.14 ms, found 2 plugins.
Preloading 1 native plugins for Editor in 1.10 ms.
Unloading 43 Unused Serialized files (Serialized files now loaded: 0)
Unloading 5148 unused Assets / (13.4 MB). Loaded Objects now: 5960.
Memory consumption went from 131.9 MB to 118.5 MB.
Total: 7.977041 ms (FindLiveObjects: 0.190833 ms CreateObjectMapping: 0.082625 ms MarkObjects: 6.530000 ms  DeleteObjects: 1.173417 ms)

Prepare: number of updated asset objects reloaded= 0
========================================================================
Received Prepare
Begin MonoManager ReloadAssembly
Thread 0x16ef63000 may have been prematurely finalized
Symbol file LoadedFromMemory is not a mono symbol file
Symbol file LoadedFromMemory is not a mono symbol file
- Loaded All Assemblies, in  0.308 seconds
Refreshing native plugins compatible for Editor in 1.26 ms, found 2 plugins.
Native extension for OSXStandalone target not found
Native extension for WebGL target not found
Refreshing native plugins compatible for Editor in 1.35 ms, found 2 plugins.
[Package Manager] Failed to launch server process. Reason: Unity was launched with the -noUpm command-line argument
[Package Manager] Unable to send message (not connected to server process).
[Package Manager] Cannot connect to Unity Package Manager local server
ScheduleIndexationOnStartup MainProcess:False IndexOnStartup:True
Mono: successfully reloaded assembly
- Finished resetting the current domain, in  0.415 seconds
Domain Reload Profiling: 725ms
	BeginReloadAssembly (75ms)
		ExecutionOrderSort (0ms)
		DisableScriptedObjects (3ms)
		BackupInstance (0ms)
		ReleaseScriptingObjects (0ms)
		CreateAndSetChildDomain (23ms)
	RebuildCommonClasses (16ms)
	RebuildNativeTypeToScriptingClass (7ms)
	initialDomainReloadingComplete (11ms)
	LoadAllAssembliesAndSetupDomain (201ms)
		LoadAssemblies (157ms)
		RebuildTransferFunctionScriptingTraits (0ms)
		AnalyzeDomain (67ms)
			TypeCache.Refresh (6ms)
				TypeCache.ScanAssembly (0ms)
			BuildScriptInfoCaches (59ms)
			ResolveRequiredComponents (1ms)
	FinalizeReload (416ms)
		ReleaseScriptCaches (0ms)
		RebuildScriptCaches (0ms)
		SetupLoadedEditorAssemblies (366ms)
			LogAssemblyErrors (0ms)
			InitializePlatformSupportModulesInManaged (1ms)
			SetLoadedEditorAssemblies (2ms)
			BeforeProcessingInitializeOnLoad (86ms)
			ProcessInitializeOnLoadAttributes (175ms)
			ProcessInitializeOnLoadMethodAttributes (101ms)
			AfterProcessingInitializeOnLoad (0ms)
			EditorAssembliesLoaded (0ms)
		ExecutionOrderSort2 (0ms)
		AwakeInstancesAfterBackupRestoration (1ms)
Refreshing native plugins compatible for Editor in 1.56 ms, found 2 plugins.
Preloading 1 native plugins for Editor in 1.20 ms.
Unloading 43 Unused Serialized files (Serialized files now loaded: 0)
Unloading 5193 unused Assets / (14.2 MB). Loaded Objects now: 5964.
Memory consumption went from 142.7 MB to 128.6 MB.
Total: 7.748541 ms (FindLiveObjects: 0.187375 ms CreateObjectMapping: 0.080792 ms MarkObjects: 6.248917 ms  DeleteObjects: 1.231250 ms)

Prepare: number of updated asset objects reloaded= 0
========================================================================
Received Prepare
Refreshing native plugins compatible for Editor in 1.58 ms, found 2 plugins.
Preloading 1 native plugins for Editor in 1.19 ms.
Unloading 43 Unused Serialized files (Serialized files now loaded: 0)
Unloading 5148 unused Assets / (14.1 MB). Loaded Objects now: 5964.
Memory consumption went from 131.9 MB to 117.8 MB.
Total: 7.711208 ms (FindLiveObjects: 0.190833 ms CreateObjectMapping: 0.085333 ms MarkObjects: 6.253500 ms  DeleteObjects: 1.181292 ms)

Prepare: number of updated asset objects reloaded= 0
========================================================================
Received Prepare
Refreshing native plugins compatible for Editor in 1.56 ms, found 2 plugins.
Preloading 1 native plugins for Editor in 1.18 ms.
Unloading 43 Unused Serialized files (Serialized files now loaded: 0)
Unloading 5148 unused Assets / (14.0 MB). Loaded Objects now: 5964.
Memory consumption went from 131.9 MB to 117.9 MB.
Total: 7.596167 ms (FindLiveObjects: 0.194833 ms CreateObjectMapping: 0.080125 ms MarkObjects: 6.148125 ms  DeleteObjects: 1.172833 ms)

Prepare: number of updated asset objects reloaded= 0
========================================================================
Received Prepare
Refreshing native plugins compatible for Editor in 1.63 ms, found 2 plugins.
Preloading 1 native plugins for Editor in 1.15 ms.
Unloading 43 Unused Serialized files (Serialized files now loaded: 0)
Unloading 5148 unused Assets / (14.2 MB). Loaded Objects now: 5964.
Memory consumption went from 131.9 MB to 117.7 MB.
Total: 7.590542 ms (FindLiveObjects: 0.186917 ms CreateObjectMapping: 0.073541 ms MarkObjects: 6.111792 ms  DeleteObjects: 1.218125 ms)

Prepare: number of updated asset objects reloaded= 0
========================================================================
Received Prepare
Begin MonoManager ReloadAssembly
Thread 0x16ef63000 may have been prematurely finalized
Symbol file LoadedFromMemory is not a mono symbol file
Symbol file LoadedFromMemory is not a mono symbol file
- Loaded All Assemblies, in  0.353 seconds
Refreshing native plugins compatible for Editor in 1.03 ms, found 2 plugins.
Native extension for OSXStandalone target not found
Native extension for WebGL target not found
Refreshing native plugins compatible for Editor in 1.13 ms, found 2 plugins.
[Package Manager] Failed to launch server process. Reason: Unity was launched with the -noUpm command-line argument
[Package Manager] Unable to send message (not connected to server process).
[Package Manager] Cannot connect to Unity Package Manager local server
ScheduleIndexationOnStartup MainProcess:False IndexOnStartup:True
Mono: successfully reloaded assembly
- Finished resetting the current domain, in  0.416 seconds
Domain Reload Profiling: 770ms
	BeginReloadAssembly (85ms)
		ExecutionOrderSort (0ms)
		DisableScriptedObjects (3ms)
		BackupInstance (0ms)
		ReleaseScriptingObjects (0ms)
		CreateAndSetChildDomain (34ms)
	RebuildCommonClasses (16ms)
	RebuildNativeTypeToScriptingClass (7ms)
	initialDomainReloadingComplete (9ms)
	LoadAllAssembliesAndSetupDomain (238ms)
		LoadAssemblies (190ms)
		RebuildTransferFunctionScriptingTraits (0ms)
		AnalyzeDomain (69ms)
			TypeCache.Refresh (7ms)
				TypeCache.ScanAssembly (0ms)
			BuildScriptInfoCaches (59ms)
			ResolveRequiredComponents (1ms)
	FinalizeReload (416ms)
		ReleaseScriptCaches (0ms)
		RebuildScriptCaches (0ms)
		SetupLoadedEditorAssemblies (366ms)
			LogAssemblyErrors (0ms)
			InitializePlatformSupportModulesInManaged (1ms)
			SetLoadedEditorAssemblies (2ms)
			BeforeProcessingInitializeOnLoad (87ms)
			ProcessInitializeOnLoadAttributes (172ms)
			ProcessInitializeOnLoadMethodAttributes (104ms)
			AfterProcessingInitializeOnLoad (1ms)
			EditorAssembliesLoaded (0ms)
		ExecutionOrderSort2 (0ms)
		AwakeInstancesAfterBackupRestoration (1ms)
Refreshing native plugins compatible for Editor in 1.15 ms, found 2 plugins.
Preloading 1 native plugins for Editor in 1.23 ms.
Unloading 43 Unused Serialized files (Serialized files now loaded: 0)
Unloading 5193 unused Assets / (14.0 MB). Loaded Objects now: 5968.
Memory consumption went from 142.8 MB to 128.8 MB.
Total: 7.213375 ms (FindLiveObjects: 0.178375 ms CreateObjectMapping: 0.072000 ms MarkObjects: 5.966917 ms  DeleteObjects: 0.995792 ms)

Prepare: number of updated asset objects reloaded= 0
========================================================================
Received Prepare
Refreshing native plugins compatible for Editor in 1.63 ms, found 2 plugins.
Preloading 1 native plugins for Editor in 1.21 ms.
Unloading 43 Unused Serialized files (Serialized files now loaded: 0)
Unloading 5148 unused Assets / (13.9 MB). Loaded Objects now: 5968.
Memory consumption went from 131.9 MB to 118.1 MB.
Total: 7.638084 ms (FindLiveObjects: 0.195000 ms CreateObjectMapping: 0.076542 ms MarkObjects: 6.254917 ms  DeleteObjects: 1.111333 ms)

Prepare: number of updated asset objects reloaded= 0
========================================================================
Received Prepare
Refreshing native plugins compatible for Editor in 1.49 ms, found 2 plugins.
Preloading 1 native plugins for Editor in 1.19 ms.
Unloading 43 Unused Serialized files (Serialized files now loaded: 0)
Unloading 5148 unused Assets / (14.0 MB). Loaded Objects now: 5968.
Memory consumption went from 131.9 MB to 117.9 MB.
Total: 7.759584 ms (FindLiveObjects: 0.185333 ms CreateObjectMapping: 0.067875 ms MarkObjects: 6.322542 ms  DeleteObjects: 1.183667 ms)

Prepare: number of updated asset objects reloaded= 0
========================================================================
Received Prepare
Refreshing native plugins compatible for Editor in 1.57 ms, found 2 plugins.
Preloading 1 native plugins for Editor in 1.18 ms.
Unloading 43 Unused Serialized files (Serialized files now loaded: 0)
Unloading 5148 unused Assets / (14.0 MB). Loaded Objects now: 5968.
Memory consumption went from 131.9 MB to 117.9 MB.
Total: 7.704250 ms (FindLiveObjects: 0.188875 ms CreateObjectMapping: 0.073167 ms MarkObjects: 6.183666 ms  DeleteObjects: 1.258292 ms)

Prepare: number of updated asset objects reloaded= 0
========================================================================
Received Prepare
Refreshing native plugins compatible for Editor in 1.57 ms, found 2 plugins.
Preloading 1 native plugins for Editor in 1.13 ms.
Unloading 43 Unused Serialized files (Serialized files now loaded: 0)
Unloading 5148 unused Assets / (13.4 MB). Loaded Objects now: 5968.
Memory consumption went from 131.9 MB to 118.5 MB.
Total: 7.546667 ms (FindLiveObjects: 0.195875 ms CreateObjectMapping: 0.082916 ms MarkObjects: 6.053125 ms  DeleteObjects: 1.214500 ms)

Prepare: number of updated asset objects reloaded= 0
========================================================================
Received Prepare
Refreshing native plugins compatible for Editor in 1.39 ms, found 2 plugins.
Preloading 1 native plugins for Editor in 1.25 ms.
Unloading 43 Unused Serialized files (Serialized files now loaded: 0)
Unloading 5148 unused Assets / (14.2 MB). Loaded Objects now: 5968.
Memory consumption went from 131.9 MB to 117.8 MB.
Total: 7.446167 ms (FindLiveObjects: 0.185542 ms CreateObjectMapping: 0.072875 ms MarkObjects: 5.958375 ms  DeleteObjects: 1.229167 ms)

Prepare: number of updated asset objects reloaded= 0
========================================================================
Received Prepare
Refreshing native plugins compatible for Editor in 1.53 ms, found 2 plugins.
Preloading 1 native plugins for Editor in 1.16 ms.
Unloading 43 Unused Serialized files (Serialized files now loaded: 0)
Unloading 5148 unused Assets / (13.8 MB). Loaded Objects now: 5968.
Memory consumption went from 131.9 MB to 118.1 MB.
Total: 7.452250 ms (FindLiveObjects: 0.192500 ms CreateObjectMapping: 0.078667 ms MarkObjects: 6.001334 ms  DeleteObjects: 1.179500 ms)

Prepare: number of updated asset objects reloaded= 0
========================================================================
Received Prepare
Refreshing native plugins compatible for Editor in 1.44 ms, found 2 plugins.
Preloading 1 native plugins for Editor in 1.14 ms.
Unloading 43 Unused Serialized files (Serialized files now loaded: 0)
Unloading 5148 unused Assets / (14.2 MB). Loaded Objects now: 5968.
Memory consumption went from 131.9 MB to 117.7 MB.
Total: 7.640417 ms (FindLiveObjects: 0.195333 ms CreateObjectMapping: 0.074666 ms MarkObjects: 6.051500 ms  DeleteObjects: 1.318750 ms)

Prepare: number of updated asset objects reloaded= 0
========================================================================
Received Prepare
Refreshing native plugins compatible for Editor in 1.53 ms, found 2 plugins.
Preloading 1 native plugins for Editor in 1.20 ms.
Unloading 43 Unused Serialized files (Serialized files now loaded: 0)
Unloading 5148 unused Assets / (14.2 MB). Loaded Objects now: 5968.
Memory consumption went from 131.9 MB to 117.7 MB.
Total: 7.542167 ms (FindLiveObjects: 0.192917 ms CreateObjectMapping: 0.090583 ms MarkObjects: 6.006833 ms  DeleteObjects: 1.251334 ms)

Prepare: number of updated asset objects reloaded= 0
========================================================================
Received Prepare
Refreshing native plugins compatible for Editor in 1.57 ms, found 2 plugins.
Preloading 1 native plugins for Editor in 1.16 ms.
Unloading 43 Unused Serialized files (Serialized files now loaded: 0)
Unloading 5148 unused Assets / (14.1 MB). Loaded Objects now: 5968.
Memory consumption went from 131.9 MB to 117.9 MB.
Total: 7.536125 ms (FindLiveObjects: 0.190500 ms CreateObjectMapping: 0.077791 ms MarkObjects: 6.084542 ms  DeleteObjects: 1.183000 ms)

Prepare: number of updated asset objects reloaded= 0
========================================================================
Received Prepare
Refreshing native plugins compatible for Editor in 1.51 ms, found 2 plugins.
Preloading 1 native plugins for Editor in 1.16 ms.
Unloading 43 Unused Serialized files (Serialized files now loaded: 0)
Unloading 5148 unused Assets / (14.0 MB). Loaded Objects now: 5968.
Memory consumption went from 131.9 MB to 117.9 MB.
Total: 7.421416 ms (FindLiveObjects: 0.189917 ms CreateObjectMapping: 0.078708 ms MarkObjects: 5.958875 ms  DeleteObjects: 1.193750 ms)

Prepare: number of updated asset objects reloaded= 0
========================================================================
Received Prepare
Refreshing native plugins compatible for Editor in 1.61 ms, found 2 plugins.
Preloading 1 native plugins for Editor in 1.19 ms.
Unloading 43 Unused Serialized files (Serialized files now loaded: 0)
Unloading 5148 unused Assets / (11.2 MB). Loaded Objects now: 5968.
Memory consumption went from 131.9 MB to 120.7 MB.
Total: 8.463709 ms (FindLiveObjects: 0.671458 ms CreateObjectMapping: 0.403666 ms MarkObjects: 6.460000 ms  DeleteObjects: 0.928083 ms)

Prepare: number of updated asset objects reloaded= 0
========================================================================
Received Prepare
Refreshing native plugins compatible for Editor in 1.57 ms, found 2 plugins.
Preloading 1 native plugins for Editor in 1.19 ms.
Unloading 43 Unused Serialized files (Serialized files now loaded: 0)
Unloading 5148 unused Assets / (12.8 MB). Loaded Objects now: 5968.
Memory consumption went from 131.9 MB to 119.1 MB.
Total: 8.175542 ms (FindLiveObjects: 0.195375 ms CreateObjectMapping: 0.088083 ms MarkObjects: 6.667375 ms  DeleteObjects: 1.224375 ms)

Prepare: number of updated asset objects reloaded= 0
========================================================================
Received Prepare
Refreshing native plugins compatible for Editor in 1.38 ms, found 2 plugins.
Preloading 1 native plugins for Editor in 1.14 ms.
Unloading 43 Unused Serialized files (Serialized files now loaded: 0)
Unloading 5148 unused Assets / (14.0 MB). Loaded Objects now: 5968.
Memory consumption went from 131.9 MB to 117.9 MB.
Total: 7.500708 ms (FindLiveObjects: 0.193417 ms CreateObjectMapping: 0.078583 ms MarkObjects: 6.043750 ms  DeleteObjects: 1.184750 ms)

Prepare: number of updated asset objects reloaded= 0
========================================================================
Received Prepare
Refreshing native plugins compatible for Editor in 1.53 ms, found 2 plugins.
Preloading 1 native plugins for Editor in 1.13 ms.
Unloading 43 Unused Serialized files (Serialized files now loaded: 0)
Unloading 5148 unused Assets / (14.1 MB). Loaded Objects now: 5968.
Memory consumption went from 131.9 MB to 117.8 MB.
Total: 7.484583 ms (FindLiveObjects: 0.189917 ms CreateObjectMapping: 0.070333 ms MarkObjects: 5.996875 ms  DeleteObjects: 1.226958 ms)

Prepare: number of updated asset objects reloaded= 0
========================================================================
Received Prepare
Refreshing native plugins compatible for Editor in 1.46 ms, found 2 plugins.
Preloading 1 native plugins for Editor in 1.15 ms.
Unloading 43 Unused Serialized files (Serialized files now loaded: 0)
Unloading 5148 unused Assets / (13.9 MB). Loaded Objects now: 5968.
Memory consumption went from 131.9 MB to 118.0 MB.
Total: 7.461250 ms (FindLiveObjects: 0.192834 ms CreateObjectMapping: 0.075125 ms MarkObjects: 6.029000 ms  DeleteObjects: 1.164166 ms)

Prepare: number of updated asset objects reloaded= 0
========================================================================
Received Prepare
Refreshing native plugins compatible for Editor in 1.54 ms, found 2 plugins.
Preloading 1 native plugins for Editor in 1.16 ms.
Unloading 43 Unused Serialized files (Serialized files now loaded: 0)
Unloading 5148 unused Assets / (13.8 MB). Loaded Objects now: 5968.
Memory consumption went from 131.9 MB to 118.1 MB.
Total: 7.325875 ms (FindLiveObjects: 0.179959 ms CreateObjectMapping: 0.078708 ms MarkObjects: 5.943792 ms  DeleteObjects: 1.123333 ms)

Prepare: number of updated asset objects reloaded= 0
========================================================================
Received Prepare
Begin MonoManager ReloadAssembly
[Licensing::Client] Successfully resolved entitlement details
[Licensing::Module] License group:
  Id: F4-85AS-8ZW6-XMRF-425Z-XXXX
  Product: Unity Personal
  Type: ULF
  Expiration: Unlimited
[Licensing::Module] License group:
  Id: 6872810951280-UnityPersXXXX
  Product: Unity Personal
  Type: Assigned
  Expiration: Unlimited
Thread 0x16ef63000 may have been prematurely finalized
Symbol file LoadedFromMemory is not a mono symbol file
Symbol file LoadedFromMemory is not a mono symbol file
- Loaded All Assemblies, in  0.358 seconds
Refreshing native plugins compatible for Editor in 1.06 ms, found 2 plugins.
Native extension for OSXStandalone target not found
Native extension for WebGL target not found
Refreshing native plugins compatible for Editor in 1.15 ms, found 2 plugins.
[Package Manager] Failed to launch server process. Reason: Unity was launched with the -noUpm command-line argument
[Package Manager] Unable to send message (not connected to server process).
[Package Manager] Cannot connect to Unity Package Manager local server
ScheduleIndexationOnStartup MainProcess:False IndexOnStartup:True
Mono: successfully reloaded assembly
- Finished resetting the current domain, in  0.402 seconds
Domain Reload Profiling: 762ms
	BeginReloadAssembly (77ms)
		ExecutionOrderSort (0ms)
		DisableScriptedObjects (3ms)
		BackupInstance (0ms)
		ReleaseScriptingObjects (0ms)
		CreateAndSetChildDomain (23ms)
	RebuildCommonClasses (16ms)
	RebuildNativeTypeToScriptingClass (6ms)
	initialDomainReloadingComplete (10ms)
	LoadAllAssembliesAndSetupDomain (251ms)
		LoadAssemblies (200ms)
		RebuildTransferFunctionScriptingTraits (0ms)
		AnalyzeDomain (75ms)
			TypeCache.Refresh (8ms)
				TypeCache.ScanAssembly (0ms)
			BuildScriptInfoCaches (65ms)
			ResolveRequiredComponents (1ms)
	FinalizeReload (403ms)
		ReleaseScriptCaches (0ms)
		RebuildScriptCaches (0ms)
		SetupLoadedEditorAssemblies (354ms)
			LogAssemblyErrors (0ms)
			InitializePlatformSupportModulesInManaged (1ms)
			SetLoadedEditorAssemblies (2ms)
			BeforeProcessingInitializeOnLoad (84ms)
			ProcessInitializeOnLoadAttributes (167ms)
			ProcessInitializeOnLoadMethodAttributes (100ms)
			AfterProcessingInitializeOnLoad (0ms)
			EditorAssembliesLoaded (0ms)
		ExecutionOrderSort2 (0ms)
		AwakeInstancesAfterBackupRestoration (1ms)
Refreshing native plugins compatible for Editor in 1.08 ms, found 2 plugins.
Preloading 1 native plugins for Editor in 1.11 ms.
Unloading 43 Unused Serialized files (Serialized files now loaded: 0)
Unloading 5193 unused Assets / (14.0 MB). Loaded Objects now: 5972.
Memory consumption went from 142.8 MB to 128.7 MB.
Total: 7.640291 ms (FindLiveObjects: 0.186042 ms CreateObjectMapping: 0.069542 ms MarkObjects: 6.149125 ms  DeleteObjects: 1.235500 ms)

Prepare: number of updated asset objects reloaded= 0
========================================================================
Received Prepare
Refreshing native plugins compatible for Editor in 1.17 ms, found 2 plugins.
Preloading 1 native plugins for Editor in 1.14 ms.
Unloading 43 Unused Serialized files (Serialized files now loaded: 0)
Unloading 5148 unused Assets / (14.2 MB). Loaded Objects now: 5972.
Memory consumption went from 131.9 MB to 117.7 MB.
Total: 7.554875 ms (FindLiveObjects: 0.176125 ms CreateObjectMapping: 0.071875 ms MarkObjects: 6.165958 ms  DeleteObjects: 1.140625 ms)

Prepare: number of updated asset objects reloaded= 0
========================================================================
Received Prepare
Refreshing native plugins compatible for Editor in 1.55 ms, found 2 plugins.
Preloading 1 native plugins for Editor in 1.13 ms.
Unloading 43 Unused Serialized files (Serialized files now loaded: 0)
Unloading 5148 unused Assets / (14.3 MB). Loaded Objects now: 5972.
Memory consumption went from 131.9 MB to 117.6 MB.
Total: 7.635625 ms (FindLiveObjects: 0.188167 ms CreateObjectMapping: 0.071708 ms MarkObjects: 6.087000 ms  DeleteObjects: 1.288625 ms)

Prepare: number of updated asset objects reloaded= 0
========================================================================
Received Prepare
Begin MonoManager ReloadAssembly
Thread 0x16ef63000 may have been prematurely finalized
Symbol file LoadedFromMemory is not a mono symbol file
Symbol file LoadedFromMemory is not a mono symbol file
- Loaded All Assemblies, in  0.356 seconds
Refreshing native plugins compatible for Editor in 1.26 ms, found 2 plugins.
Native extension for OSXStandalone target not found
Native extension for WebGL target not found
Refreshing native plugins compatible for Editor in 1.47 ms, found 2 plugins.
[Package Manager] Failed to launch server process. Reason: Unity was launched with the -noUpm command-line argument
[Package Manager] Unable to send message (not connected to server process).
[Package Manager] Cannot connect to Unity Package Manager local server
ScheduleIndexationOnStartup MainProcess:False IndexOnStartup:True
Mono: successfully reloaded assembly
- Finished resetting the current domain, in  0.410 seconds
Domain Reload Profiling: 768ms
	BeginReloadAssembly (72ms)
		ExecutionOrderSort (0ms)
		DisableScriptedObjects (3ms)
		BackupInstance (0ms)
		ReleaseScriptingObjects (0ms)
		CreateAndSetChildDomain (22ms)
	RebuildCommonClasses (16ms)
	RebuildNativeTypeToScriptingClass (6ms)
	initialDomainReloadingComplete (10ms)
	LoadAllAssembliesAndSetupDomain (254ms)
		LoadAssemblies (204ms)
		RebuildTransferFunctionScriptingTraits (0ms)
		AnalyzeDomain (71ms)
			TypeCache.Refresh (7ms)
				TypeCache.ScanAssembly (0ms)
			BuildScriptInfoCaches (60ms)
			ResolveRequiredComponents (1ms)
	FinalizeReload (411ms)
		ReleaseScriptCaches (0ms)
		RebuildScriptCaches (0ms)
		SetupLoadedEditorAssemblies (359ms)
			LogAssemblyErrors (0ms)
			InitializePlatformSupportModulesInManaged (1ms)
			SetLoadedEditorAssemblies (2ms)
			BeforeProcessingInitializeOnLoad (83ms)
			ProcessInitializeOnLoadAttributes (171ms)
			ProcessInitializeOnLoadMethodAttributes (102ms)
			AfterProcessingInitializeOnLoad (0ms)
			EditorAssembliesLoaded (0ms)
		ExecutionOrderSort2 (0ms)
		AwakeInstancesAfterBackupRestoration (1ms)
Refreshing native plugins compatible for Editor in 1.70 ms, found 2 plugins.
Preloading 1 native plugins for Editor in 1.17 ms.
Unloading 43 Unused Serialized files (Serialized files now loaded: 0)
Unloading 5193 unused Assets / (13.9 MB). Loaded Objects now: 5976.
Memory consumption went from 142.8 MB to 128.9 MB.
Total: 7.634000 ms (FindLiveObjects: 0.182666 ms CreateObjectMapping: 0.072583 ms MarkObjects: 6.275125 ms  DeleteObjects: 1.103333 ms)

Prepare: number of updated asset objects reloaded= 0
========================================================================
Received Import Request.
  Time since last request: 2103.818629 seconds.
  path: Assets/Scripts/DiceTotalDisplay.cs
  artifactKey: Guid(1c94fb0db90cf0a479d9268d58ff90fa) Importer(815301076,1909f56bfc062723c751e8b465ee728b)
Start importing Assets/Scripts/DiceTotalDisplay.cs using Guid(1c94fb0db90cf0a479d9268d58ff90fa) Importer(815301076,1909f56bfc062723c751e8b465ee728b) (PreviewImporter) -> (artifact id: '239b76faf24b9435d11922f771d9fd5b') in 0.0006725 seconds
Number of updated asset objects reloaded before import = 0Number of asset objects unloaded after import = 0

========================================================================
Received Prepare
Begin MonoManager ReloadAssembly
Thread 0x16ef63000 may have been prematurely finalized
Symbol file LoadedFromMemory is not a mono symbol file
Symbol file LoadedFromMemory is not a mono symbol file
- Loaded All Assemblies, in  0.295 seconds
Refreshing native plugins compatible for Editor in 1.25 ms, found 2 plugins.
Native extension for OSXStandalone target not found
Native extension for WebGL target not found
Refreshing native plugins compatible for Editor in 1.63 ms, found 2 plugins.
[Package Manager] Failed to launch server process. Reason: Unity was launched with the -noUpm command-line argument
[Package Manager] Unable to send message (not connected to server process).
[Package Manager] Cannot connect to Unity Package Manager local server
ScheduleIndexationOnStartup MainProcess:False IndexOnStartup:True
Mono: successfully reloaded assembly
- Finished resetting the current domain, in  0.453 seconds
Domain Reload Profiling: 749ms
	BeginReloadAssembly (73ms)
		ExecutionOrderSort (0ms)
		DisableScriptedObjects (3ms)
		BackupInstance (0ms)
		ReleaseScriptingObjects (0ms)
		CreateAndSetChildDomain (22ms)
	RebuildCommonClasses (16ms)
	RebuildNativeTypeToScriptingClass (7ms)
	initialDomainReloadingComplete (10ms)
	LoadAllAssembliesAndSetupDomain (190ms)
		LoadAssemblies (147ms)
		RebuildTransferFunctionScriptingTraits (0ms)
		AnalyzeDomain (66ms)
			TypeCache.Refresh (5ms)
				TypeCache.ScanAssembly (0ms)
			BuildScriptInfoCaches (58ms)
			ResolveRequiredComponents (1ms)
	FinalizeReload (453ms)
		ReleaseScriptCaches (0ms)
		RebuildScriptCaches (0ms)
		SetupLoadedEditorAssemblies (402ms)
			LogAssemblyErrors (0ms)
			InitializePlatformSupportModulesInManaged (1ms)
			SetLoadedEditorAssemblies (2ms)
			BeforeProcessingInitializeOnLoad (96ms)
			ProcessInitializeOnLoadAttributes (191ms)
			ProcessInitializeOnLoadMethodAttributes (111ms)
			AfterProcessingInitializeOnLoad (1ms)
			EditorAssembliesLoaded (0ms)
		ExecutionOrderSort2 (0ms)
		AwakeInstancesAfterBackupRestoration (2ms)
Refreshing native plugins compatible for Editor in 1.75 ms, found 2 plugins.
Preloading 1 native plugins for Editor in 1.22 ms.
Unloading 43 Unused Serialized files (Serialized files now loaded: 0)
Unloading 5193 unused Assets / (12.8 MB). Loaded Objects now: 5980.
Memory consumption went from 142.8 MB to 130.0 MB.
Total: 8.558458 ms (FindLiveObjects: 0.206666 ms CreateObjectMapping: 0.079334 ms MarkObjects: 6.701625 ms  DeleteObjects: 1.570542 ms)

Prepare: number of updated asset objects reloaded= 0
========================================================================
Received Prepare
Begin MonoManager ReloadAssembly
[Licensing::Client] Successfully resolved entitlement details
[Licensing::Module] License group:
  Id: F4-85AS-8ZW6-XMRF-425Z-XXXX
  Product: Unity Personal
  Type: ULF
  Expiration: Unlimited
[Licensing::Module] License group:
  Id: 6872810951280-UnityPersXXXX
  Product: Unity Personal
  Type: Assigned
  Expiration: Unlimited
Thread 0x16ef63000 may have been prematurely finalized
Symbol file LoadedFromMemory is not a mono symbol file
Symbol file LoadedFromMemory is not a mono symbol file
- Loaded All Assemblies, in  0.371 seconds
Refreshing native plugins compatible for Editor in 1.89 ms, found 2 plugins.
Native extension for OSXStandalone target not found
Native extension for WebGL target not found
Refreshing native plugins compatible for Editor in 1.86 ms, found 2 plugins.
[Package Manager] Failed to launch server process. Reason: Unity was launched with the -noUpm command-line argument
[Package Manager] Unable to send message (not connected to server process).
[Package Manager] Cannot connect to Unity Package Manager local server
ScheduleIndexationOnStartup MainProcess:False IndexOnStartup:True
Mono: successfully reloaded assembly
- Finished resetting the current domain, in  0.465 seconds
Domain Reload Profiling: 837ms
	BeginReloadAssembly (75ms)
		ExecutionOrderSort (0ms)
		DisableScriptedObjects (3ms)
		BackupInstance (0ms)
		ReleaseScriptingObjects (0ms)
		CreateAndSetChildDomain (23ms)
	RebuildCommonClasses (16ms)
	RebuildNativeTypeToScriptingClass (6ms)
	initialDomainReloadingComplete (11ms)
	LoadAllAssembliesAndSetupDomain (264ms)
		LoadAssemblies (208ms)
		RebuildTransferFunctionScriptingTraits (0ms)
		AnalyzeDomain (79ms)
			TypeCache.Refresh (6ms)
				TypeCache.ScanAssembly (0ms)
			BuildScriptInfoCaches (70ms)
			ResolveRequiredComponents (1ms)
	FinalizeReload (465ms)
		ReleaseScriptCaches (0ms)
		RebuildScriptCaches (0ms)
		SetupLoadedEditorAssemblies (407ms)
			LogAssemblyErrors (0ms)
			InitializePlatformSupportModulesInManaged (1ms)
			SetLoadedEditorAssemblies (2ms)
			BeforeProcessingInitializeOnLoad (93ms)
			ProcessInitializeOnLoadAttributes (199ms)
			ProcessInitializeOnLoadMethodAttributes (112ms)
			AfterProcessingInitializeOnLoad (1ms)
			EditorAssembliesLoaded (0ms)
		ExecutionOrderSort2 (0ms)
		AwakeInstancesAfterBackupRestoration (2ms)
Refreshing native plugins compatible for Editor in 1.45 ms, found 2 plugins.
Preloading 1 native plugins for Editor in 1.14 ms.
Unloading 43 Unused Serialized files (Serialized files now loaded: 0)
Unloading 5193 unused Assets / (13.3 MB). Loaded Objects now: 5984.
Memory consumption went from 142.7 MB to 129.4 MB.
Total: 9.202125 ms (FindLiveObjects: 0.217666 ms CreateObjectMapping: 0.086167 ms MarkObjects: 7.285625 ms  DeleteObjects: 1.612250 ms)

Prepare: number of updated asset objects reloaded= 0
========================================================================
Received Import Request.
  Time since last request: 248.279264 seconds.
  path: Assets/Scripts/RLAgent.cs
  artifactKey: Guid(f22ccae075dbc4c41b6428f77d50a8cc) Importer(815301076,1909f56bfc062723c751e8b465ee728b)
Start importing Assets/Scripts/RLAgent.cs using Guid(f22ccae075dbc4c41b6428f77d50a8cc) Importer(815301076,1909f56bfc062723c751e8b465ee728b) (PreviewImporter) -> (artifact id: 'e4a6f6a947acb80378df254af9320202') in 0.0007905 seconds
Number of updated asset objects reloaded before import = 0Number of asset objects unloaded after import = 0

========================================================================
Received Prepare
Begin MonoManager ReloadAssembly
[Licensing::Client] Successfully resolved entitlement details
[Licensing::Module] License group:
  Id: F4-85AS-8ZW6-XMRF-425Z-XXXX
  Product: Unity Personal
  Type: ULF
  Expiration: Unlimited
[Licensing::Module] License group:
  Id: 6872810951280-UnityPersXXXX
  Product: Unity Personal
  Type: Assigned
  Expiration: Unlimited
Thread 0x16ef63000 may have been prematurely finalized
Symbol file LoadedFromMemory is not a mono symbol file
Symbol file LoadedFromMemory is not a mono symbol file
- Loaded All Assemblies, in  0.345 seconds
Refreshing native plugins compatible for Editor in 1.37 ms, found 2 plugins.
Native extension for OSXStandalone target not found
Native extension for WebGL target not found
Refreshing native plugins compatible for Editor in 1.24 ms, found 2 plugins.
[Package Manager] Failed to launch server process. Reason: Unity was launched with the -noUpm command-line argument
[Package Manager] Unable to send message (not connected to server process).
[Package Manager] Cannot connect to Unity Package Manager local server
ScheduleIndexationOnStartup MainProcess:False IndexOnStartup:True
Mono: successfully reloaded assembly
- Finished resetting the current domain, in  0.409 seconds
Domain Reload Profiling: 755ms
	BeginReloadAssembly (79ms)
		ExecutionOrderSort (0ms)
		DisableScriptedObjects (3ms)
		BackupInstance (0ms)
		ReleaseScriptingObjects (0ms)
		CreateAndSetChildDomain (25ms)
	RebuildCommonClasses (16ms)
	RebuildNativeTypeToScriptingClass (6ms)
	initialDomainReloadingComplete (10ms)
	LoadAllAssembliesAndSetupDomain (234ms)
		LoadAssemblies (193ms)
		RebuildTransferFunctionScriptingTraits (0ms)
		AnalyzeDomain (65ms)
			TypeCache.Refresh (5ms)
				TypeCache.ScanAssembly (0ms)
			BuildScriptInfoCaches (56ms)
			ResolveRequiredComponents (1ms)
	FinalizeReload (409ms)
		ReleaseScriptCaches (0ms)
		RebuildScriptCaches (0ms)
		SetupLoadedEditorAssemblies (360ms)
			LogAssemblyErrors (0ms)
			InitializePlatformSupportModulesInManaged (1ms)
			SetLoadedEditorAssemblies (2ms)
			BeforeProcessingInitializeOnLoad (83ms)
			ProcessInitializeOnLoadAttributes (173ms)
			ProcessInitializeOnLoadMethodAttributes (101ms)
			AfterProcessingInitializeOnLoad (0ms)
			EditorAssembliesLoaded (0ms)
		ExecutionOrderSort2 (0ms)
		AwakeInstancesAfterBackupRestoration (1ms)
Refreshing native plugins compatible for Editor in 1.53 ms, found 2 plugins.
Preloading 1 native plugins for Editor in 1.23 ms.
Unloading 43 Unused Serialized files (Serialized files now loaded: 0)
Unloading 5193 unused Assets / (14.0 MB). Loaded Objects now: 5988.
Memory consumption went from 142.7 MB to 128.7 MB.
Total: 8.515666 ms (FindLiveObjects: 0.189375 ms CreateObjectMapping: 0.083291 ms MarkObjects: 7.040042 ms  DeleteObjects: 1.202625 ms)

Prepare: number of updated asset objects reloaded= 0
========================================================================
Received Prepare
Refreshing native plugins compatible for Editor in 1.58 ms, found 2 plugins.
Preloading 1 native plugins for Editor in 1.14 ms.
Unloading 43 Unused Serialized files (Serialized files now loaded: 0)
Unloading 5148 unused Assets / (14.0 MB). Loaded Objects now: 5988.
Memory consumption went from 132.0 MB to 118.0 MB.
Total: 7.537583 ms (FindLiveObjects: 0.194292 ms CreateObjectMapping: 0.083375 ms MarkObjects: 6.108041 ms  DeleteObjects: 1.151708 ms)

Prepare: number of updated asset objects reloaded= 0
========================================================================
Received Prepare
Refreshing native plugins compatible for Editor in 1.57 ms, found 2 plugins.
Preloading 1 native plugins for Editor in 1.12 ms.
Unloading 43 Unused Serialized files (Serialized files now loaded: 0)
Unloading 5148 unused Assets / (14.1 MB). Loaded Objects now: 5988.
Memory consumption went from 132.0 MB to 117.9 MB.
Total: 7.534417 ms (FindLiveObjects: 0.191708 ms CreateObjectMapping: 0.076125 ms MarkObjects: 6.074959 ms  DeleteObjects: 1.191375 ms)

Prepare: number of updated asset objects reloaded= 0
========================================================================
Received Prepare
Begin MonoManager ReloadAssembly
[Licensing::Client] Successfully resolved entitlement details
[Licensing::Module] License group:
  Id: F4-85AS-8ZW6-XMRF-425Z-XXXX
  Product: Unity Personal
  Type: ULF
  Expiration: Unlimited
[Licensing::Module] License group:
  Id: 6872810951280-UnityPersXXXX
  Product: Unity Personal
  Type: Assigned
  Expiration: Unlimited
Thread 0x16f21f000 may have been prematurely finalized
Symbol file LoadedFromMemory is not a mono symbol file
Symbol file LoadedFromMemory is not a mono symbol file
- Loaded All Assemblies, in  0.321 seconds
Refreshing native plugins compatible for Editor in 1.47 ms, found 2 plugins.
Native extension for OSXStandalone target not found
Native extension for WebGL target not found
Refreshing native plugins compatible for Editor in 1.24 ms, found 2 plugins.
[Package Manager] Failed to launch server process. Reason: Unity was launched with the -noUpm command-line argument
[Package Manager] Unable to send message (not connected to server process).
[Package Manager] Cannot connect to Unity Package Manager local server
ScheduleIndexationOnStartup MainProcess:False IndexOnStartup:True
Mono: successfully reloaded assembly
- Finished resetting the current domain, in  0.405 seconds
Domain Reload Profiling: 727ms
	BeginReloadAssembly (73ms)
		ExecutionOrderSort (0ms)
		DisableScriptedObjects (3ms)
		BackupInstance (0ms)
		ReleaseScriptingObjects (0ms)
		CreateAndSetChildDomain (22ms)
	RebuildCommonClasses (15ms)
	RebuildNativeTypeToScriptingClass (6ms)
	initialDomainReloadingComplete (10ms)
	LoadAllAssembliesAndSetupDomain (218ms)
		LoadAssemblies (174ms)
		RebuildTransferFunctionScriptingTraits (0ms)
		AnalyzeDomain (66ms)
			TypeCache.Refresh (6ms)
				TypeCache.ScanAssembly (0ms)
			BuildScriptInfoCaches (58ms)
			ResolveRequiredComponents (1ms)
	FinalizeReload (405ms)
		ReleaseScriptCaches (0ms)
		RebuildScriptCaches (0ms)
		SetupLoadedEditorAssemblies (355ms)
			LogAssemblyErrors (0ms)
			InitializePlatformSupportModulesInManaged (1ms)
			SetLoadedEditorAssemblies (2ms)
			BeforeProcessingInitializeOnLoad (82ms)
			ProcessInitializeOnLoadAttributes (170ms)
			ProcessInitializeOnLoadMethodAttributes (99ms)
			AfterProcessingInitializeOnLoad (1ms)
			EditorAssembliesLoaded (0ms)
		ExecutionOrderSort2 (0ms)
		AwakeInstancesAfterBackupRestoration (1ms)
Refreshing native plugins compatible for Editor in 1.32 ms, found 2 plugins.
Preloading 1 native plugins for Editor in 1.19 ms.
Unloading 43 Unused Serialized files (Serialized files now loaded: 0)
Unloading 5193 unused Assets / (13.9 MB). Loaded Objects now: 5992.
Memory consumption went from 142.6 MB to 128.6 MB.
Total: 7.490583 ms (FindLiveObjects: 0.190125 ms CreateObjectMapping: 0.080292 ms MarkObjects: 6.048958 ms  DeleteObjects: 1.171125 ms)

Prepare: number of updated asset objects reloaded= 0
========================================================================
Received Prepare
Begin MonoManager ReloadAssembly
Thread 0x16f21f000 may have been prematurely finalized
Symbol file LoadedFromMemory is not a mono symbol file
Symbol file LoadedFromMemory is not a mono symbol file
- Loaded All Assemblies, in  0.300 seconds
Refreshing native plugins compatible for Editor in 1.35 ms, found 2 plugins.
Native extension for OSXStandalone target not found
Native extension for WebGL target not found
Refreshing native plugins compatible for Editor in 1.38 ms, found 2 plugins.
[Package Manager] Failed to launch server process. Reason: Unity was launched with the -noUpm command-line argument
[Package Manager] Unable to send message (not connected to server process).
[Package Manager] Cannot connect to Unity Package Manager local server
ScheduleIndexationOnStartup MainProcess:False IndexOnStartup:True
Mono: successfully reloaded assembly
- Finished resetting the current domain, in  0.449 seconds
Domain Reload Profiling: 750ms
	BeginReloadAssembly (72ms)
		ExecutionOrderSort (0ms)
		DisableScriptedObjects (3ms)
		BackupInstance (0ms)
		ReleaseScriptingObjects (0ms)
		CreateAndSetChildDomain (21ms)
	RebuildCommonClasses (16ms)
	RebuildNativeTypeToScriptingClass (6ms)
	initialDomainReloadingComplete (10ms)
	LoadAllAssembliesAndSetupDomain (197ms)
		LoadAssemblies (156ms)
		RebuildTransferFunctionScriptingTraits (0ms)
		AnalyzeDomain (65ms)
			TypeCache.Refresh (6ms)
				TypeCache.ScanAssembly (0ms)
			BuildScriptInfoCaches (57ms)
			ResolveRequiredComponents (1ms)
	FinalizeReload (449ms)
		ReleaseScriptCaches (0ms)
		RebuildScriptCaches (0ms)
		SetupLoadedEditorAssemblies (393ms)
			LogAssemblyErrors (0ms)
			InitializePlatformSupportModulesInManaged (1ms)
			SetLoadedEditorAssemblies (2ms)
			BeforeProcessingInitializeOnLoad (90ms)
			ProcessInitializeOnLoadAttributes (191ms)
			ProcessInitializeOnLoadMethodAttributes (108ms)
			AfterProcessingInitializeOnLoad (0ms)
			EditorAssembliesLoaded (0ms)
		ExecutionOrderSort2 (0ms)
		AwakeInstancesAfterBackupRestoration (1ms)
Refreshing native plugins compatible for Editor in 1.50 ms, found 2 plugins.
Preloading 1 native plugins for Editor in 1.16 ms.
Unloading 43 Unused Serialized files (Serialized files now loaded: 0)
Unloading 5193 unused Assets / (13.0 MB). Loaded Objects now: 5996.
Memory consumption went from 142.6 MB to 129.6 MB.
Total: 8.075833 ms (FindLiveObjects: 0.191083 ms CreateObjectMapping: 0.080833 ms MarkObjects: 6.592875 ms  DeleteObjects: 1.210875 ms)

Prepare: number of updated asset objects reloaded= 0
========================================================================
Received Prepare
Refreshing native plugins compatible for Editor in 1.24 ms, found 2 plugins.
Preloading 1 native plugins for Editor in 1.20 ms.
Unloading 43 Unused Serialized files (Serialized files now loaded: 0)
Unloading 5148 unused Assets / (14.1 MB). Loaded Objects now: 5996.
Memory consumption went from 132.0 MB to 117.9 MB.
Total: 7.909125 ms (FindLiveObjects: 0.184958 ms CreateObjectMapping: 0.074417 ms MarkObjects: 6.554417 ms  DeleteObjects: 1.095042 ms)

Prepare: number of updated asset objects reloaded= 0
========================================================================
Received Prepare
Begin MonoManager ReloadAssembly
[Licensing::Client] Successfully resolved entitlement details
[Licensing::Module] License group:
  Id: F4-85AS-8ZW6-XMRF-425Z-XXXX
  Product: Unity Personal
  Type: ULF
  Expiration: Unlimited
[Licensing::Module] License group:
  Id: 6872810951280-UnityPersXXXX
  Product: Unity Personal
  Type: Assigned
  Expiration: Unlimited
Thread 0x16f21f000 may have been prematurely finalized
Symbol file LoadedFromMemory is not a mono symbol file
Symbol file LoadedFromMemory is not a mono symbol file
- Loaded All Assemblies, in  0.323 seconds
Refreshing native plugins compatible for Editor in 1.30 ms, found 2 plugins.
Native extension for OSXStandalone target not found
Native extension for WebGL target not found
Refreshing native plugins compatible for Editor in 1.43 ms, found 2 plugins.
[Package Manager] Failed to launch server process. Reason: Unity was launched with the -noUpm command-line argument
[Package Manager] Unable to send message (not connected to server process).
[Package Manager] Cannot connect to Unity Package Manager local server
ScheduleIndexationOnStartup MainProcess:False IndexOnStartup:True
Mono: successfully reloaded assembly
- Finished resetting the current domain, in  0.472 seconds
Domain Reload Profiling: 796ms
	BeginReloadAssembly (71ms)
		ExecutionOrderSort (0ms)
		DisableScriptedObjects (3ms)
		BackupInstance (0ms)
		ReleaseScriptingObjects (0ms)
		CreateAndSetChildDomain (22ms)
	RebuildCommonClasses (15ms)
	RebuildNativeTypeToScriptingClass (6ms)
	initialDomainReloadingComplete (9ms)
	LoadAllAssembliesAndSetupDomain (222ms)
		LoadAssemblies (170ms)
		RebuildTransferFunctionScriptingTraits (0ms)
		AnalyzeDomain (72ms)
			TypeCache.Refresh (7ms)
				TypeCache.ScanAssembly (0ms)
			BuildScriptInfoCaches (62ms)
			ResolveRequiredComponents (1ms)
	FinalizeReload (472ms)
		ReleaseScriptCaches (0ms)
		RebuildScriptCaches (0ms)
		SetupLoadedEditorAssemblies (419ms)
			LogAssemblyErrors (0ms)
			InitializePlatformSupportModulesInManaged (1ms)
			SetLoadedEditorAssemblies (2ms)
			BeforeProcessingInitializeOnLoad (96ms)
			ProcessInitializeOnLoadAttributes (215ms)
			ProcessInitializeOnLoadMethodAttributes (105ms)
			AfterProcessingInitializeOnLoad (1ms)
			EditorAssembliesLoaded (0ms)
		ExecutionOrderSort2 (0ms)
		AwakeInstancesAfterBackupRestoration (1ms)
Refreshing native plugins compatible for Editor in 1.18 ms, found 2 plugins.
Preloading 1 native plugins for Editor in 1.21 ms.
Unloading 43 Unused Serialized files (Serialized files now loaded: 0)
Unloading 5193 unused Assets / (13.3 MB). Loaded Objects now: 6000.
Memory consumption went from 142.6 MB to 129.3 MB.
Total: 7.622458 ms (FindLiveObjects: 0.181250 ms CreateObjectMapping: 0.077875 ms MarkObjects: 6.376625 ms  DeleteObjects: 0.986416 ms)

Prepare: number of updated asset objects reloaded= 0
========================================================================
Received Prepare
Refreshing native plugins compatible for Editor in 1.20 ms, found 2 plugins.
Preloading 1 native plugins for Editor in 1.15 ms.
Unloading 43 Unused Serialized files (Serialized files now loaded: 0)
Unloading 5148 unused Assets / (12.7 MB). Loaded Objects now: 6000.
Memory consumption went from 132.0 MB to 119.3 MB.
Total: 8.246750 ms (FindLiveObjects: 0.188500 ms CreateObjectMapping: 0.077250 ms MarkObjects: 6.847000 ms  DeleteObjects: 1.133709 ms)

Prepare: number of updated asset objects reloaded= 0
========================================================================
Received Prepare
Begin MonoManager ReloadAssembly
Thread 0x16f21f000 may have been prematurely finalized
Symbol file LoadedFromMemory is not a mono symbol file
Symbol file LoadedFromMemory is not a mono symbol file
- Loaded All Assemblies, in  0.311 seconds
Refreshing native plugins compatible for Editor in 1.13 ms, found 2 plugins.
Native extension for OSXStandalone target not found
Native extension for WebGL target not found
Refreshing native plugins compatible for Editor in 1.52 ms, found 2 plugins.
[Package Manager] Failed to launch server process. Reason: Unity was launched with the -noUpm command-line argument
[Package Manager] Unable to send message (not connected to server process).
[Package Manager] Cannot connect to Unity Package Manager local server
ScheduleIndexationOnStartup MainProcess:False IndexOnStartup:True
Mono: successfully reloaded assembly
- Finished resetting the current domain, in  0.398 seconds
Domain Reload Profiling: 710ms
	BeginReloadAssembly (74ms)
		ExecutionOrderSort (0ms)
		DisableScriptedObjects (3ms)
		BackupInstance (0ms)
		ReleaseScriptingObjects (0ms)
		CreateAndSetChildDomain (22ms)
	RebuildCommonClasses (16ms)
	RebuildNativeTypeToScriptingClass (6ms)
	initialDomainReloadingComplete (10ms)
	LoadAllAssembliesAndSetupDomain (206ms)
		LoadAssemblies (162ms)
		RebuildTransferFunctionScriptingTraits (0ms)
		AnalyzeDomain (68ms)
			TypeCache.Refresh (7ms)
				TypeCache.ScanAssembly (0ms)
			BuildScriptInfoCaches (58ms)
			ResolveRequiredComponents (1ms)
	FinalizeReload (398ms)
		ReleaseScriptCaches (0ms)
		RebuildScriptCaches (0ms)
		SetupLoadedEditorAssemblies (347ms)
			LogAssemblyErrors (0ms)
			InitializePlatformSupportModulesInManaged (1ms)
			SetLoadedEditorAssemblies (2ms)
			BeforeProcessingInitializeOnLoad (82ms)
			ProcessInitializeOnLoadAttributes (170ms)
			ProcessInitializeOnLoadMethodAttributes (92ms)
			AfterProcessingInitializeOnLoad (1ms)
			EditorAssembliesLoaded (0ms)
		ExecutionOrderSort2 (0ms)
		AwakeInstancesAfterBackupRestoration (1ms)
Refreshing native plugins compatible for Editor in 1.66 ms, found 2 plugins.
Preloading 1 native plugins for Editor in 1.21 ms.
Unloading 43 Unused Serialized files (Serialized files now loaded: 0)
Unloading 5193 unused Assets / (13.9 MB). Loaded Objects now: 6004.
Memory consumption went from 142.6 MB to 128.7 MB.
Total: 7.777917 ms (FindLiveObjects: 0.191375 ms CreateObjectMapping: 0.081583 ms MarkObjects: 6.313209 ms  DeleteObjects: 1.191625 ms)

Prepare: number of updated asset objects reloaded= 0
========================================================================
Received Prepare
Refreshing native plugins compatible for Editor in 1.25 ms, found 2 plugins.
Preloading 1 native plugins for Editor in 1.11 ms.
Unloading 43 Unused Serialized files (Serialized files now loaded: 0)
Unloading 5148 unused Assets / (13.9 MB). Loaded Objects now: 6004.
Memory consumption went from 132.0 MB to 118.1 MB.
Total: 7.420000 ms (FindLiveObjects: 0.183000 ms CreateObjectMapping: 0.068958 ms MarkObjects: 6.020958 ms  DeleteObjects: 1.146625 ms)

Prepare: number of updated asset objects reloaded= 0
========================================================================
Received Prepare
Begin MonoManager ReloadAssembly
Thread 0x16f21f000 may have been prematurely finalized
Symbol file LoadedFromMemory is not a mono symbol file
Symbol file LoadedFromMemory is not a mono symbol file
- Loaded All Assemblies, in  0.304 seconds
Refreshing native plugins compatible for Editor in 1.28 ms, found 2 plugins.
Native extension for OSXStandalone target not found
Native extension for WebGL target not found
Refreshing native plugins compatible for Editor in 1.52 ms, found 2 plugins.
[Package Manager] Failed to launch server process. Reason: Unity was launched with the -noUpm command-line argument
[Package Manager] Unable to send message (not connected to server process).
[Package Manager] Cannot connect to Unity Package Manager local server
ScheduleIndexationOnStartup MainProcess:False IndexOnStartup:True
Mono: successfully reloaded assembly
- Finished resetting the current domain, in  0.403 seconds
Domain Reload Profiling: 709ms
	BeginReloadAssembly (71ms)
		ExecutionOrderSort (0ms)
		DisableScriptedObjects (3ms)
		BackupInstance (0ms)
		ReleaseScriptingObjects (0ms)
		CreateAndSetChildDomain (22ms)
	RebuildCommonClasses (16ms)
	RebuildNativeTypeToScriptingClass (6ms)
	initialDomainReloadingComplete (9ms)
	LoadAllAssembliesAndSetupDomain (203ms)
		LoadAssemblies (158ms)
		RebuildTransferFunctionScriptingTraits (0ms)
		AnalyzeDomain (67ms)
			TypeCache.Refresh (7ms)
				TypeCache.ScanAssembly (0ms)
			BuildScriptInfoCaches (57ms)
			ResolveRequiredComponents (1ms)
	FinalizeReload (403ms)
		ReleaseScriptCaches (0ms)
		RebuildScriptCaches (0ms)
		SetupLoadedEditorAssemblies (354ms)
			LogAssemblyErrors (0ms)
			InitializePlatformSupportModulesInManaged (1ms)
			SetLoadedEditorAssemblies (2ms)
			BeforeProcessingInitializeOnLoad (83ms)
			ProcessInitializeOnLoadAttributes (168ms)
			ProcessInitializeOnLoadMethodAttributes (100ms)
			AfterProcessingInitializeOnLoad (0ms)
			EditorAssembliesLoaded (0ms)
		ExecutionOrderSort2 (0ms)
		AwakeInstancesAfterBackupRestoration (1ms)
Refreshing native plugins compatible for Editor in 1.13 ms, found 2 plugins.
Preloading 1 native plugins for Editor in 1.08 ms.
Unloading 43 Unused Serialized files (Serialized files now loaded: 0)
Unloading 5193 unused Assets / (13.9 MB). Loaded Objects now: 6008.
Memory consumption went from 142.6 MB to 128.7 MB.
Total: 7.880625 ms (FindLiveObjects: 0.197750 ms CreateObjectMapping: 0.082166 ms MarkObjects: 6.384000 ms  DeleteObjects: 1.216417 ms)

Prepare: number of updated asset objects reloaded= 0
========================================================================
Received Prepare
Refreshing native plugins compatible for Editor in 1.23 ms, found 2 plugins.
Preloading 1 native plugins for Editor in 1.10 ms.
Unloading 43 Unused Serialized files (Serialized files now loaded: 0)
Unloading 5148 unused Assets / (13.9 MB). Loaded Objects now: 6008.
Memory consumption went from 132.0 MB to 118.1 MB.
Total: 7.507209 ms (FindLiveObjects: 0.185541 ms CreateObjectMapping: 0.081125 ms MarkObjects: 6.104833 ms  DeleteObjects: 1.135375 ms)

Prepare: number of updated asset objects reloaded= 0
========================================================================
Received Prepare
Refreshing native plugins compatible for Editor in 1.55 ms, found 2 plugins.
Preloading 1 native plugins for Editor in 1.16 ms.
Unloading 43 Unused Serialized files (Serialized files now loaded: 0)
Unloading 5148 unused Assets / (14.2 MB). Loaded Objects now: 6008.
Memory consumption went from 132.0 MB to 117.8 MB.
Total: 7.671792 ms (FindLiveObjects: 0.197334 ms CreateObjectMapping: 0.072000 ms MarkObjects: 6.156208 ms  DeleteObjects: 1.246083 ms)

Prepare: number of updated asset objects reloaded= 0
========================================================================
Received Prepare
Begin MonoManager ReloadAssembly
Thread 0x16f21f000 may have been prematurely finalized
Symbol file LoadedFromMemory is not a mono symbol file
Symbol file LoadedFromMemory is not a mono symbol file
- Loaded All Assemblies, in  0.319 seconds
Refreshing native plugins compatible for Editor in 1.71 ms, found 2 plugins.
Native extension for OSXStandalone target not found
Native extension for WebGL target not found
Refreshing native plugins compatible for Editor in 1.23 ms, found 2 plugins.
[Package Manager] Failed to launch server process. Reason: Unity was launched with the -noUpm command-line argument
[Package Manager] Unable to send message (not connected to server process).
[Package Manager] Cannot connect to Unity Package Manager local server
ScheduleIndexationOnStartup MainProcess:False IndexOnStartup:True
Mono: successfully reloaded assembly
- Finished resetting the current domain, in  0.411 seconds
Domain Reload Profiling: 731ms
	BeginReloadAssembly (74ms)
		ExecutionOrderSort (0ms)
		DisableScriptedObjects (3ms)
		BackupInstance (0ms)
		ReleaseScriptingObjects (0ms)
		CreateAndSetChildDomain (22ms)
	RebuildCommonClasses (16ms)
	RebuildNativeTypeToScriptingClass (6ms)
	initialDomainReloadingComplete (10ms)
	LoadAllAssembliesAndSetupDomain (215ms)
		LoadAssemblies (170ms)
		RebuildTransferFunctionScriptingTraits (0ms)
		AnalyzeDomain (69ms)
			TypeCache.Refresh (7ms)
				TypeCache.ScanAssembly (0ms)
			BuildScriptInfoCaches (59ms)
			ResolveRequiredComponents (1ms)
	FinalizeReload (411ms)
		ReleaseScriptCaches (0ms)
		RebuildScriptCaches (0ms)
		SetupLoadedEditorAssemblies (357ms)
			LogAssemblyErrors (0ms)
			InitializePlatformSupportModulesInManaged (1ms)
			SetLoadedEditorAssemblies (2ms)
			BeforeProcessingInitializeOnLoad (84ms)
			ProcessInitializeOnLoadAttributes (171ms)
			ProcessInitializeOnLoadMethodAttributes (98ms)
			AfterProcessingInitializeOnLoad (0ms)
			EditorAssembliesLoaded (0ms)
		ExecutionOrderSort2 (0ms)
		AwakeInstancesAfterBackupRestoration (1ms)
Refreshing native plugins compatible for Editor in 1.04 ms, found 2 plugins.
Preloading 1 native plugins for Editor in 1.12 ms.
Unloading 43 Unused Serialized files (Serialized files now loaded: 0)
Unloading 5193 unused Assets / (13.9 MB). Loaded Objects now: 6012.
Memory consumption went from 142.6 MB to 128.7 MB.
Total: 7.573416 ms (FindLiveObjects: 0.185750 ms CreateObjectMapping: 0.092083 ms MarkObjects: 6.143166 ms  DeleteObjects: 1.152125 ms)

Prepare: number of updated asset objects reloaded= 0
========================================================================
Received Prepare
Begin MonoManager ReloadAssembly
[Licensing::Client] Successfully resolved entitlement details
[Licensing::Module] License group:
  Id: F4-85AS-8ZW6-XMRF-425Z-XXXX
  Product: Unity Personal
  Type: ULF
  Expiration: Unlimited
[Licensing::Module] License group:
  Id: 6872810951280-UnityPersXXXX
  Product: Unity Personal
  Type: Assigned
  Expiration: Unlimited
Thread 0x16f21f000 may have been prematurely finalized
Symbol file LoadedFromMemory is not a mono symbol file
Symbol file LoadedFromMemory is not a mono symbol file
- Loaded All Assemblies, in  0.342 seconds
Refreshing native plugins compatible for Editor in 2.82 ms, found 2 plugins.
Native extension for OSXStandalone target not found
Native extension for WebGL target not found
Refreshing native plugins compatible for Editor in 1.29 ms, found 2 plugins.
[Package Manager] Failed to launch server process. Reason: Unity was launched with the -noUpm command-line argument
[Package Manager] Unable to send message (not connected to server process).
[Package Manager] Cannot connect to Unity Package Manager local server
ScheduleIndexationOnStartup MainProcess:False IndexOnStartup:True
Mono: successfully reloaded assembly
- Finished resetting the current domain, in  0.459 seconds
Domain Reload Profiling: 803ms
	BeginReloadAssembly (77ms)
		ExecutionOrderSort (0ms)
		DisableScriptedObjects (3ms)
		BackupInstance (0ms)
		ReleaseScriptingObjects (0ms)
		CreateAndSetChildDomain (24ms)
	RebuildCommonClasses (16ms)
	RebuildNativeTypeToScriptingClass (6ms)
	initialDomainReloadingComplete (10ms)
	LoadAllAssembliesAndSetupDomain (234ms)
		LoadAssemblies (193ms)
		RebuildTransferFunctionScriptingTraits (0ms)
		AnalyzeDomain (65ms)
			TypeCache.Refresh (5ms)
				TypeCache.ScanAssembly (0ms)
			BuildScriptInfoCaches (57ms)
			ResolveRequiredComponents (1ms)
	FinalizeReload (459ms)
		ReleaseScriptCaches (0ms)
		RebuildScriptCaches (0ms)
		SetupLoadedEditorAssemblies (407ms)
			LogAssemblyErrors (0ms)
			InitializePlatformSupportModulesInManaged (1ms)
			SetLoadedEditorAssemblies (2ms)
			BeforeProcessingInitializeOnLoad (98ms)
			ProcessInitializeOnLoadAttributes (193ms)
			ProcessInitializeOnLoadMethodAttributes (113ms)
			AfterProcessingInitializeOnLoad (0ms)
			EditorAssembliesLoaded (0ms)
		ExecutionOrderSort2 (0ms)
		AwakeInstancesAfterBackupRestoration (2ms)
Refreshing native plugins compatible for Editor in 1.85 ms, found 2 plugins.
Preloading 1 native plugins for Editor in 1.29 ms.
Unloading 43 Unused Serialized files (Serialized files now loaded: 0)
Unloading 5193 unused Assets / (13.0 MB). Loaded Objects now: 6016.
Memory consumption went from 142.6 MB to 129.6 MB.
Total: 8.947000 ms (FindLiveObjects: 0.208583 ms CreateObjectMapping: 0.086292 ms MarkObjects: 7.350500 ms  DeleteObjects: 1.301500 ms)

Prepare: number of updated asset objects reloaded= 0
========================================================================
Received Prepare
Begin MonoManager ReloadAssembly
[Licensing::Client] Successfully resolved entitlement details
[Licensing::Module] License group:
  Id: F4-85AS-8ZW6-XMRF-425Z-XXXX
  Product: Unity Personal
  Type: ULF
  Expiration: Unlimited
[Licensing::Module] License group:
  Id: 6872810951280-UnityPersXXXX
  Product: Unity Personal
  Type: Assigned
  Expiration: Unlimited
Thread 0x16f21f000 may have been prematurely finalized
Symbol file LoadedFromMemory is not a mono symbol file
Symbol file LoadedFromMemory is not a mono symbol file
- Loaded All Assemblies, in  0.334 seconds
Refreshing native plugins compatible for Editor in 2.27 ms, found 2 plugins.
Native extension for OSXStandalone target not found
Native extension for WebGL target not found
Refreshing native plugins compatible for Editor in 1.22 ms, found 2 plugins.
[Package Manager] Failed to launch server process. Reason: Unity was launched with the -noUpm command-line argument
[Package Manager] Unable to send message (not connected to server process).
[Package Manager] Cannot connect to Unity Package Manager local server
ScheduleIndexationOnStartup MainProcess:False IndexOnStartup:True
Mono: successfully reloaded assembly
- Finished resetting the current domain, in  0.455 seconds
Domain Reload Profiling: 790ms
	BeginReloadAssembly (73ms)
		ExecutionOrderSort (0ms)
		DisableScriptedObjects (3ms)
		BackupInstance (0ms)
		ReleaseScriptingObjects (0ms)
		CreateAndSetChildDomain (22ms)
	RebuildCommonClasses (16ms)
	RebuildNativeTypeToScriptingClass (6ms)
	initialDomainReloadingComplete (10ms)
	LoadAllAssembliesAndSetupDomain (230ms)
		LoadAssemblies (187ms)
		RebuildTransferFunctionScriptingTraits (0ms)
		AnalyzeDomain (65ms)
			TypeCache.Refresh (5ms)
				TypeCache.ScanAssembly (0ms)
			BuildScriptInfoCaches (57ms)
			ResolveRequiredComponents (1ms)
	FinalizeReload (455ms)
		ReleaseScriptCaches (0ms)
		RebuildScriptCaches (0ms)
		SetupLoadedEditorAssemblies (401ms)
			LogAssemblyErrors (0ms)
			InitializePlatformSupportModulesInManaged (1ms)
			SetLoadedEditorAssemblies (2ms)
			BeforeProcessingInitializeOnLoad (96ms)
			ProcessInitializeOnLoadAttributes (191ms)
			ProcessInitializeOnLoadMethodAttributes (110ms)
			AfterProcessingInitializeOnLoad (0ms)
			EditorAssembliesLoaded (0ms)
		ExecutionOrderSort2 (0ms)
		AwakeInstancesAfterBackupRestoration (2ms)
Refreshing native plugins compatible for Editor in 1.83 ms, found 2 plugins.
Preloading 1 native plugins for Editor in 1.24 ms.
Unloading 43 Unused Serialized files (Serialized files now loaded: 0)
Unloading 5193 unused Assets / (12.6 MB). Loaded Objects now: 6020.
Memory consumption went from 142.6 MB to 130.1 MB.
Total: 8.601333 ms (FindLiveObjects: 0.210959 ms CreateObjectMapping: 0.125708 ms MarkObjects: 6.945167 ms  DeleteObjects: 1.319167 ms)

Prepare: number of updated asset objects reloaded= 0
========================================================================
Received Prepare
Refreshing native plugins compatible for Editor in 1.53 ms, found 2 plugins.
Preloading 1 native plugins for Editor in 1.19 ms.
Unloading 43 Unused Serialized files (Serialized files now loaded: 0)
Unloading 5148 unused Assets / (13.9 MB). Loaded Objects now: 6020.
Memory consumption went from 132.0 MB to 118.2 MB.
Total: 7.807667 ms (FindLiveObjects: 0.195667 ms CreateObjectMapping: 0.080083 ms MarkObjects: 6.340333 ms  DeleteObjects: 1.191208 ms)

Prepare: number of updated asset objects reloaded= 0
========================================================================
Received Prepare
Begin MonoManager ReloadAssembly
[Licensing::Client] Successfully resolved entitlement details
[Licensing::Module] License group:
  Id: F4-85AS-8ZW6-XMRF-425Z-XXXX
  Product: Unity Personal
  Type: ULF
  Expiration: Unlimited
[Licensing::Module] License group:
  Id: 6872810951280-UnityPersXXXX
  Product: Unity Personal
  Type: Assigned
  Expiration: Unlimited
Thread 0x16f21f000 may have been prematurely finalized
Symbol file LoadedFromMemory is not a mono symbol file
Symbol file LoadedFromMemory is not a mono symbol file
- Loaded All Assemblies, in  0.334 seconds
Refreshing native plugins compatible for Editor in 1.53 ms, found 2 plugins.
Native extension for OSXStandalone target not found
Native extension for WebGL target not found
Refreshing native plugins compatible for Editor in 1.22 ms, found 2 plugins.
[Package Manager] Failed to launch server process. Reason: Unity was launched with the -noUpm command-line argument
[Package Manager] Unable to send message (not connected to server process).
[Package Manager] Cannot connect to Unity Package Manager local server
ScheduleIndexationOnStartup MainProcess:False IndexOnStartup:True
Mono: successfully reloaded assembly
- Finished resetting the current domain, in  0.408 seconds
Domain Reload Profiling: 744ms
	BeginReloadAssembly (79ms)
		ExecutionOrderSort (0ms)
		DisableScriptedObjects (3ms)
		BackupInstance (0ms)
		ReleaseScriptingObjects (0ms)
		CreateAndSetChildDomain (22ms)
	RebuildCommonClasses (17ms)
	RebuildNativeTypeToScriptingClass (6ms)
	initialDomainReloadingComplete (11ms)
	LoadAllAssembliesAndSetupDomain (223ms)
		LoadAssemblies (183ms)
		RebuildTransferFunctionScriptingTraits (0ms)
		AnalyzeDomain (67ms)
			TypeCache.Refresh (6ms)
				TypeCache.ScanAssembly (0ms)
			BuildScriptInfoCaches (58ms)
			ResolveRequiredComponents (1ms)
	FinalizeReload (409ms)
		ReleaseScriptCaches (0ms)
		RebuildScriptCaches (0ms)
		SetupLoadedEditorAssemblies (360ms)
			LogAssemblyErrors (0ms)
			InitializePlatformSupportModulesInManaged (1ms)
			SetLoadedEditorAssemblies (2ms)
			BeforeProcessingInitializeOnLoad (84ms)
			ProcessInitializeOnLoadAttributes (174ms)
			ProcessInitializeOnLoadMethodAttributes (99ms)
			AfterProcessingInitializeOnLoad (0ms)
			EditorAssembliesLoaded (0ms)
		ExecutionOrderSort2 (0ms)
		AwakeInstancesAfterBackupRestoration (1ms)
Refreshing native plugins compatible for Editor in 1.61 ms, found 2 plugins.
Preloading 1 native plugins for Editor in 1.16 ms.
Unloading 43 Unused Serialized files (Serialized files now loaded: 0)
Unloading 5193 unused Assets / (12.9 MB). Loaded Objects now: 6024.
Memory consumption went from 142.6 MB to 129.8 MB.
Total: 8.109000 ms (FindLiveObjects: 0.200209 ms CreateObjectMapping: 0.075916 ms MarkObjects: 6.473292 ms  DeleteObjects: 1.359416 ms)

Prepare: number of updated asset objects reloaded= 0
========================================================================
Received Prepare
Refreshing native plugins compatible for Editor in 1.49 ms, found 2 plugins.
Preloading 1 native plugins for Editor in 1.15 ms.
Unloading 43 Unused Serialized files (Serialized files now loaded: 0)
Unloading 5148 unused Assets / (14.1 MB). Loaded Objects now: 6024.
Memory consumption went from 132.0 MB to 117.9 MB.
Total: 7.522084 ms (FindLiveObjects: 0.191125 ms CreateObjectMapping: 0.078500 ms MarkObjects: 6.059375 ms  DeleteObjects: 1.192667 ms)

Prepare: number of updated asset objects reloaded= 0
========================================================================
Received Prepare
Refreshing native plugins compatible for Editor in 1.62 ms, found 2 plugins.
Preloading 1 native plugins for Editor in 1.18 ms.
Unloading 43 Unused Serialized files (Serialized files now loaded: 0)
Unloading 5148 unused Assets / (12.8 MB). Loaded Objects now: 6024.
Memory consumption went from 132.0 MB to 119.3 MB.
Total: 7.968834 ms (FindLiveObjects: 0.200667 ms CreateObjectMapping: 0.086042 ms MarkObjects: 6.408584 ms  DeleteObjects: 1.273292 ms)

Prepare: number of updated asset objects reloaded= 0
========================================================================
Received Prepare
Refreshing native plugins compatible for Editor in 1.50 ms, found 2 plugins.
Preloading 1 native plugins for Editor in 1.13 ms.
Unloading 43 Unused Serialized files (Serialized files now loaded: 0)
Unloading 5148 unused Assets / (13.9 MB). Loaded Objects now: 6024.
Memory consumption went from 132.0 MB to 118.2 MB.
Total: 7.465208 ms (FindLiveObjects: 0.205125 ms CreateObjectMapping: 0.079750 ms MarkObjects: 6.044291 ms  DeleteObjects: 1.135500 ms)

Prepare: number of updated asset objects reloaded= 0
========================================================================
Received Prepare
Begin MonoManager ReloadAssembly
Thread 0x16f5cf000 may have been prematurely finalized
Symbol file LoadedFromMemory is not a mono symbol file
Symbol file LoadedFromMemory is not a mono symbol file
- Loaded All Assemblies, in  0.305 seconds
Refreshing native plugins compatible for Editor in 1.62 ms, found 2 plugins.
Native extension for OSXStandalone target not found
Native extension for WebGL target not found
Refreshing native plugins compatible for Editor in 1.26 ms, found 2 plugins.
[Package Manager] Failed to launch server process. Reason: Unity was launched with the -noUpm command-line argument
[Package Manager] Unable to send message (not connected to server process).
[Package Manager] Cannot connect to Unity Package Manager local server
ScheduleIndexationOnStartup MainProcess:False IndexOnStartup:True
Mono: successfully reloaded assembly
- Finished resetting the current domain, in  0.459 seconds
Domain Reload Profiling: 766ms
	BeginReloadAssembly (74ms)
		ExecutionOrderSort (0ms)
		DisableScriptedObjects (3ms)
		BackupInstance (0ms)
		ReleaseScriptingObjects (0ms)
		CreateAndSetChildDomain (21ms)
	RebuildCommonClasses (16ms)
	RebuildNativeTypeToScriptingClass (6ms)
	initialDomainReloadingComplete (10ms)
	LoadAllAssembliesAndSetupDomain (201ms)
		LoadAssemblies (159ms)
		RebuildTransferFunctionScriptingTraits (0ms)
		AnalyzeDomain (67ms)
			TypeCache.Refresh (6ms)
				TypeCache.ScanAssembly (0ms)
			BuildScriptInfoCaches (58ms)
			ResolveRequiredComponents (1ms)
	FinalizeReload (459ms)
		ReleaseScriptCaches (0ms)
		RebuildScriptCaches (0ms)
		SetupLoadedEditorAssemblies (407ms)
			LogAssemblyErrors (0ms)
			InitializePlatformSupportModulesInManaged (1ms)
			SetLoadedEditorAssemblies (2ms)
			BeforeProcessingInitializeOnLoad (104ms)
			ProcessInitializeOnLoadAttributes (199ms)
			ProcessInitializeOnLoadMethodAttributes (101ms)
			AfterProcessingInitializeOnLoad (0ms)
			EditorAssembliesLoaded (0ms)
		ExecutionOrderSort2 (0ms)
		AwakeInstancesAfterBackupRestoration (1ms)
Refreshing native plugins compatible for Editor in 1.07 ms, found 2 plugins.
Preloading 1 native plugins for Editor in 1.14 ms.
Unloading 43 Unused Serialized files (Serialized files now loaded: 0)
Unloading 5193 unused Assets / (11.9 MB). Loaded Objects now: 6028.
Memory consumption went from 142.6 MB to 130.8 MB.
Total: 7.836916 ms (FindLiveObjects: 0.185125 ms CreateObjectMapping: 0.079292 ms MarkObjects: 6.546125 ms  DeleteObjects: 1.026250 ms)

Prepare: number of updated asset objects reloaded= 0
========================================================================
Received Prepare
Refreshing native plugins compatible for Editor in 1.08 ms, found 2 plugins.
Preloading 1 native plugins for Editor in 1.12 ms.
Unloading 43 Unused Serialized files (Serialized files now loaded: 0)
Unloading 5148 unused Assets / (14.2 MB). Loaded Objects now: 6028.
Memory consumption went from 132.1 MB to 117.9 MB.
Total: 8.489209 ms (FindLiveObjects: 0.191250 ms CreateObjectMapping: 0.075167 ms MarkObjects: 7.049708 ms  DeleteObjects: 1.172625 ms)

Prepare: number of updated asset objects reloaded= 0
========================================================================
Received Prepare
Refreshing native plugins compatible for Editor in 1.62 ms, found 2 plugins.
Preloading 1 native plugins for Editor in 1.15 ms.
Unloading 43 Unused Serialized files (Serialized files now loaded: 0)
Unloading 5148 unused Assets / (14.0 MB). Loaded Objects now: 6028.
Memory consumption went from 132.1 MB to 118.0 MB.
Total: 7.424916 ms (FindLiveObjects: 0.194333 ms CreateObjectMapping: 0.084083 ms MarkObjects: 5.977750 ms  DeleteObjects: 1.168375 ms)

Prepare: number of updated asset objects reloaded= 0
========================================================================
Received Prepare
Refreshing native plugins compatible for Editor in 1.54 ms, found 2 plugins.
Preloading 1 native plugins for Editor in 1.14 ms.
Unloading 43 Unused Serialized files (Serialized files now loaded: 0)
Unloading 5148 unused Assets / (13.9 MB). Loaded Objects now: 6028.
Memory consumption went from 132.1 MB to 118.2 MB.
Total: 7.336042 ms (FindLiveObjects: 0.195917 ms CreateObjectMapping: 0.082500 ms MarkObjects: 5.944875 ms  DeleteObjects: 1.112250 ms)

Prepare: number of updated asset objects reloaded= 0
========================================================================
Received Prepare
Refreshing native plugins compatible for Editor in 1.54 ms, found 2 plugins.
Preloading 1 native plugins for Editor in 1.14 ms.
Unloading 43 Unused Serialized files (Serialized files now loaded: 0)
Unloading 5148 unused Assets / (13.9 MB). Loaded Objects now: 6028.
Memory consumption went from 132.1 MB to 118.2 MB.
Total: 7.424000 ms (FindLiveObjects: 0.191417 ms CreateObjectMapping: 0.072583 ms MarkObjects: 6.050875 ms  DeleteObjects: 1.108917 ms)

Prepare: number of updated asset objects reloaded= 0
========================================================================
Received Prepare
Begin MonoManager ReloadAssembly
Thread 0x16f5cf000 may have been prematurely finalized
Symbol file LoadedFromMemory is not a mono symbol file
Symbol file LoadedFromMemory is not a mono symbol file
- Loaded All Assemblies, in  0.300 seconds
Refreshing native plugins compatible for Editor in 1.16 ms, found 2 plugins.
Native extension for OSXStandalone target not found
Native extension for WebGL target not found
Refreshing native plugins compatible for Editor in 1.13 ms, found 2 plugins.
[Package Manager] Failed to launch server process. Reason: Unity was launched with the -noUpm command-line argument
[Package Manager] Unable to send message (not connected to server process).
[Package Manager] Cannot connect to Unity Package Manager local server
ScheduleIndexationOnStartup MainProcess:False IndexOnStartup:True
Mono: successfully reloaded assembly
- Finished resetting the current domain, in  0.402 seconds
Domain Reload Profiling: 703ms
	BeginReloadAssembly (72ms)
		ExecutionOrderSort (0ms)
		DisableScriptedObjects (3ms)
		BackupInstance (0ms)
		ReleaseScriptingObjects (0ms)
		CreateAndSetChildDomain (22ms)
	RebuildCommonClasses (16ms)
	RebuildNativeTypeToScriptingClass (6ms)
	initialDomainReloadingComplete (10ms)
	LoadAllAssembliesAndSetupDomain (196ms)
		LoadAssemblies (153ms)
		RebuildTransferFunctionScriptingTraits (0ms)
		AnalyzeDomain (66ms)
			TypeCache.Refresh (5ms)
				TypeCache.ScanAssembly (0ms)
			BuildScriptInfoCaches (58ms)
			ResolveRequiredComponents (1ms)
	FinalizeReload (403ms)
		ReleaseScriptCaches (0ms)
		RebuildScriptCaches (0ms)
		SetupLoadedEditorAssemblies (354ms)
			LogAssemblyErrors (0ms)
			InitializePlatformSupportModulesInManaged (1ms)
			SetLoadedEditorAssemblies (2ms)
			BeforeProcessingInitializeOnLoad (84ms)
			ProcessInitializeOnLoadAttributes (167ms)
			ProcessInitializeOnLoadMethodAttributes (99ms)
			AfterProcessingInitializeOnLoad (1ms)
			EditorAssembliesLoaded (0ms)
		ExecutionOrderSort2 (0ms)
		AwakeInstancesAfterBackupRestoration (1ms)
Refreshing native plugins compatible for Editor in 1.35 ms, found 2 plugins.
Preloading 1 native plugins for Editor in 1.20 ms.
Unloading 43 Unused Serialized files (Serialized files now loaded: 0)
Unloading 5193 unused Assets / (14.0 MB). Loaded Objects now: 6032.
Memory consumption went from 142.7 MB to 128.7 MB.
Total: 7.553500 ms (FindLiveObjects: 0.185417 ms CreateObjectMapping: 0.070250 ms MarkObjects: 6.157417 ms  DeleteObjects: 1.140291 ms)

Prepare: number of updated asset objects reloaded= 0
========================================================================
Received Prepare
Refreshing native plugins compatible for Editor in 1.29 ms, found 2 plugins.
Preloading 1 native plugins for Editor in 1.14 ms.
Unloading 43 Unused Serialized files (Serialized files now loaded: 0)
Unloading 5148 unused Assets / (13.9 MB). Loaded Objects now: 6032.
Memory consumption went from 132.1 MB to 118.2 MB.
Total: 7.715959 ms (FindLiveObjects: 0.197375 ms CreateObjectMapping: 0.075916 ms MarkObjects: 6.331250 ms  DeleteObjects: 1.111000 ms)

Prepare: number of updated asset objects reloaded= 0
========================================================================
Received Prepare
Refreshing native plugins compatible for Editor in 1.43 ms, found 2 plugins.
Preloading 1 native plugins for Editor in 1.14 ms.
Unloading 43 Unused Serialized files (Serialized files now loaded: 0)
Unloading 5148 unused Assets / (13.9 MB). Loaded Objects now: 6032.
Memory consumption went from 132.1 MB to 118.2 MB.
Total: 7.579500 ms (FindLiveObjects: 0.191375 ms CreateObjectMapping: 0.079875 ms MarkObjects: 6.125042 ms  DeleteObjects: 1.183041 ms)

Prepare: number of updated asset objects reloaded= 0
========================================================================
Received Prepare
Refreshing native plugins compatible for Editor in 1.48 ms, found 2 plugins.
Preloading 1 native plugins for Editor in 1.12 ms.
Unloading 43 Unused Serialized files (Serialized files now loaded: 0)
Unloading 5148 unused Assets / (14.0 MB). Loaded Objects now: 6032.
Memory consumption went from 132.1 MB to 118.0 MB.
Total: 7.630084 ms (FindLiveObjects: 0.194834 ms CreateObjectMapping: 0.071708 ms MarkObjects: 6.145375 ms  DeleteObjects: 1.218042 ms)

Prepare: number of updated asset objects reloaded= 0
========================================================================
Received Prepare
Begin MonoManager ReloadAssembly
[Licensing::Client] Successfully resolved entitlement details
[Licensing::Module] License group:
  Id: F4-85AS-8ZW6-XMRF-425Z-XXXX
  Product: Unity Personal
  Type: ULF
  Expiration: Unlimited
[Licensing::Module] License group:
  Id: 6872810951280-UnityPersXXXX
  Product: Unity Personal
  Type: Assigned
  Expiration: Unlimited
Thread 0x16f5cf000 may have been prematurely finalized
Symbol file LoadedFromMemory is not a mono symbol file
Symbol file LoadedFromMemory is not a mono symbol file
- Loaded All Assemblies, in  0.309 seconds
Refreshing native plugins compatible for Editor in 1.24 ms, found 2 plugins.
Native extension for OSXStandalone target not found
Native extension for WebGL target not found
Refreshing native plugins compatible for Editor in 1.23 ms, found 2 plugins.
[Package Manager] Failed to launch server process. Reason: Unity was launched with the -noUpm command-line argument
[Package Manager] Unable to send message (not connected to server process).
[Package Manager] Cannot connect to Unity Package Manager local server
ScheduleIndexationOnStartup MainProcess:False IndexOnStartup:True
Mono: successfully reloaded assembly
- Finished resetting the current domain, in  0.403 seconds
Domain Reload Profiling: 714ms
	BeginReloadAssembly (73ms)
		ExecutionOrderSort (0ms)
		DisableScriptedObjects (3ms)
		BackupInstance (0ms)
		ReleaseScriptingObjects (0ms)
		CreateAndSetChildDomain (21ms)
	RebuildCommonClasses (15ms)
	RebuildNativeTypeToScriptingClass (6ms)
	initialDomainReloadingComplete (10ms)
	LoadAllAssembliesAndSetupDomain (207ms)
		LoadAssemblies (162ms)
		RebuildTransferFunctionScriptingTraits (0ms)
		AnalyzeDomain (67ms)
			TypeCache.Refresh (5ms)
				TypeCache.ScanAssembly (0ms)
			BuildScriptInfoCaches (59ms)
			ResolveRequiredComponents (1ms)
	FinalizeReload (403ms)
		ReleaseScriptCaches (0ms)
		RebuildScriptCaches (0ms)
		SetupLoadedEditorAssemblies (354ms)
			LogAssemblyErrors (0ms)
			InitializePlatformSupportModulesInManaged (1ms)
			SetLoadedEditorAssemblies (2ms)
			BeforeProcessingInitializeOnLoad (83ms)
			ProcessInitializeOnLoadAttributes (168ms)
			ProcessInitializeOnLoadMethodAttributes (100ms)
			AfterProcessingInitializeOnLoad (1ms)
			EditorAssembliesLoaded (0ms)
		ExecutionOrderSort2 (0ms)
		AwakeInstancesAfterBackupRestoration (1ms)
Refreshing native plugins compatible for Editor in 1.30 ms, found 2 plugins.
Preloading 1 native plugins for Editor in 1.13 ms.
Unloading 43 Unused Serialized files (Serialized files now loaded: 0)
Unloading 5193 unused Assets / (14.0 MB). Loaded Objects now: 6036.
Memory consumption went from 142.7 MB to 128.7 MB.
Total: 7.756667 ms (FindLiveObjects: 0.196334 ms CreateObjectMapping: 0.080375 ms MarkObjects: 6.297958 ms  DeleteObjects: 1.181875 ms)

Prepare: number of updated asset objects reloaded= 0
========================================================================
Received Prepare
Refreshing native plugins compatible for Editor in 1.51 ms, found 2 plugins.
Preloading 1 native plugins for Editor in 1.11 ms.
Unloading 43 Unused Serialized files (Serialized files now loaded: 0)
Unloading 5148 unused Assets / (14.3 MB). Loaded Objects now: 6036.
Memory consumption went from 132.1 MB to 117.8 MB.
Total: 7.647583 ms (FindLiveObjects: 0.193291 ms CreateObjectMapping: 0.076875 ms MarkObjects: 6.138667 ms  DeleteObjects: 1.238375 ms)

Prepare: number of updated asset objects reloaded= 0
========================================================================
Received Prepare
Refreshing native plugins compatible for Editor in 1.53 ms, found 2 plugins.
Preloading 1 native plugins for Editor in 1.15 ms.
Unloading 43 Unused Serialized files (Serialized files now loaded: 0)
Unloading 5148 unused Assets / (14.2 MB). Loaded Objects now: 6036.
Memory consumption went from 132.1 MB to 117.8 MB.
Total: 7.472958 ms (FindLiveObjects: 0.190625 ms CreateObjectMapping: 0.085834 ms MarkObjects: 5.965500 ms  DeleteObjects: 1.230709 ms)

Prepare: number of updated asset objects reloaded= 0
========================================================================
Received Prepare
Refreshing native plugins compatible for Editor in 1.37 ms, found 2 plugins.
Preloading 1 native plugins for Editor in 1.15 ms.
Unloading 43 Unused Serialized files (Serialized files now loaded: 0)
Unloading 5148 unused Assets / (14.0 MB). Loaded Objects now: 6036.
Memory consumption went from 132.1 MB to 118.0 MB.
Total: 7.584417 ms (FindLiveObjects: 0.196708 ms CreateObjectMapping: 0.072209 ms MarkObjects: 6.092791 ms  DeleteObjects: 1.222334 ms)

Prepare: number of updated asset objects reloaded= 0
========================================================================
Received Prepare
Begin MonoManager ReloadAssembly
Thread 0x16f5cf000 may have been prematurely finalized
Symbol file LoadedFromMemory is not a mono symbol file
Symbol file LoadedFromMemory is not a mono symbol file
- Loaded All Assemblies, in  0.305 seconds
Refreshing native plugins compatible for Editor in 1.26 ms, found 2 plugins.
Native extension for OSXStandalone target not found
Native extension for WebGL target not found
Refreshing native plugins compatible for Editor in 1.69 ms, found 2 plugins.
[Package Manager] Failed to launch server process. Reason: Unity was launched with the -noUpm command-line argument
[Package Manager] Unable to send message (not connected to server process).
[Package Manager] Cannot connect to Unity Package Manager local server
ScheduleIndexationOnStartup MainProcess:False IndexOnStartup:True
Mono: successfully reloaded assembly
- Finished resetting the current domain, in  0.416 seconds
Domain Reload Profiling: 723ms
	BeginReloadAssembly (73ms)
		ExecutionOrderSort (0ms)
		DisableScriptedObjects (3ms)
		BackupInstance (0ms)
		ReleaseScriptingObjects (0ms)
		CreateAndSetChildDomain (22ms)
	RebuildCommonClasses (15ms)
	RebuildNativeTypeToScriptingClass (6ms)
	initialDomainReloadingComplete (10ms)
	LoadAllAssembliesAndSetupDomain (202ms)
		LoadAssemblies (156ms)
		RebuildTransferFunctionScriptingTraits (0ms)
		AnalyzeDomain (69ms)
			TypeCache.Refresh (7ms)
				TypeCache.ScanAssembly (0ms)
			BuildScriptInfoCaches (59ms)
			ResolveRequiredComponents (1ms)
	FinalizeReload (417ms)
		ReleaseScriptCaches (0ms)
		RebuildScriptCaches (0ms)
		SetupLoadedEditorAssemblies (367ms)
			LogAssemblyErrors (0ms)
			InitializePlatformSupportModulesInManaged (1ms)
			SetLoadedEditorAssemblies (2ms)
			BeforeProcessingInitializeOnLoad (85ms)
			ProcessInitializeOnLoadAttributes (175ms)
			ProcessInitializeOnLoadMethodAttributes (105ms)
			AfterProcessingInitializeOnLoad (0ms)
			EditorAssembliesLoaded (0ms)
		ExecutionOrderSort2 (0ms)
		AwakeInstancesAfterBackupRestoration (1ms)
Refreshing native plugins compatible for Editor in 1.63 ms, found 2 plugins.
Preloading 1 native plugins for Editor in 1.21 ms.
Unloading 43 Unused Serialized files (Serialized files now loaded: 0)
Unloading 5193 unused Assets / (13.9 MB). Loaded Objects now: 6040.
Memory consumption went from 142.7 MB to 128.7 MB.
Total: 7.754542 ms (FindLiveObjects: 0.203500 ms CreateObjectMapping: 0.080375 ms MarkObjects: 6.334625 ms  DeleteObjects: 1.135833 ms)

Prepare: number of updated asset objects reloaded= 0
========================================================================
Received Prepare
Refreshing native plugins compatible for Editor in 1.57 ms, found 2 plugins.
Preloading 1 native plugins for Editor in 1.18 ms.
Unloading 43 Unused Serialized files (Serialized files now loaded: 0)
Unloading 5148 unused Assets / (12.6 MB). Loaded Objects now: 6040.
Memory consumption went from 132.1 MB to 119.5 MB.
Total: 10.022833 ms (FindLiveObjects: 0.194875 ms CreateObjectMapping: 0.077333 ms MarkObjects: 8.527667 ms  DeleteObjects: 1.222833 ms)

Prepare: number of updated asset objects reloaded= 0
========================================================================
Received Prepare
Begin MonoManager ReloadAssembly
[Licensing::Client] Successfully resolved entitlement details
[Licensing::Module] License group:
  Id: F4-85AS-8ZW6-XMRF-425Z-XXXX
  Product: Unity Personal
  Type: ULF
  Expiration: Unlimited
[Licensing::Module] License group:
  Id: 6872810951280-UnityPersXXXX
  Product: Unity Personal
  Type: Assigned
  Expiration: Unlimited
Thread 0x16f5cf000 may have been prematurely finalized
Symbol file LoadedFromMemory is not a mono symbol file
Symbol file LoadedFromMemory is not a mono symbol file
- Loaded All Assemblies, in  0.351 seconds
Refreshing native plugins compatible for Editor in 1.39 ms, found 2 plugins.
Native extension for OSXStandalone target not found
Native extension for WebGL target not found
Refreshing native plugins compatible for Editor in 1.43 ms, found 2 plugins.
[Package Manager] Failed to launch server process. Reason: Unity was launched with the -noUpm command-line argument
[Package Manager] Unable to send message (not connected to server process).
[Package Manager] Cannot connect to Unity Package Manager local server
ScheduleIndexationOnStartup MainProcess:False IndexOnStartup:True
Mono: successfully reloaded assembly
- Finished resetting the current domain, in  0.405 seconds
Domain Reload Profiling: 757ms
	BeginReloadAssembly (80ms)
		ExecutionOrderSort (0ms)
		DisableScriptedObjects (3ms)
		BackupInstance (0ms)
		ReleaseScriptingObjects (0ms)
		CreateAndSetChildDomain (23ms)
	RebuildCommonClasses (15ms)
	RebuildNativeTypeToScriptingClass (6ms)
	initialDomainReloadingComplete (10ms)
	LoadAllAssembliesAndSetupDomain (240ms)
		LoadAssemblies (199ms)
		RebuildTransferFunctionScriptingTraits (0ms)
		AnalyzeDomain (68ms)
			TypeCache.Refresh (8ms)
				TypeCache.ScanAssembly (0ms)
			BuildScriptInfoCaches (58ms)
			ResolveRequiredComponents (1ms)
	FinalizeReload (405ms)
		ReleaseScriptCaches (0ms)
		RebuildScriptCaches (0ms)
		SetupLoadedEditorAssemblies (356ms)
			LogAssemblyErrors (0ms)
			InitializePlatformSupportModulesInManaged (1ms)
			SetLoadedEditorAssemblies (2ms)
			BeforeProcessingInitializeOnLoad (85ms)
			ProcessInitializeOnLoadAttributes (167ms)
			ProcessInitializeOnLoadMethodAttributes (101ms)
			AfterProcessingInitializeOnLoad (1ms)
			EditorAssembliesLoaded (0ms)
		ExecutionOrderSort2 (0ms)
		AwakeInstancesAfterBackupRestoration (1ms)
Refreshing native plugins compatible for Editor in 1.36 ms, found 2 plugins.
Preloading 1 native plugins for Editor in 1.13 ms.
Unloading 43 Unused Serialized files (Serialized files now loaded: 0)
Unloading 5193 unused Assets / (13.9 MB). Loaded Objects now: 6044.
Memory consumption went from 142.7 MB to 128.8 MB.
Total: 7.594167 ms (FindLiveObjects: 0.190541 ms CreateObjectMapping: 0.069792 ms MarkObjects: 6.155417 ms  DeleteObjects: 1.178208 ms)

Prepare: number of updated asset objects reloaded= 0
========================================================================
Received Prepare
Begin MonoManager ReloadAssembly
Thread 0x16f5cf000 may have been prematurely finalized
Symbol file LoadedFromMemory is not a mono symbol file
Symbol file LoadedFromMemory is not a mono symbol file
- Loaded All Assemblies, in  0.343 seconds
Refreshing native plugins compatible for Editor in 1.18 ms, found 2 plugins.
Native extension for OSXStandalone target not found
Native extension for WebGL target not found
Refreshing native plugins compatible for Editor in 1.24 ms, found 2 plugins.
[Package Manager] Failed to launch server process. Reason: Unity was launched with the -noUpm command-line argument
[Package Manager] Unable to send message (not connected to server process).
[Package Manager] Cannot connect to Unity Package Manager local server
ScheduleIndexationOnStartup MainProcess:False IndexOnStartup:True
Mono: successfully reloaded assembly
- Finished resetting the current domain, in  0.460 seconds
Domain Reload Profiling: 804ms
	BeginReloadAssembly (76ms)
		ExecutionOrderSort (0ms)
		DisableScriptedObjects (3ms)
		BackupInstance (0ms)
		ReleaseScriptingObjects (0ms)
		CreateAndSetChildDomain (23ms)
	RebuildCommonClasses (16ms)
	RebuildNativeTypeToScriptingClass (6ms)
	initialDomainReloadingComplete (10ms)
	LoadAllAssembliesAndSetupDomain (235ms)
		LoadAssemblies (191ms)
		RebuildTransferFunctionScriptingTraits (0ms)
		AnalyzeDomain (68ms)
			TypeCache.Refresh (6ms)
				TypeCache.ScanAssembly (0ms)
			BuildScriptInfoCaches (60ms)
			ResolveRequiredComponents (1ms)
	FinalizeReload (460ms)
		ReleaseScriptCaches (0ms)
		RebuildScriptCaches (0ms)
		SetupLoadedEditorAssemblies (404ms)
			LogAssemblyErrors (0ms)
			InitializePlatformSupportModulesInManaged (1ms)
			SetLoadedEditorAssemblies (2ms)
			BeforeProcessingInitializeOnLoad (95ms)
			ProcessInitializeOnLoadAttributes (193ms)
			ProcessInitializeOnLoadMethodAttributes (112ms)
			AfterProcessingInitializeOnLoad (0ms)
			EditorAssembliesLoaded (0ms)
		ExecutionOrderSort2 (0ms)
		AwakeInstancesAfterBackupRestoration (1ms)
Refreshing native plugins compatible for Editor in 1.56 ms, found 2 plugins.
Preloading 1 native plugins for Editor in 1.19 ms.
Unloading 43 Unused Serialized files (Serialized files now loaded: 0)
Unloading 5193 unused Assets / (12.8 MB). Loaded Objects now: 6048.
Memory consumption went from 142.7 MB to 129.9 MB.
Total: 9.502041 ms (FindLiveObjects: 0.293209 ms CreateObjectMapping: 0.097000 ms MarkObjects: 7.326458 ms  DeleteObjects: 1.784916 ms)

Prepare: number of updated asset objects reloaded= 0
========================================================================
Received Prepare
Refreshing native plugins compatible for Editor in 1.68 ms, found 2 plugins.
Preloading 1 native plugins for Editor in 1.16 ms.
Unloading 43 Unused Serialized files (Serialized files now loaded: 0)
Unloading 5148 unused Assets / (12.6 MB). Loaded Objects now: 6048.
Memory consumption went from 132.1 MB to 119.5 MB.
Total: 8.208416 ms (FindLiveObjects: 0.205583 ms CreateObjectMapping: 0.080417 ms MarkObjects: 6.667500 ms  DeleteObjects: 1.254666 ms)

Prepare: number of updated asset objects reloaded= 0
========================================================================
Received Prepare
Begin MonoManager ReloadAssembly
[Licensing::Client] Successfully resolved entitlement details
[Licensing::Module] License group:
  Id: F4-85AS-8ZW6-XMRF-425Z-XXXX
  Product: Unity Personal
  Type: ULF
  Expiration: Unlimited
[Licensing::Module] License group:
  Id: 6872810951280-UnityPersXXXX
  Product: Unity Personal
  Type: Assigned
  Expiration: Unlimited
Thread 0x16f4b7000 may have been prematurely finalized
Symbol file LoadedFromMemory is not a mono symbol file
Symbol file LoadedFromMemory is not a mono symbol file
- Loaded All Assemblies, in  0.320 seconds
Refreshing native plugins compatible for Editor in 1.29 ms, found 2 plugins.
Native extension for OSXStandalone target not found
Native extension for WebGL target not found
Refreshing native plugins compatible for Editor in 1.63 ms, found 2 plugins.
[Package Manager] Failed to launch server process. Reason: Unity was launched with the -noUpm command-line argument
[Package Manager] Unable to send message (not connected to server process).
[Package Manager] Cannot connect to Unity Package Manager local server
ScheduleIndexationOnStartup MainProcess:False IndexOnStartup:True
Mono: successfully reloaded assembly
- Finished resetting the current domain, in  0.404 seconds
Domain Reload Profiling: 725ms
	BeginReloadAssembly (74ms)
		ExecutionOrderSort (0ms)
		DisableScriptedObjects (3ms)
		BackupInstance (0ms)
		ReleaseScriptingObjects (0ms)
		CreateAndSetChildDomain (21ms)
	RebuildCommonClasses (16ms)
	RebuildNativeTypeToScriptingClass (6ms)
	initialDomainReloadingComplete (10ms)
	LoadAllAssembliesAndSetupDomain (215ms)
		LoadAssemblies (174ms)
		RebuildTransferFunctionScriptingTraits (0ms)
		AnalyzeDomain (65ms)
			TypeCache.Refresh (6ms)
				TypeCache.ScanAssembly (0ms)
			BuildScriptInfoCaches (57ms)
			ResolveRequiredComponents (1ms)
	FinalizeReload (404ms)
		ReleaseScriptCaches (0ms)
		RebuildScriptCaches (0ms)
		SetupLoadedEditorAssemblies (354ms)
			LogAssemblyErrors (0ms)
			InitializePlatformSupportModulesInManaged (1ms)
			SetLoadedEditorAssemblies (2ms)
			BeforeProcessingInitializeOnLoad (84ms)
			ProcessInitializeOnLoadAttributes (167ms)
			ProcessInitializeOnLoadMethodAttributes (99ms)
			AfterProcessingInitializeOnLoad (1ms)
			EditorAssembliesLoaded (0ms)
		ExecutionOrderSort2 (0ms)
		AwakeInstancesAfterBackupRestoration (1ms)
Refreshing native plugins compatible for Editor in 1.59 ms, found 2 plugins.
Preloading 1 native plugins for Editor in 1.17 ms.
Unloading 43 Unused Serialized files (Serialized files now loaded: 0)
Unloading 5193 unused Assets / (13.9 MB). Loaded Objects now: 6052.
Memory consumption went from 142.7 MB to 128.8 MB.
Total: 7.854125 ms (FindLiveObjects: 0.183709 ms CreateObjectMapping: 0.077083 ms MarkObjects: 6.429125 ms  DeleteObjects: 1.164125 ms)

Prepare: number of updated asset objects reloaded= 0
========================================================================
Received Prepare
Begin MonoManager ReloadAssembly
Thread 0x16f4b7000 may have been prematurely finalized
Symbol file LoadedFromMemory is not a mono symbol file
Symbol file LoadedFromMemory is not a mono symbol file
- Loaded All Assemblies, in  0.342 seconds
Refreshing native plugins compatible for Editor in 1.26 ms, found 2 plugins.
Native extension for OSXStandalone target not found
Native extension for WebGL target not found
Refreshing native plugins compatible for Editor in 2.22 ms, found 2 plugins.
[Package Manager] Failed to launch server process. Reason: Unity was launched with the -noUpm command-line argument
[Package Manager] Unable to send message (not connected to server process).
[Package Manager] Cannot connect to Unity Package Manager local server
ScheduleIndexationOnStartup MainProcess:False IndexOnStartup:True
Mono: successfully reloaded assembly
- Finished resetting the current domain, in  0.451 seconds
Domain Reload Profiling: 794ms
	BeginReloadAssembly (71ms)
		ExecutionOrderSort (0ms)
		DisableScriptedObjects (3ms)
		BackupInstance (0ms)
		ReleaseScriptingObjects (0ms)
		CreateAndSetChildDomain (21ms)
	RebuildCommonClasses (15ms)
	RebuildNativeTypeToScriptingClass (6ms)
	initialDomainReloadingComplete (10ms)
	LoadAllAssembliesAndSetupDomain (240ms)
		LoadAssemblies (197ms)
		RebuildTransferFunctionScriptingTraits (0ms)
		AnalyzeDomain (65ms)
			TypeCache.Refresh (5ms)
				TypeCache.ScanAssembly (0ms)
			BuildScriptInfoCaches (57ms)
			ResolveRequiredComponents (1ms)
	FinalizeReload (451ms)
		ReleaseScriptCaches (0ms)
		RebuildScriptCaches (0ms)
		SetupLoadedEditorAssemblies (395ms)
			LogAssemblyErrors (0ms)
			InitializePlatformSupportModulesInManaged (1ms)
			SetLoadedEditorAssemblies (2ms)
			BeforeProcessingInitializeOnLoad (94ms)
			ProcessInitializeOnLoadAttributes (186ms)
			ProcessInitializeOnLoadMethodAttributes (112ms)
			AfterProcessingInitializeOnLoad (0ms)
			EditorAssembliesLoaded (0ms)
		ExecutionOrderSort2 (0ms)
		AwakeInstancesAfterBackupRestoration (1ms)
Refreshing native plugins compatible for Editor in 1.82 ms, found 2 plugins.
Preloading 1 native plugins for Editor in 1.27 ms.
Unloading 43 Unused Serialized files (Serialized files now loaded: 0)
Unloading 5193 unused Assets / (12.4 MB). Loaded Objects now: 6056.
Memory consumption went from 142.7 MB to 130.3 MB.
Total: 8.661167 ms (FindLiveObjects: 0.206209 ms CreateObjectMapping: 0.080125 ms MarkObjects: 7.152958 ms  DeleteObjects: 1.221334 ms)

Prepare: number of updated asset objects reloaded= 0
========================================================================
Received Prepare
Begin MonoManager ReloadAssembly
[Licensing::Client] Successfully resolved entitlement details
[Licensing::Module] License group:
  Id: F4-85AS-8ZW6-XMRF-425Z-XXXX
  Product: Unity Personal
  Type: ULF
  Expiration: Unlimited
[Licensing::Module] License group:
  Id: 6872810951280-UnityPersXXXX
  Product: Unity Personal
  Type: Assigned
  Expiration: Unlimited
Thread 0x16f4b7000 may have been prematurely finalized
Symbol file LoadedFromMemory is not a mono symbol file
Symbol file LoadedFromMemory is not a mono symbol file
- Loaded All Assemblies, in  0.313 seconds
Refreshing native plugins compatible for Editor in 1.47 ms, found 2 plugins.
Native extension for OSXStandalone target not found
Native extension for WebGL target not found
Refreshing native plugins compatible for Editor in 1.39 ms, found 2 plugins.
[Package Manager] Failed to launch server process. Reason: Unity was launched with the -noUpm command-line argument
[Package Manager] Unable to send message (not connected to server process).
[Package Manager] Cannot connect to Unity Package Manager local server
ScheduleIndexationOnStartup MainProcess:False IndexOnStartup:True
Mono: successfully reloaded assembly
- Finished resetting the current domain, in  0.456 seconds
Domain Reload Profiling: 771ms
	BeginReloadAssembly (71ms)
		ExecutionOrderSort (0ms)
		DisableScriptedObjects (3ms)
		BackupInstance (0ms)
		ReleaseScriptingObjects (0ms)
		CreateAndSetChildDomain (22ms)
	RebuildCommonClasses (16ms)
	RebuildNativeTypeToScriptingClass (6ms)
	initialDomainReloadingComplete (10ms)
	LoadAllAssembliesAndSetupDomain (212ms)
		LoadAssemblies (167ms)
		RebuildTransferFunctionScriptingTraits (0ms)
		AnalyzeDomain (65ms)
			TypeCache.Refresh (4ms)
				TypeCache.ScanAssembly (0ms)
			BuildScriptInfoCaches (58ms)
			ResolveRequiredComponents (1ms)
	FinalizeReload (456ms)
		ReleaseScriptCaches (0ms)
		RebuildScriptCaches (0ms)
		SetupLoadedEditorAssemblies (400ms)
			LogAssemblyErrors (0ms)
			InitializePlatformSupportModulesInManaged (1ms)
			SetLoadedEditorAssemblies (2ms)
			BeforeProcessingInitializeOnLoad (97ms)
			ProcessInitializeOnLoadAttributes (190ms)
			ProcessInitializeOnLoadMethodAttributes (110ms)
			AfterProcessingInitializeOnLoad (0ms)
			EditorAssembliesLoaded (0ms)
		ExecutionOrderSort2 (0ms)
		AwakeInstancesAfterBackupRestoration (1ms)
Refreshing native plugins compatible for Editor in 1.95 ms, found 2 plugins.
Preloading 1 native plugins for Editor in 1.25 ms.
Unloading 43 Unused Serialized files (Serialized files now loaded: 0)
Unloading 5193 unused Assets / (13.9 MB). Loaded Objects now: 6060.
Memory consumption went from 142.7 MB to 128.8 MB.
Total: 8.747083 ms (FindLiveObjects: 0.227125 ms CreateObjectMapping: 0.087542 ms MarkObjects: 7.093583 ms  DeleteObjects: 1.338541 ms)

Prepare: number of updated asset objects reloaded= 0
========================================================================
Received Prepare
Refreshing native plugins compatible for Editor in 1.53 ms, found 2 plugins.
Preloading 1 native plugins for Editor in 1.17 ms.
Unloading 43 Unused Serialized files (Serialized files now loaded: 0)
Unloading 5148 unused Assets / (14.0 MB). Loaded Objects now: 6060.
Memory consumption went from 132.1 MB to 118.1 MB.
Total: 18.561375 ms (FindLiveObjects: 0.244667 ms CreateObjectMapping: 0.082292 ms MarkObjects: 16.974541 ms  DeleteObjects: 1.259750 ms)

Prepare: number of updated asset objects reloaded= 0
========================================================================
Received Prepare
Begin MonoManager ReloadAssembly
[Licensing::Client] Successfully resolved entitlement details
[Licensing::Module] License group:
  Id: F4-85AS-8ZW6-XMRF-425Z-XXXX
  Product: Unity Personal
  Type: ULF
  Expiration: Unlimited
[Licensing::Module] License group:
  Id: 6872810951280-UnityPersXXXX
  Product: Unity Personal
  Type: Assigned
  Expiration: Unlimited
Thread 0x16f4b7000 may have been prematurely finalized
Symbol file LoadedFromMemory is not a mono symbol file
Symbol file LoadedFromMemory is not a mono symbol file
- Loaded All Assemblies, in  0.391 seconds
Refreshing native plugins compatible for Editor in 1.51 ms, found 2 plugins.
Native extension for OSXStandalone target not found
Native extension for WebGL target not found
Refreshing native plugins compatible for Editor in 1.17 ms, found 2 plugins.
[Package Manager] Failed to launch server process. Reason: Unity was launched with the -noUpm command-line argument
[Package Manager] Unable to send message (not connected to server process).
[Package Manager] Cannot connect to Unity Package Manager local server
ScheduleIndexationOnStartup MainProcess:False IndexOnStartup:True
Mono: successfully reloaded assembly
- Finished resetting the current domain, in  0.399 seconds
Domain Reload Profiling: 792ms
	BeginReloadAssembly (106ms)
		ExecutionOrderSort (0ms)
		DisableScriptedObjects (3ms)
		BackupInstance (0ms)
		ReleaseScriptingObjects (0ms)
		CreateAndSetChildDomain (31ms)
	RebuildCommonClasses (15ms)
	RebuildNativeTypeToScriptingClass (6ms)
	initialDomainReloadingComplete (15ms)
	LoadAllAssembliesAndSetupDomain (250ms)
		LoadAssemblies (227ms)
		RebuildTransferFunctionScriptingTraits (0ms)
		AnalyzeDomain (67ms)
			TypeCache.Refresh (7ms)
				TypeCache.ScanAssembly (0ms)
			BuildScriptInfoCaches (57ms)
			ResolveRequiredComponents (1ms)
	FinalizeReload (400ms)
		ReleaseScriptCaches (0ms)
		RebuildScriptCaches (0ms)
		SetupLoadedEditorAssemblies (351ms)
			LogAssemblyErrors (0ms)
			InitializePlatformSupportModulesInManaged (1ms)
			SetLoadedEditorAssemblies (2ms)
			BeforeProcessingInitializeOnLoad (85ms)
			ProcessInitializeOnLoadAttributes (165ms)
			ProcessInitializeOnLoadMethodAttributes (98ms)
			AfterProcessingInitializeOnLoad (1ms)
			EditorAssembliesLoaded (0ms)
		ExecutionOrderSort2 (0ms)
		AwakeInstancesAfterBackupRestoration (1ms)
Refreshing native plugins compatible for Editor in 1.45 ms, found 2 plugins.
Preloading 1 native plugins for Editor in 1.11 ms.
Unloading 43 Unused Serialized files (Serialized files now loaded: 0)
Unloading 5193 unused Assets / (14.2 MB). Loaded Objects now: 6064.
Memory consumption went from 142.7 MB to 128.6 MB.
Total: 7.729209 ms (FindLiveObjects: 0.196708 ms CreateObjectMapping: 0.083834 ms MarkObjects: 6.192917 ms  DeleteObjects: 1.255458 ms)

Prepare: number of updated asset objects reloaded= 0
========================================================================
Received Prepare
Refreshing native plugins compatible for Editor in 1.47 ms, found 2 plugins.
Preloading 1 native plugins for Editor in 1.23 ms.
Unloading 43 Unused Serialized files (Serialized files now loaded: 0)
Unloading 5148 unused Assets / (11.9 MB). Loaded Objects now: 6064.
Memory consumption went from 132.1 MB to 120.2 MB.
Total: 8.593750 ms (FindLiveObjects: 0.206292 ms CreateObjectMapping: 0.086083 ms MarkObjects: 7.099500 ms  DeleteObjects: 1.201667 ms)

Prepare: number of updated asset objects reloaded= 0
========================================================================
Received Prepare
Refreshing native plugins compatible for Editor in 1.53 ms, found 2 plugins.
Preloading 1 native plugins for Editor in 1.12 ms.
Unloading 43 Unused Serialized files (Serialized files now loaded: 0)
Unloading 5148 unused Assets / (13.8 MB). Loaded Objects now: 6064.
Memory consumption went from 132.1 MB to 118.4 MB.
Total: 7.455041 ms (FindLiveObjects: 0.192792 ms CreateObjectMapping: 0.078167 ms MarkObjects: 6.061875 ms  DeleteObjects: 1.121875 ms)

Prepare: number of updated asset objects reloaded= 0
========================================================================
Received Prepare
Refreshing native plugins compatible for Editor in 1.54 ms, found 2 plugins.
Preloading 1 native plugins for Editor in 1.09 ms.
Unloading 43 Unused Serialized files (Serialized files now loaded: 0)
Unloading 5148 unused Assets / (14.2 MB). Loaded Objects now: 6064.
Memory consumption went from 132.1 MB to 117.9 MB.
Total: 7.537041 ms (FindLiveObjects: 0.192083 ms CreateObjectMapping: 0.078208 ms MarkObjects: 6.016417 ms  DeleteObjects: 1.250167 ms)

Prepare: number of updated asset objects reloaded= 0
========================================================================
Received Prepare
Begin MonoManager ReloadAssembly
[Licensing::Client] Successfully resolved entitlement details
[Licensing::Module] License group:
  Id: F4-85AS-8ZW6-XMRF-425Z-XXXX
  Product: Unity Personal
  Type: ULF
  Expiration: Unlimited
[Licensing::Module] License group:
  Id: 6872810951280-UnityPersXXXX
  Product: Unity Personal
  Type: Assigned
  Expiration: Unlimited
Thread 0x16f823000 may have been prematurely finalized
Symbol file LoadedFromMemory is not a mono symbol file
Symbol file LoadedFromMemory is not a mono symbol file
- Loaded All Assemblies, in  0.339 seconds
Refreshing native plugins compatible for Editor in 1.48 ms, found 2 plugins.
Native extension for OSXStandalone target not found
Native extension for WebGL target not found
Refreshing native plugins compatible for Editor in 1.30 ms, found 2 plugins.
[Package Manager] Failed to launch server process. Reason: Unity was launched with the -noUpm command-line argument
[Package Manager] Unable to send message (not connected to server process).
[Package Manager] Cannot connect to Unity Package Manager local server
ScheduleIndexationOnStartup MainProcess:False IndexOnStartup:True
Mono: successfully reloaded assembly
- Finished resetting the current domain, in  0.395 seconds
Domain Reload Profiling: 736ms
	BeginReloadAssembly (71ms)
		ExecutionOrderSort (0ms)
		DisableScriptedObjects (3ms)
		BackupInstance (0ms)
		ReleaseScriptingObjects (0ms)
		CreateAndSetChildDomain (20ms)
	RebuildCommonClasses (15ms)
	RebuildNativeTypeToScriptingClass (6ms)
	initialDomainReloadingComplete (10ms)
	LoadAllAssembliesAndSetupDomain (239ms)
		LoadAssemblies (197ms)
		RebuildTransferFunctionScriptingTraits (0ms)
		AnalyzeDomain (64ms)
			TypeCache.Refresh (7ms)
				TypeCache.ScanAssembly (0ms)
			BuildScriptInfoCaches (54ms)
			ResolveRequiredComponents (1ms)
	FinalizeReload (396ms)
		ReleaseScriptCaches (0ms)
		RebuildScriptCaches (0ms)
		SetupLoadedEditorAssemblies (348ms)
			LogAssemblyErrors (0ms)
			InitializePlatformSupportModulesInManaged (1ms)
			SetLoadedEditorAssemblies (2ms)
			BeforeProcessingInitializeOnLoad (85ms)
			ProcessInitializeOnLoadAttributes (164ms)
			ProcessInitializeOnLoadMethodAttributes (97ms)
			AfterProcessingInitializeOnLoad (0ms)
			EditorAssembliesLoaded (0ms)
		ExecutionOrderSort2 (0ms)
		AwakeInstancesAfterBackupRestoration (1ms)
Refreshing native plugins compatible for Editor in 1.08 ms, found 2 plugins.
Preloading 1 native plugins for Editor in 1.09 ms.
Unloading 43 Unused Serialized files (Serialized files now loaded: 0)
Unloading 5193 unused Assets / (14.0 MB). Loaded Objects now: 6068.
Memory consumption went from 142.7 MB to 128.7 MB.
Total: 7.626875 ms (FindLiveObjects: 0.199834 ms CreateObjectMapping: 0.082041 ms MarkObjects: 6.103708 ms  DeleteObjects: 1.241042 ms)

Prepare: number of updated asset objects reloaded= 0
========================================================================
Received Prepare
Begin MonoManager ReloadAssembly
Thread 0x16f823000 may have been prematurely finalized
Symbol file LoadedFromMemory is not a mono symbol file
Symbol file LoadedFromMemory is not a mono symbol file
- Loaded All Assemblies, in  0.320 seconds
Refreshing native plugins compatible for Editor in 1.11 ms, found 2 plugins.
Native extension for OSXStandalone target not found
Native extension for WebGL target not found
Refreshing native plugins compatible for Editor in 1.29 ms, found 2 plugins.
[Package Manager] Failed to launch server process. Reason: Unity was launched with the -noUpm command-line argument
[Package Manager] Unable to send message (not connected to server process).
[Package Manager] Cannot connect to Unity Package Manager local server
ScheduleIndexationOnStartup MainProcess:False IndexOnStartup:True
Mono: successfully reloaded assembly
- Finished resetting the current domain, in  0.449 seconds
Domain Reload Profiling: 771ms
	BeginReloadAssembly (72ms)
		ExecutionOrderSort (0ms)
		DisableScriptedObjects (3ms)
		BackupInstance (0ms)
		ReleaseScriptingObjects (0ms)
		CreateAndSetChildDomain (22ms)
	RebuildCommonClasses (15ms)
	RebuildNativeTypeToScriptingClass (6ms)
	initialDomainReloadingComplete (10ms)
	LoadAllAssembliesAndSetupDomain (218ms)
		LoadAssemblies (176ms)
		RebuildTransferFunctionScriptingTraits (0ms)
		AnalyzeDomain (64ms)
			TypeCache.Refresh (4ms)
				TypeCache.ScanAssembly (0ms)
			BuildScriptInfoCaches (57ms)
			ResolveRequiredComponents (1ms)
	FinalizeReload (449ms)
		ReleaseScriptCaches (0ms)
		RebuildScriptCaches (0ms)
		SetupLoadedEditorAssemblies (390ms)
			LogAssemblyErrors (0ms)
			InitializePlatformSupportModulesInManaged (1ms)
			SetLoadedEditorAssemblies (2ms)
			BeforeProcessingInitializeOnLoad (95ms)
			ProcessInitializeOnLoadAttributes (184ms)
			ProcessInitializeOnLoadMethodAttributes (108ms)
			AfterProcessingInitializeOnLoad (1ms)
			EditorAssembliesLoaded (0ms)
		ExecutionOrderSort2 (0ms)
		AwakeInstancesAfterBackupRestoration (1ms)
Refreshing native plugins compatible for Editor in 1.64 ms, found 2 plugins.
Preloading 1 native plugins for Editor in 1.19 ms.
Unloading 43 Unused Serialized files (Serialized files now loaded: 0)
Unloading 5193 unused Assets / (12.6 MB). Loaded Objects now: 6072.
Memory consumption went from 142.7 MB to 130.1 MB.
Total: 8.766208 ms (FindLiveObjects: 0.208459 ms CreateObjectMapping: 0.098708 ms MarkObjects: 6.939625 ms  DeleteObjects: 1.519125 ms)

Prepare: number of updated asset objects reloaded= 0
========================================================================
Received Prepare
Refreshing native plugins compatible for Editor in 1.46 ms, found 2 plugins.
Preloading 1 native plugins for Editor in 1.22 ms.
Unloading 43 Unused Serialized files (Serialized files now loaded: 0)
Unloading 5148 unused Assets / (14.1 MB). Loaded Objects now: 6072.
Memory consumption went from 132.2 MB to 118.1 MB.
Total: 7.907875 ms (FindLiveObjects: 0.190250 ms CreateObjectMapping: 0.084417 ms MarkObjects: 6.476083 ms  DeleteObjects: 1.156750 ms)

Prepare: number of updated asset objects reloaded= 0
========================================================================
Received Prepare
Begin MonoManager ReloadAssembly
[Licensing::Client] Successfully resolved entitlement details
[Licensing::Module] License group:
  Id: F4-85AS-8ZW6-XMRF-425Z-XXXX
  Product: Unity Personal
  Type: ULF
  Expiration: Unlimited
[Licensing::Module] License group:
  Id: 6872810951280-UnityPersXXXX
  Product: Unity Personal
  Type: Assigned
  Expiration: Unlimited
Thread 0x16f4b7000 may have been prematurely finalized
Symbol file LoadedFromMemory is not a mono symbol file
Symbol file LoadedFromMemory is not a mono symbol file
- Loaded All Assemblies, in  0.366 seconds
Refreshing native plugins compatible for Editor in 1.52 ms, found 2 plugins.
Native extension for OSXStandalone target not found
Native extension for WebGL target not found
Refreshing native plugins compatible for Editor in 1.07 ms, found 2 plugins.
[Package Manager] Failed to launch server process. Reason: Unity was launched with the -noUpm command-line argument
[Package Manager] Unable to send message (not connected to server process).
[Package Manager] Cannot connect to Unity Package Manager local server
ScheduleIndexationOnStartup MainProcess:False IndexOnStartup:True
Mono: successfully reloaded assembly
- Finished resetting the current domain, in  0.416 seconds
Domain Reload Profiling: 783ms
	BeginReloadAssembly (79ms)
		ExecutionOrderSort (0ms)
		DisableScriptedObjects (3ms)
		BackupInstance (0ms)
		ReleaseScriptingObjects (0ms)
		CreateAndSetChildDomain (24ms)
	RebuildCommonClasses (15ms)
	RebuildNativeTypeToScriptingClass (6ms)
	initialDomainReloadingComplete (11ms)
	LoadAllAssembliesAndSetupDomain (255ms)
		LoadAssemblies (203ms)
		RebuildTransferFunctionScriptingTraits (0ms)
		AnalyzeDomain (75ms)
			TypeCache.Refresh (9ms)
				TypeCache.ScanAssembly (0ms)
			BuildScriptInfoCaches (62ms)
			ResolveRequiredComponents (1ms)
	FinalizeReload (416ms)
		ReleaseScriptCaches (0ms)
		RebuildScriptCaches (0ms)
		SetupLoadedEditorAssemblies (365ms)
			LogAssemblyErrors (0ms)
			InitializePlatformSupportModulesInManaged (1ms)
			SetLoadedEditorAssemblies (2ms)
			BeforeProcessingInitializeOnLoad (86ms)
			ProcessInitializeOnLoadAttributes (177ms)
			ProcessInitializeOnLoadMethodAttributes (99ms)
			AfterProcessingInitializeOnLoad (0ms)
			EditorAssembliesLoaded (0ms)
		ExecutionOrderSort2 (0ms)
		AwakeInstancesAfterBackupRestoration (1ms)
Refreshing native plugins compatible for Editor in 1.40 ms, found 2 plugins.
Preloading 1 native plugins for Editor in 1.26 ms.
Unloading 43 Unused Serialized files (Serialized files now loaded: 0)
Unloading 5193 unused Assets / (12.2 MB). Loaded Objects now: 6076.
Memory consumption went from 142.8 MB to 130.5 MB.
Total: 8.229625 ms (FindLiveObjects: 0.195208 ms CreateObjectMapping: 0.075417 ms MarkObjects: 6.692333 ms  DeleteObjects: 1.266209 ms)

Prepare: number of updated asset objects reloaded= 0
========================================================================
Received Prepare
Refreshing native plugins compatible for Editor in 1.63 ms, found 2 plugins.
Preloading 1 native plugins for Editor in 1.18 ms.
Unloading 43 Unused Serialized files (Serialized files now loaded: 0)
Unloading 5148 unused Assets / (14.1 MB). Loaded Objects now: 6076.
Memory consumption went from 132.2 MB to 118.0 MB.
Total: 8.028084 ms (FindLiveObjects: 0.201375 ms CreateObjectMapping: 0.077625 ms MarkObjects: 6.465750 ms  DeleteObjects: 1.283250 ms)

Prepare: number of updated asset objects reloaded= 0
========================================================================
Received Prepare
Refreshing native plugins compatible for Editor in 1.58 ms, found 2 plugins.
Preloading 1 native plugins for Editor in 1.17 ms.
Unloading 43 Unused Serialized files (Serialized files now loaded: 0)
Unloading 5148 unused Assets / (14.3 MB). Loaded Objects now: 6076.
Memory consumption went from 132.2 MB to 117.8 MB.
Total: 7.591541 ms (FindLiveObjects: 0.196500 ms CreateObjectMapping: 0.080250 ms MarkObjects: 6.033417 ms  DeleteObjects: 1.281084 ms)

Prepare: number of updated asset objects reloaded= 0
========================================================================
Received Prepare
Refreshing native plugins compatible for Editor in 1.53 ms, found 2 plugins.
Preloading 1 native plugins for Editor in 1.16 ms.
Unloading 43 Unused Serialized files (Serialized files now loaded: 0)
Unloading 5148 unused Assets / (14.3 MB). Loaded Objects now: 6076.
Memory consumption went from 132.2 MB to 117.8 MB.
Total: 7.662625 ms (FindLiveObjects: 0.203042 ms CreateObjectMapping: 0.082708 ms MarkObjects: 6.121291 ms  DeleteObjects: 1.255333 ms)

Prepare: number of updated asset objects reloaded= 0
========================================================================
Received Prepare
Begin MonoManager ReloadAssembly
Thread 0x16f823000 may have been prematurely finalized
Symbol file LoadedFromMemory is not a mono symbol file
Symbol file LoadedFromMemory is not a mono symbol file
- Loaded All Assemblies, in  0.300 seconds
Refreshing native plugins compatible for Editor in 1.24 ms, found 2 plugins.
Native extension for OSXStandalone target not found
Native extension for WebGL target not found
Refreshing native plugins compatible for Editor in 1.04 ms, found 2 plugins.
[Package Manager] Failed to launch server process. Reason: Unity was launched with the -noUpm command-line argument
[Package Manager] Unable to send message (not connected to server process).
[Package Manager] Cannot connect to Unity Package Manager local server
ScheduleIndexationOnStartup MainProcess:False IndexOnStartup:True
Mono: successfully reloaded assembly
- Finished resetting the current domain, in  0.407 seconds
Domain Reload Profiling: 709ms
	BeginReloadAssembly (73ms)
		ExecutionOrderSort (0ms)
		DisableScriptedObjects (3ms)
		BackupInstance (0ms)
		ReleaseScriptingObjects (0ms)
		CreateAndSetChildDomain (22ms)
	RebuildCommonClasses (15ms)
	RebuildNativeTypeToScriptingClass (6ms)
	initialDomainReloadingComplete (10ms)
	LoadAllAssembliesAndSetupDomain (198ms)
		LoadAssemblies (151ms)
		RebuildTransferFunctionScriptingTraits (0ms)
		AnalyzeDomain (69ms)
			TypeCache.Refresh (7ms)
				TypeCache.ScanAssembly (0ms)
			BuildScriptInfoCaches (59ms)
			ResolveRequiredComponents (1ms)
	FinalizeReload (407ms)
		ReleaseScriptCaches (0ms)
		RebuildScriptCaches (0ms)
		SetupLoadedEditorAssemblies (354ms)
			LogAssemblyErrors (0ms)
			InitializePlatformSupportModulesInManaged (1ms)
			SetLoadedEditorAssemblies (2ms)
			BeforeProcessingInitializeOnLoad (84ms)
			ProcessInitializeOnLoadAttributes (173ms)
			ProcessInitializeOnLoadMethodAttributes (93ms)
			AfterProcessingInitializeOnLoad (1ms)
			EditorAssembliesLoaded (0ms)
		ExecutionOrderSort2 (0ms)
		AwakeInstancesAfterBackupRestoration (1ms)
Refreshing native plugins compatible for Editor in 1.55 ms, found 2 plugins.
Preloading 1 native plugins for Editor in 1.18 ms.
Unloading 43 Unused Serialized files (Serialized files now loaded: 0)
Unloading 5193 unused Assets / (14.1 MB). Loaded Objects now: 6080.
Memory consumption went from 142.8 MB to 128.6 MB.
Total: 7.966083 ms (FindLiveObjects: 0.201042 ms CreateObjectMapping: 0.081833 ms MarkObjects: 6.438334 ms  DeleteObjects: 1.244666 ms)

Prepare: number of updated asset objects reloaded= 0
========================================================================
Received Prepare
Refreshing native plugins compatible for Editor in 1.60 ms, found 2 plugins.
Preloading 1 native plugins for Editor in 1.13 ms.
Unloading 43 Unused Serialized files (Serialized files now loaded: 0)
Unloading 5148 unused Assets / (13.2 MB). Loaded Objects now: 6080.
Memory consumption went from 132.2 MB to 119.0 MB.
Total: 7.844666 ms (FindLiveObjects: 0.197916 ms CreateObjectMapping: 0.080875 ms MarkObjects: 6.340917 ms  DeleteObjects: 1.224792 ms)

Prepare: number of updated asset objects reloaded= 0
========================================================================
Received Prepare
Refreshing native plugins compatible for Editor in 1.54 ms, found 2 plugins.
Preloading 1 native plugins for Editor in 1.15 ms.
Unloading 43 Unused Serialized files (Serialized files now loaded: 0)
Unloading 5148 unused Assets / (14.1 MB). Loaded Objects now: 6080.
Memory consumption went from 132.2 MB to 118.0 MB.
Total: 8.398750 ms (FindLiveObjects: 0.208291 ms CreateObjectMapping: 0.069458 ms MarkObjects: 6.927584 ms  DeleteObjects: 1.193125 ms)

Prepare: number of updated asset objects reloaded= 0
========================================================================
Received Prepare
Refreshing native plugins compatible for Editor in 1.60 ms, found 2 plugins.
Preloading 1 native plugins for Editor in 1.14 ms.
Unloading 43 Unused Serialized files (Serialized files now loaded: 0)
Unloading 5148 unused Assets / (14.1 MB). Loaded Objects now: 6080.
Memory consumption went from 132.2 MB to 118.0 MB.
Total: 7.533083 ms (FindLiveObjects: 0.200792 ms CreateObjectMapping: 0.074917 ms MarkObjects: 6.014667 ms  DeleteObjects: 1.242542 ms)

Prepare: number of updated asset objects reloaded= 0
========================================================================
Received Prepare
Refreshing native plugins compatible for Editor in 1.52 ms, found 2 plugins.
Preloading 1 native plugins for Editor in 1.13 ms.
Unloading 43 Unused Serialized files (Serialized files now loaded: 0)
Unloading 5148 unused Assets / (14.0 MB). Loaded Objects now: 6080.
Memory consumption went from 132.2 MB to 118.2 MB.
Total: 7.382958 ms (FindLiveObjects: 0.192500 ms CreateObjectMapping: 0.076625 ms MarkObjects: 5.934542 ms  DeleteObjects: 1.179000 ms)

Prepare: number of updated asset objects reloaded= 0
========================================================================
Received Prepare
Refreshing native plugins compatible for Editor in 1.54 ms, found 2 plugins.
Preloading 1 native plugins for Editor in 1.15 ms.
Unloading 43 Unused Serialized files (Serialized files now loaded: 0)
Unloading 5148 unused Assets / (14.2 MB). Loaded Objects now: 6080.
Memory consumption went from 132.2 MB to 118.0 MB.
Total: 7.499500 ms (FindLiveObjects: 0.193083 ms CreateObjectMapping: 0.086166 ms MarkObjects: 6.016334 ms  DeleteObjects: 1.203625 ms)

Prepare: number of updated asset objects reloaded= 0
========================================================================
Received Prepare
Refreshing native plugins compatible for Editor in 1.42 ms, found 2 plugins.
Preloading 1 native plugins for Editor in 1.13 ms.
Unloading 43 Unused Serialized files (Serialized files now loaded: 0)
Unloading 5148 unused Assets / (14.1 MB). Loaded Objects now: 6080.
Memory consumption went from 132.2 MB to 118.0 MB.
Total: 7.541250 ms (FindLiveObjects: 0.193416 ms CreateObjectMapping: 0.069125 ms MarkObjects: 6.065792 ms  DeleteObjects: 1.212584 ms)

Prepare: number of updated asset objects reloaded= 0
========================================================================
Received Prepare
Refreshing native plugins compatible for Editor in 1.53 ms, found 2 plugins.
Preloading 1 native plugins for Editor in 1.18 ms.
Unloading 43 Unused Serialized files (Serialized files now loaded: 0)
Unloading 5148 unused Assets / (14.0 MB). Loaded Objects now: 6080.
Memory consumption went from 132.2 MB to 118.1 MB.
Total: 7.529791 ms (FindLiveObjects: 0.191209 ms CreateObjectMapping: 0.070708 ms MarkObjects: 6.088000 ms  DeleteObjects: 1.179709 ms)

Prepare: number of updated asset objects reloaded= 0
========================================================================
Received Prepare
Refreshing native plugins compatible for Editor in 1.54 ms, found 2 plugins.
Preloading 1 native plugins for Editor in 1.14 ms.
Unloading 43 Unused Serialized files (Serialized files now loaded: 0)
Unloading 5148 unused Assets / (13.4 MB). Loaded Objects now: 6080.
Memory consumption went from 132.2 MB to 118.8 MB.
Total: 7.587625 ms (FindLiveObjects: 0.232166 ms CreateObjectMapping: 0.086625 ms MarkObjects: 6.069917 ms  DeleteObjects: 1.198792 ms)

Prepare: number of updated asset objects reloaded= 0
========================================================================
Received Prepare
Begin MonoManager ReloadAssembly
[Licensing::Client] Successfully resolved entitlement details
[Licensing::Module] License group:
  Id: F4-85AS-8ZW6-XMRF-425Z-XXXX
  Product: Unity Personal
  Type: ULF
  Expiration: Unlimited
[Licensing::Module] License group:
  Id: 6872810951280-UnityPersXXXX
  Product: Unity Personal
  Type: Assigned
  Expiration: Unlimited
Thread 0x16f823000 may have been prematurely finalized
Symbol file LoadedFromMemory is not a mono symbol file
Symbol file LoadedFromMemory is not a mono symbol file
- Loaded All Assemblies, in  0.335 seconds
Refreshing native plugins compatible for Editor in 1.32 ms, found 2 plugins.
Native extension for OSXStandalone target not found
Native extension for WebGL target not found
Refreshing native plugins compatible for Editor in 1.16 ms, found 2 plugins.
[Package Manager] Failed to launch server process. Reason: Unity was launched with the -noUpm command-line argument
[Package Manager] Unable to send message (not connected to server process).
[Package Manager] Cannot connect to Unity Package Manager local server
ScheduleIndexationOnStartup MainProcess:False IndexOnStartup:True
Mono: successfully reloaded assembly
- Finished resetting the current domain, in  0.402 seconds
Domain Reload Profiling: 738ms
	BeginReloadAssembly (73ms)
		ExecutionOrderSort (0ms)
		DisableScriptedObjects (3ms)
		BackupInstance (0ms)
		ReleaseScriptingObjects (0ms)
		CreateAndSetChildDomain (23ms)
	RebuildCommonClasses (16ms)
	RebuildNativeTypeToScriptingClass (6ms)
	initialDomainReloadingComplete (11ms)
	LoadAllAssembliesAndSetupDomain (230ms)
		LoadAssemblies (184ms)
		RebuildTransferFunctionScriptingTraits (0ms)
		AnalyzeDomain (68ms)
			TypeCache.Refresh (7ms)
				TypeCache.ScanAssembly (0ms)
			BuildScriptInfoCaches (58ms)
			ResolveRequiredComponents (1ms)
	FinalizeReload (402ms)
		ReleaseScriptCaches (0ms)
		RebuildScriptCaches (0ms)
		SetupLoadedEditorAssemblies (353ms)
			LogAssemblyErrors (0ms)
			InitializePlatformSupportModulesInManaged (1ms)
			SetLoadedEditorAssemblies (2ms)
			BeforeProcessingInitializeOnLoad (89ms)
			ProcessInitializeOnLoadAttributes (167ms)
			ProcessInitializeOnLoadMethodAttributes (94ms)
			AfterProcessingInitializeOnLoad (0ms)
			EditorAssembliesLoaded (0ms)
		ExecutionOrderSort2 (0ms)
		AwakeInstancesAfterBackupRestoration (1ms)
Refreshing native plugins compatible for Editor in 1.57 ms, found 2 plugins.
Preloading 1 native plugins for Editor in 1.16 ms.
Unloading 43 Unused Serialized files (Serialized files now loaded: 0)
Unloading 5193 unused Assets / (13.4 MB). Loaded Objects now: 6084.
Memory consumption went from 142.8 MB to 129.4 MB.
Total: 7.741125 ms (FindLiveObjects: 0.190000 ms CreateObjectMapping: 0.073625 ms MarkObjects: 6.331417 ms  DeleteObjects: 1.145750 ms)

Prepare: number of updated asset objects reloaded= 0
========================================================================
Received Prepare
Refreshing native plugins compatible for Editor in 1.56 ms, found 2 plugins.
Preloading 1 native plugins for Editor in 1.13 ms.
Unloading 43 Unused Serialized files (Serialized files now loaded: 0)
Unloading 5148 unused Assets / (14.1 MB). Loaded Objects now: 6084.
Memory consumption went from 132.2 MB to 118.1 MB.
Total: 7.974375 ms (FindLiveObjects: 0.192292 ms CreateObjectMapping: 0.075875 ms MarkObjects: 6.532875 ms  DeleteObjects: 1.173000 ms)

Prepare: number of updated asset objects reloaded= 0
========================================================================
Received Prepare
Begin MonoManager ReloadAssembly
Thread 0x16f4b7000 may have been prematurely finalized
Symbol file LoadedFromMemory is not a mono symbol file
Symbol file LoadedFromMemory is not a mono symbol file
- Loaded All Assemblies, in  0.313 seconds
Refreshing native plugins compatible for Editor in 1.50 ms, found 2 plugins.
Native extension for OSXStandalone target not found
Native extension for WebGL target not found
Refreshing native plugins compatible for Editor in 1.18 ms, found 2 plugins.
[Package Manager] Failed to launch server process. Reason: Unity was launched with the -noUpm command-line argument
[Package Manager] Unable to send message (not connected to server process).
[Package Manager] Cannot connect to Unity Package Manager local server
ScheduleIndexationOnStartup MainProcess:False IndexOnStartup:True
Mono: successfully reloaded assembly
- Finished resetting the current domain, in  0.415 seconds
Domain Reload Profiling: 729ms
	BeginReloadAssembly (78ms)
		ExecutionOrderSort (0ms)
		DisableScriptedObjects (3ms)
		BackupInstance (0ms)
		ReleaseScriptingObjects (0ms)
		CreateAndSetChildDomain (23ms)
	RebuildCommonClasses (15ms)
	RebuildNativeTypeToScriptingClass (6ms)
	initialDomainReloadingComplete (11ms)
	LoadAllAssembliesAndSetupDomain (204ms)
		LoadAssemblies (163ms)
		RebuildTransferFunctionScriptingTraits (0ms)
		AnalyzeDomain (68ms)
			TypeCache.Refresh (7ms)
				TypeCache.ScanAssembly (0ms)
			BuildScriptInfoCaches (58ms)
			ResolveRequiredComponents (1ms)
	FinalizeReload (415ms)
		ReleaseScriptCaches (0ms)
		RebuildScriptCaches (0ms)
		SetupLoadedEditorAssemblies (363ms)
			LogAssemblyErrors (0ms)
			InitializePlatformSupportModulesInManaged (1ms)
			SetLoadedEditorAssemblies (2ms)
			BeforeProcessingInitializeOnLoad (85ms)
			ProcessInitializeOnLoadAttributes (177ms)
			ProcessInitializeOnLoadMethodAttributes (98ms)
			AfterProcessingInitializeOnLoad (1ms)
			EditorAssembliesLoaded (0ms)
		ExecutionOrderSort2 (0ms)
		AwakeInstancesAfterBackupRestoration (1ms)
Refreshing native plugins compatible for Editor in 1.24 ms, found 2 plugins.
Preloading 1 native plugins for Editor in 1.18 ms.
Unloading 43 Unused Serialized files (Serialized files now loaded: 0)
Unloading 5193 unused Assets / (14.0 MB). Loaded Objects now: 6088.
Memory consumption went from 142.8 MB to 128.8 MB.
Total: 7.999875 ms (FindLiveObjects: 0.183209 ms CreateObjectMapping: 0.085916 ms MarkObjects: 6.468584 ms  DeleteObjects: 1.262000 ms)

Prepare: number of updated asset objects reloaded= 0
========================================================================
Received Prepare
Refreshing native plugins compatible for Editor in 1.59 ms, found 2 plugins.
Preloading 1 native plugins for Editor in 1.19 ms.
Unloading 43 Unused Serialized files (Serialized files now loaded: 0)
Unloading 5148 unused Assets / (13.7 MB). Loaded Objects now: 6088.
Memory consumption went from 132.2 MB to 118.5 MB.
Total: 7.742167 ms (FindLiveObjects: 0.200750 ms CreateObjectMapping: 0.084042 ms MarkObjects: 6.288333 ms  DeleteObjects: 1.168750 ms)

Prepare: number of updated asset objects reloaded= 0
========================================================================
Received Prepare
Begin MonoManager ReloadAssembly
Thread 0x16f823000 may have been prematurely finalized
Symbol file LoadedFromMemory is not a mono symbol file
Symbol file LoadedFromMemory is not a mono symbol file
- Loaded All Assemblies, in  0.306 seconds
Refreshing native plugins compatible for Editor in 1.14 ms, found 2 plugins.
Native extension for OSXStandalone target not found
Native extension for WebGL target not found
Refreshing native plugins compatible for Editor in 1.53 ms, found 2 plugins.
[Package Manager] Failed to launch server process. Reason: Unity was launched with the -noUpm command-line argument
[Package Manager] Unable to send message (not connected to server process).
[Package Manager] Cannot connect to Unity Package Manager local server
ScheduleIndexationOnStartup MainProcess:False IndexOnStartup:True
Mono: successfully reloaded assembly
- Finished resetting the current domain, in  0.418 seconds
Domain Reload Profiling: 725ms
	BeginReloadAssembly (72ms)
		ExecutionOrderSort (0ms)
		DisableScriptedObjects (2ms)
		BackupInstance (0ms)
		ReleaseScriptingObjects (0ms)
		CreateAndSetChildDomain (22ms)
	RebuildCommonClasses (16ms)
	RebuildNativeTypeToScriptingClass (6ms)
	initialDomainReloadingComplete (10ms)
	LoadAllAssembliesAndSetupDomain (203ms)
		LoadAssemblies (158ms)
		RebuildTransferFunctionScriptingTraits (0ms)
		AnalyzeDomain (67ms)
			TypeCache.Refresh (6ms)
				TypeCache.ScanAssembly (0ms)
			BuildScriptInfoCaches (58ms)
			ResolveRequiredComponents (1ms)
	FinalizeReload (418ms)
		ReleaseScriptCaches (0ms)
		RebuildScriptCaches (0ms)
		SetupLoadedEditorAssemblies (366ms)
			LogAssemblyErrors (0ms)
			InitializePlatformSupportModulesInManaged (1ms)
			SetLoadedEditorAssemblies (2ms)
			BeforeProcessingInitializeOnLoad (85ms)
			ProcessInitializeOnLoadAttributes (178ms)
			ProcessInitializeOnLoadMethodAttributes (100ms)
			AfterProcessingInitializeOnLoad (1ms)
			EditorAssembliesLoaded (0ms)
		ExecutionOrderSort2 (0ms)
		AwakeInstancesAfterBackupRestoration (1ms)
Refreshing native plugins compatible for Editor in 1.44 ms, found 2 plugins.
Preloading 1 native plugins for Editor in 1.17 ms.
Unloading 43 Unused Serialized files (Serialized files now loaded: 0)
Unloading 5193 unused Assets / (14.0 MB). Loaded Objects now: 6092.
Memory consumption went from 142.8 MB to 128.8 MB.
Total: 7.570291 ms (FindLiveObjects: 0.202542 ms CreateObjectMapping: 0.085792 ms MarkObjects: 6.053333 ms  DeleteObjects: 1.228209 ms)

Prepare: number of updated asset objects reloaded= 0
========================================================================
Received Prepare
Refreshing native plugins compatible for Editor in 1.54 ms, found 2 plugins.
Preloading 1 native plugins for Editor in 1.15 ms.
Unloading 43 Unused Serialized files (Serialized files now loaded: 0)
Unloading 5148 unused Assets / (14.2 MB). Loaded Objects now: 6092.
Memory consumption went from 132.2 MB to 118.0 MB.
Total: 7.578209 ms (FindLiveObjects: 0.194542 ms CreateObjectMapping: 0.075958 ms MarkObjects: 6.080083 ms  DeleteObjects: 1.227292 ms)

Prepare: number of updated asset objects reloaded= 0
========================================================================
Received Prepare
Begin MonoManager ReloadAssembly
Thread 0x16f823000 may have been prematurely finalized
Symbol file LoadedFromMemory is not a mono symbol file
Symbol file LoadedFromMemory is not a mono symbol file
- Loaded All Assemblies, in  0.305 seconds
Refreshing native plugins compatible for Editor in 1.46 ms, found 2 plugins.
Native extension for OSXStandalone target not found
Native extension for WebGL target not found
Refreshing native plugins compatible for Editor in 1.33 ms, found 2 plugins.
[Package Manager] Failed to launch server process. Reason: Unity was launched with the -noUpm command-line argument
[Package Manager] Unable to send message (not connected to server process).
[Package Manager] Cannot connect to Unity Package Manager local server
ScheduleIndexationOnStartup MainProcess:False IndexOnStartup:True
Mono: successfully reloaded assembly
- Finished resetting the current domain, in  0.414 seconds
Domain Reload Profiling: 721ms
	BeginReloadAssembly (73ms)
		ExecutionOrderSort (0ms)
		DisableScriptedObjects (3ms)
		BackupInstance (0ms)
		ReleaseScriptingObjects (0ms)
		CreateAndSetChildDomain (21ms)
	RebuildCommonClasses (16ms)
	RebuildNativeTypeToScriptingClass (6ms)
	initialDomainReloadingComplete (10ms)
	LoadAllAssembliesAndSetupDomain (201ms)
		LoadAssemblies (156ms)
		RebuildTransferFunctionScriptingTraits (0ms)
		AnalyzeDomain (68ms)
			TypeCache.Refresh (6ms)
				TypeCache.ScanAssembly (0ms)
			BuildScriptInfoCaches (59ms)
			ResolveRequiredComponents (1ms)
	FinalizeReload (414ms)
		ReleaseScriptCaches (0ms)
		RebuildScriptCaches (0ms)
		SetupLoadedEditorAssemblies (362ms)
			LogAssemblyErrors (0ms)
			InitializePlatformSupportModulesInManaged (1ms)
			SetLoadedEditorAssemblies (2ms)
			BeforeProcessingInitializeOnLoad (85ms)
			ProcessInitializeOnLoadAttributes (174ms)
			ProcessInitializeOnLoadMethodAttributes (100ms)
			AfterProcessingInitializeOnLoad (0ms)
			EditorAssembliesLoaded (0ms)
		ExecutionOrderSort2 (0ms)
		AwakeInstancesAfterBackupRestoration (1ms)
Refreshing native plugins compatible for Editor in 1.17 ms, found 2 plugins.
Preloading 1 native plugins for Editor in 1.11 ms.
Unloading 43 Unused Serialized files (Serialized files now loaded: 0)
Unloading 5193 unused Assets / (14.2 MB). Loaded Objects now: 6096.
Memory consumption went from 142.8 MB to 128.6 MB.
Total: 7.808666 ms (FindLiveObjects: 0.207000 ms CreateObjectMapping: 0.078541 ms MarkObjects: 6.278042 ms  DeleteObjects: 1.244958 ms)

Prepare: number of updated asset objects reloaded= 0
========================================================================
Received Prepare
Refreshing native plugins compatible for Editor in 1.20 ms, found 2 plugins.
Preloading 1 native plugins for Editor in 1.15 ms.
Unloading 43 Unused Serialized files (Serialized files now loaded: 0)
Unloading 5148 unused Assets / (13.9 MB). Loaded Objects now: 6096.
Memory consumption went from 132.2 MB to 118.3 MB.
Total: 7.566042 ms (FindLiveObjects: 0.199000 ms CreateObjectMapping: 0.085875 ms MarkObjects: 6.128916 ms  DeleteObjects: 1.152167 ms)

Prepare: number of updated asset objects reloaded= 0
========================================================================
Received Prepare
Refreshing native plugins compatible for Editor in 1.60 ms, found 2 plugins.
Preloading 1 native plugins for Editor in 1.19 ms.
Unloading 43 Unused Serialized files (Serialized files now loaded: 0)
Unloading 5148 unused Assets / (14.2 MB). Loaded Objects now: 6096.
Memory consumption went from 132.2 MB to 118.0 MB.
Total: 7.471167 ms (FindLiveObjects: 0.194458 ms CreateObjectMapping: 0.076917 ms MarkObjects: 5.980500 ms  DeleteObjects: 1.218833 ms)

Prepare: number of updated asset objects reloaded= 0
========================================================================
Received Prepare
Begin MonoManager ReloadAssembly
Thread 0x16f4b7000 may have been prematurely finalized
Symbol file LoadedFromMemory is not a mono symbol file
Symbol file LoadedFromMemory is not a mono symbol file
- Loaded All Assemblies, in  0.311 seconds
Refreshing native plugins compatible for Editor in 1.38 ms, found 2 plugins.
Native extension for OSXStandalone target not found
Native extension for WebGL target not found
Refreshing native plugins compatible for Editor in 1.32 ms, found 2 plugins.
[Package Manager] Failed to launch server process. Reason: Unity was launched with the -noUpm command-line argument
[Package Manager] Unable to send message (not connected to server process).
[Package Manager] Cannot connect to Unity Package Manager local server
ScheduleIndexationOnStartup MainProcess:False IndexOnStartup:True
Mono: successfully reloaded assembly
- Finished resetting the current domain, in  0.403 seconds
Domain Reload Profiling: 716ms
	BeginReloadAssembly (71ms)
		ExecutionOrderSort (0ms)
		DisableScriptedObjects (3ms)
		BackupInstance (0ms)
		ReleaseScriptingObjects (0ms)
		CreateAndSetChildDomain (22ms)
	RebuildCommonClasses (15ms)
	RebuildNativeTypeToScriptingClass (6ms)
	initialDomainReloadingComplete (11ms)
	LoadAllAssembliesAndSetupDomain (209ms)
		LoadAssemblies (160ms)
		RebuildTransferFunctionScriptingTraits (0ms)
		AnalyzeDomain (70ms)
			TypeCache.Refresh (7ms)
				TypeCache.ScanAssembly (0ms)
			BuildScriptInfoCaches (60ms)
			ResolveRequiredComponents (1ms)
	FinalizeReload (403ms)
		ReleaseScriptCaches (0ms)
		RebuildScriptCaches (0ms)
		SetupLoadedEditorAssemblies (353ms)
			LogAssemblyErrors (0ms)
			InitializePlatformSupportModulesInManaged (1ms)
			SetLoadedEditorAssemblies (2ms)
			BeforeProcessingInitializeOnLoad (86ms)
			ProcessInitializeOnLoadAttributes (169ms)
			ProcessInitializeOnLoadMethodAttributes (95ms)
			AfterProcessingInitializeOnLoad (1ms)
			EditorAssembliesLoaded (0ms)
		ExecutionOrderSort2 (0ms)
		AwakeInstancesAfterBackupRestoration (1ms)
Refreshing native plugins compatible for Editor in 1.23 ms, found 2 plugins.
Preloading 1 native plugins for Editor in 1.17 ms.
Unloading 43 Unused Serialized files (Serialized files now loaded: 0)
Unloading 5193 unused Assets / (14.1 MB). Loaded Objects now: 6100.
Memory consumption went from 142.8 MB to 128.7 MB.
Total: 7.583458 ms (FindLiveObjects: 0.177292 ms CreateObjectMapping: 0.072000 ms MarkObjects: 6.227375 ms  DeleteObjects: 1.106583 ms)

Prepare: number of updated asset objects reloaded= 0
========================================================================
Received Prepare
Refreshing native plugins compatible for Editor in 1.56 ms, found 2 plugins.
Preloading 1 native plugins for Editor in 1.19 ms.
Unloading 43 Unused Serialized files (Serialized files now loaded: 0)
Unloading 5148 unused Assets / (14.1 MB). Loaded Objects now: 6100.
Memory consumption went from 132.2 MB to 118.1 MB.
Total: 7.395542 ms (FindLiveObjects: 0.192500 ms CreateObjectMapping: 0.075708 ms MarkObjects: 5.944542 ms  DeleteObjects: 1.182417 ms)

Prepare: number of updated asset objects reloaded= 0
========================================================================
Received Prepare
Refreshing native plugins compatible for Editor in 1.51 ms, found 2 plugins.
Preloading 1 native plugins for Editor in 1.20 ms.
Unloading 43 Unused Serialized files (Serialized files now loaded: 0)
Unloading 5148 unused Assets / (14.1 MB). Loaded Objects now: 6100.
Memory consumption went from 132.2 MB to 118.1 MB.
Total: 7.705208 ms (FindLiveObjects: 0.201875 ms CreateObjectMapping: 0.082625 ms MarkObjects: 6.179792 ms  DeleteObjects: 1.240792 ms)

Prepare: number of updated asset objects reloaded= 0
========================================================================
Received Prepare
Refreshing native plugins compatible for Editor in 1.43 ms, found 2 plugins.
Preloading 1 native plugins for Editor in 1.15 ms.
Unloading 43 Unused Serialized files (Serialized files now loaded: 0)
Unloading 5148 unused Assets / (13.8 MB). Loaded Objects now: 6100.
Memory consumption went from 132.2 MB to 118.4 MB.
Total: 7.892209 ms (FindLiveObjects: 0.199292 ms CreateObjectMapping: 0.088875 ms MarkObjects: 6.385541 ms  DeleteObjects: 1.218375 ms)

Prepare: number of updated asset objects reloaded= 0
========================================================================
Received Prepare
Begin MonoManager ReloadAssembly
Thread 0x16f823000 may have been prematurely finalized
Symbol file LoadedFromMemory is not a mono symbol file
Symbol file LoadedFromMemory is not a mono symbol file
- Loaded All Assemblies, in  0.304 seconds
Refreshing native plugins compatible for Editor in 1.27 ms, found 2 plugins.
Native extension for OSXStandalone target not found
Native extension for WebGL target not found
Refreshing native plugins compatible for Editor in 1.18 ms, found 2 plugins.
[Package Manager] Failed to launch server process. Reason: Unity was launched with the -noUpm command-line argument
[Package Manager] Unable to send message (not connected to server process).
[Package Manager] Cannot connect to Unity Package Manager local server
ScheduleIndexationOnStartup MainProcess:False IndexOnStartup:True
Mono: successfully reloaded assembly
- Finished resetting the current domain, in  0.412 seconds
Domain Reload Profiling: 717ms
	BeginReloadAssembly (71ms)
		ExecutionOrderSort (0ms)
		DisableScriptedObjects (3ms)
		BackupInstance (0ms)
		ReleaseScriptingObjects (0ms)
		CreateAndSetChildDomain (22ms)
	RebuildCommonClasses (16ms)
	RebuildNativeTypeToScriptingClass (6ms)
	initialDomainReloadingComplete (10ms)
	LoadAllAssembliesAndSetupDomain (202ms)
		LoadAssemblies (154ms)
		RebuildTransferFunctionScriptingTraits (0ms)
		AnalyzeDomain (69ms)
			TypeCache.Refresh (5ms)
				TypeCache.ScanAssembly (0ms)
			BuildScriptInfoCaches (61ms)
			ResolveRequiredComponents (1ms)
	FinalizeReload (412ms)
		ReleaseScriptCaches (0ms)
		RebuildScriptCaches (0ms)
		SetupLoadedEditorAssemblies (359ms)
			LogAssemblyErrors (0ms)
			InitializePlatformSupportModulesInManaged (1ms)
			SetLoadedEditorAssemblies (2ms)
			BeforeProcessingInitializeOnLoad (87ms)
			ProcessInitializeOnLoadAttributes (172ms)
			ProcessInitializeOnLoadMethodAttributes (97ms)
			AfterProcessingInitializeOnLoad (1ms)
			EditorAssembliesLoaded (0ms)
		ExecutionOrderSort2 (0ms)
		AwakeInstancesAfterBackupRestoration (1ms)
Refreshing native plugins compatible for Editor in 1.19 ms, found 2 plugins.
Preloading 1 native plugins for Editor in 1.19 ms.
Unloading 43 Unused Serialized files (Serialized files now loaded: 0)
Unloading 5193 unused Assets / (14.0 MB). Loaded Objects now: 6104.
Memory consumption went from 142.8 MB to 128.8 MB.
Total: 7.650958 ms (FindLiveObjects: 0.185250 ms CreateObjectMapping: 0.081625 ms MarkObjects: 6.267250 ms  DeleteObjects: 1.116500 ms)

Prepare: number of updated asset objects reloaded= 0
========================================================================
Received Prepare
Begin MonoManager ReloadAssembly
Thread 0x16f823000 may have been prematurely finalized
Symbol file LoadedFromMemory is not a mono symbol file
Symbol file LoadedFromMemory is not a mono symbol file
- Loaded All Assemblies, in  0.301 seconds
Refreshing native plugins compatible for Editor in 1.37 ms, found 2 plugins.
Native extension for OSXStandalone target not found
Native extension for WebGL target not found
Refreshing native plugins compatible for Editor in 1.11 ms, found 2 plugins.
[Package Manager] Failed to launch server process. Reason: Unity was launched with the -noUpm command-line argument
[Package Manager] Unable to send message (not connected to server process).
[Package Manager] Cannot connect to Unity Package Manager local server
ScheduleIndexationOnStartup MainProcess:False IndexOnStartup:True
Mono: successfully reloaded assembly
- Finished resetting the current domain, in  0.455 seconds
Domain Reload Profiling: 757ms
	BeginReloadAssembly (73ms)
		ExecutionOrderSort (0ms)
		DisableScriptedObjects (3ms)
		BackupInstance (0ms)
		ReleaseScriptingObjects (0ms)
		CreateAndSetChildDomain (22ms)
	RebuildCommonClasses (15ms)
	RebuildNativeTypeToScriptingClass (6ms)
	initialDomainReloadingComplete (11ms)
	LoadAllAssembliesAndSetupDomain (197ms)
		LoadAssemblies (153ms)
		RebuildTransferFunctionScriptingTraits (0ms)
		AnalyzeDomain (66ms)
			TypeCache.Refresh (5ms)
				TypeCache.ScanAssembly (0ms)
			BuildScriptInfoCaches (58ms)
			ResolveRequiredComponents (1ms)
	FinalizeReload (455ms)
		ReleaseScriptCaches (0ms)
		RebuildScriptCaches (0ms)
		SetupLoadedEditorAssemblies (402ms)
			LogAssemblyErrors (0ms)
			InitializePlatformSupportModulesInManaged (1ms)
			SetLoadedEditorAssemblies (2ms)
			BeforeProcessingInitializeOnLoad (97ms)
			ProcessInitializeOnLoadAttributes (189ms)
			ProcessInitializeOnLoadMethodAttributes (112ms)
			AfterProcessingInitializeOnLoad (1ms)
			EditorAssembliesLoaded (0ms)
		ExecutionOrderSort2 (0ms)
		AwakeInstancesAfterBackupRestoration (2ms)
Refreshing native plugins compatible for Editor in 1.78 ms, found 2 plugins.
Preloading 1 native plugins for Editor in 1.21 ms.
Unloading 43 Unused Serialized files (Serialized files now loaded: 0)
Unloading 5193 unused Assets / (11.6 MB). Loaded Objects now: 6108.
Memory consumption went from 142.8 MB to 131.3 MB.
Total: 9.906167 ms (FindLiveObjects: 0.295167 ms CreateObjectMapping: 0.114750 ms MarkObjects: 7.898583 ms  DeleteObjects: 1.597417 ms)

Prepare: number of updated asset objects reloaded= 0
========================================================================
Received Prepare
Refreshing native plugins compatible for Editor in 1.53 ms, found 2 plugins.
Preloading 1 native plugins for Editor in 1.21 ms.
Unloading 43 Unused Serialized files (Serialized files now loaded: 0)
Unloading 5148 unused Assets / (14.0 MB). Loaded Objects now: 6108.
Memory consumption went from 132.2 MB to 118.2 MB.
Total: 7.656666 ms (FindLiveObjects: 0.195666 ms CreateObjectMapping: 0.086500 ms MarkObjects: 6.234584 ms  DeleteObjects: 1.139833 ms)

Prepare: number of updated asset objects reloaded= 0
========================================================================
Received Prepare
Begin MonoManager ReloadAssembly
[Licensing::Client] Successfully resolved entitlement details
[Licensing::Module] License group:
  Id: F4-85AS-8ZW6-XMRF-425Z-XXXX
  Product: Unity Personal
  Type: ULF
  Expiration: Unlimited
[Licensing::Module] License group:
  Id: 6872810951280-UnityPersXXXX
  Product: Unity Personal
  Type: Assigned
  Expiration: Unlimited
Thread 0x16f4b7000 may have been prematurely finalized
Symbol file LoadedFromMemory is not a mono symbol file
Symbol file LoadedFromMemory is not a mono symbol file
- Loaded All Assemblies, in  0.350 seconds
Refreshing native plugins compatible for Editor in 1.37 ms, found 2 plugins.
Native extension for OSXStandalone target not found
Native extension for WebGL target not found
Refreshing native plugins compatible for Editor in 1.12 ms, found 2 plugins.
[Package Manager] Failed to launch server process. Reason: Unity was launched with the -noUpm command-line argument
[Package Manager] Unable to send message (not connected to server process).
[Package Manager] Cannot connect to Unity Package Manager local server
ScheduleIndexationOnStartup MainProcess:False IndexOnStartup:True
Mono: successfully reloaded assembly
- Finished resetting the current domain, in  0.424 seconds
Domain Reload Profiling: 775ms
	BeginReloadAssembly (74ms)
		ExecutionOrderSort (0ms)
		DisableScriptedObjects (3ms)
		BackupInstance (0ms)
		ReleaseScriptingObjects (0ms)
		CreateAndSetChildDomain (24ms)
	RebuildCommonClasses (16ms)
	RebuildNativeTypeToScriptingClass (6ms)
	initialDomainReloadingComplete (11ms)
	LoadAllAssembliesAndSetupDomain (245ms)
		LoadAssemblies (196ms)
		RebuildTransferFunctionScriptingTraits (0ms)
		AnalyzeDomain (71ms)
			TypeCache.Refresh (7ms)
				TypeCache.ScanAssembly (0ms)
			BuildScriptInfoCaches (60ms)
			ResolveRequiredComponents (1ms)
	FinalizeReload (424ms)
		ReleaseScriptCaches (0ms)
		RebuildScriptCaches (0ms)
		SetupLoadedEditorAssemblies (372ms)
			LogAssemblyErrors (0ms)
			InitializePlatformSupportModulesInManaged (1ms)
			SetLoadedEditorAssemblies (2ms)
			BeforeProcessingInitializeOnLoad (91ms)
			ProcessInitializeOnLoadAttributes (176ms)
			ProcessInitializeOnLoadMethodAttributes (102ms)
			AfterProcessingInitializeOnLoad (0ms)
			EditorAssembliesLoaded (0ms)
		ExecutionOrderSort2 (0ms)
		AwakeInstancesAfterBackupRestoration (1ms)
Refreshing native plugins compatible for Editor in 1.10 ms, found 2 plugins.
Preloading 1 native plugins for Editor in 1.11 ms.
Unloading 43 Unused Serialized files (Serialized files now loaded: 0)
Unloading 5193 unused Assets / (14.1 MB). Loaded Objects now: 6112.
Memory consumption went from 142.7 MB to 128.7 MB.
Total: 7.599875 ms (FindLiveObjects: 0.204417 ms CreateObjectMapping: 0.083083 ms MarkObjects: 6.108959 ms  DeleteObjects: 1.202792 ms)

Prepare: number of updated asset objects reloaded= 0
========================================================================
Received Prepare
Refreshing native plugins compatible for Editor in 1.41 ms, found 2 plugins.
Preloading 1 native plugins for Editor in 1.12 ms.
Unloading 43 Unused Serialized files (Serialized files now loaded: 0)
Unloading 5148 unused Assets / (14.3 MB). Loaded Objects now: 6112.
Memory consumption went from 132.2 MB to 118.0 MB.
Total: 7.661709 ms (FindLiveObjects: 0.196792 ms CreateObjectMapping: 0.080833 ms MarkObjects: 6.131709 ms  DeleteObjects: 1.252208 ms)

Prepare: number of updated asset objects reloaded= 0
========================================================================
Received Prepare
Refreshing native plugins compatible for Editor in 1.51 ms, found 2 plugins.
Preloading 1 native plugins for Editor in 1.15 ms.
Unloading 43 Unused Serialized files (Serialized files now loaded: 0)
Unloading 5148 unused Assets / (14.3 MB). Loaded Objects now: 6112.
Memory consumption went from 132.2 MB to 118.0 MB.
Total: 7.573417 ms (FindLiveObjects: 0.196459 ms CreateObjectMapping: 0.074250 ms MarkObjects: 6.074125 ms  DeleteObjects: 1.228500 ms)

Prepare: number of updated asset objects reloaded= 0
========================================================================
Received Prepare
Refreshing native plugins compatible for Editor in 1.44 ms, found 2 plugins.
Preloading 1 native plugins for Editor in 1.10 ms.
Unloading 43 Unused Serialized files (Serialized files now loaded: 0)
Unloading 5148 unused Assets / (14.1 MB). Loaded Objects now: 6112.
Memory consumption went from 132.2 MB to 118.1 MB.
Total: 7.559500 ms (FindLiveObjects: 0.198292 ms CreateObjectMapping: 0.077125 ms MarkObjects: 6.087583 ms  DeleteObjects: 1.196167 ms)

Prepare: number of updated asset objects reloaded= 0
========================================================================
Received Prepare
Refreshing native plugins compatible for Editor in 1.50 ms, found 2 plugins.
Preloading 1 native plugins for Editor in 1.11 ms.
Unloading 43 Unused Serialized files (Serialized files now loaded: 0)
Unloading 5148 unused Assets / (13.9 MB). Loaded Objects now: 6112.
Memory consumption went from 132.2 MB to 118.3 MB.
Total: 7.345542 ms (FindLiveObjects: 0.194167 ms CreateObjectMapping: 0.078792 ms MarkObjects: 5.966416 ms  DeleteObjects: 1.105917 ms)

Prepare: number of updated asset objects reloaded= 0
========================================================================
Received Prepare
Refreshing native plugins compatible for Editor in 1.47 ms, found 2 plugins.
Preloading 1 native plugins for Editor in 1.14 ms.
Unloading 43 Unused Serialized files (Serialized files now loaded: 0)
Unloading 5148 unused Assets / (13.8 MB). Loaded Objects now: 6112.
Memory consumption went from 132.2 MB to 118.4 MB.
Total: 7.623750 ms (FindLiveObjects: 0.194166 ms CreateObjectMapping: 0.075417 ms MarkObjects: 6.207167 ms  DeleteObjects: 1.146791 ms)

Prepare: number of updated asset objects reloaded= 0
========================================================================
Received Prepare
Refreshing native plugins compatible for Editor in 1.45 ms, found 2 plugins.
Preloading 1 native plugins for Editor in 1.12 ms.
Unloading 43 Unused Serialized files (Serialized files now loaded: 0)
Unloading 5148 unused Assets / (13.9 MB). Loaded Objects now: 6112.
Memory consumption went from 132.2 MB to 118.3 MB.
Total: 7.443958 ms (FindLiveObjects: 0.195541 ms CreateObjectMapping: 0.069958 ms MarkObjects: 6.038750 ms  DeleteObjects: 1.139416 ms)

Prepare: number of updated asset objects reloaded= 0
========================================================================
Received Prepare
Refreshing native plugins compatible for Editor in 1.43 ms, found 2 plugins.
Preloading 1 native plugins for Editor in 1.13 ms.
Unloading 43 Unused Serialized files (Serialized files now loaded: 0)
Unloading 5148 unused Assets / (14.2 MB). Loaded Objects now: 6112.
Memory consumption went from 132.2 MB to 118.0 MB.
Total: 7.586959 ms (FindLiveObjects: 0.200083 ms CreateObjectMapping: 0.083542 ms MarkObjects: 6.058750 ms  DeleteObjects: 1.244209 ms)

Prepare: number of updated asset objects reloaded= 0
========================================================================
Received Prepare
Refreshing native plugins compatible for Editor in 1.54 ms, found 2 plugins.
Preloading 1 native plugins for Editor in 1.15 ms.
Unloading 43 Unused Serialized files (Serialized files now loaded: 0)
Unloading 5148 unused Assets / (13.8 MB). Loaded Objects now: 6112.
Memory consumption went from 132.2 MB to 118.4 MB.
Total: 7.708292 ms (FindLiveObjects: 0.195041 ms CreateObjectMapping: 0.075125 ms MarkObjects: 6.317709 ms  DeleteObjects: 1.120292 ms)

Prepare: number of updated asset objects reloaded= 0
========================================================================
Received Prepare
Refreshing native plugins compatible for Editor in 1.54 ms, found 2 plugins.
Preloading 1 native plugins for Editor in 1.17 ms.
Unloading 43 Unused Serialized files (Serialized files now loaded: 0)
Unloading 5148 unused Assets / (14.0 MB). Loaded Objects now: 6112.
Memory consumption went from 132.2 MB to 118.3 MB.
Total: 7.283459 ms (FindLiveObjects: 0.205834 ms CreateObjectMapping: 0.073583 ms MarkObjects: 5.837208 ms  DeleteObjects: 1.166500 ms)

Prepare: number of updated asset objects reloaded= 0
========================================================================
Received Prepare
Refreshing native plugins compatible for Editor in 1.40 ms, found 2 plugins.
Preloading 1 native plugins for Editor in 1.15 ms.
Unloading 43 Unused Serialized files (Serialized files now loaded: 0)
Unloading 5148 unused Assets / (14.0 MB). Loaded Objects now: 6112.
Memory consumption went from 132.2 MB to 118.3 MB.
Total: 8.271667 ms (FindLiveObjects: 0.206208 ms CreateObjectMapping: 0.082625 ms MarkObjects: 6.829959 ms  DeleteObjects: 1.152500 ms)

Prepare: number of updated asset objects reloaded= 0
========================================================================
Received Prepare
Refreshing native plugins compatible for Editor in 1.58 ms, found 2 plugins.
Preloading 1 native plugins for Editor in 1.13 ms.
Unloading 43 Unused Serialized files (Serialized files now loaded: 0)
Unloading 5148 unused Assets / (14.3 MB). Loaded Objects now: 6112.
Memory consumption went from 132.2 MB to 117.9 MB.
Total: 7.604959 ms (FindLiveObjects: 0.194667 ms CreateObjectMapping: 0.077458 ms MarkObjects: 6.062042 ms  DeleteObjects: 1.270584 ms)

Prepare: number of updated asset objects reloaded= 0
========================================================================
Received Prepare
Refreshing native plugins compatible for Editor in 1.52 ms, found 2 plugins.
Preloading 1 native plugins for Editor in 1.15 ms.
Unloading 43 Unused Serialized files (Serialized files now loaded: 0)
Unloading 5148 unused Assets / (14.1 MB). Loaded Objects now: 6112.
Memory consumption went from 132.2 MB to 118.2 MB.
Total: 7.425458 ms (FindLiveObjects: 0.194625 ms CreateObjectMapping: 0.072250 ms MarkObjects: 5.945042 ms  DeleteObjects: 1.213416 ms)

Prepare: number of updated asset objects reloaded= 0
========================================================================
Received Prepare
Begin MonoManager ReloadAssembly
Thread 0x16f823000 may have been prematurely finalized
Symbol file LoadedFromMemory is not a mono symbol file
Symbol file LoadedFromMemory is not a mono symbol file
- Loaded All Assemblies, in  0.353 seconds
Refreshing native plugins compatible for Editor in 1.22 ms, found 2 plugins.
Native extension for OSXStandalone target not found
Native extension for WebGL target not found
Refreshing native plugins compatible for Editor in 1.03 ms, found 2 plugins.
[Package Manager] Failed to launch server process. Reason: Unity was launched with the -noUpm command-line argument
[Package Manager] Unable to send message (not connected to server process).
[Package Manager] Cannot connect to Unity Package Manager local server
ScheduleIndexationOnStartup MainProcess:False IndexOnStartup:True
Mono: successfully reloaded assembly
- Finished resetting the current domain, in  0.448 seconds
Domain Reload Profiling: 802ms
	BeginReloadAssembly (74ms)
		ExecutionOrderSort (0ms)
		DisableScriptedObjects (3ms)
		BackupInstance (0ms)
		ReleaseScriptingObjects (0ms)
		CreateAndSetChildDomain (23ms)
	RebuildCommonClasses (16ms)
	RebuildNativeTypeToScriptingClass (6ms)
	initialDomainReloadingComplete (11ms)
	LoadAllAssembliesAndSetupDomain (247ms)
		LoadAssemblies (202ms)
		RebuildTransferFunctionScriptingTraits (0ms)
		AnalyzeDomain (68ms)
			TypeCache.Refresh (7ms)
				TypeCache.ScanAssembly (0ms)
			BuildScriptInfoCaches (58ms)
			ResolveRequiredComponents (1ms)
	FinalizeReload (448ms)
		ReleaseScriptCaches (0ms)
		RebuildScriptCaches (0ms)
		SetupLoadedEditorAssemblies (397ms)
			LogAssemblyErrors (0ms)
			InitializePlatformSupportModulesInManaged (1ms)
			SetLoadedEditorAssemblies (2ms)
			BeforeProcessingInitializeOnLoad (103ms)
			ProcessInitializeOnLoadAttributes (189ms)
			ProcessInitializeOnLoadMethodAttributes (101ms)
			AfterProcessingInitializeOnLoad (1ms)
			EditorAssembliesLoaded (0ms)
		ExecutionOrderSort2 (0ms)
		AwakeInstancesAfterBackupRestoration (1ms)
Refreshing native plugins compatible for Editor in 1.54 ms, found 2 plugins.
Preloading 1 native plugins for Editor in 1.13 ms.
Unloading 43 Unused Serialized files (Serialized files now loaded: 0)
Unloading 5193 unused Assets / (13.9 MB). Loaded Objects now: 6116.
Memory consumption went from 142.7 MB to 128.9 MB.
Total: 7.635875 ms (FindLiveObjects: 0.199666 ms CreateObjectMapping: 0.078084 ms MarkObjects: 6.188584 ms  DeleteObjects: 1.169333 ms)

Prepare: number of updated asset objects reloaded= 0
========================================================================
Received Import Request.
  Time since last request: 9683.096578 seconds.
  path: Assets/Scripts/CameraDolly.cs
  artifactKey: Guid(762aa8c0489ea6a46b603c428752156c) Importer(815301076,1909f56bfc062723c751e8b465ee728b)
Start importing Assets/Scripts/CameraDolly.cs using Guid(762aa8c0489ea6a46b603c428752156c) Importer(815301076,1909f56bfc062723c751e8b465ee728b) (PreviewImporter) -> (artifact id: 'b63f9b6719ffc73f3f932faa793c9dc7') in 0.000662834 seconds
Number of updated asset objects reloaded before import = 0Number of asset objects unloaded after import = 0

========================================================================
Received Prepare
Begin MonoManager ReloadAssembly
Thread 0x16f823000 may have been prematurely finalized
Symbol file LoadedFromMemory is not a mono symbol file
Symbol file LoadedFromMemory is not a mono symbol file
- Loaded All Assemblies, in  0.336 seconds
Refreshing native plugins compatible for Editor in 1.25 ms, found 2 plugins.
Native extension for OSXStandalone target not found
Native extension for WebGL target not found
Refreshing native plugins compatible for Editor in 1.26 ms, found 2 plugins.
[Package Manager] Failed to launch server process. Reason: Unity was launched with the -noUpm command-line argument
[Package Manager] Unable to send message (not connected to server process).
[Package Manager] Cannot connect to Unity Package Manager local server
ScheduleIndexationOnStartup MainProcess:False IndexOnStartup:True
Mono: successfully reloaded assembly
- Finished resetting the current domain, in  0.453 seconds
Domain Reload Profiling: 791ms
	BeginReloadAssembly (72ms)
		ExecutionOrderSort (0ms)
		DisableScriptedObjects (3ms)
		BackupInstance (0ms)
		ReleaseScriptingObjects (0ms)
		CreateAndSetChildDomain (22ms)
	RebuildCommonClasses (16ms)
	RebuildNativeTypeToScriptingClass (6ms)
	initialDomainReloadingComplete (10ms)
	LoadAllAssembliesAndSetupDomain (233ms)
		LoadAssemblies (183ms)
		RebuildTransferFunctionScriptingTraits (0ms)
		AnalyzeDomain (72ms)
			TypeCache.Refresh (7ms)
				TypeCache.ScanAssembly (0ms)
			BuildScriptInfoCaches (61ms)
			ResolveRequiredComponents (1ms)
	FinalizeReload (454ms)
		ReleaseScriptCaches (0ms)
		RebuildScriptCaches (0ms)
		SetupLoadedEditorAssemblies (399ms)
			LogAssemblyErrors (0ms)
			InitializePlatformSupportModulesInManaged (1ms)
			SetLoadedEditorAssemblies (2ms)
			BeforeProcessingInitializeOnLoad (97ms)
			ProcessInitializeOnLoadAttributes (188ms)
			ProcessInitializeOnLoadMethodAttributes (110ms)
			AfterProcessingInitializeOnLoad (1ms)
			EditorAssembliesLoaded (0ms)
		ExecutionOrderSort2 (0ms)
		AwakeInstancesAfterBackupRestoration (2ms)
Refreshing native plugins compatible for Editor in 2.28 ms, found 2 plugins.
Preloading 1 native plugins for Editor in 1.25 ms.
Unloading 43 Unused Serialized files (Serialized files now loaded: 0)
Unloading 5193 unused Assets / (12.6 MB). Loaded Objects now: 6120.
Memory consumption went from 142.7 MB to 130.1 MB.
Total: 9.514458 ms (FindLiveObjects: 0.259417 ms CreateObjectMapping: 0.118958 ms MarkObjects: 7.560125 ms  DeleteObjects: 1.575458 ms)

Prepare: number of updated asset objects reloaded= 0
========================================================================
Received Prepare
Refreshing native plugins compatible for Editor in 1.51 ms, found 2 plugins.
Preloading 1 native plugins for Editor in 1.17 ms.
Unloading 43 Unused Serialized files (Serialized files now loaded: 0)
Unloading 5148 unused Assets / (14.4 MB). Loaded Objects now: 6120.
Memory consumption went from 132.2 MB to 117.9 MB.
Total: 7.791791 ms (FindLiveObjects: 0.200541 ms CreateObjectMapping: 0.084292 ms MarkObjects: 6.178916 ms  DeleteObjects: 1.327625 ms)

Prepare: number of updated asset objects reloaded= 0
========================================================================
Received Prepare
Begin MonoManager ReloadAssembly
[Licensing::Client] Successfully resolved entitlement details
[Licensing::Module] License group:
  Id: F4-85AS-8ZW6-XMRF-425Z-XXXX
  Product: Unity Personal
  Type: ULF
  Expiration: Unlimited
[Licensing::Module] License group:
  Id: 6872810951280-UnityPersXXXX
  Product: Unity Personal
  Type: Assigned
  Expiration: Unlimited
Thread 0x16f4b7000 may have been prematurely finalized
Symbol file LoadedFromMemory is not a mono symbol file
Symbol file LoadedFromMemory is not a mono symbol file
- Loaded All Assemblies, in  0.355 seconds
Refreshing native plugins compatible for Editor in 1.27 ms, found 2 plugins.
Native extension for OSXStandalone target not found
Native extension for WebGL target not found
Refreshing native plugins compatible for Editor in 1.34 ms, found 2 plugins.
[Package Manager] Failed to launch server process. Reason: Unity was launched with the -noUpm command-line argument
[Package Manager] Unable to send message (not connected to server process).
[Package Manager] Cannot connect to Unity Package Manager local server
ScheduleIndexationOnStartup MainProcess:False IndexOnStartup:True
Mono: successfully reloaded assembly
- Finished resetting the current domain, in  0.413 seconds
Domain Reload Profiling: 769ms
	BeginReloadAssembly (80ms)
		ExecutionOrderSort (0ms)
		DisableScriptedObjects (3ms)
		BackupInstance (0ms)
		ReleaseScriptingObjects (0ms)
		CreateAndSetChildDomain (24ms)
	RebuildCommonClasses (16ms)
	RebuildNativeTypeToScriptingClass (6ms)
	initialDomainReloadingComplete (11ms)
	LoadAllAssembliesAndSetupDomain (243ms)
		LoadAssemblies (201ms)
		RebuildTransferFunctionScriptingTraits (0ms)
		AnalyzeDomain (68ms)
			TypeCache.Refresh (7ms)
				TypeCache.ScanAssembly (0ms)
			BuildScriptInfoCaches (58ms)
			ResolveRequiredComponents (1ms)
	FinalizeReload (413ms)
		ReleaseScriptCaches (0ms)
		RebuildScriptCaches (0ms)
		SetupLoadedEditorAssemblies (362ms)
			LogAssemblyErrors (0ms)
			InitializePlatformSupportModulesInManaged (1ms)
			SetLoadedEditorAssemblies (2ms)
			BeforeProcessingInitializeOnLoad (86ms)
			ProcessInitializeOnLoadAttributes (173ms)
			ProcessInitializeOnLoadMethodAttributes (100ms)
			AfterProcessingInitializeOnLoad (0ms)
			EditorAssembliesLoaded (0ms)
		ExecutionOrderSort2 (0ms)
		AwakeInstancesAfterBackupRestoration (1ms)
Refreshing native plugins compatible for Editor in 0.99 ms, found 2 plugins.
Preloading 1 native plugins for Editor in 1.16 ms.
Unloading 43 Unused Serialized files (Serialized files now loaded: 0)
Unloading 5193 unused Assets / (14.3 MB). Loaded Objects now: 6124.
Memory consumption went from 142.6 MB to 128.3 MB.
Total: 7.821167 ms (FindLiveObjects: 0.181625 ms CreateObjectMapping: 0.074208 ms MarkObjects: 6.388667 ms  DeleteObjects: 1.176500 ms)

Prepare: number of updated asset objects reloaded= 0
========================================================================
Received Prepare
Begin MonoManager ReloadAssembly
Thread 0x16f823000 may have been prematurely finalized
Symbol file LoadedFromMemory is not a mono symbol file
Symbol file LoadedFromMemory is not a mono symbol file
- Loaded All Assemblies, in  0.300 seconds
Refreshing native plugins compatible for Editor in 1.67 ms, found 2 plugins.
Native extension for OSXStandalone target not found
Native extension for WebGL target not found
Refreshing native plugins compatible for Editor in 1.06 ms, found 2 plugins.
[Package Manager] Failed to launch server process. Reason: Unity was launched with the -noUpm command-line argument
[Package Manager] Unable to send message (not connected to server process).
[Package Manager] Cannot connect to Unity Package Manager local server
ScheduleIndexationOnStartup MainProcess:False IndexOnStartup:True
Mono: successfully reloaded assembly
- Finished resetting the current domain, in  0.459 seconds
Domain Reload Profiling: 761ms
	BeginReloadAssembly (71ms)
		ExecutionOrderSort (0ms)
		DisableScriptedObjects (3ms)
		BackupInstance (0ms)
		ReleaseScriptingObjects (0ms)
		CreateAndSetChildDomain (23ms)
	RebuildCommonClasses (16ms)
	RebuildNativeTypeToScriptingClass (6ms)
	initialDomainReloadingComplete (10ms)
	LoadAllAssembliesAndSetupDomain (198ms)
		LoadAssemblies (153ms)
		RebuildTransferFunctionScriptingTraits (0ms)
		AnalyzeDomain (66ms)
			TypeCache.Refresh (5ms)
				TypeCache.ScanAssembly (0ms)
			BuildScriptInfoCaches (58ms)
			ResolveRequiredComponents (1ms)
	FinalizeReload (460ms)
		ReleaseScriptCaches (0ms)
		RebuildScriptCaches (0ms)
		SetupLoadedEditorAssemblies (406ms)
			LogAssemblyErrors (0ms)
			InitializePlatformSupportModulesInManaged (1ms)
			SetLoadedEditorAssemblies (2ms)
			BeforeProcessingInitializeOnLoad (101ms)
			ProcessInitializeOnLoadAttributes (189ms)
			ProcessInitializeOnLoadMethodAttributes (113ms)
			AfterProcessingInitializeOnLoad (1ms)
			EditorAssembliesLoaded (0ms)
		ExecutionOrderSort2 (0ms)
		AwakeInstancesAfterBackupRestoration (1ms)
Refreshing native plugins compatible for Editor in 1.19 ms, found 2 plugins.
Preloading 1 native plugins for Editor in 1.33 ms.
Unloading 43 Unused Serialized files (Serialized files now loaded: 0)
Unloading 5193 unused Assets / (12.3 MB). Loaded Objects now: 6128.
Memory consumption went from 142.6 MB to 130.4 MB.
Total: 8.855083 ms (FindLiveObjects: 0.213583 ms CreateObjectMapping: 0.080958 ms MarkObjects: 7.349542 ms  DeleteObjects: 1.210750 ms)

Prepare: number of updated asset objects reloaded= 0
========================================================================
Received Prepare
Refreshing native plugins compatible for Editor in 1.59 ms, found 2 plugins.
Preloading 1 native plugins for Editor in 1.18 ms.
Unloading 43 Unused Serialized files (Serialized files now loaded: 0)
Unloading 5148 unused Assets / (14.1 MB). Loaded Objects now: 6128.
Memory consumption went from 132.3 MB to 118.2 MB.
Total: 7.846250 ms (FindLiveObjects: 0.200542 ms CreateObjectMapping: 0.075875 ms MarkObjects: 6.363458 ms  DeleteObjects: 1.206042 ms)

Prepare: number of updated asset objects reloaded= 0
========================================================================
Received Prepare
Refreshing native plugins compatible for Editor in 1.58 ms, found 2 plugins.
Preloading 1 native plugins for Editor in 1.19 ms.
Unloading 43 Unused Serialized files (Serialized files now loaded: 0)
Unloading 5148 unused Assets / (14.2 MB). Loaded Objects now: 6128.
Memory consumption went from 132.3 MB to 118.1 MB.
Total: 7.577458 ms (FindLiveObjects: 0.192541 ms CreateObjectMapping: 0.074250 ms MarkObjects: 6.110875 ms  DeleteObjects: 1.199500 ms)

Prepare: number of updated asset objects reloaded= 0
========================================================================
Received Prepare
Refreshing native plugins compatible for Editor in 1.56 ms, found 2 plugins.
Preloading 1 native plugins for Editor in 1.17 ms.
Unloading 43 Unused Serialized files (Serialized files now loaded: 0)
Unloading 5148 unused Assets / (14.4 MB). Loaded Objects now: 6128.
Memory consumption went from 132.3 MB to 117.9 MB.
Total: 8.068792 ms (FindLiveObjects: 0.212667 ms CreateObjectMapping: 0.078458 ms MarkObjects: 6.322167 ms  DeleteObjects: 1.455375 ms)

Prepare: number of updated asset objects reloaded= 0
========================================================================
Received Prepare
Refreshing native plugins compatible for Editor in 1.57 ms, found 2 plugins.
Preloading 1 native plugins for Editor in 1.17 ms.
Unloading 43 Unused Serialized files (Serialized files now loaded: 0)
Unloading 5148 unused Assets / (14.1 MB). Loaded Objects now: 6128.
Memory consumption went from 132.3 MB to 118.2 MB.
Total: 7.716333 ms (FindLiveObjects: 0.203834 ms CreateObjectMapping: 0.084084 ms MarkObjects: 6.207375 ms  DeleteObjects: 1.220833 ms)

Prepare: number of updated asset objects reloaded= 0
========================================================================
Received Prepare
Begin MonoManager ReloadAssembly
[Licensing::Client] Successfully resolved entitlement details
[Licensing::Module] License group:
  Id: F4-85AS-8ZW6-XMRF-425Z-XXXX
  Product: Unity Personal
  Type: ULF
  Expiration: Unlimited
[Licensing::Module] License group:
  Id: 6872810951280-UnityPersXXXX
  Product: Unity Personal
  Type: Assigned
  Expiration: Unlimited
Thread 0x16f823000 may have been prematurely finalized
Symbol file LoadedFromMemory is not a mono symbol file
Symbol file LoadedFromMemory is not a mono symbol file
- Loaded All Assemblies, in  0.322 seconds
Refreshing native plugins compatible for Editor in 1.39 ms, found 2 plugins.
Native extension for OSXStandalone target not found
Native extension for WebGL target not found
Refreshing native plugins compatible for Editor in 1.71 ms, found 2 plugins.
[Package Manager] Failed to launch server process. Reason: Unity was launched with the -noUpm command-line argument
[Package Manager] Unable to send message (not connected to server process).
[Package Manager] Cannot connect to Unity Package Manager local server
ScheduleIndexationOnStartup MainProcess:False IndexOnStartup:True
Mono: successfully reloaded assembly
- Finished resetting the current domain, in  0.419 seconds
Domain Reload Profiling: 742ms
	BeginReloadAssembly (72ms)
		ExecutionOrderSort (0ms)
		DisableScriptedObjects (3ms)
		BackupInstance (0ms)
		ReleaseScriptingObjects (0ms)
		CreateAndSetChildDomain (23ms)
	RebuildCommonClasses (15ms)
	RebuildNativeTypeToScriptingClass (6ms)
	initialDomainReloadingComplete (11ms)
	LoadAllAssembliesAndSetupDomain (218ms)
		LoadAssemblies (173ms)
		RebuildTransferFunctionScriptingTraits (0ms)
		AnalyzeDomain (66ms)
			TypeCache.Refresh (6ms)
				TypeCache.ScanAssembly (0ms)
			BuildScriptInfoCaches (58ms)
			ResolveRequiredComponents (1ms)
	FinalizeReload (419ms)
		ReleaseScriptCaches (0ms)
		RebuildScriptCaches (0ms)
		SetupLoadedEditorAssemblies (368ms)
			LogAssemblyErrors (0ms)
			InitializePlatformSupportModulesInManaged (1ms)
			SetLoadedEditorAssemblies (2ms)
			BeforeProcessingInitializeOnLoad (88ms)
			ProcessInitializeOnLoadAttributes (177ms)
			ProcessInitializeOnLoadMethodAttributes (99ms)
			AfterProcessingInitializeOnLoad (1ms)
			EditorAssembliesLoaded (0ms)
		ExecutionOrderSort2 (0ms)
		AwakeInstancesAfterBackupRestoration (1ms)
Refreshing native plugins compatible for Editor in 1.31 ms, found 2 plugins.
Preloading 1 native plugins for Editor in 1.19 ms.
Unloading 43 Unused Serialized files (Serialized files now loaded: 0)
Unloading 5193 unused Assets / (14.1 MB). Loaded Objects now: 6132.
Memory consumption went from 142.6 MB to 128.5 MB.
Total: 7.803792 ms (FindLiveObjects: 0.207625 ms CreateObjectMapping: 0.085416 ms MarkObjects: 6.280542 ms  DeleteObjects: 1.230000 ms)

Prepare: number of updated asset objects reloaded= 0
========================================================================
Received Prepare
Begin MonoManager ReloadAssembly
Thread 0x16f4b7000 may have been prematurely finalized
Symbol file LoadedFromMemory is not a mono symbol file
Symbol file LoadedFromMemory is not a mono symbol file
- Loaded All Assemblies, in  0.310 seconds
Refreshing native plugins compatible for Editor in 2.33 ms, found 2 plugins.
Native extension for OSXStandalone target not found
Native extension for WebGL target not found
Refreshing native plugins compatible for Editor in 1.47 ms, found 2 plugins.
[Package Manager] Failed to launch server process. Reason: Unity was launched with the -noUpm command-line argument
[Package Manager] Unable to send message (not connected to server process).
[Package Manager] Cannot connect to Unity Package Manager local server
ScheduleIndexationOnStartup MainProcess:False IndexOnStartup:True
Mono: successfully reloaded assembly
- Finished resetting the current domain, in  0.464 seconds
Domain Reload Profiling: 776ms
	BeginReloadAssembly (73ms)
		ExecutionOrderSort (0ms)
		DisableScriptedObjects (3ms)
		BackupInstance (0ms)
		ReleaseScriptingObjects (0ms)
		CreateAndSetChildDomain (22ms)
	RebuildCommonClasses (16ms)
	RebuildNativeTypeToScriptingClass (6ms)
	initialDomainReloadingComplete (11ms)
	LoadAllAssembliesAndSetupDomain (205ms)
		LoadAssemblies (161ms)
		RebuildTransferFunctionScriptingTraits (0ms)
		AnalyzeDomain (67ms)
			TypeCache.Refresh (5ms)
				TypeCache.ScanAssembly (0ms)
			BuildScriptInfoCaches (58ms)
			ResolveRequiredComponents (1ms)
	FinalizeReload (465ms)
		ReleaseScriptCaches (0ms)
		RebuildScriptCaches (0ms)
		SetupLoadedEditorAssemblies (408ms)
			LogAssemblyErrors (0ms)
			InitializePlatformSupportModulesInManaged (1ms)
			SetLoadedEditorAssemblies (2ms)
			BeforeProcessingInitializeOnLoad (101ms)
			ProcessInitializeOnLoadAttributes (189ms)
			ProcessInitializeOnLoadMethodAttributes (115ms)
			AfterProcessingInitializeOnLoad (1ms)
			EditorAssembliesLoaded (0ms)
		ExecutionOrderSort2 (0ms)
		AwakeInstancesAfterBackupRestoration (1ms)
Refreshing native plugins compatible for Editor in 1.98 ms, found 2 plugins.
Preloading 1 native plugins for Editor in 1.21 ms.
Unloading 43 Unused Serialized files (Serialized files now loaded: 0)
Unloading 5193 unused Assets / (12.5 MB). Loaded Objects now: 6136.
Memory consumption went from 142.7 MB to 130.1 MB.
Total: 8.884667 ms (FindLiveObjects: 0.246500 ms CreateObjectMapping: 0.101208 ms MarkObjects: 7.267917 ms  DeleteObjects: 1.268458 ms)

Prepare: number of updated asset objects reloaded= 0
========================================================================
Received Prepare
Refreshing native plugins compatible for Editor in 1.23 ms, found 2 plugins.
Preloading 1 native plugins for Editor in 1.16 ms.
Unloading 43 Unused Serialized files (Serialized files now loaded: 0)
Unloading 5148 unused Assets / (14.0 MB). Loaded Objects now: 6136.
Memory consumption went from 132.3 MB to 118.3 MB.
Total: 7.729750 ms (FindLiveObjects: 0.197417 ms CreateObjectMapping: 0.086750 ms MarkObjects: 6.247750 ms  DeleteObjects: 1.197708 ms)

Prepare: number of updated asset objects reloaded= 0
========================================================================
Received Prepare
Refreshing native plugins compatible for Editor in 1.56 ms, found 2 plugins.
Preloading 1 native plugins for Editor in 1.14 ms.
Unloading 43 Unused Serialized files (Serialized files now loaded: 0)
Unloading 5148 unused Assets / (14.2 MB). Loaded Objects now: 6136.
Memory consumption went from 132.3 MB to 118.1 MB.
Total: 7.682500 ms (FindLiveObjects: 0.193833 ms CreateObjectMapping: 0.073208 ms MarkObjects: 6.202708 ms  DeleteObjects: 1.212375 ms)

Prepare: number of updated asset objects reloaded= 0
========================================================================
Received Prepare
Refreshing native plugins compatible for Editor in 1.39 ms, found 2 plugins.
Preloading 1 native plugins for Editor in 1.11 ms.
Unloading 43 Unused Serialized files (Serialized files now loaded: 0)
Unloading 5148 unused Assets / (14.2 MB). Loaded Objects now: 6136.
Memory consumption went from 132.3 MB to 118.1 MB.
Total: 7.500042 ms (FindLiveObjects: 0.196083 ms CreateObjectMapping: 0.075875 ms MarkObjects: 6.043834 ms  DeleteObjects: 1.184000 ms)

Prepare: number of updated asset objects reloaded= 0
========================================================================
Received Prepare
Refreshing native plugins compatible for Editor in 1.54 ms, found 2 plugins.
Preloading 1 native plugins for Editor in 1.13 ms.
Unloading 43 Unused Serialized files (Serialized files now loaded: 0)
Unloading 5148 unused Assets / (14.3 MB). Loaded Objects now: 6136.
Memory consumption went from 132.3 MB to 118.0 MB.
Total: 7.634042 ms (FindLiveObjects: 0.201542 ms CreateObjectMapping: 0.074500 ms MarkObjects: 6.088333 ms  DeleteObjects: 1.269500 ms)

Prepare: number of updated asset objects reloaded= 0
========================================================================
Received Prepare
Refreshing native plugins compatible for Editor in 1.60 ms, found 2 plugins.
Preloading 1 native plugins for Editor in 1.17 ms.
Unloading 43 Unused Serialized files (Serialized files now loaded: 0)
Unloading 5148 unused Assets / (14.0 MB). Loaded Objects now: 6136.
Memory consumption went from 132.3 MB to 118.3 MB.
Total: 7.550917 ms (FindLiveObjects: 0.192542 ms CreateObjectMapping: 0.082500 ms MarkObjects: 6.083958 ms  DeleteObjects: 1.191667 ms)

Prepare: number of updated asset objects reloaded= 0
========================================================================
Received Prepare
Begin MonoManager ReloadAssembly
[Licensing::Client] Successfully resolved entitlement details
[Licensing::Module] License group:
  Id: F4-85AS-8ZW6-XMRF-425Z-XXXX
  Product: Unity Personal
  Type: ULF
  Expiration: Unlimited
[Licensing::Module] License group:
  Id: 6872810951280-UnityPersXXXX
  Product: Unity Personal
  Type: Assigned
  Expiration: Unlimited
Thread 0x16f823000 may have been prematurely finalized
Symbol file LoadedFromMemory is not a mono symbol file
Symbol file LoadedFromMemory is not a mono symbol file
- Loaded All Assemblies, in  0.316 seconds
Refreshing native plugins compatible for Editor in 1.22 ms, found 2 plugins.
Native extension for OSXStandalone target not found
Native extension for WebGL target not found
Refreshing native plugins compatible for Editor in 1.30 ms, found 2 plugins.
[Package Manager] Failed to launch server process. Reason: Unity was launched with the -noUpm command-line argument
[Package Manager] Unable to send message (not connected to server process).
[Package Manager] Cannot connect to Unity Package Manager local server
ScheduleIndexationOnStartup MainProcess:False IndexOnStartup:True
Mono: successfully reloaded assembly
- Finished resetting the current domain, in  0.414 seconds
Domain Reload Profiling: 731ms
	BeginReloadAssembly (73ms)
		ExecutionOrderSort (0ms)
		DisableScriptedObjects (3ms)
		BackupInstance (0ms)
		ReleaseScriptingObjects (0ms)
		CreateAndSetChildDomain (22ms)
	RebuildCommonClasses (16ms)
	RebuildNativeTypeToScriptingClass (6ms)
	initialDomainReloadingComplete (11ms)
	LoadAllAssembliesAndSetupDomain (211ms)
		LoadAssemblies (166ms)
		RebuildTransferFunctionScriptingTraits (0ms)
		AnalyzeDomain (68ms)
			TypeCache.Refresh (7ms)
				TypeCache.ScanAssembly (0ms)
			BuildScriptInfoCaches (58ms)
			ResolveRequiredComponents (1ms)
	FinalizeReload (414ms)
		ReleaseScriptCaches (0ms)
		RebuildScriptCaches (0ms)
		SetupLoadedEditorAssemblies (363ms)
			LogAssemblyErrors (0ms)
			InitializePlatformSupportModulesInManaged (1ms)
			SetLoadedEditorAssemblies (2ms)
			BeforeProcessingInitializeOnLoad (86ms)
			ProcessInitializeOnLoadAttributes (174ms)
			ProcessInitializeOnLoadMethodAttributes (99ms)
			AfterProcessingInitializeOnLoad (2ms)
			EditorAssembliesLoaded (0ms)
		ExecutionOrderSort2 (0ms)
		AwakeInstancesAfterBackupRestoration (1ms)
Refreshing native plugins compatible for Editor in 1.40 ms, found 2 plugins.
Preloading 1 native plugins for Editor in 1.14 ms.
Unloading 43 Unused Serialized files (Serialized files now loaded: 0)
Unloading 5193 unused Assets / (14.2 MB). Loaded Objects now: 6140.
Memory consumption went from 142.7 MB to 128.5 MB.
Total: 7.761000 ms (FindLiveObjects: 0.192458 ms CreateObjectMapping: 0.076459 ms MarkObjects: 6.271791 ms  DeleteObjects: 1.220084 ms)

Prepare: number of updated asset objects reloaded= 0
========================================================================
Received Prepare
Begin MonoManager ReloadAssembly
Thread 0x16f823000 may have been prematurely finalized
Symbol file LoadedFromMemory is not a mono symbol file
Symbol file LoadedFromMemory is not a mono symbol file
- Loaded All Assemblies, in  0.302 seconds
Refreshing native plugins compatible for Editor in 1.58 ms, found 2 plugins.
Native extension for OSXStandalone target not found
Native extension for WebGL target not found
Refreshing native plugins compatible for Editor in 1.08 ms, found 2 plugins.
[Package Manager] Failed to launch server process. Reason: Unity was launched with the -noUpm command-line argument
[Package Manager] Unable to send message (not connected to server process).
[Package Manager] Cannot connect to Unity Package Manager local server
ScheduleIndexationOnStartup MainProcess:False IndexOnStartup:True
Mono: successfully reloaded assembly
- Finished resetting the current domain, in  0.459 seconds
Domain Reload Profiling: 762ms
	BeginReloadAssembly (71ms)
		ExecutionOrderSort (0ms)
		DisableScriptedObjects (3ms)
		BackupInstance (0ms)
		ReleaseScriptingObjects (0ms)
		CreateAndSetChildDomain (22ms)
	RebuildCommonClasses (16ms)
	RebuildNativeTypeToScriptingClass (6ms)
	initialDomainReloadingComplete (11ms)
	LoadAllAssembliesAndSetupDomain (199ms)
		LoadAssemblies (156ms)
		RebuildTransferFunctionScriptingTraits (0ms)
		AnalyzeDomain (64ms)
			TypeCache.Refresh (5ms)
				TypeCache.ScanAssembly (0ms)
			BuildScriptInfoCaches (57ms)
			ResolveRequiredComponents (1ms)
	FinalizeReload (459ms)
		ReleaseScriptCaches (0ms)
		RebuildScriptCaches (0ms)
		SetupLoadedEditorAssemblies (406ms)
			LogAssemblyErrors (0ms)
			InitializePlatformSupportModulesInManaged (1ms)
			SetLoadedEditorAssemblies (2ms)
			BeforeProcessingInitializeOnLoad (101ms)
			ProcessInitializeOnLoadAttributes (186ms)
			ProcessInitializeOnLoadMethodAttributes (115ms)
			AfterProcessingInitializeOnLoad (1ms)
			EditorAssembliesLoaded (0ms)
		ExecutionOrderSort2 (0ms)
		AwakeInstancesAfterBackupRestoration (1ms)
Refreshing native plugins compatible for Editor in 1.19 ms, found 2 plugins.
Preloading 1 native plugins for Editor in 1.18 ms.
Unloading 43 Unused Serialized files (Serialized files now loaded: 0)
Unloading 5193 unused Assets / (12.9 MB). Loaded Objects now: 6144.
Memory consumption went from 142.7 MB to 129.8 MB.
Total: 8.850750 ms (FindLiveObjects: 0.231792 ms CreateObjectMapping: 0.091083 ms MarkObjects: 7.004042 ms  DeleteObjects: 1.523541 ms)

Prepare: number of updated asset objects reloaded= 0
========================================================================
Received Prepare
Refreshing native plugins compatible for Editor in 1.59 ms, found 2 plugins.
Preloading 1 native plugins for Editor in 1.19 ms.
Unloading 43 Unused Serialized files (Serialized files now loaded: 0)
Unloading 5148 unused Assets / (14.0 MB). Loaded Objects now: 6144.
Memory consumption went from 132.3 MB to 118.4 MB.
Total: 7.816625 ms (FindLiveObjects: 0.203708 ms CreateObjectMapping: 0.082542 ms MarkObjects: 6.351625 ms  DeleteObjects: 1.178459 ms)

Prepare: number of updated asset objects reloaded= 0
========================================================================
Received Prepare
Begin MonoManager ReloadAssembly
Thread 0x16f4b7000 may have been prematurely finalized
Symbol file LoadedFromMemory is not a mono symbol file
Symbol file LoadedFromMemory is not a mono symbol file
- Loaded All Assemblies, in  0.320 seconds
Refreshing native plugins compatible for Editor in 1.24 ms, found 2 plugins.
Native extension for OSXStandalone target not found
Native extension for WebGL target not found
Refreshing native plugins compatible for Editor in 1.34 ms, found 2 plugins.
[Package Manager] Failed to launch server process. Reason: Unity was launched with the -noUpm command-line argument
[Package Manager] Unable to send message (not connected to server process).
[Package Manager] Cannot connect to Unity Package Manager local server
ScheduleIndexationOnStartup MainProcess:False IndexOnStartup:True
Mono: successfully reloaded assembly
- Finished resetting the current domain, in  0.410 seconds
Domain Reload Profiling: 731ms
	BeginReloadAssembly (72ms)
		ExecutionOrderSort (0ms)
		DisableScriptedObjects (3ms)
		BackupInstance (0ms)
		ReleaseScriptingObjects (0ms)
		CreateAndSetChildDomain (22ms)
	RebuildCommonClasses (16ms)
	RebuildNativeTypeToScriptingClass (6ms)
	initialDomainReloadingComplete (11ms)
	LoadAllAssembliesAndSetupDomain (215ms)
		LoadAssemblies (172ms)
		RebuildTransferFunctionScriptingTraits (0ms)
		AnalyzeDomain (66ms)
			TypeCache.Refresh (6ms)
				TypeCache.ScanAssembly (0ms)
			BuildScriptInfoCaches (58ms)
			ResolveRequiredComponents (1ms)
	FinalizeReload (410ms)
		ReleaseScriptCaches (0ms)
		RebuildScriptCaches (0ms)
		SetupLoadedEditorAssemblies (359ms)
			LogAssemblyErrors (0ms)
			InitializePlatformSupportModulesInManaged (1ms)
			SetLoadedEditorAssemblies (2ms)
			BeforeProcessingInitializeOnLoad (86ms)
			ProcessInitializeOnLoadAttributes (175ms)
			ProcessInitializeOnLoadMethodAttributes (94ms)
			AfterProcessingInitializeOnLoad (0ms)
			EditorAssembliesLoaded (0ms)
		ExecutionOrderSort2 (0ms)
		AwakeInstancesAfterBackupRestoration (1ms)
Refreshing native plugins compatible for Editor in 1.40 ms, found 2 plugins.
Preloading 1 native plugins for Editor in 1.20 ms.
Unloading 43 Unused Serialized files (Serialized files now loaded: 0)
Unloading 5193 unused Assets / (12.4 MB). Loaded Objects now: 6148.
Memory consumption went from 142.7 MB to 130.3 MB.
Total: 7.777958 ms (FindLiveObjects: 0.195958 ms CreateObjectMapping: 0.081042 ms MarkObjects: 6.341916 ms  DeleteObjects: 1.158833 ms)

Prepare: number of updated asset objects reloaded= 0
========================================================================
Received Prepare
Refreshing native plugins compatible for Editor in 1.59 ms, found 2 plugins.
Preloading 1 native plugins for Editor in 1.24 ms.
Unloading 43 Unused Serialized files (Serialized files now loaded: 0)
Unloading 5148 unused Assets / (12.7 MB). Loaded Objects now: 6148.
Memory consumption went from 132.3 MB to 119.6 MB.
Total: 7.988708 ms (FindLiveObjects: 0.205792 ms CreateObjectMapping: 0.083792 ms MarkObjects: 6.572000 ms  DeleteObjects: 1.126958 ms)

Prepare: number of updated asset objects reloaded= 0
========================================================================
Received Prepare
Begin MonoManager ReloadAssembly
Thread 0x16f823000 may have been prematurely finalized
Symbol file LoadedFromMemory is not a mono symbol file
Symbol file LoadedFromMemory is not a mono symbol file
- Loaded All Assemblies, in  0.313 seconds
Refreshing native plugins compatible for Editor in 1.24 ms, found 2 plugins.
Native extension for OSXStandalone target not found
Native extension for WebGL target not found
Refreshing native plugins compatible for Editor in 1.38 ms, found 2 plugins.
[Package Manager] Failed to launch server process. Reason: Unity was launched with the -noUpm command-line argument
[Package Manager] Unable to send message (not connected to server process).
[Package Manager] Cannot connect to Unity Package Manager local server
ScheduleIndexationOnStartup MainProcess:False IndexOnStartup:True
Mono: successfully reloaded assembly
- Finished resetting the current domain, in  0.421 seconds
Domain Reload Profiling: 735ms
	BeginReloadAssembly (79ms)
		ExecutionOrderSort (0ms)
		DisableScriptedObjects (3ms)
		BackupInstance (0ms)
		ReleaseScriptingObjects (0ms)
		CreateAndSetChildDomain (27ms)
	RebuildCommonClasses (16ms)
	RebuildNativeTypeToScriptingClass (6ms)
	initialDomainReloadingComplete (11ms)
	LoadAllAssembliesAndSetupDomain (201ms)
		LoadAssemblies (158ms)
		RebuildTransferFunctionScriptingTraits (0ms)
		AnalyzeDomain (66ms)
			TypeCache.Refresh (6ms)
				TypeCache.ScanAssembly (0ms)
			BuildScriptInfoCaches (58ms)
			ResolveRequiredComponents (1ms)
	FinalizeReload (421ms)
		ReleaseScriptCaches (0ms)
		RebuildScriptCaches (0ms)
		SetupLoadedEditorAssemblies (369ms)
			LogAssemblyErrors (0ms)
			InitializePlatformSupportModulesInManaged (1ms)
			SetLoadedEditorAssemblies (2ms)
			BeforeProcessingInitializeOnLoad (87ms)
			ProcessInitializeOnLoadAttributes (175ms)
			ProcessInitializeOnLoadMethodAttributes (103ms)
			AfterProcessingInitializeOnLoad (1ms)
			EditorAssembliesLoaded (0ms)
		ExecutionOrderSort2 (0ms)
		AwakeInstancesAfterBackupRestoration (1ms)
Refreshing native plugins compatible for Editor in 1.90 ms, found 2 plugins.
Preloading 1 native plugins for Editor in 1.16 ms.
Unloading 43 Unused Serialized files (Serialized files now loaded: 0)
Unloading 5193 unused Assets / (13.2 MB). Loaded Objects now: 6152.
Memory consumption went from 142.7 MB to 129.5 MB.
Total: 8.231417 ms (FindLiveObjects: 0.245083 ms CreateObjectMapping: 0.102500 ms MarkObjects: 6.618167 ms  DeleteObjects: 1.265333 ms)

Prepare: number of updated asset objects reloaded= 0
========================================================================
Received Prepare
Begin MonoManager ReloadAssembly
[Licensing::Client] Successfully resolved entitlement details
[Licensing::Module] License group:
  Id: F4-85AS-8ZW6-XMRF-425Z-XXXX
  Product: Unity Personal
  Type: ULF
  Expiration: Unlimited
[Licensing::Module] License group:
  Id: 6872810951280-UnityPersXXXX
  Product: Unity Personal
  Type: Assigned
  Expiration: Unlimited
Thread 0x16f823000 may have been prematurely finalized
Symbol file LoadedFromMemory is not a mono symbol file
Symbol file LoadedFromMemory is not a mono symbol file
- Loaded All Assemblies, in  0.309 seconds
Refreshing native plugins compatible for Editor in 1.24 ms, found 2 plugins.
Native extension for OSXStandalone target not found
Native extension for WebGL target not found
Refreshing native plugins compatible for Editor in 1.35 ms, found 2 plugins.
[Package Manager] Failed to launch server process. Reason: Unity was launched with the -noUpm command-line argument
[Package Manager] Unable to send message (not connected to server process).
[Package Manager] Cannot connect to Unity Package Manager local server
ScheduleIndexationOnStartup MainProcess:False IndexOnStartup:True
Mono: successfully reloaded assembly
- Finished resetting the current domain, in  0.465 seconds
Domain Reload Profiling: 776ms
	BeginReloadAssembly (75ms)
		ExecutionOrderSort (0ms)
		DisableScriptedObjects (3ms)
		BackupInstance (0ms)
		ReleaseScriptingObjects (0ms)
		CreateAndSetChildDomain (22ms)
	RebuildCommonClasses (16ms)
	RebuildNativeTypeToScriptingClass (6ms)
	initialDomainReloadingComplete (11ms)
	LoadAllAssembliesAndSetupDomain (202ms)
		LoadAssemblies (162ms)
		RebuildTransferFunctionScriptingTraits (0ms)
		AnalyzeDomain (65ms)
			TypeCache.Refresh (5ms)
				TypeCache.ScanAssembly (0ms)
			BuildScriptInfoCaches (56ms)
			ResolveRequiredComponents (1ms)
	FinalizeReload (466ms)
		ReleaseScriptCaches (0ms)
		RebuildScriptCaches (0ms)
		SetupLoadedEditorAssemblies (408ms)
			LogAssemblyErrors (0ms)
			InitializePlatformSupportModulesInManaged (1ms)
			SetLoadedEditorAssemblies (2ms)
			BeforeProcessingInitializeOnLoad (96ms)
			ProcessInitializeOnLoadAttributes (197ms)
			ProcessInitializeOnLoadMethodAttributes (111ms)
			AfterProcessingInitializeOnLoad (0ms)
			EditorAssembliesLoaded (0ms)
		ExecutionOrderSort2 (0ms)
		AwakeInstancesAfterBackupRestoration (1ms)
Refreshing native plugins compatible for Editor in 1.66 ms, found 2 plugins.
Preloading 1 native plugins for Editor in 1.25 ms.
Unloading 43 Unused Serialized files (Serialized files now loaded: 0)
Unloading 5193 unused Assets / (13.9 MB). Loaded Objects now: 6156.
Memory consumption went from 142.7 MB to 128.8 MB.
Total: 8.178875 ms (FindLiveObjects: 0.204333 ms CreateObjectMapping: 0.079250 ms MarkObjects: 6.714125 ms  DeleteObjects: 1.180916 ms)

Prepare: number of updated asset objects reloaded= 0
========================================================================
Received Prepare
Refreshing native plugins compatible for Editor in 1.48 ms, found 2 plugins.
Preloading 1 native plugins for Editor in 1.11 ms.
Unloading 43 Unused Serialized files (Serialized files now loaded: 0)
Unloading 5148 unused Assets / (14.2 MB). Loaded Objects now: 6156.
Memory consumption went from 132.3 MB to 118.1 MB.
Total: 7.891125 ms (FindLiveObjects: 0.202375 ms CreateObjectMapping: 0.082000 ms MarkObjects: 6.361791 ms  DeleteObjects: 1.244834 ms)

Prepare: number of updated asset objects reloaded= 0
========================================================================
Received Prepare
Begin MonoManager ReloadAssembly
[Licensing::Client] Successfully resolved entitlement details
[Licensing::Module] License group:
  Id: F4-85AS-8ZW6-XMRF-425Z-XXXX
  Product: Unity Personal
  Type: ULF
  Expiration: Unlimited
[Licensing::Module] License group:
  Id: 6872810951280-UnityPersXXXX
  Product: Unity Personal
  Type: Assigned
  Expiration: Unlimited
Thread 0x16f4b7000 may have been prematurely finalized
Symbol file LoadedFromMemory is not a mono symbol file
Symbol file LoadedFromMemory is not a mono symbol file
- Loaded All Assemblies, in  0.324 seconds
Refreshing native plugins compatible for Editor in 1.54 ms, found 2 plugins.
Native extension for OSXStandalone target not found
Native extension for WebGL target not found
Refreshing native plugins compatible for Editor in 1.05 ms, found 2 plugins.
[Package Manager] Failed to launch server process. Reason: Unity was launched with the -noUpm command-line argument
[Package Manager] Unable to send message (not connected to server process).
[Package Manager] Cannot connect to Unity Package Manager local server
ScheduleIndexationOnStartup MainProcess:False IndexOnStartup:True
Mono: successfully reloaded assembly
- Finished resetting the current domain, in  0.413 seconds
Domain Reload Profiling: 738ms
	BeginReloadAssembly (73ms)
		ExecutionOrderSort (0ms)
		DisableScriptedObjects (3ms)
		BackupInstance (0ms)
		ReleaseScriptingObjects (0ms)
		CreateAndSetChildDomain (22ms)
	RebuildCommonClasses (16ms)
	RebuildNativeTypeToScriptingClass (6ms)
	initialDomainReloadingComplete (11ms)
	LoadAllAssembliesAndSetupDomain (219ms)
		LoadAssemblies (175ms)
		RebuildTransferFunctionScriptingTraits (0ms)
		AnalyzeDomain (67ms)
			TypeCache.Refresh (7ms)
				TypeCache.ScanAssembly (0ms)
			BuildScriptInfoCaches (57ms)
			ResolveRequiredComponents (1ms)
	FinalizeReload (413ms)
		ReleaseScriptCaches (0ms)
		RebuildScriptCaches (0ms)
		SetupLoadedEditorAssemblies (360ms)
			LogAssemblyErrors (0ms)
			InitializePlatformSupportModulesInManaged (1ms)
			SetLoadedEditorAssemblies (2ms)
			BeforeProcessingInitializeOnLoad (87ms)
			ProcessInitializeOnLoadAttributes (170ms)
			ProcessInitializeOnLoadMethodAttributes (99ms)
			AfterProcessingInitializeOnLoad (0ms)
			EditorAssembliesLoaded (0ms)
		ExecutionOrderSort2 (0ms)
		AwakeInstancesAfterBackupRestoration (1ms)
Refreshing native plugins compatible for Editor in 1.61 ms, found 2 plugins.
Preloading 1 native plugins for Editor in 1.17 ms.
Unloading 43 Unused Serialized files (Serialized files now loaded: 0)
Unloading 5193 unused Assets / (13.9 MB). Loaded Objects now: 6160.
Memory consumption went from 142.7 MB to 128.8 MB.
Total: 8.026917 ms (FindLiveObjects: 0.203500 ms CreateObjectMapping: 0.084625 ms MarkObjects: 6.584875 ms  DeleteObjects: 1.153750 ms)

Prepare: number of updated asset objects reloaded= 0
========================================================================
Received Prepare
Refreshing native plugins compatible for Editor in 1.41 ms, found 2 plugins.
Preloading 1 native plugins for Editor in 1.17 ms.
Unloading 43 Unused Serialized files (Serialized files now loaded: 0)
Unloading 5148 unused Assets / (13.3 MB). Loaded Objects now: 6160.
Memory consumption went from 132.3 MB to 119.1 MB.
Total: 7.739583 ms (FindLiveObjects: 0.201583 ms CreateObjectMapping: 0.074625 ms MarkObjects: 6.333958 ms  DeleteObjects: 1.129291 ms)

Prepare: number of updated asset objects reloaded= 0
========================================================================
Received Prepare
Begin MonoManager ReloadAssembly
Thread 0x16f823000 may have been prematurely finalized
Symbol file LoadedFromMemory is not a mono symbol file
Symbol file LoadedFromMemory is not a mono symbol file
- Loaded All Assemblies, in  0.313 seconds
Refreshing native plugins compatible for Editor in 1.31 ms, found 2 plugins.
Native extension for OSXStandalone target not found
Native extension for WebGL target not found
Refreshing native plugins compatible for Editor in 1.21 ms, found 2 plugins.
[Package Manager] Failed to launch server process. Reason: Unity was launched with the -noUpm command-line argument
[Package Manager] Unable to send message (not connected to server process).
[Package Manager] Cannot connect to Unity Package Manager local server
ScheduleIndexationOnStartup MainProcess:False IndexOnStartup:True
Mono: successfully reloaded assembly
- Finished resetting the current domain, in  0.422 seconds
Domain Reload Profiling: 736ms
	BeginReloadAssembly (74ms)
		ExecutionOrderSort (0ms)
		DisableScriptedObjects (3ms)
		BackupInstance (0ms)
		ReleaseScriptingObjects (0ms)
		CreateAndSetChildDomain (23ms)
	RebuildCommonClasses (16ms)
	RebuildNativeTypeToScriptingClass (6ms)
	initialDomainReloadingComplete (11ms)
	LoadAllAssembliesAndSetupDomain (207ms)
		LoadAssemblies (162ms)
		RebuildTransferFunctionScriptingTraits (0ms)
		AnalyzeDomain (68ms)
			TypeCache.Refresh (7ms)
				TypeCache.ScanAssembly (0ms)
			BuildScriptInfoCaches (58ms)
			ResolveRequiredComponents (1ms)
	FinalizeReload (422ms)
		ReleaseScriptCaches (0ms)
		RebuildScriptCaches (0ms)
		SetupLoadedEditorAssemblies (369ms)
			LogAssemblyErrors (0ms)
			InitializePlatformSupportModulesInManaged (1ms)
			SetLoadedEditorAssemblies (2ms)
			BeforeProcessingInitializeOnLoad (91ms)
			ProcessInitializeOnLoadAttributes (174ms)
			ProcessInitializeOnLoadMethodAttributes (101ms)
			AfterProcessingInitializeOnLoad (1ms)
			EditorAssembliesLoaded (0ms)
		ExecutionOrderSort2 (0ms)
		AwakeInstancesAfterBackupRestoration (1ms)
Refreshing native plugins compatible for Editor in 1.31 ms, found 2 plugins.
Preloading 1 native plugins for Editor in 1.25 ms.
Unloading 43 Unused Serialized files (Serialized files now loaded: 0)
Unloading 5193 unused Assets / (13.3 MB). Loaded Objects now: 6164.
Memory consumption went from 142.7 MB to 129.4 MB.
Total: 8.028667 ms (FindLiveObjects: 0.207584 ms CreateObjectMapping: 0.082125 ms MarkObjects: 6.608041 ms  DeleteObjects: 1.130792 ms)

Prepare: number of updated asset objects reloaded= 0
========================================================================
Received Prepare
Begin MonoManager ReloadAssembly
Thread 0x16f823000 may have been prematurely finalized
Symbol file LoadedFromMemory is not a mono symbol file
Symbol file LoadedFromMemory is not a mono symbol file
- Loaded All Assemblies, in  0.300 seconds
Refreshing native plugins compatible for Editor in 1.00 ms, found 2 plugins.
Native extension for OSXStandalone target not found
Native extension for WebGL target not found
Refreshing native plugins compatible for Editor in 1.12 ms, found 2 plugins.
[Package Manager] Failed to launch server process. Reason: Unity was launched with the -noUpm command-line argument
[Package Manager] Unable to send message (not connected to server process).
[Package Manager] Cannot connect to Unity Package Manager local server
ScheduleIndexationOnStartup MainProcess:False IndexOnStartup:True
Mono: successfully reloaded assembly
- Finished resetting the current domain, in  0.456 seconds
Domain Reload Profiling: 758ms
	BeginReloadAssembly (72ms)
		ExecutionOrderSort (0ms)
		DisableScriptedObjects (3ms)
		BackupInstance (0ms)
		ReleaseScriptingObjects (0ms)
		CreateAndSetChildDomain (23ms)
	RebuildCommonClasses (16ms)
	RebuildNativeTypeToScriptingClass (6ms)
	initialDomainReloadingComplete (11ms)
	LoadAllAssembliesAndSetupDomain (197ms)
		LoadAssemblies (153ms)
		RebuildTransferFunctionScriptingTraits (0ms)
		AnalyzeDomain (65ms)
			TypeCache.Refresh (4ms)
				TypeCache.ScanAssembly (0ms)
			BuildScriptInfoCaches (58ms)
			ResolveRequiredComponents (1ms)
	FinalizeReload (456ms)
		ReleaseScriptCaches (0ms)
		RebuildScriptCaches (0ms)
		SetupLoadedEditorAssemblies (403ms)
			LogAssemblyErrors (0ms)
			InitializePlatformSupportModulesInManaged (1ms)
			SetLoadedEditorAssemblies (2ms)
			BeforeProcessingInitializeOnLoad (100ms)
			ProcessInitializeOnLoadAttributes (186ms)
			ProcessInitializeOnLoadMethodAttributes (113ms)
			AfterProcessingInitializeOnLoad (1ms)
			EditorAssembliesLoaded (0ms)
		ExecutionOrderSort2 (0ms)
		AwakeInstancesAfterBackupRestoration (1ms)
Refreshing native plugins compatible for Editor in 0.99 ms, found 2 plugins.
Preloading 1 native plugins for Editor in 1.16 ms.
Unloading 43 Unused Serialized files (Serialized files now loaded: 0)
Unloading 5193 unused Assets / (12.7 MB). Loaded Objects now: 6168.
Memory consumption went from 142.7 MB to 130.1 MB.
Total: 8.684667 ms (FindLiveObjects: 0.337625 ms CreateObjectMapping: 0.082750 ms MarkObjects: 6.866333 ms  DeleteObjects: 1.397709 ms)

Prepare: number of updated asset objects reloaded= 0
AssetImportWorkerClient::OnTransportError - code=2 error=End of file
