Unity Editor version:    6000.3.10f1 (e35f0c77bd8e)
Branch:                  6000.3/staging
Build type:              Release
Batch mode:              YES
macOS version:           Version 26.3 (Build 25D125)
Darwin version:          25.3.0
Architecture:            arm64
Running under Rosetta:   NO
Available memory:        24576 MB
Date:                    2026-05-17T19:25:59Z
[Licensing::Module] Trying to connect to existing licensing client channel...
[Licensing::IpcConnector] Successfully connected to: "LicenseClient-ivanopiredda90" at "2026-05-17T19:25:59.294221Z"

COMMAND LINE ARGUMENTS:
/Applications/Unity/Hub/Editor/6000.3.10f1/Unity.app/Contents/MacOS/Unity
-adb2
-batchMode
-noUpm
-name
AssetImportWorker1
-projectPath
/Users/ivanopiredda90/Desktop/TheRoyalGameOfUr3D
-logFile
Logs/AssetImportWorker1.log
-srvPort
62139
-licensingIpc
LicenseClient-ivanopiredda90
-job-worker-count
4
-background-job-worker-count
8
-gc-helper-count
1
-name AssetImport
Successfully changed project path to: /Users/ivanopiredda90/Desktop/TheRoyalGameOfUr3D
/Users/ivanopiredda90/Desktop/TheRoyalGameOfUr3D
[UnityMemory] Configuration Parameters - Can be set up in boot.config
    "memorysetup-allocator-temp-initial-block-size-main=262144"
    "memorysetup-allocator-temp-initial-block-size-worker=262144"
    "memorysetup-temp-allocator-size-background-worker=32768"
    "memorysetup-temp-allocator-size-job-worker=262144"
    "memorysetup-temp-allocator-size-preload-manager=33554432"
    "memorysetup-temp-allocator-size-nav-mesh-worker=65536"
    "memorysetup-temp-allocator-size-audio-worker=65536"
    "memorysetup-temp-allocator-size-cloud-worker=32768"
    "memorysetup-bucket-allocator-granularity=16"
    "memorysetup-bucket-allocator-bucket-count=8"
    "memorysetup-bucket-allocator-block-size=33554432"
    "memorysetup-bucket-allocator-block-count=8"
    "memorysetup-main-allocator-block-size=16777216"
    "memorysetup-thread-allocator-block-size=16777216"
    "memorysetup-gfx-main-allocator-block-size=16777216"
    "memorysetup-gfx-thread-allocator-block-size=16777216"
    "memorysetup-cache-allocator-block-size=4194304"
    "memorysetup-typetree-allocator-block-size=2097152"
    "memorysetup-profiler-bucket-allocator-granularity=16"
    "memorysetup-profiler-bucket-allocator-bucket-count=8"
    "memorysetup-profiler-bucket-allocator-block-size=33554432"
    "memorysetup-profiler-bucket-allocator-block-count=8"
    "memorysetup-profiler-allocator-block-size=16777216"
    "memorysetup-profiler-editor-allocator-block-size=1048576"
    "memorysetup-temp-allocator-size-main=16777216"
    "memorysetup-job-temp-allocator-block-size=2097152"
    "memorysetup-job-temp-allocator-block-size-background=1048576"
    "memorysetup-job-temp-allocator-reduction-small-platforms=262144"
    "memorysetup-temp-allocator-size-gi-baking-worker=262144"
    "memorysetup-temp-allocator-size-gi-baking-worker=262144"
    "memorysetup-temp-allocator-size-gi-baking-worker=262144"
    "memorysetup-temp-allocator-size-gi-baking-worker=262144"
    "memorysetup-temp-allocator-size-gi-baking-worker=262144"
    "memorysetup-temp-allocator-size-gfx=262144"
Player connection [8458334336]  Target information:

Player connection [8458334336]  * "[IP] 192.168.1.63 [Port] 0 [Flags] 2 [Guid] 3654292821 [EditorId] 3654292821 [Version] 1048832 [Id] OSXEditor(0,MacBook-Pro.local) [Debug] 1 [PackageName] OSXEditor [ProjectName] Editor" 

Player connection [8458334336] Host joined multi-casting on [225.0.0.222:54997]...
Player connection [8458334336] Host joined alternative multi-casting on [225.0.0.222:34997]...
JobSystem: Creating JobQueue using job-worker-count value 4
Input System module state changed to: Initialized.
[Physics::Module] Initialized fallback backend.
[Physics::Module] Id: 0xdecafbad
Library Redirect Path: Library/
[Physics::Module] Selected backend.
[Physics::Module] Name: PhysX
[Physics::Module] Id: 0xf2b8ea05
[Physics::Module] SDK Version: 4.1.2
[Physics::Module] Integration Version: 1.0.0
[Physics::Module] Threading Mode: Multi-Threaded
Refreshing native plugins compatible for Editor in 2.06 ms, found 2 plugins.
Preloading 1 native plugins for Editor in 1.83 ms.
Initialize engine version: 6000.3.10f1 (e35f0c77bd8e)
[Subsystems] Discovering subsystems at path /Applications/Unity/Hub/Editor/6000.3.10f1/Unity.app/Contents/Resources/UnitySubsystems
[Subsystems] Discovering subsystems at path /Users/ivanopiredda90/Desktop/TheRoyalGameOfUr3D/Assets
GfxDevice: creating device client; kGfxThreadingModeNonThreaded
 preferred device: Apple M5 (high power)
Metal devices available: 1
0: Apple M5 (high power)
Using device Apple M5 (high power)
Initializing Metal device caps: Apple M5
Mac GPU Family: 2
Apple GPU Family: 9
MSL Version: 3.0
Has Float MSAA: 1
Has Float Filtering: 1
ReadWrite Texture Tier: 2
Initialize mono
Mono path[0] = '/Applications/Unity/Hub/Editor/6000.3.10f1/Unity.app/Contents/Resources/Scripting/Managed'
Mono path[1] = '/Applications/Unity/Hub/Editor/6000.3.10f1/Unity.app/Contents/Resources/Scripting/MonoBleedingEdge/lib/mono/unityjit-macos'
Mono config path = '/Applications/Unity/Hub/Editor/6000.3.10f1/Unity.app/Contents/Resources/Scripting/MonoBleedingEdge/etc'
Using monoOptions --debugger-agent=transport=dt_socket,embedding=1,server=y,suspend=n,address=127.0.0.1:56591
Begin MonoManager ReloadAssembly
Registering precompiled unity dll's ...
Register platform support module: /Applications/Unity/Hub/Editor/6000.3.10f1/PlaybackEngines/WebGLSupport/UnityEditor.WebGL.Extensions.dll
Register platform support module: /Applications/Unity/Hub/Editor/6000.3.10f1/Unity.app/Contents/PlaybackEngines/MacStandaloneSupport/UnityEditor.OSXStandalone.Extensions.dll
Registered in 0.000414 seconds.
[Licensing::Client] Handshaking with LicensingClient:
  Version:                 1.17.4+4293ba1
  Session Id:              f6b12c79922646f9800c34fae739df77
  Correlation Id:          b87b21f6c54bd388c5c6f91c52ca74df
  External correlation Id: 3894780555238454590
  Machine Id:              yOme4EDk+YvHUsEe7+5+3MQuzwI=
[Licensing::Module] Successfully connected to LicensingClient on channel: "LicenseClient-ivanopiredda90" (connect: 0.00s, validation: 0.00s, handshake: 0.38s)
[Licensing::IpcConnector] Successfully connected to: "LicenseClient-ivanopiredda90-notifications" at "2026-05-17T19:25:59.67671Z"
[Licensing::Module] Licensing Background thread has ended after 0.38s
- Loaded All Assemblies, in  0.156 seconds
Native extension for OSXStandalone target not found
Native extension for WebGL target not found
ScheduleIndexationOnStartup MainProcess:False IndexOnStartup:True
Mono: successfully reloaded assembly
- Finished resetting the current domain, in  0.191 seconds
Domain Reload Profiling: 347ms
	BeginReloadAssembly (38ms)
		ExecutionOrderSort (0ms)
		DisableScriptedObjects (0ms)
		BackupInstance (0ms)
		ReleaseScriptingObjects (0ms)
		CreateAndSetChildDomain (0ms)
	RebuildCommonClasses (16ms)
	RebuildNativeTypeToScriptingClass (6ms)
	initialDomainReloadingComplete (18ms)
	LoadAllAssembliesAndSetupDomain (78ms)
		LoadAssemblies (38ms)
		RebuildTransferFunctionScriptingTraits (0ms)
		AnalyzeDomain (77ms)
			TypeCache.Refresh (76ms)
				TypeCache.ScanAssembly (69ms)
			BuildScriptInfoCaches (0ms)
			ResolveRequiredComponents (0ms)
	FinalizeReload (192ms)
		ReleaseScriptCaches (0ms)
		RebuildScriptCaches (0ms)
		SetupLoadedEditorAssemblies (170ms)
			LogAssemblyErrors (0ms)
			InitializePlatformSupportModulesInManaged (22ms)
			SetLoadedEditorAssemblies (2ms)
			BeforeProcessingInitializeOnLoad (45ms)
			ProcessInitializeOnLoadAttributes (70ms)
			ProcessInitializeOnLoadMethodAttributes (31ms)
			AfterProcessingInitializeOnLoad (0ms)
			EditorAssembliesLoaded (0ms)
		ExecutionOrderSort2 (0ms)
		AwakeInstancesAfterBackupRestoration (0ms)
[CoreBusinessMetrics] Unexpected thread when updating session info.
========================================================================
Worker process is ready to serve import requests
Import Worker Mode flag is 0x00
Begin MonoManager ReloadAssembly
[Licensing::Client] Successfully resolved entitlement details
[Licensing::Module] License group:
  Id: F4-85AS-8ZW6-XMRF-425Z-XXXX
  Product: Unity Personal
  Type: ULF
  Expiration: Unlimited
[Licensing::Module] License group:
  Id: 6872810951280-UnityPersXXXX
  Product: Unity Personal
  Type: Assigned
  Expiration: Unlimited
Symbol file LoadedFromMemory is not a mono symbol file
Symbol file LoadedFromMemory is not a mono symbol file
- Loaded All Assemblies, in  0.311 seconds
Refreshing native plugins compatible for Editor in 1.86 ms, found 2 plugins.
Native extension for OSXStandalone target not found
Native extension for WebGL target not found
Refreshing native plugins compatible for Editor in 1.67 ms, found 2 plugins.
Package Manager log level set to [2]
[Package Manager] Failed to launch server process. Reason: Unity was launched with the -noUpm command-line argument
[Package Manager] Unable to send message (not connected to server process).
[Package Manager] Cannot connect to Unity Package Manager local server
ScheduleIndexationOnStartup MainProcess:False IndexOnStartup:True
Mono: successfully reloaded assembly
- Finished resetting the current domain, in  0.423 seconds
Domain Reload Profiling: 734ms
	BeginReloadAssembly (59ms)
		ExecutionOrderSort (0ms)
		DisableScriptedObjects (2ms)
		BackupInstance (0ms)
		ReleaseScriptingObjects (0ms)
		CreateAndSetChildDomain (12ms)
	RebuildCommonClasses (16ms)
	RebuildNativeTypeToScriptingClass (6ms)
	initialDomainReloadingComplete (15ms)
	LoadAllAssembliesAndSetupDomain (214ms)
		LoadAssemblies (149ms)
		RebuildTransferFunctionScriptingTraits (0ms)
		AnalyzeDomain (93ms)
			TypeCache.Refresh (72ms)
				TypeCache.ScanAssembly (63ms)
			BuildScriptInfoCaches (17ms)
			ResolveRequiredComponents (1ms)
	FinalizeReload (423ms)
		ReleaseScriptCaches (0ms)
		RebuildScriptCaches (0ms)
		SetupLoadedEditorAssemblies (374ms)
			LogAssemblyErrors (0ms)
			InitializePlatformSupportModulesInManaged (1ms)
			SetLoadedEditorAssemblies (2ms)
			BeforeProcessingInitializeOnLoad (79ms)
			ProcessInitializeOnLoadAttributes (190ms)
			ProcessInitializeOnLoadMethodAttributes (102ms)
			AfterProcessingInitializeOnLoad (0ms)
			EditorAssembliesLoaded (0ms)
		ExecutionOrderSort2 (0ms)
		AwakeInstancesAfterBackupRestoration (1ms)
Launching external process: /Applications/Unity/Hub/Editor/6000.3.10f1/Unity.app/Contents/Helpers/UnityShaderCompiler
Launched and connected shader compiler UnityShaderCompiler after 0.02 seconds
Refreshing native plugins compatible for Editor in 1.52 ms, found 2 plugins.
Preloading 1 native plugins for Editor in 1.21 ms.
Unloading 43 Unused Serialized files (Serialized files now loaded: 0)
Unloading 5194 unused Assets / (15.1 MB). Loaded Objects now: 5768.
Memory consumption went from 134.6 MB to 119.5 MB.
Total: 8.771958 ms (FindLiveObjects: 0.200583 ms CreateObjectMapping: 0.088625 ms MarkObjects: 6.618917 ms  DeleteObjects: 1.863666 ms)

========================================================================
Received Import Request.
  Time since last request: 74828.878045 seconds.
  path: Assets/Scripts/PlayerStone.cs
  artifactKey: Guid(e34e2c20232dc8e46a210d4b08ac1a2f) Importer(2089858483,b0f066a214c2f5e87bad3c948f4d605d)
Start importing Assets/Scripts/PlayerStone.cs using Guid(e34e2c20232dc8e46a210d4b08ac1a2f) Importer(2089858483,b0f066a214c2f5e87bad3c948f4d605d) (ScriptedImporter) -> (artifact id: '07b277c77ca142bca1be75a04c1b0483') in 0.023639459 seconds
Number of updated asset objects reloaded before import = 0Number of asset objects unloaded after import = 0

========================================================================
Received Import Request.
  Time since last request: 0.000022 seconds.
  path: Assets/Scripts/Tile.cs
  artifactKey: Guid(63b367df623e72743bdc59c6dea11c81) Importer(2089858483,b0f066a214c2f5e87bad3c948f4d605d)
Start importing Assets/Scripts/Tile.cs using Guid(63b367df623e72743bdc59c6dea11c81) Importer(2089858483,b0f066a214c2f5e87bad3c948f4d605d) (ScriptedImporter) -> (artifact id: 'bec78e8f23a49807b460352a392ce182') in 0.001548334 seconds
Number of updated asset objects reloaded before import = 0Number of asset objects unloaded after import = 0

========================================================================
Received Import Request.
  Time since last request: 0.000082 seconds.
  path: Assets/_SCENE_.unity
  artifactKey: Guid(b48e3eea09fca894d88c9c4c01d391a4) Importer(2089858483,b0f066a214c2f5e87bad3c948f4d605d)
Start importing Assets/_SCENE_.unity using Guid(b48e3eea09fca894d88c9c4c01d391a4) Importer(2089858483,b0f066a214c2f5e87bad3c948f4d605d) (ScriptedImporter) -> (artifact id: '895028abcee29e655bd06ec02b6780ab') in 0.00217975 seconds
Number of updated asset objects reloaded before import = 0Number of asset objects unloaded after import = 1

========================================================================
Received Prepare
Begin MonoManager ReloadAssembly
[Licensing::Client] Successfully resolved entitlement details
[Licensing::Module] License group:
  Id: F4-85AS-8ZW6-XMRF-425Z-XXXX
  Product: Unity Personal
  Type: ULF
  Expiration: Unlimited
[Licensing::Module] License group:
  Id: 6872810951280-UnityPersXXXX
  Product: Unity Personal
  Type: Assigned
  Expiration: Unlimited
Thread 0x16eaeb000 may have been prematurely finalized
Symbol file LoadedFromMemory is not a mono symbol file
Symbol file LoadedFromMemory is not a mono symbol file
- Loaded All Assemblies, in  0.289 seconds
Refreshing native plugins compatible for Editor in 1.18 ms, found 2 plugins.
Native extension for OSXStandalone target not found
Native extension for WebGL target not found
Refreshing native plugins compatible for Editor in 1.17 ms, found 2 plugins.
[Package Manager] Failed to launch server process. Reason: Unity was launched with the -noUpm command-line argument
[Package Manager] Unable to send message (not connected to server process).
[Package Manager] Cannot connect to Unity Package Manager local server
ScheduleIndexationOnStartup MainProcess:False IndexOnStartup:True
Mono: successfully reloaded assembly
- Finished resetting the current domain, in  0.440 seconds
Domain Reload Profiling: 729ms
	BeginReloadAssembly (73ms)
		ExecutionOrderSort (0ms)
		DisableScriptedObjects (3ms)
		BackupInstance (0ms)
		ReleaseScriptingObjects (0ms)
		CreateAndSetChildDomain (21ms)
	RebuildCommonClasses (16ms)
	RebuildNativeTypeToScriptingClass (6ms)
	initialDomainReloadingComplete (9ms)
	LoadAllAssembliesAndSetupDomain (185ms)
		LoadAssemblies (145ms)
		RebuildTransferFunctionScriptingTraits (0ms)
		AnalyzeDomain (63ms)
			TypeCache.Refresh (4ms)
				TypeCache.ScanAssembly (0ms)
			BuildScriptInfoCaches (56ms)
			ResolveRequiredComponents (1ms)
	FinalizeReload (440ms)
		ReleaseScriptCaches (0ms)
		RebuildScriptCaches (0ms)
		SetupLoadedEditorAssemblies (390ms)
			LogAssemblyErrors (0ms)
			InitializePlatformSupportModulesInManaged (1ms)
			SetLoadedEditorAssemblies (2ms)
			BeforeProcessingInitializeOnLoad (92ms)
			ProcessInitializeOnLoadAttributes (189ms)
			ProcessInitializeOnLoadMethodAttributes (105ms)
			AfterProcessingInitializeOnLoad (0ms)
			EditorAssembliesLoaded (0ms)
		ExecutionOrderSort2 (0ms)
		AwakeInstancesAfterBackupRestoration (2ms)
Refreshing native plugins compatible for Editor in 1.57 ms, found 2 plugins.
Preloading 1 native plugins for Editor in 1.19 ms.
Unloading 43 Unused Serialized files (Serialized files now loaded: 0)
Unloading 5192 unused Assets / (14.7 MB). Loaded Objects now: 5774.
Memory consumption went from 150.1 MB to 135.4 MB.
Total: 8.607250 ms (FindLiveObjects: 0.196125 ms CreateObjectMapping: 0.079292 ms MarkObjects: 6.937833 ms  DeleteObjects: 1.393584 ms)

Prepare: number of updated asset objects reloaded= 0
========================================================================
Received Prepare
Begin MonoManager ReloadAssembly
Thread 0x16ba33000 may have been prematurely finalized
Symbol file LoadedFromMemory is not a mono symbol file
Symbol file LoadedFromMemory is not a mono symbol file
- Loaded All Assemblies, in  0.277 seconds
Refreshing native plugins compatible for Editor in 1.59 ms, found 2 plugins.
Native extension for OSXStandalone target not found
Native extension for WebGL target not found
Refreshing native plugins compatible for Editor in 1.65 ms, found 2 plugins.
[Package Manager] Failed to launch server process. Reason: Unity was launched with the -noUpm command-line argument
[Package Manager] Unable to send message (not connected to server process).
[Package Manager] Cannot connect to Unity Package Manager local server
ScheduleIndexationOnStartup MainProcess:False IndexOnStartup:True
Mono: successfully reloaded assembly
- Finished resetting the current domain, in  0.444 seconds
Domain Reload Profiling: 722ms
	BeginReloadAssembly (70ms)
		ExecutionOrderSort (0ms)
		DisableScriptedObjects (3ms)
		BackupInstance (0ms)
		ReleaseScriptingObjects (0ms)
		CreateAndSetChildDomain (21ms)
	RebuildCommonClasses (16ms)
	RebuildNativeTypeToScriptingClass (6ms)
	initialDomainReloadingComplete (9ms)
	LoadAllAssembliesAndSetupDomain (176ms)
		LoadAssemblies (136ms)
		RebuildTransferFunctionScriptingTraits (0ms)
		AnalyzeDomain (62ms)
			TypeCache.Refresh (4ms)
				TypeCache.ScanAssembly (0ms)
			BuildScriptInfoCaches (56ms)
			ResolveRequiredComponents (1ms)
	FinalizeReload (444ms)
		ReleaseScriptCaches (0ms)
		RebuildScriptCaches (0ms)
		SetupLoadedEditorAssemblies (390ms)
			LogAssemblyErrors (0ms)
			InitializePlatformSupportModulesInManaged (1ms)
			SetLoadedEditorAssemblies (2ms)
			BeforeProcessingInitializeOnLoad (90ms)
			ProcessInitializeOnLoadAttributes (189ms)
			ProcessInitializeOnLoadMethodAttributes (107ms)
			AfterProcessingInitializeOnLoad (0ms)
			EditorAssembliesLoaded (0ms)
		ExecutionOrderSort2 (0ms)
		AwakeInstancesAfterBackupRestoration (1ms)
Refreshing native plugins compatible for Editor in 1.50 ms, found 2 plugins.
Preloading 1 native plugins for Editor in 1.26 ms.
Unloading 43 Unused Serialized files (Serialized files now loaded: 0)
Unloading 5192 unused Assets / (12.8 MB). Loaded Objects now: 5778.
Memory consumption went from 150.0 MB to 137.2 MB.
Total: 8.563625 ms (FindLiveObjects: 0.192209 ms CreateObjectMapping: 0.086791 ms MarkObjects: 6.659542 ms  DeleteObjects: 1.624708 ms)

Prepare: number of updated asset objects reloaded= 0
========================================================================
Received Prepare
Begin MonoManager ReloadAssembly
[Licensing::Client] Successfully resolved entitlement details
[Licensing::Module] License group:
  Id: F4-85AS-8ZW6-XMRF-425Z-XXXX
  Product: Unity Personal
  Type: ULF
  Expiration: Unlimited
[Licensing::Module] License group:
  Id: 6872810951280-UnityPersXXXX
  Product: Unity Personal
  Type: Assigned
  Expiration: Unlimited
Thread 0x16b9a7000 may have been prematurely finalized
Symbol file LoadedFromMemory is not a mono symbol file
Symbol file LoadedFromMemory is not a mono symbol file
- Loaded All Assemblies, in  0.286 seconds
Refreshing native plugins compatible for Editor in 1.57 ms, found 2 plugins.
Native extension for OSXStandalone target not found
Native extension for WebGL target not found
Refreshing native plugins compatible for Editor in 1.71 ms, found 2 plugins.
[Package Manager] Failed to launch server process. Reason: Unity was launched with the -noUpm command-line argument
[Package Manager] Unable to send message (not connected to server process).
[Package Manager] Cannot connect to Unity Package Manager local server
ScheduleIndexationOnStartup MainProcess:False IndexOnStartup:True
Mono: successfully reloaded assembly
- Finished resetting the current domain, in  0.432 seconds
Domain Reload Profiling: 719ms
	BeginReloadAssembly (72ms)
		ExecutionOrderSort (0ms)
		DisableScriptedObjects (3ms)
		BackupInstance (0ms)
		ReleaseScriptingObjects (0ms)
		CreateAndSetChildDomain (21ms)
	RebuildCommonClasses (16ms)
	RebuildNativeTypeToScriptingClass (6ms)
	initialDomainReloadingComplete (10ms)
	LoadAllAssembliesAndSetupDomain (183ms)
		LoadAssemblies (143ms)
		RebuildTransferFunctionScriptingTraits (0ms)
		AnalyzeDomain (63ms)
			TypeCache.Refresh (4ms)
				TypeCache.ScanAssembly (0ms)
			BuildScriptInfoCaches (57ms)
			ResolveRequiredComponents (1ms)
	FinalizeReload (432ms)
		ReleaseScriptCaches (0ms)
		RebuildScriptCaches (0ms)
		SetupLoadedEditorAssemblies (381ms)
			LogAssemblyErrors (0ms)
			InitializePlatformSupportModulesInManaged (1ms)
			SetLoadedEditorAssemblies (2ms)
			BeforeProcessingInitializeOnLoad (94ms)
			ProcessInitializeOnLoadAttributes (182ms)
			ProcessInitializeOnLoadMethodAttributes (101ms)
			AfterProcessingInitializeOnLoad (1ms)
			EditorAssembliesLoaded (0ms)
		ExecutionOrderSort2 (0ms)
		AwakeInstancesAfterBackupRestoration (1ms)
Refreshing native plugins compatible for Editor in 1.41 ms, found 2 plugins.
Preloading 1 native plugins for Editor in 1.22 ms.
Unloading 43 Unused Serialized files (Serialized files now loaded: 0)
Unloading 5192 unused Assets / (13.9 MB). Loaded Objects now: 5782.
Memory consumption went from 149.8 MB to 135.9 MB.
Total: 8.007875 ms (FindLiveObjects: 0.191375 ms CreateObjectMapping: 0.076000 ms MarkObjects: 6.443084 ms  DeleteObjects: 1.297125 ms)

Prepare: number of updated asset objects reloaded= 0
========================================================================
Received Prepare
Refreshing native plugins compatible for Editor in 1.68 ms, found 2 plugins.
Preloading 1 native plugins for Editor in 1.20 ms.
Unloading 43 Unused Serialized files (Serialized files now loaded: 0)
Unloading 5147 unused Assets / (12.6 MB). Loaded Objects now: 5782.
Memory consumption went from 134.4 MB to 121.9 MB.
Total: 21.136042 ms (FindLiveObjects: 0.180958 ms CreateObjectMapping: 0.080000 ms MarkObjects: 19.537459 ms  DeleteObjects: 1.337500 ms)

Prepare: number of updated asset objects reloaded= 0
========================================================================
Received Import Request.
  Time since last request: 895.151488 seconds.
  path: Assets/Scripts/StateManager.cs
  artifactKey: Guid(aca25b81987b3c04fb8ac5c32a240ee3) Importer(815301076,1909f56bfc062723c751e8b465ee728b)
Start importing Assets/Scripts/StateManager.cs using Guid(aca25b81987b3c04fb8ac5c32a240ee3) Importer(815301076,1909f56bfc062723c751e8b465ee728b) (PreviewImporter) -> (artifact id: '1b5f89f8557b3fa3ac55a49a7a3d100b') in 0.004769 seconds
Number of updated asset objects reloaded before import = 0Number of asset objects unloaded after import = 0

========================================================================
Received Prepare
Begin MonoManager ReloadAssembly
[Licensing::Client] Successfully resolved entitlement details
[Licensing::Module] License group:
  Id: F4-85AS-8ZW6-XMRF-425Z-XXXX
  Product: Unity Personal
  Type: ULF
  Expiration: Unlimited
[Licensing::Module] License group:
  Id: 6872810951280-UnityPersXXXX
  Product: Unity Personal
  Type: Assigned
  Expiration: Unlimited
Thread 0x16b9a7000 may have been prematurely finalized
Symbol file LoadedFromMemory is not a mono symbol file
Symbol file LoadedFromMemory is not a mono symbol file
- Loaded All Assemblies, in  0.334 seconds
Refreshing native plugins compatible for Editor in 1.25 ms, found 2 plugins.
Native extension for OSXStandalone target not found
Native extension for WebGL target not found
Refreshing native plugins compatible for Editor in 1.39 ms, found 2 plugins.
[Package Manager] Failed to launch server process. Reason: Unity was launched with the -noUpm command-line argument
[Package Manager] Unable to send message (not connected to server process).
[Package Manager] Cannot connect to Unity Package Manager local server
ScheduleIndexationOnStartup MainProcess:False IndexOnStartup:True
Mono: successfully reloaded assembly
- Finished resetting the current domain, in  0.402 seconds
Domain Reload Profiling: 736ms
	BeginReloadAssembly (82ms)
		ExecutionOrderSort (0ms)
		DisableScriptedObjects (3ms)
		BackupInstance (0ms)
		ReleaseScriptingObjects (0ms)
		CreateAndSetChildDomain (24ms)
	RebuildCommonClasses (16ms)
	RebuildNativeTypeToScriptingClass (6ms)
	initialDomainReloadingComplete (10ms)
	LoadAllAssembliesAndSetupDomain (220ms)
		LoadAssemblies (182ms)
		RebuildTransferFunctionScriptingTraits (0ms)
		AnalyzeDomain (66ms)
			TypeCache.Refresh (7ms)
				TypeCache.ScanAssembly (0ms)
			BuildScriptInfoCaches (57ms)
			ResolveRequiredComponents (1ms)
	FinalizeReload (402ms)
		ReleaseScriptCaches (0ms)
		RebuildScriptCaches (0ms)
		SetupLoadedEditorAssemblies (352ms)
			LogAssemblyErrors (0ms)
			InitializePlatformSupportModulesInManaged (1ms)
			SetLoadedEditorAssemblies (2ms)
			BeforeProcessingInitializeOnLoad (82ms)
			ProcessInitializeOnLoadAttributes (168ms)
			ProcessInitializeOnLoadMethodAttributes (99ms)
			AfterProcessingInitializeOnLoad (0ms)
			EditorAssembliesLoaded (0ms)
		ExecutionOrderSort2 (0ms)
		AwakeInstancesAfterBackupRestoration (1ms)
Refreshing native plugins compatible for Editor in 1.70 ms, found 2 plugins.
Preloading 1 native plugins for Editor in 1.19 ms.
Unloading 43 Unused Serialized files (Serialized files now loaded: 0)
Unloading 5192 unused Assets / (13.9 MB). Loaded Objects now: 5786.
Memory consumption went from 148.8 MB to 134.9 MB.
Total: 7.636583 ms (FindLiveObjects: 0.175500 ms CreateObjectMapping: 0.079583 ms MarkObjects: 6.205208 ms  DeleteObjects: 1.176208 ms)

Prepare: number of updated asset objects reloaded= 0
========================================================================
Received Prepare
Refreshing native plugins compatible for Editor in 1.60 ms, found 2 plugins.
Preloading 1 native plugins for Editor in 1.18 ms.
Unloading 43 Unused Serialized files (Serialized files now loaded: 0)
Unloading 5147 unused Assets / (12.7 MB). Loaded Objects now: 5786.
Memory consumption went from 133.4 MB to 120.7 MB.
Total: 8.235542 ms (FindLiveObjects: 0.180333 ms CreateObjectMapping: 0.079500 ms MarkObjects: 6.704958 ms  DeleteObjects: 1.270459 ms)

Prepare: number of updated asset objects reloaded= 0
========================================================================
Received Prepare
Begin MonoManager ReloadAssembly
Thread 0x16b9a7000 may have been prematurely finalized
Symbol file LoadedFromMemory is not a mono symbol file
Symbol file LoadedFromMemory is not a mono symbol file
- Loaded All Assemblies, in  0.302 seconds
Refreshing native plugins compatible for Editor in 1.34 ms, found 2 plugins.
Native extension for OSXStandalone target not found
Native extension for WebGL target not found
Refreshing native plugins compatible for Editor in 1.25 ms, found 2 plugins.
[Package Manager] Failed to launch server process. Reason: Unity was launched with the -noUpm command-line argument
[Package Manager] Unable to send message (not connected to server process).
[Package Manager] Cannot connect to Unity Package Manager local server
ScheduleIndexationOnStartup MainProcess:False IndexOnStartup:True
Mono: successfully reloaded assembly
- Finished resetting the current domain, in  0.406 seconds
Domain Reload Profiling: 709ms
	BeginReloadAssembly (71ms)
		ExecutionOrderSort (0ms)
		DisableScriptedObjects (3ms)
		BackupInstance (0ms)
		ReleaseScriptingObjects (0ms)
		CreateAndSetChildDomain (21ms)
	RebuildCommonClasses (16ms)
	RebuildNativeTypeToScriptingClass (6ms)
	initialDomainReloadingComplete (9ms)
	LoadAllAssembliesAndSetupDomain (200ms)
		LoadAssemblies (156ms)
		RebuildTransferFunctionScriptingTraits (0ms)
		AnalyzeDomain (67ms)
			TypeCache.Refresh (7ms)
				TypeCache.ScanAssembly (0ms)
			BuildScriptInfoCaches (58ms)
			ResolveRequiredComponents (1ms)
	FinalizeReload (406ms)
		ReleaseScriptCaches (0ms)
		RebuildScriptCaches (0ms)
		SetupLoadedEditorAssemblies (356ms)
			LogAssemblyErrors (0ms)
			InitializePlatformSupportModulesInManaged (1ms)
			SetLoadedEditorAssemblies (2ms)
			BeforeProcessingInitializeOnLoad (85ms)
			ProcessInitializeOnLoadAttributes (171ms)
			ProcessInitializeOnLoadMethodAttributes (96ms)
			AfterProcessingInitializeOnLoad (1ms)
			EditorAssembliesLoaded (0ms)
		ExecutionOrderSort2 (0ms)
		AwakeInstancesAfterBackupRestoration (1ms)
Refreshing native plugins compatible for Editor in 1.66 ms, found 2 plugins.
Preloading 1 native plugins for Editor in 1.20 ms.
Unloading 43 Unused Serialized files (Serialized files now loaded: 0)
Unloading 5192 unused Assets / (14.0 MB). Loaded Objects now: 5790.
Memory consumption went from 147.7 MB to 133.8 MB.
Total: 7.683667 ms (FindLiveObjects: 0.187250 ms CreateObjectMapping: 0.084917 ms MarkObjects: 6.230875 ms  DeleteObjects: 1.180500 ms)

Prepare: number of updated asset objects reloaded= 0
========================================================================
Received Prepare
Begin MonoManager ReloadAssembly
Thread 0x16b9a7000 may have been prematurely finalized
Symbol file LoadedFromMemory is not a mono symbol file
Symbol file LoadedFromMemory is not a mono symbol file
- Loaded All Assemblies, in  0.289 seconds
Refreshing native plugins compatible for Editor in 1.40 ms, found 2 plugins.
Native extension for OSXStandalone target not found
Native extension for WebGL target not found
Refreshing native plugins compatible for Editor in 1.52 ms, found 2 plugins.
[Package Manager] Failed to launch server process. Reason: Unity was launched with the -noUpm command-line argument
[Package Manager] Unable to send message (not connected to server process).
[Package Manager] Cannot connect to Unity Package Manager local server
ScheduleIndexationOnStartup MainProcess:False IndexOnStartup:True
Mono: successfully reloaded assembly
- Finished resetting the current domain, in  0.434 seconds
Domain Reload Profiling: 725ms
	BeginReloadAssembly (71ms)
		ExecutionOrderSort (0ms)
		DisableScriptedObjects (3ms)
		BackupInstance (0ms)
		ReleaseScriptingObjects (0ms)
		CreateAndSetChildDomain (21ms)
	RebuildCommonClasses (16ms)
	RebuildNativeTypeToScriptingClass (6ms)
	initialDomainReloadingComplete (9ms)
	LoadAllAssembliesAndSetupDomain (187ms)
		LoadAssemblies (147ms)
		RebuildTransferFunctionScriptingTraits (0ms)
		AnalyzeDomain (63ms)
			TypeCache.Refresh (4ms)
				TypeCache.ScanAssembly (0ms)
			BuildScriptInfoCaches (57ms)
			ResolveRequiredComponents (1ms)
	FinalizeReload (434ms)
		ReleaseScriptCaches (0ms)
		RebuildScriptCaches (0ms)
		SetupLoadedEditorAssemblies (383ms)
			LogAssemblyErrors (0ms)
			InitializePlatformSupportModulesInManaged (1ms)
			SetLoadedEditorAssemblies (2ms)
			BeforeProcessingInitializeOnLoad (94ms)
			ProcessInitializeOnLoadAttributes (180ms)
			ProcessInitializeOnLoadMethodAttributes (106ms)
			AfterProcessingInitializeOnLoad (1ms)
			EditorAssembliesLoaded (0ms)
		ExecutionOrderSort2 (0ms)
		AwakeInstancesAfterBackupRestoration (2ms)
Refreshing native plugins compatible for Editor in 1.57 ms, found 2 plugins.
Preloading 1 native plugins for Editor in 1.17 ms.
Unloading 43 Unused Serialized files (Serialized files now loaded: 0)
Unloading 5192 unused Assets / (13.3 MB). Loaded Objects now: 5794.
Memory consumption went from 147.7 MB to 134.3 MB.
Total: 8.709750 ms (FindLiveObjects: 0.229875 ms CreateObjectMapping: 0.086792 ms MarkObjects: 6.969416 ms  DeleteObjects: 1.423333 ms)

Prepare: number of updated asset objects reloaded= 0
========================================================================
Received Import Request.
  Time since last request: 1283.520415 seconds.
  path: Assets/_SCENE_.unity
  artifactKey: Guid(b48e3eea09fca894d88c9c4c01d391a4) Importer(2089858483,b0f066a214c2f5e87bad3c948f4d605d)
Start importing Assets/_SCENE_.unity using Guid(b48e3eea09fca894d88c9c4c01d391a4) Importer(2089858483,b0f066a214c2f5e87bad3c948f4d605d) (ScriptedImporter) -> (artifact id: '974b01e387da16429ee4d7165b4509e9') in 0.022957959 seconds
Number of updated asset objects reloaded before import = 0Number of asset objects unloaded after import = 1

========================================================================
Received Prepare
Refreshing native plugins compatible for Editor in 1.55 ms, found 2 plugins.
Preloading 1 native plugins for Editor in 1.28 ms.
Unloading 43 Unused Serialized files (Serialized files now loaded: 0)
Unloading 5148 unused Assets / (12.8 MB). Loaded Objects now: 5795.
Memory consumption went from 132.6 MB to 119.8 MB.
Total: 9.268000 ms (FindLiveObjects: 0.209667 ms CreateObjectMapping: 0.091334 ms MarkObjects: 7.593750 ms  DeleteObjects: 1.372459 ms)

Prepare: number of updated asset objects reloaded= 0
========================================================================
Received Prepare
Begin MonoManager ReloadAssembly
[Licensing::Client] Successfully resolved entitlement details
[Licensing::Module] License group:
  Id: F4-85AS-8ZW6-XMRF-425Z-XXXX
  Product: Unity Personal
  Type: ULF
  Expiration: Unlimited
[Licensing::Module] License group:
  Id: 6872810951280-UnityPersXXXX
  Product: Unity Personal
  Type: Assigned
  Expiration: Unlimited
Thread 0x16b9a7000 may have been prematurely finalized
Symbol file LoadedFromMemory is not a mono symbol file
Symbol file LoadedFromMemory is not a mono symbol file
- Loaded All Assemblies, in  0.336 seconds
Refreshing native plugins compatible for Editor in 1.67 ms, found 2 plugins.
Native extension for OSXStandalone target not found
Native extension for WebGL target not found
Refreshing native plugins compatible for Editor in 1.47 ms, found 2 plugins.
[Package Manager] Failed to launch server process. Reason: Unity was launched with the -noUpm command-line argument
[Package Manager] Unable to send message (not connected to server process).
[Package Manager] Cannot connect to Unity Package Manager local server
ScheduleIndexationOnStartup MainProcess:False IndexOnStartup:True
Mono: successfully reloaded assembly
- Finished resetting the current domain, in  0.447 seconds
Domain Reload Profiling: 784ms
	BeginReloadAssembly (81ms)
		ExecutionOrderSort (0ms)
		DisableScriptedObjects (3ms)
		BackupInstance (0ms)
		ReleaseScriptingObjects (0ms)
		CreateAndSetChildDomain (26ms)
	RebuildCommonClasses (16ms)
	RebuildNativeTypeToScriptingClass (6ms)
	initialDomainReloadingComplete (10ms)
	LoadAllAssembliesAndSetupDomain (225ms)
		LoadAssemblies (180ms)
		RebuildTransferFunctionScriptingTraits (0ms)
		AnalyzeDomain (70ms)
			TypeCache.Refresh (7ms)
				TypeCache.ScanAssembly (0ms)
			BuildScriptInfoCaches (60ms)
			ResolveRequiredComponents (1ms)
	FinalizeReload (447ms)
		ReleaseScriptCaches (0ms)
		RebuildScriptCaches (0ms)
		SetupLoadedEditorAssemblies (392ms)
			LogAssemblyErrors (0ms)
			InitializePlatformSupportModulesInManaged (1ms)
			SetLoadedEditorAssemblies (2ms)
			BeforeProcessingInitializeOnLoad (90ms)
			ProcessInitializeOnLoadAttributes (190ms)
			ProcessInitializeOnLoadMethodAttributes (108ms)
			AfterProcessingInitializeOnLoad (1ms)
			EditorAssembliesLoaded (0ms)
		ExecutionOrderSort2 (0ms)
		AwakeInstancesAfterBackupRestoration (2ms)
Refreshing native plugins compatible for Editor in 1.41 ms, found 2 plugins.
Preloading 1 native plugins for Editor in 1.27 ms.
Unloading 43 Unused Serialized files (Serialized files now loaded: 0)
Unloading 5193 unused Assets / (13.4 MB). Loaded Objects now: 5799.
Memory consumption went from 147.0 MB to 133.6 MB.
Total: 8.361083 ms (FindLiveObjects: 0.197125 ms CreateObjectMapping: 0.101916 ms MarkObjects: 6.868750 ms  DeleteObjects: 1.193041 ms)

Prepare: number of updated asset objects reloaded= 0
========================================================================
Received Prepare
Refreshing native plugins compatible for Editor in 1.56 ms, found 2 plugins.
Preloading 1 native plugins for Editor in 1.13 ms.
Unloading 43 Unused Serialized files (Serialized files now loaded: 0)
Unloading 5148 unused Assets / (14.2 MB). Loaded Objects now: 5799.
Memory consumption went from 131.5 MB to 117.4 MB.
Total: 7.565958 ms (FindLiveObjects: 0.179375 ms CreateObjectMapping: 0.077875 ms MarkObjects: 6.086625 ms  DeleteObjects: 1.221667 ms)

Prepare: number of updated asset objects reloaded= 0
========================================================================
Received Prepare
Begin MonoManager ReloadAssembly
Thread 0x16b9a7000 may have been prematurely finalized
Symbol file LoadedFromMemory is not a mono symbol file
Symbol file LoadedFromMemory is not a mono symbol file
- Loaded All Assemblies, in  0.321 seconds
Refreshing native plugins compatible for Editor in 1.16 ms, found 2 plugins.
Native extension for OSXStandalone target not found
Native extension for WebGL target not found
Refreshing native plugins compatible for Editor in 1.11 ms, found 2 plugins.
[Package Manager] Failed to launch server process. Reason: Unity was launched with the -noUpm command-line argument
[Package Manager] Unable to send message (not connected to server process).
[Package Manager] Cannot connect to Unity Package Manager local server
ScheduleIndexationOnStartup MainProcess:False IndexOnStartup:True
Mono: successfully reloaded assembly
- Finished resetting the current domain, in  0.404 seconds
Domain Reload Profiling: 727ms
	BeginReloadAssembly (70ms)
		ExecutionOrderSort (0ms)
		DisableScriptedObjects (3ms)
		BackupInstance (0ms)
		ReleaseScriptingObjects (0ms)
		CreateAndSetChildDomain (21ms)
	RebuildCommonClasses (15ms)
	RebuildNativeTypeToScriptingClass (6ms)
	initialDomainReloadingComplete (9ms)
	LoadAllAssembliesAndSetupDomain (221ms)
		LoadAssemblies (174ms)
		RebuildTransferFunctionScriptingTraits (0ms)
		AnalyzeDomain (69ms)
			TypeCache.Refresh (7ms)
				TypeCache.ScanAssembly (0ms)
			BuildScriptInfoCaches (58ms)
			ResolveRequiredComponents (1ms)
	FinalizeReload (405ms)
		ReleaseScriptCaches (0ms)
		RebuildScriptCaches (0ms)
		SetupLoadedEditorAssemblies (356ms)
			LogAssemblyErrors (0ms)
			InitializePlatformSupportModulesInManaged (1ms)
			SetLoadedEditorAssemblies (2ms)
			BeforeProcessingInitializeOnLoad (81ms)
			ProcessInitializeOnLoadAttributes (171ms)
			ProcessInitializeOnLoadMethodAttributes (101ms)
			AfterProcessingInitializeOnLoad (1ms)
			EditorAssembliesLoaded (0ms)
		ExecutionOrderSort2 (0ms)
		AwakeInstancesAfterBackupRestoration (1ms)
Refreshing native plugins compatible for Editor in 1.23 ms, found 2 plugins.
Preloading 1 native plugins for Editor in 1.16 ms.
Unloading 43 Unused Serialized files (Serialized files now loaded: 0)
Unloading 5193 unused Assets / (13.3 MB). Loaded Objects now: 5803.
Memory consumption went from 145.8 MB to 132.5 MB.
Total: 8.384959 ms (FindLiveObjects: 0.198000 ms CreateObjectMapping: 0.082458 ms MarkObjects: 6.811000 ms  DeleteObjects: 1.293209 ms)

Prepare: number of updated asset objects reloaded= 0
========================================================================
Received Prepare
Refreshing native plugins compatible for Editor in 1.32 ms, found 2 plugins.
Preloading 1 native plugins for Editor in 1.23 ms.
Unloading 43 Unused Serialized files (Serialized files now loaded: 0)
Unloading 5148 unused Assets / (13.4 MB). Loaded Objects now: 5803.
Memory consumption went from 130.5 MB to 117.0 MB.
Total: 8.033208 ms (FindLiveObjects: 0.194208 ms CreateObjectMapping: 0.070292 ms MarkObjects: 6.508833 ms  DeleteObjects: 1.259375 ms)

Prepare: number of updated asset objects reloaded= 0
========================================================================
Received Prepare
Refreshing native plugins compatible for Editor in 1.65 ms, found 2 plugins.
Preloading 1 native plugins for Editor in 1.22 ms.
Unloading 43 Unused Serialized files (Serialized files now loaded: 0)
Unloading 5148 unused Assets / (12.8 MB). Loaded Objects now: 5803.
Memory consumption went from 129.5 MB to 116.6 MB.
Total: 7.650250 ms (FindLiveObjects: 0.184375 ms CreateObjectMapping: 0.093875 ms MarkObjects: 6.242375 ms  DeleteObjects: 1.129458 ms)

Prepare: number of updated asset objects reloaded= 0
========================================================================
Received Import Request.
  Time since last request: 37.417299 seconds.
  path: Assets/Scripts/RLAgent.cs
  artifactKey: Guid(f22ccae075dbc4c41b6428f77d50a8cc) Importer(815301076,1909f56bfc062723c751e8b465ee728b)
Start importing Assets/Scripts/RLAgent.cs using Guid(f22ccae075dbc4c41b6428f77d50a8cc) Importer(815301076,1909f56bfc062723c751e8b465ee728b) (PreviewImporter) -> (artifact id: 'e3bee2ae48605cf7621e54466193ac3f') in 0.001004375 seconds
Number of updated asset objects reloaded before import = 0Number of asset objects unloaded after import = 0

========================================================================
Received Prepare
Refreshing native plugins compatible for Editor in 1.38 ms, found 2 plugins.
Preloading 1 native plugins for Editor in 1.18 ms.
Unloading 43 Unused Serialized files (Serialized files now loaded: 0)
Unloading 5148 unused Assets / (12.8 MB). Loaded Objects now: 5803.
Memory consumption went from 129.4 MB to 116.6 MB.
Total: 7.957542 ms (FindLiveObjects: 0.182166 ms CreateObjectMapping: 0.079209 ms MarkObjects: 6.495458 ms  DeleteObjects: 1.200459 ms)

Prepare: number of updated asset objects reloaded= 0
========================================================================
Received Prepare
Refreshing native plugins compatible for Editor in 1.34 ms, found 2 plugins.
Preloading 1 native plugins for Editor in 1.14 ms.
Unloading 43 Unused Serialized files (Serialized files now loaded: 0)
Unloading 5148 unused Assets / (14.1 MB). Loaded Objects now: 5803.
Memory consumption went from 129.4 MB to 115.3 MB.
Total: 7.403292 ms (FindLiveObjects: 0.184541 ms CreateObjectMapping: 0.083459 ms MarkObjects: 5.948333 ms  DeleteObjects: 1.186834 ms)

Prepare: number of updated asset objects reloaded= 0
========================================================================
Received Prepare
Refreshing native plugins compatible for Editor in 1.32 ms, found 2 plugins.
Preloading 1 native plugins for Editor in 1.19 ms.
Unloading 43 Unused Serialized files (Serialized files now loaded: 0)
Unloading 5148 unused Assets / (14.2 MB). Loaded Objects now: 5803.
Memory consumption went from 129.4 MB to 115.2 MB.
Total: 7.434750 ms (FindLiveObjects: 0.185000 ms CreateObjectMapping: 0.073458 ms MarkObjects: 5.949875 ms  DeleteObjects: 1.226125 ms)

Prepare: number of updated asset objects reloaded= 0
========================================================================
Received Prepare
Begin MonoManager ReloadAssembly
Thread 0x16b9a7000 may have been prematurely finalized
Symbol file LoadedFromMemory is not a mono symbol file
Symbol file LoadedFromMemory is not a mono symbol file
- Loaded All Assemblies, in  0.333 seconds
Refreshing native plugins compatible for Editor in 1.05 ms, found 2 plugins.
Native extension for OSXStandalone target not found
Native extension for WebGL target not found
Refreshing native plugins compatible for Editor in 1.07 ms, found 2 plugins.
[Package Manager] Failed to launch server process. Reason: Unity was launched with the -noUpm command-line argument
[Package Manager] Unable to send message (not connected to server process).
[Package Manager] Cannot connect to Unity Package Manager local server
ScheduleIndexationOnStartup MainProcess:False IndexOnStartup:True
Mono: successfully reloaded assembly
- Finished resetting the current domain, in  0.391 seconds
Domain Reload Profiling: 725ms
	BeginReloadAssembly (72ms)
		ExecutionOrderSort (0ms)
		DisableScriptedObjects (3ms)
		BackupInstance (0ms)
		ReleaseScriptingObjects (0ms)
		CreateAndSetChildDomain (21ms)
	RebuildCommonClasses (16ms)
	RebuildNativeTypeToScriptingClass (6ms)
	initialDomainReloadingComplete (10ms)
	LoadAllAssembliesAndSetupDomain (230ms)
		LoadAssemblies (185ms)
		RebuildTransferFunctionScriptingTraits (0ms)
		AnalyzeDomain (68ms)
			TypeCache.Refresh (7ms)
				TypeCache.ScanAssembly (0ms)
			BuildScriptInfoCaches (58ms)
			ResolveRequiredComponents (1ms)
	FinalizeReload (391ms)
		ReleaseScriptCaches (0ms)
		RebuildScriptCaches (0ms)
		SetupLoadedEditorAssemblies (343ms)
			LogAssemblyErrors (0ms)
			InitializePlatformSupportModulesInManaged (1ms)
			SetLoadedEditorAssemblies (2ms)
			BeforeProcessingInitializeOnLoad (81ms)
			ProcessInitializeOnLoadAttributes (164ms)
			ProcessInitializeOnLoadMethodAttributes (95ms)
			AfterProcessingInitializeOnLoad (0ms)
			EditorAssembliesLoaded (0ms)
		ExecutionOrderSort2 (0ms)
		AwakeInstancesAfterBackupRestoration (1ms)
Refreshing native plugins compatible for Editor in 1.57 ms, found 2 plugins.
Preloading 1 native plugins for Editor in 1.12 ms.
Unloading 43 Unused Serialized files (Serialized files now loaded: 0)
Unloading 5193 unused Assets / (13.4 MB). Loaded Objects now: 5807.
Memory consumption went from 143.0 MB to 129.6 MB.
Total: 7.795208 ms (FindLiveObjects: 0.181250 ms CreateObjectMapping: 0.076917 ms MarkObjects: 6.272167 ms  DeleteObjects: 1.264791 ms)

Prepare: number of updated asset objects reloaded= 0
========================================================================
Received Prepare
Refreshing native plugins compatible for Editor in 1.25 ms, found 2 plugins.
Preloading 1 native plugins for Editor in 1.17 ms.
Unloading 43 Unused Serialized files (Serialized files now loaded: 0)
Unloading 5148 unused Assets / (14.0 MB). Loaded Objects now: 5807.
Memory consumption went from 129.4 MB to 115.4 MB.
Total: 7.556167 ms (FindLiveObjects: 0.168333 ms CreateObjectMapping: 0.077500 ms MarkObjects: 6.117000 ms  DeleteObjects: 1.193000 ms)

Prepare: number of updated asset objects reloaded= 0
========================================================================
Received Import Request.
  Time since last request: 28.304754 seconds.
  path: Assets/Scripts/RLAgent.cs
  artifactKey: Guid(f22ccae075dbc4c41b6428f77d50a8cc) Importer(815301076,1909f56bfc062723c751e8b465ee728b)
Start importing Assets/Scripts/RLAgent.cs using Guid(f22ccae075dbc4c41b6428f77d50a8cc) Importer(815301076,1909f56bfc062723c751e8b465ee728b) (PreviewImporter) -> (artifact id: 'd9a2f173932f74c53a123f65da6c7326') in 0.000824292 seconds
Number of updated asset objects reloaded before import = 0Number of asset objects unloaded after import = 0

========================================================================
Received Prepare
Begin MonoManager ReloadAssembly
Thread 0x16b9a7000 may have been prematurely finalized
Symbol file LoadedFromMemory is not a mono symbol file
Symbol file LoadedFromMemory is not a mono symbol file
- Loaded All Assemblies, in  0.300 seconds
Refreshing native plugins compatible for Editor in 1.63 ms, found 2 plugins.
Native extension for OSXStandalone target not found
Native extension for WebGL target not found
Refreshing native plugins compatible for Editor in 1.22 ms, found 2 plugins.
[Package Manager] Failed to launch server process. Reason: Unity was launched with the -noUpm command-line argument
[Package Manager] Unable to send message (not connected to server process).
[Package Manager] Cannot connect to Unity Package Manager local server
ScheduleIndexationOnStartup MainProcess:False IndexOnStartup:True
Mono: successfully reloaded assembly
- Finished resetting the current domain, in  0.440 seconds
Domain Reload Profiling: 741ms
	BeginReloadAssembly (72ms)
		ExecutionOrderSort (0ms)
		DisableScriptedObjects (3ms)
		BackupInstance (0ms)
		ReleaseScriptingObjects (0ms)
		CreateAndSetChildDomain (21ms)
	RebuildCommonClasses (15ms)
	RebuildNativeTypeToScriptingClass (6ms)
	initialDomainReloadingComplete (10ms)
	LoadAllAssembliesAndSetupDomain (198ms)
		LoadAssemblies (154ms)
		RebuildTransferFunctionScriptingTraits (0ms)
		AnalyzeDomain (67ms)
			TypeCache.Refresh (7ms)
				TypeCache.ScanAssembly (0ms)
			BuildScriptInfoCaches (57ms)
			ResolveRequiredComponents (1ms)
	FinalizeReload (440ms)
		ReleaseScriptCaches (0ms)
		RebuildScriptCaches (0ms)
		SetupLoadedEditorAssemblies (392ms)
			LogAssemblyErrors (0ms)
			InitializePlatformSupportModulesInManaged (1ms)
			SetLoadedEditorAssemblies (2ms)
			BeforeProcessingInitializeOnLoad (82ms)
			ProcessInitializeOnLoadAttributes (185ms)
			ProcessInitializeOnLoadMethodAttributes (121ms)
			AfterProcessingInitializeOnLoad (1ms)
			EditorAssembliesLoaded (0ms)
		ExecutionOrderSort2 (0ms)
		AwakeInstancesAfterBackupRestoration (1ms)
Refreshing native plugins compatible for Editor in 1.22 ms, found 2 plugins.
Preloading 1 native plugins for Editor in 1.22 ms.
Unloading 43 Unused Serialized files (Serialized files now loaded: 0)
Unloading 5193 unused Assets / (11.6 MB). Loaded Objects now: 5811.
Memory consumption went from 145.0 MB to 133.4 MB.
Total: 8.278083 ms (FindLiveObjects: 0.189166 ms CreateObjectMapping: 0.083084 ms MarkObjects: 6.902041 ms  DeleteObjects: 1.103333 ms)

Prepare: number of updated asset objects reloaded= 0
========================================================================
Received Prepare
Refreshing native plugins compatible for Editor in 1.19 ms, found 2 plugins.
Preloading 1 native plugins for Editor in 1.18 ms.
Unloading 43 Unused Serialized files (Serialized files now loaded: 0)
Unloading 5148 unused Assets / (14.1 MB). Loaded Objects now: 5811.
Memory consumption went from 131.3 MB to 117.3 MB.
Total: 7.889375 ms (FindLiveObjects: 0.193334 ms CreateObjectMapping: 0.081166 ms MarkObjects: 6.444459 ms  DeleteObjects: 1.169792 ms)

Prepare: number of updated asset objects reloaded= 0
========================================================================
Received Prepare
Refreshing native plugins compatible for Editor in 1.53 ms, found 2 plugins.
Preloading 1 native plugins for Editor in 1.16 ms.
Unloading 43 Unused Serialized files (Serialized files now loaded: 0)
Unloading 5148 unused Assets / (14.4 MB). Loaded Objects now: 5811.
Memory consumption went from 131.3 MB to 117.0 MB.
Total: 7.602375 ms (FindLiveObjects: 0.182958 ms CreateObjectMapping: 0.075500 ms MarkObjects: 6.060833 ms  DeleteObjects: 1.282917 ms)

Prepare: number of updated asset objects reloaded= 0
========================================================================
Received Prepare
Refreshing native plugins compatible for Editor in 1.54 ms, found 2 plugins.
Preloading 1 native plugins for Editor in 1.15 ms.
Unloading 43 Unused Serialized files (Serialized files now loaded: 0)
Unloading 5148 unused Assets / (14.3 MB). Loaded Objects now: 5811.
Memory consumption went from 131.3 MB to 117.0 MB.
Total: 7.526958 ms (FindLiveObjects: 0.182625 ms CreateObjectMapping: 0.069042 ms MarkObjects: 6.016166 ms  DeleteObjects: 1.258917 ms)

Prepare: number of updated asset objects reloaded= 0
========================================================================
Received Prepare
Begin MonoManager ReloadAssembly
[Licensing::Client] Successfully resolved entitlement details
[Licensing::Module] License group:
  Id: F4-85AS-8ZW6-XMRF-425Z-XXXX
  Product: Unity Personal
  Type: ULF
  Expiration: Unlimited
[Licensing::Module] License group:
  Id: 6872810951280-UnityPersXXXX
  Product: Unity Personal
  Type: Assigned
  Expiration: Unlimited
Thread 0x16b9a7000 may have been prematurely finalized
Symbol file LoadedFromMemory is not a mono symbol file
Symbol file LoadedFromMemory is not a mono symbol file
- Loaded All Assemblies, in  0.314 seconds
Refreshing native plugins compatible for Editor in 1.47 ms, found 2 plugins.
Native extension for OSXStandalone target not found
Native extension for WebGL target not found
Refreshing native plugins compatible for Editor in 1.22 ms, found 2 plugins.
[Package Manager] Failed to launch server process. Reason: Unity was launched with the -noUpm command-line argument
[Package Manager] Unable to send message (not connected to server process).
[Package Manager] Cannot connect to Unity Package Manager local server
ScheduleIndexationOnStartup MainProcess:False IndexOnStartup:True
Mono: successfully reloaded assembly
- Finished resetting the current domain, in  0.422 seconds
Domain Reload Profiling: 737ms
	BeginReloadAssembly (71ms)
		ExecutionOrderSort (0ms)
		DisableScriptedObjects (3ms)
		BackupInstance (0ms)
		ReleaseScriptingObjects (0ms)
		CreateAndSetChildDomain (21ms)
	RebuildCommonClasses (16ms)
	RebuildNativeTypeToScriptingClass (6ms)
	initialDomainReloadingComplete (9ms)
	LoadAllAssembliesAndSetupDomain (213ms)
		LoadAssemblies (167ms)
		RebuildTransferFunctionScriptingTraits (0ms)
		AnalyzeDomain (68ms)
			TypeCache.Refresh (7ms)
				TypeCache.ScanAssembly (0ms)
			BuildScriptInfoCaches (58ms)
			ResolveRequiredComponents (1ms)
	FinalizeReload (422ms)
		ReleaseScriptCaches (0ms)
		RebuildScriptCaches (0ms)
		SetupLoadedEditorAssemblies (372ms)
			LogAssemblyErrors (0ms)
			InitializePlatformSupportModulesInManaged (1ms)
			SetLoadedEditorAssemblies (2ms)
			BeforeProcessingInitializeOnLoad (82ms)
			ProcessInitializeOnLoadAttributes (167ms)
			ProcessInitializeOnLoadMethodAttributes (120ms)
			AfterProcessingInitializeOnLoad (1ms)
			EditorAssembliesLoaded (0ms)
		ExecutionOrderSort2 (0ms)
		AwakeInstancesAfterBackupRestoration (2ms)
Refreshing native plugins compatible for Editor in 1.66 ms, found 2 plugins.
Preloading 1 native plugins for Editor in 1.21 ms.
Unloading 43 Unused Serialized files (Serialized files now loaded: 0)
Unloading 5193 unused Assets / (12.4 MB). Loaded Objects now: 5815.
Memory consumption went from 144.9 MB to 132.4 MB.
Total: 7.750292 ms (FindLiveObjects: 0.196084 ms CreateObjectMapping: 0.079125 ms MarkObjects: 6.212500 ms  DeleteObjects: 1.262083 ms)

Prepare: number of updated asset objects reloaded= 0
========================================================================
Received Prepare
Refreshing native plugins compatible for Editor in 1.24 ms, found 2 plugins.
Preloading 1 native plugins for Editor in 1.16 ms.
Unloading 43 Unused Serialized files (Serialized files now loaded: 0)
Unloading 5148 unused Assets / (14.0 MB). Loaded Objects now: 5815.
Memory consumption went from 131.4 MB to 117.4 MB.
Total: 7.907208 ms (FindLiveObjects: 0.181875 ms CreateObjectMapping: 0.073708 ms MarkObjects: 6.472458 ms  DeleteObjects: 1.179000 ms)

Prepare: number of updated asset objects reloaded= 0
========================================================================
Received Import Request.
  Time since last request: 11.590936 seconds.
  path: Assets/Scripts/RLAgent.cs
  artifactKey: Guid(f22ccae075dbc4c41b6428f77d50a8cc) Importer(815301076,1909f56bfc062723c751e8b465ee728b)
Start importing Assets/Scripts/RLAgent.cs using Guid(f22ccae075dbc4c41b6428f77d50a8cc) Importer(815301076,1909f56bfc062723c751e8b465ee728b) (PreviewImporter) -> (artifact id: 'aa4620043c1aedb313a5eda059c0337e') in 0.000920083 seconds
Number of updated asset objects reloaded before import = 0Number of asset objects unloaded after import = 0

========================================================================
Received Prepare
Begin MonoManager ReloadAssembly
Thread 0x16b9a7000 may have been prematurely finalized
Symbol file LoadedFromMemory is not a mono symbol file
Symbol file LoadedFromMemory is not a mono symbol file
- Loaded All Assemblies, in  0.290 seconds
Refreshing native plugins compatible for Editor in 1.60 ms, found 2 plugins.
Native extension for OSXStandalone target not found
Native extension for WebGL target not found
Refreshing native plugins compatible for Editor in 1.29 ms, found 2 plugins.
[Package Manager] Failed to launch server process. Reason: Unity was launched with the -noUpm command-line argument
[Package Manager] Unable to send message (not connected to server process).
[Package Manager] Cannot connect to Unity Package Manager local server
ScheduleIndexationOnStartup MainProcess:False IndexOnStartup:True
Mono: successfully reloaded assembly
- Finished resetting the current domain, in  0.398 seconds
Domain Reload Profiling: 690ms
	BeginReloadAssembly (71ms)
		ExecutionOrderSort (0ms)
		DisableScriptedObjects (3ms)
		BackupInstance (0ms)
		ReleaseScriptingObjects (0ms)
		CreateAndSetChildDomain (21ms)
	RebuildCommonClasses (16ms)
	RebuildNativeTypeToScriptingClass (6ms)
	initialDomainReloadingComplete (9ms)
	LoadAllAssembliesAndSetupDomain (190ms)
		LoadAssemblies (145ms)
		RebuildTransferFunctionScriptingTraits (0ms)
		AnalyzeDomain (67ms)
			TypeCache.Refresh (7ms)
				TypeCache.ScanAssembly (0ms)
			BuildScriptInfoCaches (57ms)
			ResolveRequiredComponents (1ms)
	FinalizeReload (399ms)
		ReleaseScriptCaches (0ms)
		RebuildScriptCaches (0ms)
		SetupLoadedEditorAssemblies (350ms)
			LogAssemblyErrors (0ms)
			InitializePlatformSupportModulesInManaged (1ms)
			SetLoadedEditorAssemblies (2ms)
			BeforeProcessingInitializeOnLoad (83ms)
			ProcessInitializeOnLoadAttributes (167ms)
			ProcessInitializeOnLoadMethodAttributes (97ms)
			AfterProcessingInitializeOnLoad (1ms)
			EditorAssembliesLoaded (0ms)
		ExecutionOrderSort2 (0ms)
		AwakeInstancesAfterBackupRestoration (1ms)
Refreshing native plugins compatible for Editor in 1.56 ms, found 2 plugins.
Preloading 1 native plugins for Editor in 1.23 ms.
Unloading 43 Unused Serialized files (Serialized files now loaded: 0)
Unloading 5193 unused Assets / (14.2 MB). Loaded Objects now: 5819.
Memory consumption went from 144.9 MB to 130.6 MB.
Total: 7.775875 ms (FindLiveObjects: 0.182167 ms CreateObjectMapping: 0.077208 ms MarkObjects: 6.244833 ms  DeleteObjects: 1.271417 ms)

Prepare: number of updated asset objects reloaded= 0
========================================================================
Received Prepare
Refreshing native plugins compatible for Editor in 1.49 ms, found 2 plugins.
Preloading 1 native plugins for Editor in 1.17 ms.
Unloading 43 Unused Serialized files (Serialized files now loaded: 0)
Unloading 5148 unused Assets / (14.2 MB). Loaded Objects now: 5819.
Memory consumption went from 131.4 MB to 117.2 MB.
Total: 7.589875 ms (FindLiveObjects: 0.182417 ms CreateObjectMapping: 0.084375 ms MarkObjects: 6.115416 ms  DeleteObjects: 1.207417 ms)

Prepare: number of updated asset objects reloaded= 0
========================================================================
Received Import Request.
  Time since last request: 9.898727 seconds.
  path: Assets/Scripts/RLAgent.cs
  artifactKey: Guid(f22ccae075dbc4c41b6428f77d50a8cc) Importer(815301076,1909f56bfc062723c751e8b465ee728b)
Start importing Assets/Scripts/RLAgent.cs using Guid(f22ccae075dbc4c41b6428f77d50a8cc) Importer(815301076,1909f56bfc062723c751e8b465ee728b) (PreviewImporter) -> (artifact id: 'e5c514a0a43d1854564ef629295fcfe6') in 0.000844625 seconds
Number of updated asset objects reloaded before import = 0Number of asset objects unloaded after import = 0

========================================================================
Received Prepare
Begin MonoManager ReloadAssembly
Thread 0x16b9a7000 may have been prematurely finalized
Symbol file LoadedFromMemory is not a mono symbol file
Symbol file LoadedFromMemory is not a mono symbol file
- Loaded All Assemblies, in  0.301 seconds
Refreshing native plugins compatible for Editor in 1.16 ms, found 2 plugins.
Native extension for OSXStandalone target not found
Native extension for WebGL target not found
Refreshing native plugins compatible for Editor in 1.30 ms, found 2 plugins.
[Package Manager] Failed to launch server process. Reason: Unity was launched with the -noUpm command-line argument
[Package Manager] Unable to send message (not connected to server process).
[Package Manager] Cannot connect to Unity Package Manager local server
ScheduleIndexationOnStartup MainProcess:False IndexOnStartup:True
Mono: successfully reloaded assembly
- Finished resetting the current domain, in  0.395 seconds
Domain Reload Profiling: 697ms
	BeginReloadAssembly (72ms)
		ExecutionOrderSort (0ms)
		DisableScriptedObjects (3ms)
		BackupInstance (0ms)
		ReleaseScriptingObjects (0ms)
		CreateAndSetChildDomain (21ms)
	RebuildCommonClasses (15ms)
	RebuildNativeTypeToScriptingClass (6ms)
	initialDomainReloadingComplete (10ms)
	LoadAllAssembliesAndSetupDomain (199ms)
		LoadAssemblies (155ms)
		RebuildTransferFunctionScriptingTraits (0ms)
		AnalyzeDomain (67ms)
			TypeCache.Refresh (6ms)
				TypeCache.ScanAssembly (0ms)
			BuildScriptInfoCaches (58ms)
			ResolveRequiredComponents (1ms)
	FinalizeReload (395ms)
		ReleaseScriptCaches (0ms)
		RebuildScriptCaches (0ms)
		SetupLoadedEditorAssemblies (346ms)
			LogAssemblyErrors (0ms)
			InitializePlatformSupportModulesInManaged (1ms)
			SetLoadedEditorAssemblies (2ms)
			BeforeProcessingInitializeOnLoad (81ms)
			ProcessInitializeOnLoadAttributes (166ms)
			ProcessInitializeOnLoadMethodAttributes (96ms)
			AfterProcessingInitializeOnLoad (1ms)
			EditorAssembliesLoaded (0ms)
		ExecutionOrderSort2 (0ms)
		AwakeInstancesAfterBackupRestoration (1ms)
Refreshing native plugins compatible for Editor in 1.53 ms, found 2 plugins.
Preloading 1 native plugins for Editor in 1.15 ms.
Unloading 43 Unused Serialized files (Serialized files now loaded: 0)
Unloading 5193 unused Assets / (13.9 MB). Loaded Objects now: 5823.
Memory consumption went from 144.8 MB to 130.9 MB.
Total: 7.684750 ms (FindLiveObjects: 0.186542 ms CreateObjectMapping: 0.073209 ms MarkObjects: 6.269041 ms  DeleteObjects: 1.155667 ms)

Prepare: number of updated asset objects reloaded= 0
========================================================================
Received Prepare
Refreshing native plugins compatible for Editor in 1.60 ms, found 2 plugins.
Preloading 1 native plugins for Editor in 1.17 ms.
Unloading 43 Unused Serialized files (Serialized files now loaded: 0)
Unloading 5148 unused Assets / (14.0 MB). Loaded Objects now: 5823.
Memory consumption went from 131.4 MB to 117.4 MB.
Total: 7.355375 ms (FindLiveObjects: 0.185292 ms CreateObjectMapping: 0.081916 ms MarkObjects: 5.922667 ms  DeleteObjects: 1.165208 ms)

Prepare: number of updated asset objects reloaded= 0
========================================================================
Received Import Request.
  Time since last request: 12.598678 seconds.
  path: Assets/Scripts/RLAgent.cs
  artifactKey: Guid(f22ccae075dbc4c41b6428f77d50a8cc) Importer(815301076,1909f56bfc062723c751e8b465ee728b)
Start importing Assets/Scripts/RLAgent.cs using Guid(f22ccae075dbc4c41b6428f77d50a8cc) Importer(815301076,1909f56bfc062723c751e8b465ee728b) (PreviewImporter) -> (artifact id: '8de1570ebf04604d9389a292ec26baaa') in 0.000914125 seconds
Number of updated asset objects reloaded before import = 0Number of asset objects unloaded after import = 0

========================================================================
Received Prepare
Refreshing native plugins compatible for Editor in 1.66 ms, found 2 plugins.
Preloading 1 native plugins for Editor in 1.28 ms.
Unloading 43 Unused Serialized files (Serialized files now loaded: 0)
Unloading 5148 unused Assets / (13.0 MB). Loaded Objects now: 5823.
Memory consumption went from 131.4 MB to 118.4 MB.
Total: 7.812875 ms (FindLiveObjects: 0.178167 ms CreateObjectMapping: 0.071416 ms MarkObjects: 6.334375 ms  DeleteObjects: 1.228709 ms)

Prepare: number of updated asset objects reloaded= 0
========================================================================
Received Prepare
Refreshing native plugins compatible for Editor in 1.61 ms, found 2 plugins.
Preloading 1 native plugins for Editor in 1.16 ms.
Unloading 43 Unused Serialized files (Serialized files now loaded: 0)
Unloading 5148 unused Assets / (14.2 MB). Loaded Objects now: 5823.
Memory consumption went from 131.4 MB to 117.2 MB.
Total: 7.423708 ms (FindLiveObjects: 0.182416 ms CreateObjectMapping: 0.077459 ms MarkObjects: 5.972500 ms  DeleteObjects: 1.191042 ms)

Prepare: number of updated asset objects reloaded= 0
========================================================================
Received Import Request.
  Time since last request: 18.584855 seconds.
  path: Assets/Scripts/RLAgent.cs
  artifactKey: Guid(f22ccae075dbc4c41b6428f77d50a8cc) Importer(815301076,1909f56bfc062723c751e8b465ee728b)
Start importing Assets/Scripts/RLAgent.cs using Guid(f22ccae075dbc4c41b6428f77d50a8cc) Importer(815301076,1909f56bfc062723c751e8b465ee728b) (PreviewImporter) -> (artifact id: 'bfdfe533551cacae9a650c2850c4516b') in 0.000408584 seconds
Number of updated asset objects reloaded before import = 0Number of asset objects unloaded after import = 0

========================================================================
Received Prepare
Refreshing native plugins compatible for Editor in 1.61 ms, found 2 plugins.
Preloading 1 native plugins for Editor in 1.18 ms.
Unloading 43 Unused Serialized files (Serialized files now loaded: 0)
Unloading 5148 unused Assets / (13.9 MB). Loaded Objects now: 5823.
Memory consumption went from 131.4 MB to 117.5 MB.
Total: 7.429875 ms (FindLiveObjects: 0.180458 ms CreateObjectMapping: 0.087875 ms MarkObjects: 6.061750 ms  DeleteObjects: 1.099666 ms)

Prepare: number of updated asset objects reloaded= 0
========================================================================
Received Import Request.
  Time since last request: 3.298545 seconds.
  path: Assets/Scripts/RLAgent.cs
  artifactKey: Guid(f22ccae075dbc4c41b6428f77d50a8cc) Importer(815301076,1909f56bfc062723c751e8b465ee728b)
Start importing Assets/Scripts/RLAgent.cs using Guid(f22ccae075dbc4c41b6428f77d50a8cc) Importer(815301076,1909f56bfc062723c751e8b465ee728b) (PreviewImporter) -> (artifact id: 'a1831906714270b968f51b63138abc89') in 0.000326458 seconds
Number of updated asset objects reloaded before import = 0Number of asset objects unloaded after import = 0

========================================================================
Received Prepare
Refreshing native plugins compatible for Editor in 1.54 ms, found 2 plugins.
Preloading 1 native plugins for Editor in 1.14 ms.
Unloading 43 Unused Serialized files (Serialized files now loaded: 0)
Unloading 5148 unused Assets / (14.4 MB). Loaded Objects now: 5823.
Memory consumption went from 131.4 MB to 117.0 MB.
Total: 7.524583 ms (FindLiveObjects: 0.188042 ms CreateObjectMapping: 0.080667 ms MarkObjects: 5.997917 ms  DeleteObjects: 1.257667 ms)

Prepare: number of updated asset objects reloaded= 0
========================================================================
Received Import Request.
  Time since last request: 2.396615 seconds.
  path: Assets/Scripts/RLAgent.cs
  artifactKey: Guid(f22ccae075dbc4c41b6428f77d50a8cc) Importer(815301076,1909f56bfc062723c751e8b465ee728b)
Start importing Assets/Scripts/RLAgent.cs using Guid(f22ccae075dbc4c41b6428f77d50a8cc) Importer(815301076,1909f56bfc062723c751e8b465ee728b) (PreviewImporter) -> (artifact id: '931c3f75ad8dae31621f887b1b79f7ee') in 0.000377 seconds
Number of updated asset objects reloaded before import = 0Number of asset objects unloaded after import = 0

========================================================================
Received Prepare
Begin MonoManager ReloadAssembly
Thread 0x16b9a7000 may have been prematurely finalized
Symbol file LoadedFromMemory is not a mono symbol file
Symbol file LoadedFromMemory is not a mono symbol file
- Loaded All Assemblies, in  0.314 seconds
Refreshing native plugins compatible for Editor in 1.33 ms, found 2 plugins.
Native extension for OSXStandalone target not found
Native extension for WebGL target not found
Refreshing native plugins compatible for Editor in 1.25 ms, found 2 plugins.
[Package Manager] Failed to launch server process. Reason: Unity was launched with the -noUpm command-line argument
[Package Manager] Unable to send message (not connected to server process).
[Package Manager] Cannot connect to Unity Package Manager local server
ScheduleIndexationOnStartup MainProcess:False IndexOnStartup:True
Mono: successfully reloaded assembly
- Finished resetting the current domain, in  0.431 seconds
Domain Reload Profiling: 746ms
	BeginReloadAssembly (70ms)
		ExecutionOrderSort (0ms)
		DisableScriptedObjects (3ms)
		BackupInstance (0ms)
		ReleaseScriptingObjects (0ms)
		CreateAndSetChildDomain (21ms)
	RebuildCommonClasses (16ms)
	RebuildNativeTypeToScriptingClass (6ms)
	initialDomainReloadingComplete (9ms)
	LoadAllAssembliesAndSetupDomain (214ms)
		LoadAssemblies (169ms)
		RebuildTransferFunctionScriptingTraits (0ms)
		AnalyzeDomain (66ms)
			TypeCache.Refresh (6ms)
				TypeCache.ScanAssembly (0ms)
			BuildScriptInfoCaches (57ms)
			ResolveRequiredComponents (1ms)
	FinalizeReload (431ms)
		ReleaseScriptCaches (0ms)
		RebuildScriptCaches (0ms)
		SetupLoadedEditorAssemblies (384ms)
			LogAssemblyErrors (0ms)
			InitializePlatformSupportModulesInManaged (1ms)
			SetLoadedEditorAssemblies (2ms)
			BeforeProcessingInitializeOnLoad (105ms)
			ProcessInitializeOnLoadAttributes (178ms)
			ProcessInitializeOnLoadMethodAttributes (98ms)
			AfterProcessingInitializeOnLoad (0ms)
			EditorAssembliesLoaded (0ms)
		ExecutionOrderSort2 (0ms)
		AwakeInstancesAfterBackupRestoration (1ms)
Refreshing native plugins compatible for Editor in 1.55 ms, found 2 plugins.
Preloading 1 native plugins for Editor in 1.17 ms.
Unloading 43 Unused Serialized files (Serialized files now loaded: 0)
Unloading 5193 unused Assets / (12.1 MB). Loaded Objects now: 5827.
Memory consumption went from 144.5 MB to 132.3 MB.
Total: 7.987416 ms (FindLiveObjects: 0.184833 ms CreateObjectMapping: 0.077500 ms MarkObjects: 6.452500 ms  DeleteObjects: 1.272209 ms)

Prepare: number of updated asset objects reloaded= 0
========================================================================
Received Prepare
Refreshing native plugins compatible for Editor in 1.00 ms, found 2 plugins.
Preloading 1 native plugins for Editor in 1.15 ms.
Unloading 43 Unused Serialized files (Serialized files now loaded: 0)
Unloading 5148 unused Assets / (11.8 MB). Loaded Objects now: 5827.
Memory consumption went from 131.4 MB to 119.5 MB.
Total: 7.280500 ms (FindLiveObjects: 0.176542 ms CreateObjectMapping: 0.072125 ms MarkObjects: 6.067083 ms  DeleteObjects: 0.964625 ms)

Prepare: number of updated asset objects reloaded= 0
========================================================================
Received Prepare
Begin MonoManager ReloadAssembly
Thread 0x16b9a7000 may have been prematurely finalized
Symbol file LoadedFromMemory is not a mono symbol file
Symbol file LoadedFromMemory is not a mono symbol file
- Loaded All Assemblies, in  0.290 seconds
Refreshing native plugins compatible for Editor in 1.86 ms, found 2 plugins.
Native extension for OSXStandalone target not found
Native extension for WebGL target not found
Refreshing native plugins compatible for Editor in 1.37 ms, found 2 plugins.
[Package Manager] Failed to launch server process. Reason: Unity was launched with the -noUpm command-line argument
[Package Manager] Unable to send message (not connected to server process).
[Package Manager] Cannot connect to Unity Package Manager local server
ScheduleIndexationOnStartup MainProcess:False IndexOnStartup:True
Mono: successfully reloaded assembly
- Finished resetting the current domain, in  0.404 seconds
Domain Reload Profiling: 695ms
	BeginReloadAssembly (69ms)
		ExecutionOrderSort (0ms)
		DisableScriptedObjects (3ms)
		BackupInstance (0ms)
		ReleaseScriptingObjects (0ms)
		CreateAndSetChildDomain (21ms)
	RebuildCommonClasses (16ms)
	RebuildNativeTypeToScriptingClass (6ms)
	initialDomainReloadingComplete (10ms)
	LoadAllAssembliesAndSetupDomain (190ms)
		LoadAssemblies (144ms)
		RebuildTransferFunctionScriptingTraits (0ms)
		AnalyzeDomain (67ms)
			TypeCache.Refresh (6ms)
				TypeCache.ScanAssembly (0ms)
			BuildScriptInfoCaches (58ms)
			ResolveRequiredComponents (1ms)
	FinalizeReload (404ms)
		ReleaseScriptCaches (0ms)
		RebuildScriptCaches (0ms)
		SetupLoadedEditorAssemblies (354ms)
			LogAssemblyErrors (0ms)
			InitializePlatformSupportModulesInManaged (1ms)
			SetLoadedEditorAssemblies (2ms)
			BeforeProcessingInitializeOnLoad (81ms)
			ProcessInitializeOnLoadAttributes (171ms)
			ProcessInitializeOnLoadMethodAttributes (100ms)
			AfterProcessingInitializeOnLoad (0ms)
			EditorAssembliesLoaded (0ms)
		ExecutionOrderSort2 (0ms)
		AwakeInstancesAfterBackupRestoration (1ms)
Refreshing native plugins compatible for Editor in 1.58 ms, found 2 plugins.
Preloading 1 native plugins for Editor in 1.20 ms.
Unloading 43 Unused Serialized files (Serialized files now loaded: 0)
Unloading 5193 unused Assets / (14.1 MB). Loaded Objects now: 5831.
Memory consumption went from 144.3 MB to 130.2 MB.
Total: 7.603833 ms (FindLiveObjects: 0.183208 ms CreateObjectMapping: 0.076917 ms MarkObjects: 6.141416 ms  DeleteObjects: 1.202084 ms)

Prepare: number of updated asset objects reloaded= 0
========================================================================
Received Prepare
Refreshing native plugins compatible for Editor in 1.38 ms, found 2 plugins.
Preloading 1 native plugins for Editor in 1.17 ms.
Unloading 43 Unused Serialized files (Serialized files now loaded: 0)
Unloading 5148 unused Assets / (14.1 MB). Loaded Objects now: 5831.
Memory consumption went from 131.4 MB to 117.3 MB.
Total: 7.670833 ms (FindLiveObjects: 0.188416 ms CreateObjectMapping: 0.079000 ms MarkObjects: 6.187208 ms  DeleteObjects: 1.215917 ms)

Prepare: number of updated asset objects reloaded= 0
========================================================================
Received Prepare
Refreshing native plugins compatible for Editor in 1.44 ms, found 2 plugins.
Preloading 1 native plugins for Editor in 1.19 ms.
Unloading 43 Unused Serialized files (Serialized files now loaded: 0)
Unloading 5148 unused Assets / (14.1 MB). Loaded Objects now: 5831.
Memory consumption went from 131.4 MB to 117.3 MB.
Total: 7.459209 ms (FindLiveObjects: 0.182250 ms CreateObjectMapping: 0.076417 ms MarkObjects: 6.014667 ms  DeleteObjects: 1.185667 ms)

Prepare: number of updated asset objects reloaded= 0
========================================================================
Received Prepare
Refreshing native plugins compatible for Editor in 1.42 ms, found 2 plugins.
Preloading 1 native plugins for Editor in 1.18 ms.
Unloading 43 Unused Serialized files (Serialized files now loaded: 0)
Unloading 5148 unused Assets / (14.2 MB). Loaded Objects now: 5831.
Memory consumption went from 131.4 MB to 117.2 MB.
Total: 7.542416 ms (FindLiveObjects: 0.179916 ms CreateObjectMapping: 0.086959 ms MarkObjects: 6.074625 ms  DeleteObjects: 1.200708 ms)

Prepare: number of updated asset objects reloaded= 0
========================================================================
Received Prepare
Refreshing native plugins compatible for Editor in 1.63 ms, found 2 plugins.
Preloading 1 native plugins for Editor in 1.19 ms.
Unloading 43 Unused Serialized files (Serialized files now loaded: 0)
Unloading 5148 unused Assets / (14.3 MB). Loaded Objects now: 5831.
Memory consumption went from 131.4 MB to 117.1 MB.
Total: 7.453916 ms (FindLiveObjects: 0.182666 ms CreateObjectMapping: 0.085125 ms MarkObjects: 5.949667 ms  DeleteObjects: 1.236250 ms)

Prepare: number of updated asset objects reloaded= 0
========================================================================
Received Import Request.
  Time since last request: 14.996715 seconds.
  path: Assets/Scripts/RLAgent.cs
  artifactKey: Guid(f22ccae075dbc4c41b6428f77d50a8cc) Importer(815301076,1909f56bfc062723c751e8b465ee728b)
Start importing Assets/Scripts/RLAgent.cs using Guid(f22ccae075dbc4c41b6428f77d50a8cc) Importer(815301076,1909f56bfc062723c751e8b465ee728b) (PreviewImporter) -> (artifact id: '3484b5b50c96f3a51ee4ecf43a22c081') in 0.00080225 seconds
Number of updated asset objects reloaded before import = 0Number of asset objects unloaded after import = 0

========================================================================
Received Prepare
Refreshing native plugins compatible for Editor in 1.63 ms, found 2 plugins.
Preloading 1 native plugins for Editor in 1.18 ms.
Unloading 43 Unused Serialized files (Serialized files now loaded: 0)
Unloading 5148 unused Assets / (14.2 MB). Loaded Objects now: 5831.
Memory consumption went from 131.4 MB to 117.2 MB.
Total: 7.409875 ms (FindLiveObjects: 0.183667 ms CreateObjectMapping: 0.080125 ms MarkObjects: 5.929792 ms  DeleteObjects: 1.215750 ms)

Prepare: number of updated asset objects reloaded= 0
========================================================================
Received Prepare
Refreshing native plugins compatible for Editor in 1.39 ms, found 2 plugins.
Preloading 1 native plugins for Editor in 1.17 ms.
Unloading 43 Unused Serialized files (Serialized files now loaded: 0)
Unloading 5148 unused Assets / (14.2 MB). Loaded Objects now: 5831.
Memory consumption went from 131.4 MB to 117.2 MB.
Total: 7.606959 ms (FindLiveObjects: 0.191792 ms CreateObjectMapping: 0.077292 ms MarkObjects: 6.082666 ms  DeleteObjects: 1.255084 ms)

Prepare: number of updated asset objects reloaded= 0
========================================================================
Received Prepare
Refreshing native plugins compatible for Editor in 1.44 ms, found 2 plugins.
Preloading 1 native plugins for Editor in 1.17 ms.
Unloading 43 Unused Serialized files (Serialized files now loaded: 0)
Unloading 5148 unused Assets / (14.0 MB). Loaded Objects now: 5831.
Memory consumption went from 131.4 MB to 117.4 MB.
Total: 7.525250 ms (FindLiveObjects: 0.182166 ms CreateObjectMapping: 0.078125 ms MarkObjects: 6.060750 ms  DeleteObjects: 1.204041 ms)

Prepare: number of updated asset objects reloaded= 0
========================================================================
Received Import Request.
  Time since last request: 14.794762 seconds.
  path: Assets/Scripts/RLAgent.cs
  artifactKey: Guid(f22ccae075dbc4c41b6428f77d50a8cc) Importer(815301076,1909f56bfc062723c751e8b465ee728b)
Start importing Assets/Scripts/RLAgent.cs using Guid(f22ccae075dbc4c41b6428f77d50a8cc) Importer(815301076,1909f56bfc062723c751e8b465ee728b) (PreviewImporter) -> (artifact id: 'ea3b2952b182b0f4afc6ab600c485cc1') in 0.000411208 seconds
Number of updated asset objects reloaded before import = 0Number of asset objects unloaded after import = 0

========================================================================
Received Prepare
Refreshing native plugins compatible for Editor in 1.44 ms, found 2 plugins.
Preloading 1 native plugins for Editor in 1.18 ms.
Unloading 43 Unused Serialized files (Serialized files now loaded: 0)
Unloading 5148 unused Assets / (13.7 MB). Loaded Objects now: 5831.
Memory consumption went from 131.4 MB to 117.6 MB.
Total: 7.365875 ms (FindLiveObjects: 0.184834 ms CreateObjectMapping: 0.081791 ms MarkObjects: 6.009750 ms  DeleteObjects: 1.089125 ms)

Prepare: number of updated asset objects reloaded= 0
========================================================================
Received Import Request.
  Time since last request: 2.196082 seconds.
  path: Assets/Scripts/RLAgent.cs
  artifactKey: Guid(f22ccae075dbc4c41b6428f77d50a8cc) Importer(815301076,1909f56bfc062723c751e8b465ee728b)
Start importing Assets/Scripts/RLAgent.cs using Guid(f22ccae075dbc4c41b6428f77d50a8cc) Importer(815301076,1909f56bfc062723c751e8b465ee728b) (PreviewImporter) -> (artifact id: 'b984dff9a2d9131128ad24552f460c7c') in 0.000384 seconds
Number of updated asset objects reloaded before import = 0Number of asset objects unloaded after import = 0

========================================================================
Received Prepare
Refreshing native plugins compatible for Editor in 1.57 ms, found 2 plugins.
Preloading 1 native plugins for Editor in 1.17 ms.
Unloading 43 Unused Serialized files (Serialized files now loaded: 0)
Unloading 5148 unused Assets / (14.1 MB). Loaded Objects now: 5831.
Memory consumption went from 131.4 MB to 117.3 MB.
Total: 7.771917 ms (FindLiveObjects: 0.186750 ms CreateObjectMapping: 0.075958 ms MarkObjects: 6.202792 ms  DeleteObjects: 1.306250 ms)

Prepare: number of updated asset objects reloaded= 0
========================================================================
Received Prepare
Refreshing native plugins compatible for Editor in 1.53 ms, found 2 plugins.
Preloading 1 native plugins for Editor in 1.14 ms.
Unloading 43 Unused Serialized files (Serialized files now loaded: 0)
Unloading 5148 unused Assets / (14.2 MB). Loaded Objects now: 5831.
Memory consumption went from 131.4 MB to 117.2 MB.
Total: 7.558000 ms (FindLiveObjects: 0.183250 ms CreateObjectMapping: 0.073708 ms MarkObjects: 6.076750 ms  DeleteObjects: 1.224084 ms)

Prepare: number of updated asset objects reloaded= 0
========================================================================
Received Prepare
Refreshing native plugins compatible for Editor in 1.55 ms, found 2 plugins.
Preloading 1 native plugins for Editor in 1.17 ms.
Unloading 43 Unused Serialized files (Serialized files now loaded: 0)
Unloading 5148 unused Assets / (13.8 MB). Loaded Objects now: 5831.
Memory consumption went from 131.4 MB to 117.5 MB.
Total: 7.406458 ms (FindLiveObjects: 0.191791 ms CreateObjectMapping: 0.086417 ms MarkObjects: 6.022250 ms  DeleteObjects: 1.105542 ms)

Prepare: number of updated asset objects reloaded= 0
========================================================================
Received Prepare
Refreshing native plugins compatible for Editor in 1.51 ms, found 2 plugins.
Preloading 1 native plugins for Editor in 1.13 ms.
Unloading 43 Unused Serialized files (Serialized files now loaded: 0)
Unloading 5148 unused Assets / (14.2 MB). Loaded Objects now: 5831.
Memory consumption went from 131.4 MB to 117.2 MB.
Total: 7.565916 ms (FindLiveObjects: 0.180291 ms CreateObjectMapping: 0.078625 ms MarkObjects: 6.096708 ms  DeleteObjects: 1.210125 ms)

Prepare: number of updated asset objects reloaded= 0
========================================================================
Received Prepare
Refreshing native plugins compatible for Editor in 1.56 ms, found 2 plugins.
Preloading 1 native plugins for Editor in 1.11 ms.
Unloading 43 Unused Serialized files (Serialized files now loaded: 0)
Unloading 5148 unused Assets / (13.2 MB). Loaded Objects now: 5831.
Memory consumption went from 131.4 MB to 118.2 MB.
Total: 7.527000 ms (FindLiveObjects: 0.179583 ms CreateObjectMapping: 0.071167 ms MarkObjects: 6.053458 ms  DeleteObjects: 1.222625 ms)

Prepare: number of updated asset objects reloaded= 0
========================================================================
Received Prepare
Refreshing native plugins compatible for Editor in 1.58 ms, found 2 plugins.
Preloading 1 native plugins for Editor in 1.15 ms.
Unloading 43 Unused Serialized files (Serialized files now loaded: 0)
Unloading 5148 unused Assets / (14.0 MB). Loaded Objects now: 5831.
Memory consumption went from 131.4 MB to 117.4 MB.
Total: 7.723084 ms (FindLiveObjects: 0.186625 ms CreateObjectMapping: 0.078459 ms MarkObjects: 6.166042 ms  DeleteObjects: 1.291792 ms)

Prepare: number of updated asset objects reloaded= 0
========================================================================
Received Prepare
Begin MonoManager ReloadAssembly
[Licensing::Client] Successfully resolved entitlement details
[Licensing::Module] License group:
  Id: F4-85AS-8ZW6-XMRF-425Z-XXXX
  Product: Unity Personal
  Type: ULF
  Expiration: Unlimited
[Licensing::Module] License group:
  Id: 6872810951280-UnityPersXXXX
  Product: Unity Personal
  Type: Assigned
  Expiration: Unlimited
Thread 0x16b9a7000 may have been prematurely finalized
Symbol file LoadedFromMemory is not a mono symbol file
Symbol file LoadedFromMemory is not a mono symbol file
- Loaded All Assemblies, in  0.315 seconds
Refreshing native plugins compatible for Editor in 1.27 ms, found 2 plugins.
Native extension for OSXStandalone target not found
Native extension for WebGL target not found
Refreshing native plugins compatible for Editor in 1.63 ms, found 2 plugins.
[Package Manager] Failed to launch server process. Reason: Unity was launched with the -noUpm command-line argument
[Package Manager] Unable to send message (not connected to server process).
[Package Manager] Cannot connect to Unity Package Manager local server
ScheduleIndexationOnStartup MainProcess:False IndexOnStartup:True
Mono: successfully reloaded assembly
- Finished resetting the current domain, in  0.394 seconds
Domain Reload Profiling: 710ms
	BeginReloadAssembly (71ms)
		ExecutionOrderSort (0ms)
		DisableScriptedObjects (3ms)
		BackupInstance (0ms)
		ReleaseScriptingObjects (0ms)
		CreateAndSetChildDomain (21ms)
	RebuildCommonClasses (16ms)
	RebuildNativeTypeToScriptingClass (6ms)
	initialDomainReloadingComplete (9ms)
	LoadAllAssembliesAndSetupDomain (214ms)
		LoadAssemblies (169ms)
		RebuildTransferFunctionScriptingTraits (0ms)
		AnalyzeDomain (67ms)
			TypeCache.Refresh (7ms)
				TypeCache.ScanAssembly (0ms)
			BuildScriptInfoCaches (57ms)
			ResolveRequiredComponents (1ms)
	FinalizeReload (394ms)
		ReleaseScriptCaches (0ms)
		RebuildScriptCaches (0ms)
		SetupLoadedEditorAssemblies (347ms)
			LogAssemblyErrors (0ms)
			InitializePlatformSupportModulesInManaged (1ms)
			SetLoadedEditorAssemblies (2ms)
			BeforeProcessingInitializeOnLoad (81ms)
			ProcessInitializeOnLoadAttributes (165ms)
			ProcessInitializeOnLoadMethodAttributes (97ms)
			AfterProcessingInitializeOnLoad (0ms)
			EditorAssembliesLoaded (0ms)
		ExecutionOrderSort2 (0ms)
		AwakeInstancesAfterBackupRestoration (1ms)
Refreshing native plugins compatible for Editor in 1.59 ms, found 2 plugins.
Preloading 1 native plugins for Editor in 1.19 ms.
Unloading 43 Unused Serialized files (Serialized files now loaded: 0)
Unloading 5193 unused Assets / (14.2 MB). Loaded Objects now: 5835.
Memory consumption went from 144.0 MB to 129.7 MB.
Total: 7.578792 ms (FindLiveObjects: 0.186958 ms CreateObjectMapping: 0.075750 ms MarkObjects: 6.094791 ms  DeleteObjects: 1.221167 ms)

Prepare: number of updated asset objects reloaded= 0
========================================================================
Received Prepare
Refreshing native plugins compatible for Editor in 1.64 ms, found 2 plugins.
Preloading 1 native plugins for Editor in 1.13 ms.
Unloading 43 Unused Serialized files (Serialized files now loaded: 0)
Unloading 5148 unused Assets / (14.0 MB). Loaded Objects now: 5835.
Memory consumption went from 131.4 MB to 117.4 MB.
Total: 7.624000 ms (FindLiveObjects: 0.186542 ms CreateObjectMapping: 0.073833 ms MarkObjects: 6.173459 ms  DeleteObjects: 1.190000 ms)

Prepare: number of updated asset objects reloaded= 0
========================================================================
Received Prepare
Begin MonoManager ReloadAssembly
Thread 0x16b9a7000 may have been prematurely finalized
Symbol file LoadedFromMemory is not a mono symbol file
Symbol file LoadedFromMemory is not a mono symbol file
- Loaded All Assemblies, in  0.337 seconds
Refreshing native plugins compatible for Editor in 1.23 ms, found 2 plugins.
Native extension for OSXStandalone target not found
Native extension for WebGL target not found
Refreshing native plugins compatible for Editor in 1.24 ms, found 2 plugins.
[Package Manager] Failed to launch server process. Reason: Unity was launched with the -noUpm command-line argument
[Package Manager] Unable to send message (not connected to server process).
[Package Manager] Cannot connect to Unity Package Manager local server
ScheduleIndexationOnStartup MainProcess:False IndexOnStartup:True
Mono: successfully reloaded assembly
- Finished resetting the current domain, in  0.402 seconds
Domain Reload Profiling: 740ms
	BeginReloadAssembly (72ms)
		ExecutionOrderSort (0ms)
		DisableScriptedObjects (3ms)
		BackupInstance (0ms)
		ReleaseScriptingObjects (0ms)
		CreateAndSetChildDomain (22ms)
	RebuildCommonClasses (16ms)
	RebuildNativeTypeToScriptingClass (6ms)
	initialDomainReloadingComplete (10ms)
	LoadAllAssembliesAndSetupDomain (234ms)
		LoadAssemblies (186ms)
		RebuildTransferFunctionScriptingTraits (0ms)
		AnalyzeDomain (69ms)
			TypeCache.Refresh (7ms)
				TypeCache.ScanAssembly (0ms)
			BuildScriptInfoCaches (59ms)
			ResolveRequiredComponents (1ms)
	FinalizeReload (402ms)
		ReleaseScriptCaches (0ms)
		RebuildScriptCaches (0ms)
		SetupLoadedEditorAssemblies (353ms)
			LogAssemblyErrors (0ms)
			InitializePlatformSupportModulesInManaged (1ms)
			SetLoadedEditorAssemblies (2ms)
			BeforeProcessingInitializeOnLoad (86ms)
			ProcessInitializeOnLoadAttributes (166ms)
			ProcessInitializeOnLoadMethodAttributes (98ms)
			AfterProcessingInitializeOnLoad (1ms)
			EditorAssembliesLoaded (0ms)
		ExecutionOrderSort2 (0ms)
		AwakeInstancesAfterBackupRestoration (1ms)
Refreshing native plugins compatible for Editor in 1.31 ms, found 2 plugins.
Preloading 1 native plugins for Editor in 1.19 ms.
Unloading 43 Unused Serialized files (Serialized files now loaded: 0)
Unloading 5193 unused Assets / (14.0 MB). Loaded Objects now: 5839.
Memory consumption went from 144.0 MB to 130.0 MB.
Total: 7.514542 ms (FindLiveObjects: 0.191917 ms CreateObjectMapping: 0.075042 ms MarkObjects: 6.084209 ms  DeleteObjects: 1.163209 ms)

Prepare: number of updated asset objects reloaded= 0
========================================================================
Received Prepare
Refreshing native plugins compatible for Editor in 1.32 ms, found 2 plugins.
Preloading 1 native plugins for Editor in 1.19 ms.
Unloading 43 Unused Serialized files (Serialized files now loaded: 0)
Unloading 5148 unused Assets / (14.2 MB). Loaded Objects now: 5839.
Memory consumption went from 131.4 MB to 117.2 MB.
Total: 7.610417 ms (FindLiveObjects: 0.186000 ms CreateObjectMapping: 0.077000 ms MarkObjects: 6.126709 ms  DeleteObjects: 1.220542 ms)

Prepare: number of updated asset objects reloaded= 0
========================================================================
Received Prepare
Begin MonoManager ReloadAssembly
Thread 0x16b9a7000 may have been prematurely finalized
Symbol file LoadedFromMemory is not a mono symbol file
Symbol file LoadedFromMemory is not a mono symbol file
- Loaded All Assemblies, in  0.289 seconds
Refreshing native plugins compatible for Editor in 1.22 ms, found 2 plugins.
Native extension for OSXStandalone target not found
Native extension for WebGL target not found
Refreshing native plugins compatible for Editor in 1.35 ms, found 2 plugins.
[Package Manager] Failed to launch server process. Reason: Unity was launched with the -noUpm command-line argument
[Package Manager] Unable to send message (not connected to server process).
[Package Manager] Cannot connect to Unity Package Manager local server
ScheduleIndexationOnStartup MainProcess:False IndexOnStartup:True
Mono: successfully reloaded assembly
- Finished resetting the current domain, in  0.398 seconds
Domain Reload Profiling: 690ms
	BeginReloadAssembly (70ms)
		ExecutionOrderSort (0ms)
		DisableScriptedObjects (3ms)
		BackupInstance (0ms)
		ReleaseScriptingObjects (0ms)
		CreateAndSetChildDomain (21ms)
	RebuildCommonClasses (16ms)
	RebuildNativeTypeToScriptingClass (6ms)
	initialDomainReloadingComplete (9ms)
	LoadAllAssembliesAndSetupDomain (190ms)
		LoadAssemblies (144ms)
		RebuildTransferFunctionScriptingTraits (0ms)
		AnalyzeDomain (66ms)
			TypeCache.Refresh (7ms)
				TypeCache.ScanAssembly (0ms)
			BuildScriptInfoCaches (57ms)
			ResolveRequiredComponents (1ms)
	FinalizeReload (399ms)
		ReleaseScriptCaches (0ms)
		RebuildScriptCaches (0ms)
		SetupLoadedEditorAssemblies (350ms)
			LogAssemblyErrors (0ms)
			InitializePlatformSupportModulesInManaged (1ms)
			SetLoadedEditorAssemblies (2ms)
			BeforeProcessingInitializeOnLoad (81ms)
			ProcessInitializeOnLoadAttributes (165ms)
			ProcessInitializeOnLoadMethodAttributes (101ms)
			AfterProcessingInitializeOnLoad (0ms)
			EditorAssembliesLoaded (0ms)
		ExecutionOrderSort2 (0ms)
		AwakeInstancesAfterBackupRestoration (1ms)
Refreshing native plugins compatible for Editor in 1.57 ms, found 2 plugins.
Preloading 1 native plugins for Editor in 1.17 ms.
Unloading 43 Unused Serialized files (Serialized files now loaded: 0)
Unloading 5193 unused Assets / (14.1 MB). Loaded Objects now: 5843.
Memory consumption went from 144.0 MB to 129.8 MB.
Total: 7.622792 ms (FindLiveObjects: 0.182709 ms CreateObjectMapping: 0.075833 ms MarkObjects: 6.158458 ms  DeleteObjects: 1.205500 ms)

Prepare: number of updated asset objects reloaded= 0
========================================================================
Received Prepare
Refreshing native plugins compatible for Editor in 1.60 ms, found 2 plugins.
Preloading 1 native plugins for Editor in 1.16 ms.
Unloading 43 Unused Serialized files (Serialized files now loaded: 0)
Unloading 5148 unused Assets / (14.2 MB). Loaded Objects now: 5843.
Memory consumption went from 131.4 MB to 117.2 MB.
Total: 7.604625 ms (FindLiveObjects: 0.186125 ms CreateObjectMapping: 0.076083 ms MarkObjects: 6.097000 ms  DeleteObjects: 1.245292 ms)

Prepare: number of updated asset objects reloaded= 0
========================================================================
Received Prepare
Begin MonoManager ReloadAssembly
Thread 0x16b9a7000 may have been prematurely finalized
Symbol file LoadedFromMemory is not a mono symbol file
Symbol file LoadedFromMemory is not a mono symbol file
- Loaded All Assemblies, in  0.293 seconds
Refreshing native plugins compatible for Editor in 1.23 ms, found 2 plugins.
Native extension for OSXStandalone target not found
Native extension for WebGL target not found
Refreshing native plugins compatible for Editor in 1.39 ms, found 2 plugins.
[Package Manager] Failed to launch server process. Reason: Unity was launched with the -noUpm command-line argument
[Package Manager] Unable to send message (not connected to server process).
[Package Manager] Cannot connect to Unity Package Manager local server
ScheduleIndexationOnStartup MainProcess:False IndexOnStartup:True
Mono: successfully reloaded assembly
- Finished resetting the current domain, in  0.391 seconds
Domain Reload Profiling: 685ms
	BeginReloadAssembly (72ms)
		ExecutionOrderSort (0ms)
		DisableScriptedObjects (3ms)
		BackupInstance (0ms)
		ReleaseScriptingObjects (0ms)
		CreateAndSetChildDomain (21ms)
	RebuildCommonClasses (16ms)
	RebuildNativeTypeToScriptingClass (6ms)
	initialDomainReloadingComplete (10ms)
	LoadAllAssembliesAndSetupDomain (190ms)
		LoadAssemblies (148ms)
		RebuildTransferFunctionScriptingTraits (0ms)
		AnalyzeDomain (65ms)
			TypeCache.Refresh (5ms)
				TypeCache.ScanAssembly (0ms)
			BuildScriptInfoCaches (57ms)
			ResolveRequiredComponents (1ms)
	FinalizeReload (392ms)
		ReleaseScriptCaches (0ms)
		RebuildScriptCaches (0ms)
		SetupLoadedEditorAssemblies (342ms)
			LogAssemblyErrors (0ms)
			InitializePlatformSupportModulesInManaged (1ms)
			SetLoadedEditorAssemblies (2ms)
			BeforeProcessingInitializeOnLoad (83ms)
			ProcessInitializeOnLoadAttributes (164ms)
			ProcessInitializeOnLoadMethodAttributes (92ms)
			AfterProcessingInitializeOnLoad (1ms)
			EditorAssembliesLoaded (0ms)
		ExecutionOrderSort2 (0ms)
		AwakeInstancesAfterBackupRestoration (1ms)
Refreshing native plugins compatible for Editor in 1.26 ms, found 2 plugins.
Preloading 1 native plugins for Editor in 1.21 ms.
Unloading 43 Unused Serialized files (Serialized files now loaded: 0)
Unloading 5193 unused Assets / (13.9 MB). Loaded Objects now: 5847.
Memory consumption went from 144.0 MB to 130.1 MB.
Total: 7.769583 ms (FindLiveObjects: 0.181708 ms CreateObjectMapping: 0.079709 ms MarkObjects: 6.429500 ms  DeleteObjects: 1.078500 ms)

Prepare: number of updated asset objects reloaded= 0
========================================================================
Received Prepare
Refreshing native plugins compatible for Editor in 1.59 ms, found 2 plugins.
Preloading 1 native plugins for Editor in 1.15 ms.
Unloading 43 Unused Serialized files (Serialized files now loaded: 0)
Unloading 5148 unused Assets / (14.3 MB). Loaded Objects now: 5847.
Memory consumption went from 131.4 MB to 117.1 MB.
Total: 7.711375 ms (FindLiveObjects: 0.188208 ms CreateObjectMapping: 0.073750 ms MarkObjects: 6.168958 ms  DeleteObjects: 1.280083 ms)

Prepare: number of updated asset objects reloaded= 0
========================================================================
Received Prepare
Begin MonoManager ReloadAssembly
[Licensing::Client] Successfully resolved entitlement details
[Licensing::Module] License group:
  Id: F4-85AS-8ZW6-XMRF-425Z-XXXX
  Product: Unity Personal
  Type: ULF
  Expiration: Unlimited
[Licensing::Module] License group:
  Id: 6872810951280-UnityPersXXXX
  Product: Unity Personal
  Type: Assigned
  Expiration: Unlimited
Thread 0x16b9a7000 may have been prematurely finalized
Symbol file LoadedFromMemory is not a mono symbol file
Symbol file LoadedFromMemory is not a mono symbol file
- Loaded All Assemblies, in  0.286 seconds
Refreshing native plugins compatible for Editor in 1.67 ms, found 2 plugins.
Native extension for OSXStandalone target not found
Native extension for WebGL target not found
Refreshing native plugins compatible for Editor in 1.19 ms, found 2 plugins.
[Package Manager] Failed to launch server process. Reason: Unity was launched with the -noUpm command-line argument
[Package Manager] Unable to send message (not connected to server process).
[Package Manager] Cannot connect to Unity Package Manager local server
ScheduleIndexationOnStartup MainProcess:False IndexOnStartup:True
Mono: successfully reloaded assembly
- Finished resetting the current domain, in  0.394 seconds
Domain Reload Profiling: 682ms
	BeginReloadAssembly (73ms)
		ExecutionOrderSort (0ms)
		DisableScriptedObjects (3ms)
		BackupInstance (0ms)
		ReleaseScriptingObjects (0ms)
		CreateAndSetChildDomain (21ms)
	RebuildCommonClasses (15ms)
	RebuildNativeTypeToScriptingClass (6ms)
	initialDomainReloadingComplete (9ms)
	LoadAllAssembliesAndSetupDomain (184ms)
		LoadAssemblies (140ms)
		RebuildTransferFunctionScriptingTraits (0ms)
		AnalyzeDomain (67ms)
			TypeCache.Refresh (6ms)
				TypeCache.ScanAssembly (0ms)
			BuildScriptInfoCaches (57ms)
			ResolveRequiredComponents (1ms)
	FinalizeReload (394ms)
		ReleaseScriptCaches (0ms)
		RebuildScriptCaches (0ms)
		SetupLoadedEditorAssemblies (345ms)
			LogAssemblyErrors (0ms)
			InitializePlatformSupportModulesInManaged (1ms)
			SetLoadedEditorAssemblies (2ms)
			BeforeProcessingInitializeOnLoad (82ms)
			ProcessInitializeOnLoadAttributes (166ms)
			ProcessInitializeOnLoadMethodAttributes (94ms)
			AfterProcessingInitializeOnLoad (1ms)
			EditorAssembliesLoaded (0ms)
		ExecutionOrderSort2 (0ms)
		AwakeInstancesAfterBackupRestoration (1ms)
Refreshing native plugins compatible for Editor in 1.20 ms, found 2 plugins.
Preloading 1 native plugins for Editor in 1.16 ms.
Unloading 43 Unused Serialized files (Serialized files now loaded: 0)
Unloading 5193 unused Assets / (14.2 MB). Loaded Objects now: 5851.
Memory consumption went from 144.0 MB to 129.8 MB.
Total: 7.644042 ms (FindLiveObjects: 0.169375 ms CreateObjectMapping: 0.073417 ms MarkObjects: 6.237833 ms  DeleteObjects: 1.163250 ms)

Prepare: number of updated asset objects reloaded= 0
========================================================================
Received Prepare
Refreshing native plugins compatible for Editor in 1.49 ms, found 2 plugins.
Preloading 1 native plugins for Editor in 1.15 ms.
Unloading 43 Unused Serialized files (Serialized files now loaded: 0)
Unloading 5148 unused Assets / (14.2 MB). Loaded Objects now: 5851.
Memory consumption went from 131.4 MB to 117.3 MB.
Total: 7.628334 ms (FindLiveObjects: 0.185875 ms CreateObjectMapping: 0.071833 ms MarkObjects: 6.145917 ms  DeleteObjects: 1.224584 ms)

Prepare: number of updated asset objects reloaded= 0
========================================================================
Received Prepare
Begin MonoManager ReloadAssembly
Thread 0x16b9a7000 may have been prematurely finalized
Symbol file LoadedFromMemory is not a mono symbol file
Symbol file LoadedFromMemory is not a mono symbol file
- Loaded All Assemblies, in  0.289 seconds
Refreshing native plugins compatible for Editor in 1.26 ms, found 2 plugins.
Native extension for OSXStandalone target not found
Native extension for WebGL target not found
Refreshing native plugins compatible for Editor in 1.33 ms, found 2 plugins.
[Package Manager] Failed to launch server process. Reason: Unity was launched with the -noUpm command-line argument
[Package Manager] Unable to send message (not connected to server process).
[Package Manager] Cannot connect to Unity Package Manager local server
ScheduleIndexationOnStartup MainProcess:False IndexOnStartup:True
Mono: successfully reloaded assembly
- Finished resetting the current domain, in  0.404 seconds
Domain Reload Profiling: 694ms
	BeginReloadAssembly (70ms)
		ExecutionOrderSort (0ms)
		DisableScriptedObjects (3ms)
		BackupInstance (0ms)
		ReleaseScriptingObjects (0ms)
		CreateAndSetChildDomain (21ms)
	RebuildCommonClasses (16ms)
	RebuildNativeTypeToScriptingClass (6ms)
	initialDomainReloadingComplete (10ms)
	LoadAllAssembliesAndSetupDomain (189ms)
		LoadAssemblies (144ms)
		RebuildTransferFunctionScriptingTraits (0ms)
		AnalyzeDomain (67ms)
			TypeCache.Refresh (6ms)
				TypeCache.ScanAssembly (0ms)
			BuildScriptInfoCaches (58ms)
			ResolveRequiredComponents (1ms)
	FinalizeReload (404ms)
		ReleaseScriptCaches (0ms)
		RebuildScriptCaches (0ms)
		SetupLoadedEditorAssemblies (355ms)
			LogAssemblyErrors (0ms)
			InitializePlatformSupportModulesInManaged (1ms)
			SetLoadedEditorAssemblies (2ms)
			BeforeProcessingInitializeOnLoad (84ms)
			ProcessInitializeOnLoadAttributes (167ms)
			ProcessInitializeOnLoadMethodAttributes (100ms)
			AfterProcessingInitializeOnLoad (0ms)
			EditorAssembliesLoaded (0ms)
		ExecutionOrderSort2 (0ms)
		AwakeInstancesAfterBackupRestoration (1ms)
Refreshing native plugins compatible for Editor in 1.40 ms, found 2 plugins.
Preloading 1 native plugins for Editor in 1.18 ms.
Unloading 43 Unused Serialized files (Serialized files now loaded: 0)
Unloading 5193 unused Assets / (14.0 MB). Loaded Objects now: 5855.
Memory consumption went from 144.0 MB to 130.0 MB.
Total: 8.062625 ms (FindLiveObjects: 0.198042 ms CreateObjectMapping: 0.083750 ms MarkObjects: 6.496959 ms  DeleteObjects: 1.283750 ms)

Prepare: number of updated asset objects reloaded= 0
========================================================================
Received Prepare
Refreshing native plugins compatible for Editor in 1.32 ms, found 2 plugins.
Preloading 1 native plugins for Editor in 1.18 ms.
Unloading 43 Unused Serialized files (Serialized files now loaded: 0)
Unloading 5148 unused Assets / (13.7 MB). Loaded Objects now: 5855.
Memory consumption went from 131.4 MB to 117.7 MB.
Total: 8.051833 ms (FindLiveObjects: 0.196583 ms CreateObjectMapping: 0.084375 ms MarkObjects: 6.618833 ms  DeleteObjects: 1.151875 ms)

Prepare: number of updated asset objects reloaded= 0
========================================================================
Received Prepare
Begin MonoManager ReloadAssembly
Thread 0x16b9a7000 may have been prematurely finalized
Symbol file LoadedFromMemory is not a mono symbol file
Symbol file LoadedFromMemory is not a mono symbol file
- Loaded All Assemblies, in  0.295 seconds
Refreshing native plugins compatible for Editor in 1.36 ms, found 2 plugins.
Native extension for OSXStandalone target not found
Native extension for WebGL target not found
Refreshing native plugins compatible for Editor in 1.31 ms, found 2 plugins.
[Package Manager] Failed to launch server process. Reason: Unity was launched with the -noUpm command-line argument
[Package Manager] Unable to send message (not connected to server process).
[Package Manager] Cannot connect to Unity Package Manager local server
ScheduleIndexationOnStartup MainProcess:False IndexOnStartup:True
Mono: successfully reloaded assembly
- Finished resetting the current domain, in  0.401 seconds
Domain Reload Profiling: 698ms
	BeginReloadAssembly (71ms)
		ExecutionOrderSort (0ms)
		DisableScriptedObjects (3ms)
		BackupInstance (0ms)
		ReleaseScriptingObjects (0ms)
		CreateAndSetChildDomain (21ms)
	RebuildCommonClasses (15ms)
	RebuildNativeTypeToScriptingClass (6ms)
	initialDomainReloadingComplete (10ms)
	LoadAllAssembliesAndSetupDomain (194ms)
		LoadAssemblies (150ms)
		RebuildTransferFunctionScriptingTraits (0ms)
		AnalyzeDomain (67ms)
			TypeCache.Refresh (6ms)
				TypeCache.ScanAssembly (0ms)
			BuildScriptInfoCaches (58ms)
			ResolveRequiredComponents (1ms)
	FinalizeReload (401ms)
		ReleaseScriptCaches (0ms)
		RebuildScriptCaches (0ms)
		SetupLoadedEditorAssemblies (352ms)
			LogAssemblyErrors (0ms)
			InitializePlatformSupportModulesInManaged (1ms)
			SetLoadedEditorAssemblies (2ms)
			BeforeProcessingInitializeOnLoad (82ms)
			ProcessInitializeOnLoadAttributes (167ms)
			ProcessInitializeOnLoadMethodAttributes (99ms)
			AfterProcessingInitializeOnLoad (1ms)
			EditorAssembliesLoaded (0ms)
		ExecutionOrderSort2 (0ms)
		AwakeInstancesAfterBackupRestoration (1ms)
Refreshing native plugins compatible for Editor in 1.42 ms, found 2 plugins.
Preloading 1 native plugins for Editor in 1.20 ms.
Unloading 43 Unused Serialized files (Serialized files now loaded: 0)
Unloading 5193 unused Assets / (13.9 MB). Loaded Objects now: 5859.
Memory consumption went from 144.0 MB to 130.1 MB.
Total: 8.033042 ms (FindLiveObjects: 0.196833 ms CreateObjectMapping: 0.080417 ms MarkObjects: 6.486208 ms  DeleteObjects: 1.269375 ms)

Prepare: number of updated asset objects reloaded= 0
========================================================================
Received Prepare
Refreshing native plugins compatible for Editor in 1.10 ms, found 2 plugins.
Preloading 1 native plugins for Editor in 1.12 ms.
Unloading 43 Unused Serialized files (Serialized files now loaded: 0)
Unloading 5148 unused Assets / (14.0 MB). Loaded Objects now: 5859.
Memory consumption went from 131.5 MB to 117.5 MB.
Total: 7.586209 ms (FindLiveObjects: 0.195542 ms CreateObjectMapping: 0.078833 ms MarkObjects: 6.062792 ms  DeleteObjects: 1.248834 ms)

Prepare: number of updated asset objects reloaded= 0
========================================================================
Received Prepare
Begin MonoManager ReloadAssembly
Thread 0x16b9a7000 may have been prematurely finalized
Symbol file LoadedFromMemory is not a mono symbol file
Symbol file LoadedFromMemory is not a mono symbol file
- Loaded All Assemblies, in  0.314 seconds
Refreshing native plugins compatible for Editor in 1.13 ms, found 2 plugins.
Native extension for OSXStandalone target not found
Native extension for WebGL target not found
Refreshing native plugins compatible for Editor in 1.03 ms, found 2 plugins.
[Package Manager] Failed to launch server process. Reason: Unity was launched with the -noUpm command-line argument
[Package Manager] Unable to send message (not connected to server process).
[Package Manager] Cannot connect to Unity Package Manager local server
ScheduleIndexationOnStartup MainProcess:False IndexOnStartup:True
Mono: successfully reloaded assembly
- Finished resetting the current domain, in  0.405 seconds
Domain Reload Profiling: 720ms
	BeginReloadAssembly (72ms)
		ExecutionOrderSort (0ms)
		DisableScriptedObjects (3ms)
		BackupInstance (0ms)
		ReleaseScriptingObjects (0ms)
		CreateAndSetChildDomain (21ms)
	RebuildCommonClasses (15ms)
	RebuildNativeTypeToScriptingClass (6ms)
	initialDomainReloadingComplete (9ms)
	LoadAllAssembliesAndSetupDomain (212ms)
		LoadAssemblies (167ms)
		RebuildTransferFunctionScriptingTraits (0ms)
		AnalyzeDomain (68ms)
			TypeCache.Refresh (7ms)
				TypeCache.ScanAssembly (0ms)
			BuildScriptInfoCaches (58ms)
			ResolveRequiredComponents (1ms)
	FinalizeReload (405ms)
		ReleaseScriptCaches (0ms)
		RebuildScriptCaches (0ms)
		SetupLoadedEditorAssemblies (356ms)
			LogAssemblyErrors (0ms)
			InitializePlatformSupportModulesInManaged (1ms)
			SetLoadedEditorAssemblies (2ms)
			BeforeProcessingInitializeOnLoad (84ms)
			ProcessInitializeOnLoadAttributes (171ms)
			ProcessInitializeOnLoadMethodAttributes (98ms)
			AfterProcessingInitializeOnLoad (1ms)
			EditorAssembliesLoaded (0ms)
		ExecutionOrderSort2 (0ms)
		AwakeInstancesAfterBackupRestoration (1ms)
Refreshing native plugins compatible for Editor in 1.26 ms, found 2 plugins.
Preloading 1 native plugins for Editor in 1.18 ms.
Unloading 43 Unused Serialized files (Serialized files now loaded: 0)
Unloading 5193 unused Assets / (14.2 MB). Loaded Objects now: 5863.
Memory consumption went from 144.0 MB to 129.9 MB.
Total: 7.622125 ms (FindLiveObjects: 0.193167 ms CreateObjectMapping: 0.076833 ms MarkObjects: 6.115500 ms  DeleteObjects: 1.236417 ms)

Prepare: number of updated asset objects reloaded= 0
========================================================================
Received Prepare
Refreshing native plugins compatible for Editor in 1.53 ms, found 2 plugins.
Preloading 1 native plugins for Editor in 1.19 ms.
Unloading 43 Unused Serialized files (Serialized files now loaded: 0)
Unloading 5148 unused Assets / (14.2 MB). Loaded Objects now: 5863.
Memory consumption went from 131.5 MB to 117.3 MB.
Total: 7.655000 ms (FindLiveObjects: 0.185000 ms CreateObjectMapping: 0.073209 ms MarkObjects: 6.164625 ms  DeleteObjects: 1.232000 ms)

Prepare: number of updated asset objects reloaded= 0
========================================================================
Received Import Request.
  Time since last request: 136.608363 seconds.
  path: Assets/Scripts/RLAgent.cs
  artifactKey: Guid(f22ccae075dbc4c41b6428f77d50a8cc) Importer(815301076,1909f56bfc062723c751e8b465ee728b)
Start importing Assets/Scripts/RLAgent.cs using Guid(f22ccae075dbc4c41b6428f77d50a8cc) Importer(815301076,1909f56bfc062723c751e8b465ee728b) (PreviewImporter) -> (artifact id: 'b4aec7dd05d7692f77afba99ef48ce32') in 0.000923791 seconds
Number of updated asset objects reloaded before import = 0Number of asset objects unloaded after import = 0

========================================================================
Received Prepare
Begin MonoManager ReloadAssembly
Thread 0x16b9a7000 may have been prematurely finalized
Symbol file LoadedFromMemory is not a mono symbol file
Symbol file LoadedFromMemory is not a mono symbol file
- Loaded All Assemblies, in  0.310 seconds
Refreshing native plugins compatible for Editor in 1.15 ms, found 2 plugins.
Native extension for OSXStandalone target not found
Native extension for WebGL target not found
Refreshing native plugins compatible for Editor in 1.32 ms, found 2 plugins.
[Package Manager] Failed to launch server process. Reason: Unity was launched with the -noUpm command-line argument
[Package Manager] Unable to send message (not connected to server process).
[Package Manager] Cannot connect to Unity Package Manager local server
ScheduleIndexationOnStartup MainProcess:False IndexOnStartup:True
Mono: successfully reloaded assembly
- Finished resetting the current domain, in  0.412 seconds
Domain Reload Profiling: 724ms
	BeginReloadAssembly (75ms)
		ExecutionOrderSort (0ms)
		DisableScriptedObjects (3ms)
		BackupInstance (0ms)
		ReleaseScriptingObjects (0ms)
		CreateAndSetChildDomain (24ms)
	RebuildCommonClasses (16ms)
	RebuildNativeTypeToScriptingClass (6ms)
	initialDomainReloadingComplete (10ms)
	LoadAllAssembliesAndSetupDomain (204ms)
		LoadAssemblies (160ms)
		RebuildTransferFunctionScriptingTraits (0ms)
		AnalyzeDomain (68ms)
			TypeCache.Refresh (7ms)
				TypeCache.ScanAssembly (0ms)
			BuildScriptInfoCaches (58ms)
			ResolveRequiredComponents (1ms)
	FinalizeReload (412ms)
		ReleaseScriptCaches (0ms)
		RebuildScriptCaches (0ms)
		SetupLoadedEditorAssemblies (361ms)
			LogAssemblyErrors (0ms)
			InitializePlatformSupportModulesInManaged (1ms)
			SetLoadedEditorAssemblies (2ms)
			BeforeProcessingInitializeOnLoad (86ms)
			ProcessInitializeOnLoadAttributes (174ms)
			ProcessInitializeOnLoadMethodAttributes (98ms)
			AfterProcessingInitializeOnLoad (1ms)
			EditorAssembliesLoaded (0ms)
		ExecutionOrderSort2 (0ms)
		AwakeInstancesAfterBackupRestoration (1ms)
Refreshing native plugins compatible for Editor in 1.63 ms, found 2 plugins.
Preloading 1 native plugins for Editor in 1.19 ms.
Unloading 43 Unused Serialized files (Serialized files now loaded: 0)
Unloading 5193 unused Assets / (14.3 MB). Loaded Objects now: 5867.
Memory consumption went from 144.2 MB to 129.8 MB.
Total: 7.643125 ms (FindLiveObjects: 0.184208 ms CreateObjectMapping: 0.075417 ms MarkObjects: 6.080458 ms  DeleteObjects: 1.302667 ms)

Prepare: number of updated asset objects reloaded= 0
========================================================================
Received Prepare
Refreshing native plugins compatible for Editor in 1.65 ms, found 2 plugins.
Preloading 1 native plugins for Editor in 1.15 ms.
Unloading 43 Unused Serialized files (Serialized files now loaded: 0)
Unloading 5148 unused Assets / (13.9 MB). Loaded Objects now: 5867.
Memory consumption went from 131.6 MB to 117.7 MB.
Total: 7.756625 ms (FindLiveObjects: 0.202208 ms CreateObjectMapping: 0.079250 ms MarkObjects: 6.230666 ms  DeleteObjects: 1.244250 ms)

Prepare: number of updated asset objects reloaded= 0
========================================================================
Received Prepare
Begin MonoManager ReloadAssembly
Thread 0x16b9a7000 may have been prematurely finalized
Symbol file LoadedFromMemory is not a mono symbol file
Symbol file LoadedFromMemory is not a mono symbol file
- Loaded All Assemblies, in  0.305 seconds
Refreshing native plugins compatible for Editor in 1.19 ms, found 2 plugins.
Native extension for OSXStandalone target not found
Native extension for WebGL target not found
Refreshing native plugins compatible for Editor in 1.67 ms, found 2 plugins.
[Package Manager] Failed to launch server process. Reason: Unity was launched with the -noUpm command-line argument
[Package Manager] Unable to send message (not connected to server process).
[Package Manager] Cannot connect to Unity Package Manager local server
ScheduleIndexationOnStartup MainProcess:False IndexOnStartup:True
Mono: successfully reloaded assembly
- Finished resetting the current domain, in  0.404 seconds
Domain Reload Profiling: 710ms
	BeginReloadAssembly (71ms)
		ExecutionOrderSort (0ms)
		DisableScriptedObjects (3ms)
		BackupInstance (0ms)
		ReleaseScriptingObjects (0ms)
		CreateAndSetChildDomain (22ms)
	RebuildCommonClasses (15ms)
	RebuildNativeTypeToScriptingClass (6ms)
	initialDomainReloadingComplete (10ms)
	LoadAllAssembliesAndSetupDomain (203ms)
		LoadAssemblies (157ms)
		RebuildTransferFunctionScriptingTraits (0ms)
		AnalyzeDomain (68ms)
			TypeCache.Refresh (7ms)
				TypeCache.ScanAssembly (0ms)
			BuildScriptInfoCaches (58ms)
			ResolveRequiredComponents (1ms)
	FinalizeReload (404ms)
		ReleaseScriptCaches (0ms)
		RebuildScriptCaches (0ms)
		SetupLoadedEditorAssemblies (354ms)
			LogAssemblyErrors (0ms)
			InitializePlatformSupportModulesInManaged (1ms)
			SetLoadedEditorAssemblies (2ms)
			BeforeProcessingInitializeOnLoad (82ms)
			ProcessInitializeOnLoadAttributes (170ms)
			ProcessInitializeOnLoadMethodAttributes (99ms)
			AfterProcessingInitializeOnLoad (1ms)
			EditorAssembliesLoaded (0ms)
		ExecutionOrderSort2 (0ms)
		AwakeInstancesAfterBackupRestoration (1ms)
Refreshing native plugins compatible for Editor in 1.56 ms, found 2 plugins.
Preloading 1 native plugins for Editor in 1.21 ms.
Unloading 43 Unused Serialized files (Serialized files now loaded: 0)
Unloading 5193 unused Assets / (14.2 MB). Loaded Objects now: 5871.
Memory consumption went from 144.0 MB to 129.9 MB.
Total: 7.705625 ms (FindLiveObjects: 0.192708 ms CreateObjectMapping: 0.078875 ms MarkObjects: 6.205542 ms  DeleteObjects: 1.228292 ms)

Prepare: number of updated asset objects reloaded= 0
========================================================================
Received Prepare
Refreshing native plugins compatible for Editor in 1.65 ms, found 2 plugins.
Preloading 1 native plugins for Editor in 1.56 ms.
Unloading 43 Unused Serialized files (Serialized files now loaded: 0)
Unloading 5148 unused Assets / (14.1 MB). Loaded Objects now: 5871.
Memory consumption went from 131.6 MB to 117.5 MB.
Total: 8.109708 ms (FindLiveObjects: 0.190916 ms CreateObjectMapping: 0.071667 ms MarkObjects: 6.614250 ms  DeleteObjects: 1.232750 ms)

Prepare: number of updated asset objects reloaded= 0
========================================================================
Received Prepare
Begin MonoManager ReloadAssembly
Thread 0x16b9a7000 may have been prematurely finalized
Symbol file LoadedFromMemory is not a mono symbol file
Symbol file LoadedFromMemory is not a mono symbol file
- Loaded All Assemblies, in  0.308 seconds
Refreshing native plugins compatible for Editor in 1.54 ms, found 2 plugins.
Native extension for OSXStandalone target not found
Native extension for WebGL target not found
Refreshing native plugins compatible for Editor in 1.23 ms, found 2 plugins.
[Package Manager] Failed to launch server process. Reason: Unity was launched with the -noUpm command-line argument
[Package Manager] Unable to send message (not connected to server process).
[Package Manager] Cannot connect to Unity Package Manager local server
ScheduleIndexationOnStartup MainProcess:False IndexOnStartup:True
Mono: successfully reloaded assembly
- Finished resetting the current domain, in  0.415 seconds
Domain Reload Profiling: 724ms
	BeginReloadAssembly (74ms)
		ExecutionOrderSort (0ms)
		DisableScriptedObjects (3ms)
		BackupInstance (0ms)
		ReleaseScriptingObjects (0ms)
		CreateAndSetChildDomain (23ms)
	RebuildCommonClasses (16ms)
	RebuildNativeTypeToScriptingClass (6ms)
	initialDomainReloadingComplete (9ms)
	LoadAllAssembliesAndSetupDomain (204ms)
		LoadAssemblies (155ms)
		RebuildTransferFunctionScriptingTraits (0ms)
		AnalyzeDomain (71ms)
			TypeCache.Refresh (7ms)
				TypeCache.ScanAssembly (0ms)
			BuildScriptInfoCaches (61ms)
			ResolveRequiredComponents (1ms)
	FinalizeReload (415ms)
		ReleaseScriptCaches (0ms)
		RebuildScriptCaches (0ms)
		SetupLoadedEditorAssemblies (363ms)
			LogAssemblyErrors (0ms)
			InitializePlatformSupportModulesInManaged (1ms)
			SetLoadedEditorAssemblies (2ms)
			BeforeProcessingInitializeOnLoad (85ms)
			ProcessInitializeOnLoadAttributes (175ms)
			ProcessInitializeOnLoadMethodAttributes (100ms)
			AfterProcessingInitializeOnLoad (0ms)
			EditorAssembliesLoaded (0ms)
		ExecutionOrderSort2 (0ms)
		AwakeInstancesAfterBackupRestoration (1ms)
Refreshing native plugins compatible for Editor in 1.49 ms, found 2 plugins.
Preloading 1 native plugins for Editor in 1.20 ms.
Unloading 43 Unused Serialized files (Serialized files now loaded: 0)
Unloading 5193 unused Assets / (14.0 MB). Loaded Objects now: 5875.
Memory consumption went from 144.1 MB to 130.0 MB.
Total: 7.805459 ms (FindLiveObjects: 0.206125 ms CreateObjectMapping: 0.085083 ms MarkObjects: 6.274083 ms  DeleteObjects: 1.240084 ms)

Prepare: number of updated asset objects reloaded= 0
========================================================================
Received Prepare
Begin MonoManager ReloadAssembly
[Licensing::Client] Successfully resolved entitlement details
[Licensing::Module] License group:
  Id: F4-85AS-8ZW6-XMRF-425Z-XXXX
  Product: Unity Personal
  Type: ULF
  Expiration: Unlimited
[Licensing::Module] License group:
  Id: 6872810951280-UnityPersXXXX
  Product: Unity Personal
  Type: Assigned
  Expiration: Unlimited
Thread 0x16b9a7000 may have been prematurely finalized
Symbol file LoadedFromMemory is not a mono symbol file
Symbol file LoadedFromMemory is not a mono symbol file
- Loaded All Assemblies, in  0.321 seconds
Refreshing native plugins compatible for Editor in 1.31 ms, found 2 plugins.
Native extension for OSXStandalone target not found
Native extension for WebGL target not found
Refreshing native plugins compatible for Editor in 1.39 ms, found 2 plugins.
[Package Manager] Failed to launch server process. Reason: Unity was launched with the -noUpm command-line argument
[Package Manager] Unable to send message (not connected to server process).
[Package Manager] Cannot connect to Unity Package Manager local server
ScheduleIndexationOnStartup MainProcess:False IndexOnStartup:True
Mono: successfully reloaded assembly
- Finished resetting the current domain, in  0.445 seconds
Domain Reload Profiling: 767ms
	BeginReloadAssembly (76ms)
		ExecutionOrderSort (0ms)
		DisableScriptedObjects (3ms)
		BackupInstance (0ms)
		ReleaseScriptingObjects (0ms)
		CreateAndSetChildDomain (22ms)
	RebuildCommonClasses (16ms)
	RebuildNativeTypeToScriptingClass (6ms)
	initialDomainReloadingComplete (10ms)
	LoadAllAssembliesAndSetupDomain (213ms)
		LoadAssemblies (172ms)
		RebuildTransferFunctionScriptingTraits (0ms)
		AnalyzeDomain (67ms)
			TypeCache.Refresh (6ms)
				TypeCache.ScanAssembly (0ms)
			BuildScriptInfoCaches (58ms)
			ResolveRequiredComponents (1ms)
	FinalizeReload (445ms)
		ReleaseScriptCaches (0ms)
		RebuildScriptCaches (0ms)
		SetupLoadedEditorAssemblies (390ms)
			LogAssemblyErrors (0ms)
			InitializePlatformSupportModulesInManaged (1ms)
			SetLoadedEditorAssemblies (2ms)
			BeforeProcessingInitializeOnLoad (92ms)
			ProcessInitializeOnLoadAttributes (190ms)
			ProcessInitializeOnLoadMethodAttributes (104ms)
			AfterProcessingInitializeOnLoad (1ms)
			EditorAssembliesLoaded (0ms)
		ExecutionOrderSort2 (0ms)
		AwakeInstancesAfterBackupRestoration (1ms)
Refreshing native plugins compatible for Editor in 1.44 ms, found 2 plugins.
Preloading 1 native plugins for Editor in 1.20 ms.
Unloading 43 Unused Serialized files (Serialized files now loaded: 0)
Unloading 5193 unused Assets / (13.8 MB). Loaded Objects now: 5879.
Memory consumption went from 144.1 MB to 130.3 MB.
Total: 8.340166 ms (FindLiveObjects: 0.198875 ms CreateObjectMapping: 0.076958 ms MarkObjects: 6.687250 ms  DeleteObjects: 1.376875 ms)

Prepare: number of updated asset objects reloaded= 0
========================================================================
Received Prepare
Refreshing native plugins compatible for Editor in 1.64 ms, found 2 plugins.
Preloading 1 native plugins for Editor in 1.21 ms.
Unloading 43 Unused Serialized files (Serialized files now loaded: 0)
Unloading 5148 unused Assets / (13.8 MB). Loaded Objects now: 5879.
Memory consumption went from 131.6 MB to 117.9 MB.
Total: 8.153542 ms (FindLiveObjects: 0.200584 ms CreateObjectMapping: 0.076833 ms MarkObjects: 6.663125 ms  DeleteObjects: 1.212542 ms)

Prepare: number of updated asset objects reloaded= 0
========================================================================
Received Prepare
Refreshing native plugins compatible for Editor in 1.56 ms, found 2 plugins.
Preloading 1 native plugins for Editor in 1.13 ms.
Unloading 43 Unused Serialized files (Serialized files now loaded: 0)
Unloading 5148 unused Assets / (14.3 MB). Loaded Objects now: 5879.
Memory consumption went from 131.6 MB to 117.3 MB.
Total: 7.751209 ms (FindLiveObjects: 0.188709 ms CreateObjectMapping: 0.081666 ms MarkObjects: 6.148792 ms  DeleteObjects: 1.331917 ms)

Prepare: number of updated asset objects reloaded= 0
========================================================================
Received Prepare
Refreshing native plugins compatible for Editor in 1.41 ms, found 2 plugins.
Preloading 1 native plugins for Editor in 1.11 ms.
Unloading 43 Unused Serialized files (Serialized files now loaded: 0)
Unloading 5148 unused Assets / (13.9 MB). Loaded Objects now: 5879.
Memory consumption went from 131.6 MB to 117.7 MB.
Total: 7.422500 ms (FindLiveObjects: 0.183750 ms CreateObjectMapping: 0.070584 ms MarkObjects: 5.964333 ms  DeleteObjects: 1.203667 ms)

Prepare: number of updated asset objects reloaded= 0
========================================================================
Received Prepare
Refreshing native plugins compatible for Editor in 1.42 ms, found 2 plugins.
Preloading 1 native plugins for Editor in 1.08 ms.
Unloading 43 Unused Serialized files (Serialized files now loaded: 0)
Unloading 5148 unused Assets / (13.8 MB). Loaded Objects now: 5879.
Memory consumption went from 131.6 MB to 117.8 MB.
Total: 7.391791 ms (FindLiveObjects: 0.186625 ms CreateObjectMapping: 0.071708 ms MarkObjects: 5.997292 ms  DeleteObjects: 1.135916 ms)

Prepare: number of updated asset objects reloaded= 0
========================================================================
Received Prepare
Refreshing native plugins compatible for Editor in 1.58 ms, found 2 plugins.
Preloading 1 native plugins for Editor in 1.18 ms.
Unloading 43 Unused Serialized files (Serialized files now loaded: 0)
Unloading 5148 unused Assets / (13.9 MB). Loaded Objects now: 5879.
Memory consumption went from 131.6 MB to 117.7 MB.
Total: 7.582250 ms (FindLiveObjects: 0.186542 ms CreateObjectMapping: 0.078250 ms MarkObjects: 6.187458 ms  DeleteObjects: 1.129917 ms)

Prepare: number of updated asset objects reloaded= 0
========================================================================
Received Prepare
Begin MonoManager ReloadAssembly
[Licensing::Client] Successfully resolved entitlement details
[Licensing::Module] License group:
  Id: F4-85AS-8ZW6-XMRF-425Z-XXXX
  Product: Unity Personal
  Type: ULF
  Expiration: Unlimited
[Licensing::Module] License group:
  Id: 6872810951280-UnityPersXXXX
  Product: Unity Personal
  Type: Assigned
  Expiration: Unlimited
Thread 0x16b9a7000 may have been prematurely finalized
Symbol file LoadedFromMemory is not a mono symbol file
Symbol file LoadedFromMemory is not a mono symbol file
- Loaded All Assemblies, in  0.339 seconds
Refreshing native plugins compatible for Editor in 1.54 ms, found 2 plugins.
Native extension for OSXStandalone target not found
Native extension for WebGL target not found
Refreshing native plugins compatible for Editor in 1.43 ms, found 2 plugins.
[Package Manager] Failed to launch server process. Reason: Unity was launched with the -noUpm command-line argument
[Package Manager] Unable to send message (not connected to server process).
[Package Manager] Cannot connect to Unity Package Manager local server
ScheduleIndexationOnStartup MainProcess:False IndexOnStartup:True
Mono: successfully reloaded assembly
- Finished resetting the current domain, in  0.396 seconds
Domain Reload Profiling: 737ms
	BeginReloadAssembly (77ms)
		ExecutionOrderSort (0ms)
		DisableScriptedObjects (3ms)
		BackupInstance (0ms)
		ReleaseScriptingObjects (0ms)
		CreateAndSetChildDomain (26ms)
	RebuildCommonClasses (16ms)
	RebuildNativeTypeToScriptingClass (6ms)
	initialDomainReloadingComplete (9ms)
	LoadAllAssembliesAndSetupDomain (232ms)
		LoadAssemblies (186ms)
		RebuildTransferFunctionScriptingTraits (0ms)
		AnalyzeDomain (69ms)
			TypeCache.Refresh (7ms)
				TypeCache.ScanAssembly (0ms)
			BuildScriptInfoCaches (59ms)
			ResolveRequiredComponents (1ms)
	FinalizeReload (396ms)
		ReleaseScriptCaches (0ms)
		RebuildScriptCaches (0ms)
		SetupLoadedEditorAssemblies (349ms)
			LogAssemblyErrors (0ms)
			InitializePlatformSupportModulesInManaged (1ms)
			SetLoadedEditorAssemblies (2ms)
			BeforeProcessingInitializeOnLoad (82ms)
			ProcessInitializeOnLoadAttributes (165ms)
			ProcessInitializeOnLoadMethodAttributes (99ms)
			AfterProcessingInitializeOnLoad (0ms)
			EditorAssembliesLoaded (0ms)
		ExecutionOrderSort2 (0ms)
		AwakeInstancesAfterBackupRestoration (1ms)
Refreshing native plugins compatible for Editor in 1.34 ms, found 2 plugins.
Preloading 1 native plugins for Editor in 1.17 ms.
Unloading 43 Unused Serialized files (Serialized files now loaded: 0)
Unloading 5193 unused Assets / (13.2 MB). Loaded Objects now: 5883.
Memory consumption went from 144.1 MB to 130.8 MB.
Total: 8.166625 ms (FindLiveObjects: 0.187500 ms CreateObjectMapping: 0.073500 ms MarkObjects: 6.491250 ms  DeleteObjects: 1.414125 ms)

Prepare: number of updated asset objects reloaded= 0
========================================================================
Received Prepare
Refreshing native plugins compatible for Editor in 1.19 ms, found 2 plugins.
Preloading 1 native plugins for Editor in 1.09 ms.
Unloading 43 Unused Serialized files (Serialized files now loaded: 0)
Unloading 5148 unused Assets / (13.4 MB). Loaded Objects now: 5883.
Memory consumption went from 131.6 MB to 118.2 MB.
Total: 7.792625 ms (FindLiveObjects: 0.179667 ms CreateObjectMapping: 0.075625 ms MarkObjects: 6.397584 ms  DeleteObjects: 1.139208 ms)

Prepare: number of updated asset objects reloaded= 0
========================================================================
Received Prepare
Begin MonoManager ReloadAssembly
Thread 0x16b9a7000 may have been prematurely finalized
Symbol file LoadedFromMemory is not a mono symbol file
Symbol file LoadedFromMemory is not a mono symbol file
- Loaded All Assemblies, in  0.327 seconds
Refreshing native plugins compatible for Editor in 1.62 ms, found 2 plugins.
Native extension for OSXStandalone target not found
Native extension for WebGL target not found
Refreshing native plugins compatible for Editor in 1.25 ms, found 2 plugins.
[Package Manager] Failed to launch server process. Reason: Unity was launched with the -noUpm command-line argument
[Package Manager] Unable to send message (not connected to server process).
[Package Manager] Cannot connect to Unity Package Manager local server
ScheduleIndexationOnStartup MainProcess:False IndexOnStartup:True
Mono: successfully reloaded assembly
- Finished resetting the current domain, in  0.454 seconds
Domain Reload Profiling: 782ms
	BeginReloadAssembly (72ms)
		ExecutionOrderSort (0ms)
		DisableScriptedObjects (3ms)
		BackupInstance (0ms)
		ReleaseScriptingObjects (0ms)
		CreateAndSetChildDomain (21ms)
	RebuildCommonClasses (16ms)
	RebuildNativeTypeToScriptingClass (6ms)
	initialDomainReloadingComplete (10ms)
	LoadAllAssembliesAndSetupDomain (224ms)
		LoadAssemblies (179ms)
		RebuildTransferFunctionScriptingTraits (0ms)
		AnalyzeDomain (67ms)
			TypeCache.Refresh (7ms)
				TypeCache.ScanAssembly (0ms)
			BuildScriptInfoCaches (57ms)
			ResolveRequiredComponents (1ms)
	FinalizeReload (454ms)
		ReleaseScriptCaches (0ms)
		RebuildScriptCaches (0ms)
		SetupLoadedEditorAssemblies (393ms)
			LogAssemblyErrors (0ms)
			InitializePlatformSupportModulesInManaged (1ms)
			SetLoadedEditorAssemblies (2ms)
			BeforeProcessingInitializeOnLoad (105ms)
			ProcessInitializeOnLoadAttributes (183ms)
			ProcessInitializeOnLoadMethodAttributes (102ms)
			AfterProcessingInitializeOnLoad (0ms)
			EditorAssembliesLoaded (0ms)
		ExecutionOrderSort2 (0ms)
		AwakeInstancesAfterBackupRestoration (1ms)
Refreshing native plugins compatible for Editor in 1.57 ms, found 2 plugins.
Preloading 1 native plugins for Editor in 1.19 ms.
Unloading 43 Unused Serialized files (Serialized files now loaded: 0)
Unloading 5193 unused Assets / (12.5 MB). Loaded Objects now: 5887.
Memory consumption went from 144.1 MB to 131.6 MB.
Total: 8.286084 ms (FindLiveObjects: 0.198625 ms CreateObjectMapping: 0.078125 ms MarkObjects: 6.765666 ms  DeleteObjects: 1.243584 ms)

Prepare: number of updated asset objects reloaded= 0
========================================================================
Received Prepare
Refreshing native plugins compatible for Editor in 1.06 ms, found 2 plugins.
Preloading 1 native plugins for Editor in 1.12 ms.
Unloading 43 Unused Serialized files (Serialized files now loaded: 0)
Unloading 5148 unused Assets / (12.7 MB). Loaded Objects now: 5887.
Memory consumption went from 131.6 MB to 118.9 MB.
Total: 8.274000 ms (FindLiveObjects: 0.184250 ms CreateObjectMapping: 0.079625 ms MarkObjects: 6.774958 ms  DeleteObjects: 1.234959 ms)

Prepare: number of updated asset objects reloaded= 0
========================================================================
Received Prepare
Begin MonoManager ReloadAssembly
Thread 0x16b9a7000 may have been prematurely finalized
Symbol file LoadedFromMemory is not a mono symbol file
Symbol file LoadedFromMemory is not a mono symbol file
- Loaded All Assemblies, in  0.307 seconds
Refreshing native plugins compatible for Editor in 1.07 ms, found 2 plugins.
Native extension for OSXStandalone target not found
Native extension for WebGL target not found
Refreshing native plugins compatible for Editor in 1.19 ms, found 2 plugins.
[Package Manager] Failed to launch server process. Reason: Unity was launched with the -noUpm command-line argument
[Package Manager] Unable to send message (not connected to server process).
[Package Manager] Cannot connect to Unity Package Manager local server
ScheduleIndexationOnStartup MainProcess:False IndexOnStartup:True
Mono: successfully reloaded assembly
- Finished resetting the current domain, in  0.409 seconds
Domain Reload Profiling: 717ms
	BeginReloadAssembly (73ms)
		ExecutionOrderSort (0ms)
		DisableScriptedObjects (3ms)
		BackupInstance (0ms)
		ReleaseScriptingObjects (0ms)
		CreateAndSetChildDomain (22ms)
	RebuildCommonClasses (16ms)
	RebuildNativeTypeToScriptingClass (6ms)
	initialDomainReloadingComplete (10ms)
	LoadAllAssembliesAndSetupDomain (203ms)
		LoadAssemblies (158ms)
		RebuildTransferFunctionScriptingTraits (0ms)
		AnalyzeDomain (68ms)
			TypeCache.Refresh (7ms)
				TypeCache.ScanAssembly (0ms)
			BuildScriptInfoCaches (58ms)
			ResolveRequiredComponents (1ms)
	FinalizeReload (409ms)
		ReleaseScriptCaches (0ms)
		RebuildScriptCaches (0ms)
		SetupLoadedEditorAssemblies (356ms)
			LogAssemblyErrors (0ms)
			InitializePlatformSupportModulesInManaged (1ms)
			SetLoadedEditorAssemblies (2ms)
			BeforeProcessingInitializeOnLoad (85ms)
			ProcessInitializeOnLoadAttributes (171ms)
			ProcessInitializeOnLoadMethodAttributes (98ms)
			AfterProcessingInitializeOnLoad (0ms)
			EditorAssembliesLoaded (0ms)
		ExecutionOrderSort2 (0ms)
		AwakeInstancesAfterBackupRestoration (1ms)
Refreshing native plugins compatible for Editor in 1.00 ms, found 2 plugins.
Preloading 1 native plugins for Editor in 1.12 ms.
Unloading 43 Unused Serialized files (Serialized files now loaded: 0)
Unloading 5193 unused Assets / (13.8 MB). Loaded Objects now: 5891.
Memory consumption went from 144.1 MB to 130.3 MB.
Total: 7.716875 ms (FindLiveObjects: 0.166458 ms CreateObjectMapping: 0.072542 ms MarkObjects: 6.300167 ms  DeleteObjects: 1.177542 ms)

Prepare: number of updated asset objects reloaded= 0
========================================================================
Received Prepare
Refreshing native plugins compatible for Editor in 1.53 ms, found 2 plugins.
Preloading 1 native plugins for Editor in 1.15 ms.
Unloading 43 Unused Serialized files (Serialized files now loaded: 0)
Unloading 5148 unused Assets / (14.0 MB). Loaded Objects now: 5891.
Memory consumption went from 131.6 MB to 117.6 MB.
Total: 7.514750 ms (FindLiveObjects: 0.183000 ms CreateObjectMapping: 0.084833 ms MarkObjects: 6.059209 ms  DeleteObjects: 1.187459 ms)

Prepare: number of updated asset objects reloaded= 0
========================================================================
Received Prepare
Begin MonoManager ReloadAssembly
Thread 0x16b9a7000 may have been prematurely finalized
Symbol file LoadedFromMemory is not a mono symbol file
Symbol file LoadedFromMemory is not a mono symbol file
- Loaded All Assemblies, in  0.297 seconds
Refreshing native plugins compatible for Editor in 1.49 ms, found 2 plugins.
Native extension for OSXStandalone target not found
Native extension for WebGL target not found
Refreshing native plugins compatible for Editor in 1.36 ms, found 2 plugins.
[Package Manager] Failed to launch server process. Reason: Unity was launched with the -noUpm command-line argument
[Package Manager] Unable to send message (not connected to server process).
[Package Manager] Cannot connect to Unity Package Manager local server
ScheduleIndexationOnStartup MainProcess:False IndexOnStartup:True
Mono: successfully reloaded assembly
- Finished resetting the current domain, in  0.397 seconds
Domain Reload Profiling: 695ms
	BeginReloadAssembly (73ms)
		ExecutionOrderSort (0ms)
		DisableScriptedObjects (3ms)
		BackupInstance (0ms)
		ReleaseScriptingObjects (0ms)
		CreateAndSetChildDomain (21ms)
	RebuildCommonClasses (16ms)
	RebuildNativeTypeToScriptingClass (6ms)
	initialDomainReloadingComplete (9ms)
	LoadAllAssembliesAndSetupDomain (194ms)
		LoadAssemblies (151ms)
		RebuildTransferFunctionScriptingTraits (0ms)
		AnalyzeDomain (66ms)
			TypeCache.Refresh (6ms)
				TypeCache.ScanAssembly (0ms)
			BuildScriptInfoCaches (58ms)
			ResolveRequiredComponents (1ms)
	FinalizeReload (397ms)
		ReleaseScriptCaches (0ms)
		RebuildScriptCaches (0ms)
		SetupLoadedEditorAssemblies (348ms)
			LogAssemblyErrors (0ms)
			InitializePlatformSupportModulesInManaged (1ms)
			SetLoadedEditorAssemblies (2ms)
			BeforeProcessingInitializeOnLoad (83ms)
			ProcessInitializeOnLoadAttributes (165ms)
			ProcessInitializeOnLoadMethodAttributes (97ms)
			AfterProcessingInitializeOnLoad (0ms)
			EditorAssembliesLoaded (0ms)
		ExecutionOrderSort2 (0ms)
		AwakeInstancesAfterBackupRestoration (1ms)
Refreshing native plugins compatible for Editor in 1.16 ms, found 2 plugins.
Preloading 1 native plugins for Editor in 1.14 ms.
Unloading 43 Unused Serialized files (Serialized files now loaded: 0)
Unloading 5193 unused Assets / (14.1 MB). Loaded Objects now: 5895.
Memory consumption went from 144.1 MB to 130.0 MB.
Total: 7.530917 ms (FindLiveObjects: 0.192958 ms CreateObjectMapping: 0.071875 ms MarkObjects: 6.061959 ms  DeleteObjects: 1.203792 ms)

Prepare: number of updated asset objects reloaded= 0
========================================================================
Received Prepare
Refreshing native plugins compatible for Editor in 1.59 ms, found 2 plugins.
Preloading 1 native plugins for Editor in 1.13 ms.
Unloading 43 Unused Serialized files (Serialized files now loaded: 0)
Unloading 5148 unused Assets / (14.0 MB). Loaded Objects now: 5895.
Memory consumption went from 131.7 MB to 117.6 MB.
Total: 7.471917 ms (FindLiveObjects: 0.187041 ms CreateObjectMapping: 0.080875 ms MarkObjects: 6.030625 ms  DeleteObjects: 1.173250 ms)

Prepare: number of updated asset objects reloaded= 0
========================================================================
Received Prepare
Begin MonoManager ReloadAssembly
[Licensing::Client] Successfully resolved entitlement details
[Licensing::Module] License group:
  Id: F4-85AS-8ZW6-XMRF-425Z-XXXX
  Product: Unity Personal
  Type: ULF
  Expiration: Unlimited
[Licensing::Module] License group:
  Id: 6872810951280-UnityPersXXXX
  Product: Unity Personal
  Type: Assigned
  Expiration: Unlimited
Thread 0x16b9a7000 may have been prematurely finalized
Symbol file LoadedFromMemory is not a mono symbol file
Symbol file LoadedFromMemory is not a mono symbol file
- Loaded All Assemblies, in  0.302 seconds
Refreshing native plugins compatible for Editor in 1.52 ms, found 2 plugins.
Native extension for OSXStandalone target not found
Native extension for WebGL target not found
Refreshing native plugins compatible for Editor in 1.17 ms, found 2 plugins.
[Package Manager] Failed to launch server process. Reason: Unity was launched with the -noUpm command-line argument
[Package Manager] Unable to send message (not connected to server process).
[Package Manager] Cannot connect to Unity Package Manager local server
ScheduleIndexationOnStartup MainProcess:False IndexOnStartup:True
Mono: successfully reloaded assembly
- Finished resetting the current domain, in  0.403 seconds
Domain Reload Profiling: 706ms
	BeginReloadAssembly (74ms)
		ExecutionOrderSort (0ms)
		DisableScriptedObjects (3ms)
		BackupInstance (0ms)
		ReleaseScriptingObjects (0ms)
		CreateAndSetChildDomain (22ms)
	RebuildCommonClasses (16ms)
	RebuildNativeTypeToScriptingClass (6ms)
	initialDomainReloadingComplete (9ms)
	LoadAllAssembliesAndSetupDomain (198ms)
		LoadAssemblies (154ms)
		RebuildTransferFunctionScriptingTraits (0ms)
		AnalyzeDomain (68ms)
			TypeCache.Refresh (6ms)
				TypeCache.ScanAssembly (0ms)
			BuildScriptInfoCaches (58ms)
			ResolveRequiredComponents (1ms)
	FinalizeReload (403ms)
		ReleaseScriptCaches (0ms)
		RebuildScriptCaches (0ms)
		SetupLoadedEditorAssemblies (353ms)
			LogAssemblyErrors (0ms)
			InitializePlatformSupportModulesInManaged (1ms)
			SetLoadedEditorAssemblies (2ms)
			BeforeProcessingInitializeOnLoad (84ms)
			ProcessInitializeOnLoadAttributes (167ms)
			ProcessInitializeOnLoadMethodAttributes (98ms)
			AfterProcessingInitializeOnLoad (1ms)
			EditorAssembliesLoaded (0ms)
		ExecutionOrderSort2 (0ms)
		AwakeInstancesAfterBackupRestoration (1ms)
Refreshing native plugins compatible for Editor in 1.47 ms, found 2 plugins.
Preloading 1 native plugins for Editor in 1.21 ms.
Unloading 43 Unused Serialized files (Serialized files now loaded: 0)
Unloading 5193 unused Assets / (12.9 MB). Loaded Objects now: 5899.
Memory consumption went from 144.1 MB to 131.2 MB.
Total: 8.111041 ms (FindLiveObjects: 0.208125 ms CreateObjectMapping: 0.092416 ms MarkObjects: 6.631250 ms  DeleteObjects: 1.178792 ms)

Prepare: number of updated asset objects reloaded= 0
========================================================================
Received Prepare
Refreshing native plugins compatible for Editor in 1.55 ms, found 2 plugins.
Preloading 1 native plugins for Editor in 1.16 ms.
Unloading 43 Unused Serialized files (Serialized files now loaded: 0)
Unloading 5148 unused Assets / (13.9 MB). Loaded Objects now: 5899.
Memory consumption went from 131.7 MB to 117.8 MB.
Total: 7.428291 ms (FindLiveObjects: 0.194125 ms CreateObjectMapping: 0.089791 ms MarkObjects: 6.016625 ms  DeleteObjects: 1.127583 ms)

Prepare: number of updated asset objects reloaded= 0
========================================================================
Received Prepare
Begin MonoManager ReloadAssembly
Thread 0x16b9a7000 may have been prematurely finalized
Symbol file LoadedFromMemory is not a mono symbol file
Symbol file LoadedFromMemory is not a mono symbol file
- Loaded All Assemblies, in  0.314 seconds
Refreshing native plugins compatible for Editor in 1.49 ms, found 2 plugins.
Native extension for OSXStandalone target not found
Native extension for WebGL target not found
Refreshing native plugins compatible for Editor in 1.25 ms, found 2 plugins.
[Package Manager] Failed to launch server process. Reason: Unity was launched with the -noUpm command-line argument
[Package Manager] Unable to send message (not connected to server process).
[Package Manager] Cannot connect to Unity Package Manager local server
ScheduleIndexationOnStartup MainProcess:False IndexOnStartup:True
Mono: successfully reloaded assembly
- Finished resetting the current domain, in  0.410 seconds
Domain Reload Profiling: 726ms
	BeginReloadAssembly (74ms)
		ExecutionOrderSort (0ms)
		DisableScriptedObjects (3ms)
		BackupInstance (0ms)
		ReleaseScriptingObjects (0ms)
		CreateAndSetChildDomain (22ms)
	RebuildCommonClasses (16ms)
	RebuildNativeTypeToScriptingClass (6ms)
	initialDomainReloadingComplete (10ms)
	LoadAllAssembliesAndSetupDomain (210ms)
		LoadAssemblies (165ms)
		RebuildTransferFunctionScriptingTraits (0ms)
		AnalyzeDomain (68ms)
			TypeCache.Refresh (8ms)
				TypeCache.ScanAssembly (0ms)
			BuildScriptInfoCaches (57ms)
			ResolveRequiredComponents (1ms)
	FinalizeReload (410ms)
		ReleaseScriptCaches (0ms)
		RebuildScriptCaches (0ms)
		SetupLoadedEditorAssemblies (362ms)
			LogAssemblyErrors (0ms)
			InitializePlatformSupportModulesInManaged (1ms)
			SetLoadedEditorAssemblies (2ms)
			BeforeProcessingInitializeOnLoad (85ms)
			ProcessInitializeOnLoadAttributes (171ms)
			ProcessInitializeOnLoadMethodAttributes (102ms)
			AfterProcessingInitializeOnLoad (1ms)
			EditorAssembliesLoaded (0ms)
		ExecutionOrderSort2 (0ms)
		AwakeInstancesAfterBackupRestoration (1ms)
Refreshing native plugins compatible for Editor in 1.49 ms, found 2 plugins.
Preloading 1 native plugins for Editor in 1.16 ms.
Unloading 43 Unused Serialized files (Serialized files now loaded: 0)
Unloading 5193 unused Assets / (14.1 MB). Loaded Objects now: 5903.
Memory consumption went from 144.1 MB to 130.0 MB.
Total: 7.687667 ms (FindLiveObjects: 0.195167 ms CreateObjectMapping: 0.081750 ms MarkObjects: 6.069458 ms  DeleteObjects: 1.341167 ms)

Prepare: number of updated asset objects reloaded= 0
========================================================================
Received Prepare
Refreshing native plugins compatible for Editor in 1.55 ms, found 2 plugins.
Preloading 1 native plugins for Editor in 1.15 ms.
Unloading 43 Unused Serialized files (Serialized files now loaded: 0)
Unloading 5148 unused Assets / (14.2 MB). Loaded Objects now: 5903.
Memory consumption went from 131.7 MB to 117.5 MB.
Total: 7.574334 ms (FindLiveObjects: 0.183833 ms CreateObjectMapping: 0.075792 ms MarkObjects: 6.092500 ms  DeleteObjects: 1.222042 ms)

Prepare: number of updated asset objects reloaded= 0
========================================================================
Received Prepare
Begin MonoManager ReloadAssembly
Thread 0x16b9a7000 may have been prematurely finalized
Symbol file LoadedFromMemory is not a mono symbol file
Symbol file LoadedFromMemory is not a mono symbol file
- Loaded All Assemblies, in  0.301 seconds
Refreshing native plugins compatible for Editor in 1.37 ms, found 2 plugins.
Native extension for OSXStandalone target not found
Native extension for WebGL target not found
Refreshing native plugins compatible for Editor in 1.23 ms, found 2 plugins.
[Package Manager] Failed to launch server process. Reason: Unity was launched with the -noUpm command-line argument
[Package Manager] Unable to send message (not connected to server process).
[Package Manager] Cannot connect to Unity Package Manager local server
ScheduleIndexationOnStartup MainProcess:False IndexOnStartup:True
Mono: successfully reloaded assembly
- Finished resetting the current domain, in  0.405 seconds
Domain Reload Profiling: 708ms
	BeginReloadAssembly (73ms)
		ExecutionOrderSort (0ms)
		DisableScriptedObjects (3ms)
		BackupInstance (0ms)
		ReleaseScriptingObjects (0ms)
		CreateAndSetChildDomain (22ms)
	RebuildCommonClasses (16ms)
	RebuildNativeTypeToScriptingClass (6ms)
	initialDomainReloadingComplete (9ms)
	LoadAllAssembliesAndSetupDomain (198ms)
		LoadAssemblies (154ms)
		RebuildTransferFunctionScriptingTraits (0ms)
		AnalyzeDomain (67ms)
			TypeCache.Refresh (7ms)
				TypeCache.ScanAssembly (0ms)
			BuildScriptInfoCaches (57ms)
			ResolveRequiredComponents (1ms)
	FinalizeReload (405ms)
		ReleaseScriptCaches (0ms)
		RebuildScriptCaches (0ms)
		SetupLoadedEditorAssemblies (357ms)
			LogAssemblyErrors (0ms)
			InitializePlatformSupportModulesInManaged (1ms)
			SetLoadedEditorAssemblies (2ms)
			BeforeProcessingInitializeOnLoad (84ms)
			ProcessInitializeOnLoadAttributes (168ms)
			ProcessInitializeOnLoadMethodAttributes (102ms)
			AfterProcessingInitializeOnLoad (0ms)
			EditorAssembliesLoaded (0ms)
		ExecutionOrderSort2 (0ms)
		AwakeInstancesAfterBackupRestoration (1ms)
Refreshing native plugins compatible for Editor in 1.06 ms, found 2 plugins.
Preloading 1 native plugins for Editor in 1.13 ms.
Unloading 43 Unused Serialized files (Serialized files now loaded: 0)
Unloading 5193 unused Assets / (14.0 MB). Loaded Objects now: 5907.
Memory consumption went from 144.1 MB to 130.1 MB.
Total: 8.135625 ms (FindLiveObjects: 0.187583 ms CreateObjectMapping: 0.071875 ms MarkObjects: 6.763917 ms  DeleteObjects: 1.112041 ms)

Prepare: number of updated asset objects reloaded= 0
========================================================================
Received Prepare
Refreshing native plugins compatible for Editor in 0.98 ms, found 2 plugins.
Preloading 1 native plugins for Editor in 1.11 ms.
Unloading 43 Unused Serialized files (Serialized files now loaded: 0)
Unloading 5148 unused Assets / (14.1 MB). Loaded Objects now: 5907.
Memory consumption went from 131.7 MB to 117.5 MB.
Total: 8.014209 ms (FindLiveObjects: 0.172416 ms CreateObjectMapping: 0.077917 ms MarkObjects: 6.651375 ms  DeleteObjects: 1.112375 ms)

Prepare: number of updated asset objects reloaded= 0
========================================================================
Received Prepare
Begin MonoManager ReloadAssembly
[Licensing::Client] Successfully resolved entitlement details
[Licensing::Module] License group:
  Id: F4-85AS-8ZW6-XMRF-425Z-XXXX
  Product: Unity Personal
  Type: ULF
  Expiration: Unlimited
[Licensing::Module] License group:
  Id: 6872810951280-UnityPersXXXX
  Product: Unity Personal
  Type: Assigned
  Expiration: Unlimited
Thread 0x16b9a7000 may have been prematurely finalized
Symbol file LoadedFromMemory is not a mono symbol file
Symbol file LoadedFromMemory is not a mono symbol file
- Loaded All Assemblies, in  0.316 seconds
Refreshing native plugins compatible for Editor in 1.24 ms, found 2 plugins.
Native extension for OSXStandalone target not found
Native extension for WebGL target not found
Refreshing native plugins compatible for Editor in 1.68 ms, found 2 plugins.
[Package Manager] Failed to launch server process. Reason: Unity was launched with the -noUpm command-line argument
[Package Manager] Unable to send message (not connected to server process).
[Package Manager] Cannot connect to Unity Package Manager local server
ScheduleIndexationOnStartup MainProcess:False IndexOnStartup:True
Mono: successfully reloaded assembly
- Finished resetting the current domain, in  0.397 seconds
Domain Reload Profiling: 715ms
	BeginReloadAssembly (72ms)
		ExecutionOrderSort (0ms)
		DisableScriptedObjects (3ms)
		BackupInstance (0ms)
		ReleaseScriptingObjects (0ms)
		CreateAndSetChildDomain (21ms)
	RebuildCommonClasses (16ms)
	RebuildNativeTypeToScriptingClass (6ms)
	initialDomainReloadingComplete (9ms)
	LoadAllAssembliesAndSetupDomain (214ms)
		LoadAssemblies (171ms)
		RebuildTransferFunctionScriptingTraits (0ms)
		AnalyzeDomain (65ms)
			TypeCache.Refresh (6ms)
				TypeCache.ScanAssembly (0ms)
			BuildScriptInfoCaches (56ms)
			ResolveRequiredComponents (1ms)
	FinalizeReload (398ms)
		ReleaseScriptCaches (0ms)
		RebuildScriptCaches (0ms)
		SetupLoadedEditorAssemblies (349ms)
			LogAssemblyErrors (0ms)
			InitializePlatformSupportModulesInManaged (1ms)
			SetLoadedEditorAssemblies (2ms)
			BeforeProcessingInitializeOnLoad (83ms)
			ProcessInitializeOnLoadAttributes (164ms)
			ProcessInitializeOnLoadMethodAttributes (98ms)
			AfterProcessingInitializeOnLoad (1ms)
			EditorAssembliesLoaded (0ms)
		ExecutionOrderSort2 (0ms)
		AwakeInstancesAfterBackupRestoration (1ms)
Refreshing native plugins compatible for Editor in 1.19 ms, found 2 plugins.
Preloading 1 native plugins for Editor in 1.13 ms.
Unloading 43 Unused Serialized files (Serialized files now loaded: 0)
Unloading 5193 unused Assets / (14.0 MB). Loaded Objects now: 5911.
Memory consumption went from 144.1 MB to 130.2 MB.
Total: 7.472667 ms (FindLiveObjects: 0.192666 ms CreateObjectMapping: 0.081709 ms MarkObjects: 6.031167 ms  DeleteObjects: 1.166792 ms)

Prepare: number of updated asset objects reloaded= 0
========================================================================
Received Prepare
Refreshing native plugins compatible for Editor in 0.97 ms, found 2 plugins.
Preloading 1 native plugins for Editor in 1.07 ms.
Unloading 43 Unused Serialized files (Serialized files now loaded: 0)
Unloading 5148 unused Assets / (14.2 MB). Loaded Objects now: 5911.
Memory consumption went from 131.7 MB to 117.5 MB.
Total: 7.593791 ms (FindLiveObjects: 0.172833 ms CreateObjectMapping: 0.077542 ms MarkObjects: 6.238208 ms  DeleteObjects: 1.104958 ms)

Prepare: number of updated asset objects reloaded= 0
========================================================================
Received Prepare
Begin MonoManager ReloadAssembly
Thread 0x16b9a7000 may have been prematurely finalized
Symbol file LoadedFromMemory is not a mono symbol file
Symbol file LoadedFromMemory is not a mono symbol file
- Loaded All Assemblies, in  0.320 seconds
Refreshing native plugins compatible for Editor in 1.37 ms, found 2 plugins.
Native extension for OSXStandalone target not found
Native extension for WebGL target not found
Refreshing native plugins compatible for Editor in 1.40 ms, found 2 plugins.
[Package Manager] Failed to launch server process. Reason: Unity was launched with the -noUpm command-line argument
[Package Manager] Unable to send message (not connected to server process).
[Package Manager] Cannot connect to Unity Package Manager local server
ScheduleIndexationOnStartup MainProcess:False IndexOnStartup:True
Mono: successfully reloaded assembly
- Finished resetting the current domain, in  0.428 seconds
Domain Reload Profiling: 749ms
	BeginReloadAssembly (84ms)
		ExecutionOrderSort (0ms)
		DisableScriptedObjects (3ms)
		BackupInstance (0ms)
		ReleaseScriptingObjects (0ms)
		CreateAndSetChildDomain (32ms)
	RebuildCommonClasses (16ms)
	RebuildNativeTypeToScriptingClass (6ms)
	initialDomainReloadingComplete (9ms)
	LoadAllAssembliesAndSetupDomain (206ms)
		LoadAssemblies (161ms)
		RebuildTransferFunctionScriptingTraits (0ms)
		AnalyzeDomain (69ms)
			TypeCache.Refresh (7ms)
				TypeCache.ScanAssembly (0ms)
			BuildScriptInfoCaches (60ms)
			ResolveRequiredComponents (1ms)
	FinalizeReload (428ms)
		ReleaseScriptCaches (0ms)
		RebuildScriptCaches (0ms)
		SetupLoadedEditorAssemblies (377ms)
			LogAssemblyErrors (0ms)
			InitializePlatformSupportModulesInManaged (1ms)
			SetLoadedEditorAssemblies (2ms)
			BeforeProcessingInitializeOnLoad (95ms)
			ProcessInitializeOnLoadAttributes (176ms)
			ProcessInitializeOnLoadMethodAttributes (102ms)
			AfterProcessingInitializeOnLoad (1ms)
			EditorAssembliesLoaded (0ms)
		ExecutionOrderSort2 (0ms)
		AwakeInstancesAfterBackupRestoration (1ms)
Refreshing native plugins compatible for Editor in 1.24 ms, found 2 plugins.
Preloading 1 native plugins for Editor in 1.18 ms.
Unloading 43 Unused Serialized files (Serialized files now loaded: 0)
Unloading 5193 unused Assets / (14.2 MB). Loaded Objects now: 5915.
Memory consumption went from 144.1 MB to 130.0 MB.
Total: 7.573583 ms (FindLiveObjects: 0.187834 ms CreateObjectMapping: 0.072291 ms MarkObjects: 6.106667 ms  DeleteObjects: 1.206708 ms)

Prepare: number of updated asset objects reloaded= 0
========================================================================
Received Prepare
Refreshing native plugins compatible for Editor in 1.60 ms, found 2 plugins.
Preloading 1 native plugins for Editor in 1.15 ms.
Unloading 43 Unused Serialized files (Serialized files now loaded: 0)
Unloading 5148 unused Assets / (13.9 MB). Loaded Objects now: 5915.
Memory consumption went from 131.7 MB to 117.8 MB.
Total: 7.870041 ms (FindLiveObjects: 0.188833 ms CreateObjectMapping: 0.077208 ms MarkObjects: 6.405792 ms  DeleteObjects: 1.197959 ms)

Prepare: number of updated asset objects reloaded= 0
========================================================================
Received Prepare
Refreshing native plugins compatible for Editor in 1.52 ms, found 2 plugins.
Preloading 1 native plugins for Editor in 1.13 ms.
Unloading 43 Unused Serialized files (Serialized files now loaded: 0)
Unloading 5148 unused Assets / (14.2 MB). Loaded Objects now: 5915.
Memory consumption went from 131.7 MB to 117.5 MB.
Total: 7.484167 ms (FindLiveObjects: 0.183750 ms CreateObjectMapping: 0.078459 ms MarkObjects: 6.021166 ms  DeleteObjects: 1.200667 ms)

Prepare: number of updated asset objects reloaded= 0
========================================================================
Received Prepare
Refreshing native plugins compatible for Editor in 1.26 ms, found 2 plugins.
Preloading 1 native plugins for Editor in 1.11 ms.
Unloading 43 Unused Serialized files (Serialized files now loaded: 0)
Unloading 5148 unused Assets / (14.3 MB). Loaded Objects now: 5915.
Memory consumption went from 131.7 MB to 117.4 MB.
Total: 7.449625 ms (FindLiveObjects: 0.187709 ms CreateObjectMapping: 0.078791 ms MarkObjects: 5.905709 ms  DeleteObjects: 1.277167 ms)

Prepare: number of updated asset objects reloaded= 0
========================================================================
Received Prepare
Refreshing native plugins compatible for Editor in 1.59 ms, found 2 plugins.
Preloading 1 native plugins for Editor in 1.16 ms.
Unloading 43 Unused Serialized files (Serialized files now loaded: 0)
Unloading 5148 unused Assets / (14.2 MB). Loaded Objects now: 5915.
Memory consumption went from 131.7 MB to 117.5 MB.
Total: 7.623417 ms (FindLiveObjects: 0.187042 ms CreateObjectMapping: 0.093583 ms MarkObjects: 6.102625 ms  DeleteObjects: 1.240042 ms)

Prepare: number of updated asset objects reloaded= 0
========================================================================
Received Prepare
Begin MonoManager ReloadAssembly
Thread 0x16b9a7000 may have been prematurely finalized
Symbol file LoadedFromMemory is not a mono symbol file
Symbol file LoadedFromMemory is not a mono symbol file
- Loaded All Assemblies, in  0.321 seconds
Refreshing native plugins compatible for Editor in 1.51 ms, found 2 plugins.
Native extension for OSXStandalone target not found
Native extension for WebGL target not found
Refreshing native plugins compatible for Editor in 1.25 ms, found 2 plugins.
[Package Manager] Failed to launch server process. Reason: Unity was launched with the -noUpm command-line argument
[Package Manager] Unable to send message (not connected to server process).
[Package Manager] Cannot connect to Unity Package Manager local server
ScheduleIndexationOnStartup MainProcess:False IndexOnStartup:True
Mono: successfully reloaded assembly
- Finished resetting the current domain, in  0.405 seconds
Domain Reload Profiling: 727ms
	BeginReloadAssembly (72ms)
		ExecutionOrderSort (0ms)
		DisableScriptedObjects (3ms)
		BackupInstance (0ms)
		ReleaseScriptingObjects (0ms)
		CreateAndSetChildDomain (22ms)
	RebuildCommonClasses (16ms)
	RebuildNativeTypeToScriptingClass (6ms)
	initialDomainReloadingComplete (9ms)
	LoadAllAssembliesAndSetupDomain (218ms)
		LoadAssemblies (174ms)
		RebuildTransferFunctionScriptingTraits (0ms)
		AnalyzeDomain (67ms)
			TypeCache.Refresh (6ms)
				TypeCache.ScanAssembly (0ms)
			BuildScriptInfoCaches (58ms)
			ResolveRequiredComponents (1ms)
	FinalizeReload (405ms)
		ReleaseScriptCaches (0ms)
		RebuildScriptCaches (0ms)
		SetupLoadedEditorAssemblies (355ms)
			LogAssemblyErrors (0ms)
			InitializePlatformSupportModulesInManaged (1ms)
			SetLoadedEditorAssemblies (2ms)
			BeforeProcessingInitializeOnLoad (87ms)
			ProcessInitializeOnLoadAttributes (172ms)
			ProcessInitializeOnLoadMethodAttributes (93ms)
			AfterProcessingInitializeOnLoad (1ms)
			EditorAssembliesLoaded (0ms)
		ExecutionOrderSort2 (0ms)
		AwakeInstancesAfterBackupRestoration (1ms)
Refreshing native plugins compatible for Editor in 1.69 ms, found 2 plugins.
Preloading 1 native plugins for Editor in 1.17 ms.
Unloading 43 Unused Serialized files (Serialized files now loaded: 0)
Unloading 5193 unused Assets / (13.9 MB). Loaded Objects now: 5919.
Memory consumption went from 144.2 MB to 130.2 MB.
Total: 7.610750 ms (FindLiveObjects: 0.192208 ms CreateObjectMapping: 0.077584 ms MarkObjects: 6.105334 ms  DeleteObjects: 1.235167 ms)

Prepare: number of updated asset objects reloaded= 0
========================================================================
Received Prepare
Refreshing native plugins compatible for Editor in 1.27 ms, found 2 plugins.
Preloading 1 native plugins for Editor in 1.14 ms.
Unloading 43 Unused Serialized files (Serialized files now loaded: 0)
Unloading 5148 unused Assets / (14.3 MB). Loaded Objects now: 5919.
Memory consumption went from 131.7 MB to 117.4 MB.
Total: 7.614417 ms (FindLiveObjects: 0.189959 ms CreateObjectMapping: 0.075791 ms MarkObjects: 6.051042 ms  DeleteObjects: 1.297375 ms)

Prepare: number of updated asset objects reloaded= 0
========================================================================
Received Prepare
Begin MonoManager ReloadAssembly
Thread 0x16b9a7000 may have been prematurely finalized
Symbol file LoadedFromMemory is not a mono symbol file
Symbol file LoadedFromMemory is not a mono symbol file
- Loaded All Assemblies, in  0.302 seconds
Refreshing native plugins compatible for Editor in 1.91 ms, found 2 plugins.
Native extension for OSXStandalone target not found
Native extension for WebGL target not found
Refreshing native plugins compatible for Editor in 1.53 ms, found 2 plugins.
[Package Manager] Failed to launch server process. Reason: Unity was launched with the -noUpm command-line argument
[Package Manager] Unable to send message (not connected to server process).
[Package Manager] Cannot connect to Unity Package Manager local server
ScheduleIndexationOnStartup MainProcess:False IndexOnStartup:True
Mono: successfully reloaded assembly
- Finished resetting the current domain, in  0.406 seconds
Domain Reload Profiling: 709ms
	BeginReloadAssembly (72ms)
		ExecutionOrderSort (0ms)
		DisableScriptedObjects (3ms)
		BackupInstance (0ms)
		ReleaseScriptingObjects (0ms)
		CreateAndSetChildDomain (22ms)
	RebuildCommonClasses (16ms)
	RebuildNativeTypeToScriptingClass (6ms)
	initialDomainReloadingComplete (10ms)
	LoadAllAssembliesAndSetupDomain (199ms)
		LoadAssemblies (152ms)
		RebuildTransferFunctionScriptingTraits (0ms)
		AnalyzeDomain (70ms)
			TypeCache.Refresh (7ms)
				TypeCache.ScanAssembly (0ms)
			BuildScriptInfoCaches (60ms)
			ResolveRequiredComponents (1ms)
	FinalizeReload (406ms)
		ReleaseScriptCaches (0ms)
		RebuildScriptCaches (0ms)
		SetupLoadedEditorAssemblies (356ms)
			LogAssemblyErrors (0ms)
			InitializePlatformSupportModulesInManaged (1ms)
			SetLoadedEditorAssemblies (2ms)
			BeforeProcessingInitializeOnLoad (84ms)
			ProcessInitializeOnLoadAttributes (171ms)
			ProcessInitializeOnLoadMethodAttributes (98ms)
			AfterProcessingInitializeOnLoad (1ms)
			EditorAssembliesLoaded (0ms)
		ExecutionOrderSort2 (0ms)
		AwakeInstancesAfterBackupRestoration (1ms)
Refreshing native plugins compatible for Editor in 1.53 ms, found 2 plugins.
Preloading 1 native plugins for Editor in 1.17 ms.
Unloading 43 Unused Serialized files (Serialized files now loaded: 0)
Unloading 5193 unused Assets / (14.2 MB). Loaded Objects now: 5923.
Memory consumption went from 144.2 MB to 130.0 MB.
Total: 7.606917 ms (FindLiveObjects: 0.194750 ms CreateObjectMapping: 0.076750 ms MarkObjects: 6.128042 ms  DeleteObjects: 1.207250 ms)

Prepare: number of updated asset objects reloaded= 0
========================================================================
Received Prepare
Refreshing native plugins compatible for Editor in 1.54 ms, found 2 plugins.
Preloading 1 native plugins for Editor in 1.15 ms.
Unloading 43 Unused Serialized files (Serialized files now loaded: 0)
Unloading 5148 unused Assets / (14.3 MB). Loaded Objects now: 5923.
Memory consumption went from 131.7 MB to 117.4 MB.
Total: 7.620125 ms (FindLiveObjects: 0.184834 ms CreateObjectMapping: 0.080666 ms MarkObjects: 6.072667 ms  DeleteObjects: 1.281583 ms)

Prepare: number of updated asset objects reloaded= 0
========================================================================
Received Prepare
Begin MonoManager ReloadAssembly
[Licensing::Client] Successfully resolved entitlement details
[Licensing::Module] License group:
  Id: F4-85AS-8ZW6-XMRF-425Z-XXXX
  Product: Unity Personal
  Type: ULF
  Expiration: Unlimited
[Licensing::Module] License group:
  Id: 6872810951280-UnityPersXXXX
  Product: Unity Personal
  Type: Assigned
  Expiration: Unlimited
Thread 0x16b9a7000 may have been prematurely finalized
Symbol file LoadedFromMemory is not a mono symbol file
Symbol file LoadedFromMemory is not a mono symbol file
- Loaded All Assemblies, in  0.306 seconds
Refreshing native plugins compatible for Editor in 1.14 ms, found 2 plugins.
Native extension for OSXStandalone target not found
Native extension for WebGL target not found
Refreshing native plugins compatible for Editor in 1.10 ms, found 2 plugins.
[Package Manager] Failed to launch server process. Reason: Unity was launched with the -noUpm command-line argument
[Package Manager] Unable to send message (not connected to server process).
[Package Manager] Cannot connect to Unity Package Manager local server
ScheduleIndexationOnStartup MainProcess:False IndexOnStartup:True
Mono: successfully reloaded assembly
- Finished resetting the current domain, in  0.394 seconds
Domain Reload Profiling: 701ms
	BeginReloadAssembly (70ms)
		ExecutionOrderSort (0ms)
		DisableScriptedObjects (3ms)
		BackupInstance (0ms)
		ReleaseScriptingObjects (0ms)
		CreateAndSetChildDomain (21ms)
	RebuildCommonClasses (15ms)
	RebuildNativeTypeToScriptingClass (6ms)
	initialDomainReloadingComplete (10ms)
	LoadAllAssembliesAndSetupDomain (206ms)
		LoadAssemblies (158ms)
		RebuildTransferFunctionScriptingTraits (0ms)
		AnalyzeDomain (69ms)
			TypeCache.Refresh (7ms)
				TypeCache.ScanAssembly (0ms)
			BuildScriptInfoCaches (59ms)
			ResolveRequiredComponents (1ms)
	FinalizeReload (394ms)
		ReleaseScriptCaches (0ms)
		RebuildScriptCaches (0ms)
		SetupLoadedEditorAssemblies (347ms)
			LogAssemblyErrors (0ms)
			InitializePlatformSupportModulesInManaged (1ms)
			SetLoadedEditorAssemblies (2ms)
			BeforeProcessingInitializeOnLoad (82ms)
			ProcessInitializeOnLoadAttributes (163ms)
			ProcessInitializeOnLoadMethodAttributes (97ms)
			AfterProcessingInitializeOnLoad (0ms)
			EditorAssembliesLoaded (0ms)
		ExecutionOrderSort2 (0ms)
		AwakeInstancesAfterBackupRestoration (1ms)
Refreshing native plugins compatible for Editor in 1.57 ms, found 2 plugins.
Preloading 1 native plugins for Editor in 1.13 ms.
Unloading 43 Unused Serialized files (Serialized files now loaded: 0)
Unloading 5193 unused Assets / (14.1 MB). Loaded Objects now: 5927.
Memory consumption went from 144.2 MB to 130.1 MB.
Total: 7.609958 ms (FindLiveObjects: 0.201750 ms CreateObjectMapping: 0.084000 ms MarkObjects: 6.031167 ms  DeleteObjects: 1.292916 ms)

Prepare: number of updated asset objects reloaded= 0
========================================================================
Received Prepare
Refreshing native plugins compatible for Editor in 1.50 ms, found 2 plugins.
Preloading 1 native plugins for Editor in 1.14 ms.
Unloading 43 Unused Serialized files (Serialized files now loaded: 0)
Unloading 5148 unused Assets / (14.3 MB). Loaded Objects now: 5927.
Memory consumption went from 131.7 MB to 117.5 MB.
Total: 7.550708 ms (FindLiveObjects: 0.186625 ms CreateObjectMapping: 0.071625 ms MarkObjects: 6.035459 ms  DeleteObjects: 1.256833 ms)

Prepare: number of updated asset objects reloaded= 0
========================================================================
Received Prepare
Begin MonoManager ReloadAssembly
Thread 0x16b9a7000 may have been prematurely finalized
Symbol file LoadedFromMemory is not a mono symbol file
Symbol file LoadedFromMemory is not a mono symbol file
- Loaded All Assemblies, in  0.300 seconds
Refreshing native plugins compatible for Editor in 1.42 ms, found 2 plugins.
Native extension for OSXStandalone target not found
Native extension for WebGL target not found
Refreshing native plugins compatible for Editor in 1.18 ms, found 2 plugins.
[Package Manager] Failed to launch server process. Reason: Unity was launched with the -noUpm command-line argument
[Package Manager] Unable to send message (not connected to server process).
[Package Manager] Cannot connect to Unity Package Manager local server
ScheduleIndexationOnStartup MainProcess:False IndexOnStartup:True
Mono: successfully reloaded assembly
- Finished resetting the current domain, in  0.403 seconds
Domain Reload Profiling: 704ms
	BeginReloadAssembly (72ms)
		ExecutionOrderSort (0ms)
		DisableScriptedObjects (3ms)
		BackupInstance (0ms)
		ReleaseScriptingObjects (0ms)
		CreateAndSetChildDomain (21ms)
	RebuildCommonClasses (16ms)
	RebuildNativeTypeToScriptingClass (6ms)
	initialDomainReloadingComplete (10ms)
	LoadAllAssembliesAndSetupDomain (197ms)
		LoadAssemblies (154ms)
		RebuildTransferFunctionScriptingTraits (0ms)
		AnalyzeDomain (66ms)
			TypeCache.Refresh (5ms)
				TypeCache.ScanAssembly (0ms)
			BuildScriptInfoCaches (58ms)
			ResolveRequiredComponents (1ms)
	FinalizeReload (403ms)
		ReleaseScriptCaches (0ms)
		RebuildScriptCaches (0ms)
		SetupLoadedEditorAssemblies (356ms)
			LogAssemblyErrors (0ms)
			InitializePlatformSupportModulesInManaged (1ms)
			SetLoadedEditorAssemblies (2ms)
			BeforeProcessingInitializeOnLoad (83ms)
			ProcessInitializeOnLoadAttributes (169ms)
			ProcessInitializeOnLoadMethodAttributes (101ms)
			AfterProcessingInitializeOnLoad (0ms)
			EditorAssembliesLoaded (0ms)
		ExecutionOrderSort2 (0ms)
		AwakeInstancesAfterBackupRestoration (1ms)
Refreshing native plugins compatible for Editor in 1.72 ms, found 2 plugins.
Preloading 1 native plugins for Editor in 1.18 ms.
Unloading 43 Unused Serialized files (Serialized files now loaded: 0)
Unloading 5193 unused Assets / (13.3 MB). Loaded Objects now: 5931.
Memory consumption went from 144.2 MB to 130.9 MB.
Total: 8.056333 ms (FindLiveObjects: 0.200917 ms CreateObjectMapping: 0.079417 ms MarkObjects: 6.546541 ms  DeleteObjects: 1.229083 ms)

Prepare: number of updated asset objects reloaded= 0
========================================================================
Received Prepare
Refreshing native plugins compatible for Editor in 1.52 ms, found 2 plugins.
Preloading 1 native plugins for Editor in 1.15 ms.
Unloading 43 Unused Serialized files (Serialized files now loaded: 0)
Unloading 5148 unused Assets / (14.3 MB). Loaded Objects now: 5931.
Memory consumption went from 131.7 MB to 117.4 MB.
Total: 7.517875 ms (FindLiveObjects: 0.188167 ms CreateObjectMapping: 0.078208 ms MarkObjects: 5.984750 ms  DeleteObjects: 1.266375 ms)

Prepare: number of updated asset objects reloaded= 0
========================================================================
Received Prepare
Refreshing native plugins compatible for Editor in 1.54 ms, found 2 plugins.
Preloading 1 native plugins for Editor in 1.16 ms.
Unloading 43 Unused Serialized files (Serialized files now loaded: 0)
Unloading 5148 unused Assets / (12.8 MB). Loaded Objects now: 5931.
Memory consumption went from 131.7 MB to 118.9 MB.
Total: 7.635167 ms (FindLiveObjects: 0.187541 ms CreateObjectMapping: 0.077084 ms MarkObjects: 6.175125 ms  DeleteObjects: 1.194959 ms)

Prepare: number of updated asset objects reloaded= 0
========================================================================
Received Prepare
Refreshing native plugins compatible for Editor in 1.57 ms, found 2 plugins.
Preloading 1 native plugins for Editor in 1.15 ms.
Unloading 43 Unused Serialized files (Serialized files now loaded: 0)
Unloading 5148 unused Assets / (14.2 MB). Loaded Objects now: 5931.
Memory consumption went from 131.7 MB to 117.5 MB.
Total: 7.486125 ms (FindLiveObjects: 0.189667 ms CreateObjectMapping: 0.081083 ms MarkObjects: 5.981041 ms  DeleteObjects: 1.234083 ms)

Prepare: number of updated asset objects reloaded= 0
========================================================================
Received Prepare
Begin MonoManager ReloadAssembly
Thread 0x16b9a7000 may have been prematurely finalized
Symbol file LoadedFromMemory is not a mono symbol file
Symbol file LoadedFromMemory is not a mono symbol file
- Loaded All Assemblies, in  0.354 seconds
Refreshing native plugins compatible for Editor in 1.20 ms, found 2 plugins.
Native extension for OSXStandalone target not found
Native extension for WebGL target not found
Refreshing native plugins compatible for Editor in 1.50 ms, found 2 plugins.
[Package Manager] Failed to launch server process. Reason: Unity was launched with the -noUpm command-line argument
[Package Manager] Unable to send message (not connected to server process).
[Package Manager] Cannot connect to Unity Package Manager local server
ScheduleIndexationOnStartup MainProcess:False IndexOnStartup:True
Mono: successfully reloaded assembly
- Finished resetting the current domain, in  0.412 seconds
Domain Reload Profiling: 768ms
	BeginReloadAssembly (77ms)
		ExecutionOrderSort (0ms)
		DisableScriptedObjects (3ms)
		BackupInstance (0ms)
		ReleaseScriptingObjects (0ms)
		CreateAndSetChildDomain (26ms)
	RebuildCommonClasses (16ms)
	RebuildNativeTypeToScriptingClass (6ms)
	initialDomainReloadingComplete (10ms)
	LoadAllAssembliesAndSetupDomain (247ms)
		LoadAssemblies (195ms)
		RebuildTransferFunctionScriptingTraits (0ms)
		AnalyzeDomain (74ms)
			TypeCache.Refresh (8ms)
				TypeCache.ScanAssembly (0ms)
			BuildScriptInfoCaches (63ms)
			ResolveRequiredComponents (1ms)
	FinalizeReload (412ms)
		ReleaseScriptCaches (0ms)
		RebuildScriptCaches (0ms)
		SetupLoadedEditorAssemblies (361ms)
			LogAssemblyErrors (0ms)
			InitializePlatformSupportModulesInManaged (1ms)
			SetLoadedEditorAssemblies (2ms)
			BeforeProcessingInitializeOnLoad (85ms)
			ProcessInitializeOnLoadAttributes (173ms)
			ProcessInitializeOnLoadMethodAttributes (100ms)
			AfterProcessingInitializeOnLoad (0ms)
			EditorAssembliesLoaded (0ms)
		ExecutionOrderSort2 (0ms)
		AwakeInstancesAfterBackupRestoration (1ms)
Refreshing native plugins compatible for Editor in 1.47 ms, found 2 plugins.
Preloading 1 native plugins for Editor in 1.19 ms.
Unloading 43 Unused Serialized files (Serialized files now loaded: 0)
Unloading 5193 unused Assets / (12.5 MB). Loaded Objects now: 5935.
Memory consumption went from 144.2 MB to 131.7 MB.
Total: 7.716167 ms (FindLiveObjects: 0.202542 ms CreateObjectMapping: 0.074500 ms MarkObjects: 6.188500 ms  DeleteObjects: 1.250375 ms)

Prepare: number of updated asset objects reloaded= 0
========================================================================
Received Prepare
Refreshing native plugins compatible for Editor in 1.56 ms, found 2 plugins.
Preloading 1 native plugins for Editor in 1.14 ms.
Unloading 43 Unused Serialized files (Serialized files now loaded: 0)
Unloading 5148 unused Assets / (14.0 MB). Loaded Objects now: 5935.
Memory consumption went from 131.8 MB to 117.7 MB.
Total: 7.584417 ms (FindLiveObjects: 0.187250 ms CreateObjectMapping: 0.082042 ms MarkObjects: 6.081208 ms  DeleteObjects: 1.233750 ms)

Prepare: number of updated asset objects reloaded= 0
========================================================================
Received Prepare
Begin MonoManager ReloadAssembly
[Licensing::Client] Successfully resolved entitlement details
[Licensing::Module] License group:
  Id: F4-85AS-8ZW6-XMRF-425Z-XXXX
  Product: Unity Personal
  Type: ULF
  Expiration: Unlimited
[Licensing::Module] License group:
  Id: 6872810951280-UnityPersXXXX
  Product: Unity Personal
  Type: Assigned
  Expiration: Unlimited
Thread 0x16b9a7000 may have been prematurely finalized
Symbol file LoadedFromMemory is not a mono symbol file
Symbol file LoadedFromMemory is not a mono symbol file
- Loaded All Assemblies, in  0.303 seconds
Refreshing native plugins compatible for Editor in 1.52 ms, found 2 plugins.
Native extension for OSXStandalone target not found
Native extension for WebGL target not found
Refreshing native plugins compatible for Editor in 1.07 ms, found 2 plugins.
[Package Manager] Failed to launch server process. Reason: Unity was launched with the -noUpm command-line argument
[Package Manager] Unable to send message (not connected to server process).
[Package Manager] Cannot connect to Unity Package Manager local server
ScheduleIndexationOnStartup MainProcess:False IndexOnStartup:True
Mono: successfully reloaded assembly
- Finished resetting the current domain, in  0.390 seconds
Domain Reload Profiling: 695ms
	BeginReloadAssembly (72ms)
		ExecutionOrderSort (0ms)
		DisableScriptedObjects (3ms)
		BackupInstance (0ms)
		ReleaseScriptingObjects (0ms)
		CreateAndSetChildDomain (22ms)
	RebuildCommonClasses (15ms)
	RebuildNativeTypeToScriptingClass (6ms)
	initialDomainReloadingComplete (9ms)
	LoadAllAssembliesAndSetupDomain (201ms)
		LoadAssemblies (155ms)
		RebuildTransferFunctionScriptingTraits (0ms)
		AnalyzeDomain (67ms)
			TypeCache.Refresh (7ms)
				TypeCache.ScanAssembly (0ms)
			BuildScriptInfoCaches (58ms)
			ResolveRequiredComponents (1ms)
	FinalizeReload (390ms)
		ReleaseScriptCaches (0ms)
		RebuildScriptCaches (0ms)
		SetupLoadedEditorAssemblies (342ms)
			LogAssemblyErrors (0ms)
			InitializePlatformSupportModulesInManaged (1ms)
			SetLoadedEditorAssemblies (2ms)
			BeforeProcessingInitializeOnLoad (82ms)
			ProcessInitializeOnLoadAttributes (164ms)
			ProcessInitializeOnLoadMethodAttributes (93ms)
			AfterProcessingInitializeOnLoad (1ms)
			EditorAssembliesLoaded (0ms)
		ExecutionOrderSort2 (0ms)
		AwakeInstancesAfterBackupRestoration (1ms)
Refreshing native plugins compatible for Editor in 1.18 ms, found 2 plugins.
Preloading 1 native plugins for Editor in 1.13 ms.
Unloading 43 Unused Serialized files (Serialized files now loaded: 0)
Unloading 5193 unused Assets / (14.4 MB). Loaded Objects now: 5939.
Memory consumption went from 144.2 MB to 129.8 MB.
Total: 7.602667 ms (FindLiveObjects: 0.172875 ms CreateObjectMapping: 0.107583 ms MarkObjects: 6.140750 ms  DeleteObjects: 1.181209 ms)

Prepare: number of updated asset objects reloaded= 0
========================================================================
Received Prepare
Refreshing native plugins compatible for Editor in 1.55 ms, found 2 plugins.
Preloading 1 native plugins for Editor in 1.14 ms.
Unloading 43 Unused Serialized files (Serialized files now loaded: 0)
Unloading 5148 unused Assets / (14.3 MB). Loaded Objects now: 5939.
Memory consumption went from 131.8 MB to 117.5 MB.
Total: 7.369250 ms (FindLiveObjects: 0.187167 ms CreateObjectMapping: 0.074833 ms MarkObjects: 5.823917 ms  DeleteObjects: 1.283000 ms)

Prepare: number of updated asset objects reloaded= 0
========================================================================
Received Prepare
Refreshing native plugins compatible for Editor in 1.64 ms, found 2 plugins.
Preloading 1 native plugins for Editor in 1.15 ms.
Unloading 43 Unused Serialized files (Serialized files now loaded: 0)
Unloading 5148 unused Assets / (14.1 MB). Loaded Objects now: 5939.
Memory consumption went from 131.8 MB to 117.7 MB.
Total: 7.432292 ms (FindLiveObjects: 0.191125 ms CreateObjectMapping: 0.076833 ms MarkObjects: 5.979584 ms  DeleteObjects: 1.184583 ms)

Prepare: number of updated asset objects reloaded= 0
========================================================================
Received Prepare
Refreshing native plugins compatible for Editor in 1.45 ms, found 2 plugins.
Preloading 1 native plugins for Editor in 1.14 ms.
Unloading 43 Unused Serialized files (Serialized files now loaded: 0)
Unloading 5148 unused Assets / (14.2 MB). Loaded Objects now: 5939.
Memory consumption went from 131.8 MB to 117.6 MB.
Total: 7.466333 ms (FindLiveObjects: 0.184500 ms CreateObjectMapping: 0.076583 ms MarkObjects: 5.991208 ms  DeleteObjects: 1.213875 ms)

Prepare: number of updated asset objects reloaded= 0
========================================================================
Received Prepare
Refreshing native plugins compatible for Editor in 1.45 ms, found 2 plugins.
Preloading 1 native plugins for Editor in 1.15 ms.
Unloading 43 Unused Serialized files (Serialized files now loaded: 0)
Unloading 5148 unused Assets / (14.1 MB). Loaded Objects now: 5939.
Memory consumption went from 131.8 MB to 117.6 MB.
Total: 7.836708 ms (FindLiveObjects: 0.187292 ms CreateObjectMapping: 0.074958 ms MarkObjects: 6.340500 ms  DeleteObjects: 1.233708 ms)

Prepare: number of updated asset objects reloaded= 0
========================================================================
Received Prepare
Refreshing native plugins compatible for Editor in 1.57 ms, found 2 plugins.
Preloading 1 native plugins for Editor in 1.12 ms.
Unloading 43 Unused Serialized files (Serialized files now loaded: 0)
Unloading 5148 unused Assets / (14.1 MB). Loaded Objects now: 5939.
Memory consumption went from 131.8 MB to 117.7 MB.
Total: 7.532709 ms (FindLiveObjects: 0.190666 ms CreateObjectMapping: 0.071584 ms MarkObjects: 6.065958 ms  DeleteObjects: 1.204292 ms)

Prepare: number of updated asset objects reloaded= 0
========================================================================
Received Prepare
Refreshing native plugins compatible for Editor in 1.64 ms, found 2 plugins.
Preloading 1 native plugins for Editor in 1.12 ms.
Unloading 43 Unused Serialized files (Serialized files now loaded: 0)
Unloading 5148 unused Assets / (14.0 MB). Loaded Objects now: 5939.
Memory consumption went from 131.8 MB to 117.7 MB.
Total: 7.492125 ms (FindLiveObjects: 0.188209 ms CreateObjectMapping: 0.067166 ms MarkObjects: 6.070042 ms  DeleteObjects: 1.166458 ms)

Prepare: number of updated asset objects reloaded= 0
========================================================================
Received Prepare
Refreshing native plugins compatible for Editor in 1.55 ms, found 2 plugins.
Preloading 1 native plugins for Editor in 1.15 ms.
Unloading 43 Unused Serialized files (Serialized files now loaded: 0)
Unloading 5148 unused Assets / (14.3 MB). Loaded Objects now: 5939.
Memory consumption went from 131.8 MB to 117.5 MB.
Total: 7.512417 ms (FindLiveObjects: 0.184833 ms CreateObjectMapping: 0.083333 ms MarkObjects: 6.012625 ms  DeleteObjects: 1.231083 ms)

Prepare: number of updated asset objects reloaded= 0
========================================================================
Received Prepare
Refreshing native plugins compatible for Editor in 1.51 ms, found 2 plugins.
Preloading 1 native plugins for Editor in 1.13 ms.
Unloading 43 Unused Serialized files (Serialized files now loaded: 0)
Unloading 5148 unused Assets / (13.9 MB). Loaded Objects now: 5939.
Memory consumption went from 131.8 MB to 117.8 MB.
Total: 7.534042 ms (FindLiveObjects: 0.192042 ms CreateObjectMapping: 0.071000 ms MarkObjects: 6.090542 ms  DeleteObjects: 1.180292 ms)

Prepare: number of updated asset objects reloaded= 0
========================================================================
Received Prepare
Refreshing native plugins compatible for Editor in 1.56 ms, found 2 plugins.
Preloading 1 native plugins for Editor in 1.12 ms.
Unloading 43 Unused Serialized files (Serialized files now loaded: 0)
Unloading 5148 unused Assets / (14.4 MB). Loaded Objects now: 5939.
Memory consumption went from 131.8 MB to 117.3 MB.
Total: 7.805291 ms (FindLiveObjects: 0.189958 ms CreateObjectMapping: 0.069083 ms MarkObjects: 6.236834 ms  DeleteObjects: 1.309083 ms)

Prepare: number of updated asset objects reloaded= 0
========================================================================
Received Prepare
Refreshing native plugins compatible for Editor in 1.60 ms, found 2 plugins.
Preloading 1 native plugins for Editor in 1.13 ms.
Unloading 43 Unused Serialized files (Serialized files now loaded: 0)
Unloading 5148 unused Assets / (14.0 MB). Loaded Objects now: 5939.
Memory consumption went from 131.8 MB to 117.7 MB.
Total: 7.505041 ms (FindLiveObjects: 0.187250 ms CreateObjectMapping: 0.073500 ms MarkObjects: 6.045625 ms  DeleteObjects: 1.198375 ms)

Prepare: number of updated asset objects reloaded= 0
========================================================================
Received Prepare
Refreshing native plugins compatible for Editor in 1.57 ms, found 2 plugins.
Preloading 1 native plugins for Editor in 1.16 ms.
Unloading 43 Unused Serialized files (Serialized files now loaded: 0)
Unloading 5148 unused Assets / (14.3 MB). Loaded Objects now: 5939.
Memory consumption went from 131.8 MB to 117.5 MB.
Total: 7.553875 ms (FindLiveObjects: 0.185708 ms CreateObjectMapping: 0.075000 ms MarkObjects: 5.987166 ms  DeleteObjects: 1.305666 ms)

Prepare: number of updated asset objects reloaded= 0
========================================================================
Received Prepare
Refreshing native plugins compatible for Editor in 1.48 ms, found 2 plugins.
Preloading 1 native plugins for Editor in 1.10 ms.
Unloading 43 Unused Serialized files (Serialized files now loaded: 0)
Unloading 5148 unused Assets / (14.3 MB). Loaded Objects now: 5939.
Memory consumption went from 131.8 MB to 117.5 MB.
Total: 7.511209 ms (FindLiveObjects: 0.185750 ms CreateObjectMapping: 0.080000 ms MarkObjects: 5.962542 ms  DeleteObjects: 1.282542 ms)

Prepare: number of updated asset objects reloaded= 0
========================================================================
Received Prepare
Refreshing native plugins compatible for Editor in 1.57 ms, found 2 plugins.
Preloading 1 native plugins for Editor in 1.15 ms.
Unloading 43 Unused Serialized files (Serialized files now loaded: 0)
Unloading 5148 unused Assets / (14.0 MB). Loaded Objects now: 5939.
Memory consumption went from 131.8 MB to 117.7 MB.
Total: 7.532500 ms (FindLiveObjects: 0.188166 ms CreateObjectMapping: 0.083958 ms MarkObjects: 6.058875 ms  DeleteObjects: 1.201334 ms)

Prepare: number of updated asset objects reloaded= 0
========================================================================
Received Prepare
Refreshing native plugins compatible for Editor in 1.52 ms, found 2 plugins.
Preloading 1 native plugins for Editor in 1.14 ms.
Unloading 43 Unused Serialized files (Serialized files now loaded: 0)
Unloading 5148 unused Assets / (14.3 MB). Loaded Objects now: 5939.
Memory consumption went from 131.8 MB to 117.5 MB.
Total: 7.528833 ms (FindLiveObjects: 0.188333 ms CreateObjectMapping: 0.079167 ms MarkObjects: 5.970458 ms  DeleteObjects: 1.290583 ms)

Prepare: number of updated asset objects reloaded= 0
========================================================================
Received Prepare
Refreshing native plugins compatible for Editor in 1.33 ms, found 2 plugins.
Preloading 1 native plugins for Editor in 1.15 ms.
Unloading 43 Unused Serialized files (Serialized files now loaded: 0)
Unloading 5148 unused Assets / (14.0 MB). Loaded Objects now: 5939.
Memory consumption went from 131.8 MB to 117.8 MB.
Total: 7.558791 ms (FindLiveObjects: 0.190750 ms CreateObjectMapping: 0.078250 ms MarkObjects: 6.059583 ms  DeleteObjects: 1.230042 ms)

Prepare: number of updated asset objects reloaded= 0
========================================================================
Received Prepare
Refreshing native plugins compatible for Editor in 1.50 ms, found 2 plugins.
Preloading 1 native plugins for Editor in 1.13 ms.
Unloading 43 Unused Serialized files (Serialized files now loaded: 0)
Unloading 5148 unused Assets / (13.3 MB). Loaded Objects now: 5939.
Memory consumption went from 131.8 MB to 118.4 MB.
Total: 7.975500 ms (FindLiveObjects: 0.194458 ms CreateObjectMapping: 0.081375 ms MarkObjects: 6.435542 ms  DeleteObjects: 1.263916 ms)

Prepare: number of updated asset objects reloaded= 0
========================================================================
Received Prepare
Refreshing native plugins compatible for Editor in 1.52 ms, found 2 plugins.
Preloading 1 native plugins for Editor in 1.13 ms.
Unloading 43 Unused Serialized files (Serialized files now loaded: 0)
Unloading 5148 unused Assets / (13.9 MB). Loaded Objects now: 5939.
Memory consumption went from 131.8 MB to 117.8 MB.
Total: 7.434916 ms (FindLiveObjects: 0.188959 ms CreateObjectMapping: 0.078042 ms MarkObjects: 6.054750 ms  DeleteObjects: 1.112791 ms)

Prepare: number of updated asset objects reloaded= 0
========================================================================
Received Prepare
Refreshing native plugins compatible for Editor in 1.69 ms, found 2 plugins.
Preloading 1 native plugins for Editor in 1.19 ms.
Unloading 43 Unused Serialized files (Serialized files now loaded: 0)
Unloading 5148 unused Assets / (12.8 MB). Loaded Objects now: 5939.
Memory consumption went from 131.8 MB to 118.9 MB.
Total: 7.994458 ms (FindLiveObjects: 0.191625 ms CreateObjectMapping: 0.079458 ms MarkObjects: 6.468750 ms  DeleteObjects: 1.254458 ms)

Prepare: number of updated asset objects reloaded= 0
========================================================================
Received Prepare
Refreshing native plugins compatible for Editor in 1.35 ms, found 2 plugins.
Preloading 1 native plugins for Editor in 1.16 ms.
Unloading 43 Unused Serialized files (Serialized files now loaded: 0)
Unloading 5148 unused Assets / (12.4 MB). Loaded Objects now: 5939.
Memory consumption went from 131.8 MB to 119.4 MB.
Total: 8.709708 ms (FindLiveObjects: 0.195875 ms CreateObjectMapping: 0.078333 ms MarkObjects: 6.145958 ms  DeleteObjects: 2.289292 ms)

Prepare: number of updated asset objects reloaded= 0
========================================================================
Received Prepare
Refreshing native plugins compatible for Editor in 1.63 ms, found 2 plugins.
Preloading 1 native plugins for Editor in 1.14 ms.
Unloading 43 Unused Serialized files (Serialized files now loaded: 0)
Unloading 5148 unused Assets / (14.1 MB). Loaded Objects now: 5939.
Memory consumption went from 131.8 MB to 117.7 MB.
Total: 7.474250 ms (FindLiveObjects: 0.188083 ms CreateObjectMapping: 0.081958 ms MarkObjects: 5.967750 ms  DeleteObjects: 1.236125 ms)

Prepare: number of updated asset objects reloaded= 0
========================================================================
Received Prepare
Refreshing native plugins compatible for Editor in 1.66 ms, found 2 plugins.
Preloading 1 native plugins for Editor in 1.12 ms.
Unloading 43 Unused Serialized files (Serialized files now loaded: 0)
Unloading 5148 unused Assets / (13.9 MB). Loaded Objects now: 5939.
Memory consumption went from 131.8 MB to 117.8 MB.
Total: 7.689125 ms (FindLiveObjects: 0.190625 ms CreateObjectMapping: 0.079666 ms MarkObjects: 6.269542 ms  DeleteObjects: 1.149083 ms)

Prepare: number of updated asset objects reloaded= 0
========================================================================
Received Prepare
Refreshing native plugins compatible for Editor in 1.56 ms, found 2 plugins.
Preloading 1 native plugins for Editor in 1.14 ms.
Unloading 43 Unused Serialized files (Serialized files now loaded: 0)
Unloading 5148 unused Assets / (14.0 MB). Loaded Objects now: 5939.
Memory consumption went from 131.8 MB to 117.8 MB.
Total: 7.626167 ms (FindLiveObjects: 0.190583 ms CreateObjectMapping: 0.076959 ms MarkObjects: 6.126417 ms  DeleteObjects: 1.232000 ms)

Prepare: number of updated asset objects reloaded= 0
========================================================================
Received Prepare
Refreshing native plugins compatible for Editor in 1.69 ms, found 2 plugins.
Preloading 1 native plugins for Editor in 1.22 ms.
Unloading 43 Unused Serialized files (Serialized files now loaded: 0)
Unloading 5148 unused Assets / (14.2 MB). Loaded Objects now: 5939.
Memory consumption went from 131.8 MB to 117.6 MB.
Total: 7.682958 ms (FindLiveObjects: 0.188708 ms CreateObjectMapping: 0.072958 ms MarkObjects: 6.116542 ms  DeleteObjects: 1.304500 ms)

Prepare: number of updated asset objects reloaded= 0
========================================================================
Received Prepare
Refreshing native plugins compatible for Editor in 1.43 ms, found 2 plugins.
Preloading 1 native plugins for Editor in 1.13 ms.
Unloading 43 Unused Serialized files (Serialized files now loaded: 0)
Unloading 5148 unused Assets / (14.2 MB). Loaded Objects now: 5939.
Memory consumption went from 131.8 MB to 117.6 MB.
Total: 7.463417 ms (FindLiveObjects: 0.188541 ms CreateObjectMapping: 0.072917 ms MarkObjects: 5.998208 ms  DeleteObjects: 1.203542 ms)

Prepare: number of updated asset objects reloaded= 0
========================================================================
Received Prepare
Refreshing native plugins compatible for Editor in 1.54 ms, found 2 plugins.
Preloading 1 native plugins for Editor in 1.12 ms.
Unloading 43 Unused Serialized files (Serialized files now loaded: 0)
Unloading 5148 unused Assets / (14.0 MB). Loaded Objects now: 5939.
Memory consumption went from 131.8 MB to 117.7 MB.
Total: 7.528208 ms (FindLiveObjects: 0.194750 ms CreateObjectMapping: 0.081709 ms MarkObjects: 5.963458 ms  DeleteObjects: 1.288125 ms)

Prepare: number of updated asset objects reloaded= 0
========================================================================
Received Prepare
Refreshing native plugins compatible for Editor in 1.32 ms, found 2 plugins.
Preloading 1 native plugins for Editor in 1.11 ms.
Unloading 43 Unused Serialized files (Serialized files now loaded: 0)
Unloading 5148 unused Assets / (14.1 MB). Loaded Objects now: 5939.
Memory consumption went from 131.8 MB to 117.7 MB.
Total: 7.494458 ms (FindLiveObjects: 0.188834 ms CreateObjectMapping: 0.079709 ms MarkObjects: 5.980000 ms  DeleteObjects: 1.245667 ms)

Prepare: number of updated asset objects reloaded= 0
========================================================================
Received Prepare
Refreshing native plugins compatible for Editor in 1.47 ms, found 2 plugins.
Preloading 1 native plugins for Editor in 1.15 ms.
Unloading 43 Unused Serialized files (Serialized files now loaded: 0)
Unloading 5148 unused Assets / (14.1 MB). Loaded Objects now: 5939.
Memory consumption went from 131.8 MB to 117.6 MB.
Total: 7.470291 ms (FindLiveObjects: 0.192625 ms CreateObjectMapping: 0.078583 ms MarkObjects: 5.986250 ms  DeleteObjects: 1.212750 ms)

Prepare: number of updated asset objects reloaded= 0
========================================================================
Received Prepare
Refreshing native plugins compatible for Editor in 1.59 ms, found 2 plugins.
Preloading 1 native plugins for Editor in 1.14 ms.
Unloading 43 Unused Serialized files (Serialized files now loaded: 0)
Unloading 5148 unused Assets / (14.0 MB). Loaded Objects now: 5939.
Memory consumption went from 131.8 MB to 117.7 MB.
Total: 7.504292 ms (FindLiveObjects: 0.189125 ms CreateObjectMapping: 0.071083 ms MarkObjects: 6.012792 ms  DeleteObjects: 1.231167 ms)

Prepare: number of updated asset objects reloaded= 0
========================================================================
Received Prepare
Refreshing native plugins compatible for Editor in 1.53 ms, found 2 plugins.
Preloading 1 native plugins for Editor in 1.16 ms.
Unloading 43 Unused Serialized files (Serialized files now loaded: 0)
Unloading 5148 unused Assets / (14.0 MB). Loaded Objects now: 5939.
Memory consumption went from 131.8 MB to 117.8 MB.
Total: 7.577292 ms (FindLiveObjects: 0.200958 ms CreateObjectMapping: 0.087167 ms MarkObjects: 6.065083 ms  DeleteObjects: 1.223834 ms)

Prepare: number of updated asset objects reloaded= 0
========================================================================
Received Prepare
Refreshing native plugins compatible for Editor in 1.61 ms, found 2 plugins.
Preloading 1 native plugins for Editor in 1.14 ms.
Unloading 43 Unused Serialized files (Serialized files now loaded: 0)
Unloading 5148 unused Assets / (13.9 MB). Loaded Objects now: 5939.
Memory consumption went from 131.8 MB to 117.8 MB.
Total: 7.790167 ms (FindLiveObjects: 0.208292 ms CreateObjectMapping: 0.086291 ms MarkObjects: 6.220292 ms  DeleteObjects: 1.274959 ms)

Prepare: number of updated asset objects reloaded= 0
========================================================================
Received Prepare
Refreshing native plugins compatible for Editor in 1.46 ms, found 2 plugins.
Preloading 1 native plugins for Editor in 1.13 ms.
Unloading 43 Unused Serialized files (Serialized files now loaded: 0)
Unloading 5148 unused Assets / (14.2 MB). Loaded Objects now: 5939.
Memory consumption went from 131.8 MB to 117.6 MB.
Total: 7.452625 ms (FindLiveObjects: 0.184167 ms CreateObjectMapping: 0.084458 ms MarkObjects: 5.944084 ms  DeleteObjects: 1.239708 ms)

Prepare: number of updated asset objects reloaded= 0
========================================================================
Received Prepare
Refreshing native plugins compatible for Editor in 1.55 ms, found 2 plugins.
Preloading 1 native plugins for Editor in 1.13 ms.
Unloading 43 Unused Serialized files (Serialized files now loaded: 0)
Unloading 5148 unused Assets / (14.1 MB). Loaded Objects now: 5939.
Memory consumption went from 131.8 MB to 117.6 MB.
Total: 7.403625 ms (FindLiveObjects: 0.199583 ms CreateObjectMapping: 0.079375 ms MarkObjects: 5.910125 ms  DeleteObjects: 1.214167 ms)

Prepare: number of updated asset objects reloaded= 0
========================================================================
Received Prepare
Refreshing native plugins compatible for Editor in 1.55 ms, found 2 plugins.
Preloading 1 native plugins for Editor in 1.14 ms.
Unloading 43 Unused Serialized files (Serialized files now loaded: 0)
Unloading 5148 unused Assets / (14.0 MB). Loaded Objects now: 5939.
Memory consumption went from 131.8 MB to 117.8 MB.
Total: 7.513625 ms (FindLiveObjects: 0.204333 ms CreateObjectMapping: 0.077542 ms MarkObjects: 6.026416 ms  DeleteObjects: 1.205125 ms)

Prepare: number of updated asset objects reloaded= 0
========================================================================
Received Prepare
Refreshing native plugins compatible for Editor in 1.45 ms, found 2 plugins.
Preloading 1 native plugins for Editor in 1.16 ms.
Unloading 43 Unused Serialized files (Serialized files now loaded: 0)
Unloading 5148 unused Assets / (14.3 MB). Loaded Objects now: 5939.
Memory consumption went from 131.8 MB to 117.4 MB.
Total: 7.551250 ms (FindLiveObjects: 0.192375 ms CreateObjectMapping: 0.073416 ms MarkObjects: 5.980042 ms  DeleteObjects: 1.305292 ms)

Prepare: number of updated asset objects reloaded= 0
========================================================================
Received Prepare
Refreshing native plugins compatible for Editor in 1.37 ms, found 2 plugins.
Preloading 1 native plugins for Editor in 1.14 ms.
Unloading 43 Unused Serialized files (Serialized files now loaded: 0)
Unloading 5148 unused Assets / (14.2 MB). Loaded Objects now: 5939.
Memory consumption went from 131.8 MB to 117.5 MB.
Total: 7.474042 ms (FindLiveObjects: 0.186334 ms CreateObjectMapping: 0.076541 ms MarkObjects: 5.993458 ms  DeleteObjects: 1.217542 ms)

Prepare: number of updated asset objects reloaded= 0
========================================================================
Received Prepare
Refreshing native plugins compatible for Editor in 1.54 ms, found 2 plugins.
Preloading 1 native plugins for Editor in 1.17 ms.
Unloading 43 Unused Serialized files (Serialized files now loaded: 0)
Unloading 5148 unused Assets / (14.0 MB). Loaded Objects now: 5939.
Memory consumption went from 131.8 MB to 117.8 MB.
Total: 7.403333 ms (FindLiveObjects: 0.184750 ms CreateObjectMapping: 0.082834 ms MarkObjects: 5.938791 ms  DeleteObjects: 1.196708 ms)

Prepare: number of updated asset objects reloaded= 0
========================================================================
Received Prepare
Refreshing native plugins compatible for Editor in 1.53 ms, found 2 plugins.
Preloading 1 native plugins for Editor in 1.13 ms.
Unloading 43 Unused Serialized files (Serialized files now loaded: 0)
Unloading 5148 unused Assets / (14.1 MB). Loaded Objects now: 5939.
Memory consumption went from 131.8 MB to 117.6 MB.
Total: 7.451375 ms (FindLiveObjects: 0.182667 ms CreateObjectMapping: 0.075750 ms MarkObjects: 6.011375 ms  DeleteObjects: 1.181167 ms)

Prepare: number of updated asset objects reloaded= 0
========================================================================
Received Prepare
Refreshing native plugins compatible for Editor in 1.33 ms, found 2 plugins.
Preloading 1 native plugins for Editor in 1.10 ms.
Unloading 43 Unused Serialized files (Serialized files now loaded: 0)
Unloading 5148 unused Assets / (13.9 MB). Loaded Objects now: 5939.
Memory consumption went from 131.8 MB to 117.9 MB.
Total: 7.488625 ms (FindLiveObjects: 0.186833 ms CreateObjectMapping: 0.081667 ms MarkObjects: 6.039000 ms  DeleteObjects: 1.181000 ms)

Prepare: number of updated asset objects reloaded= 0
========================================================================
Received Prepare
Begin MonoManager ReloadAssembly
[Licensing::Client] Successfully resolved entitlement details
[Licensing::Module] License group:
  Id: F4-85AS-8ZW6-XMRF-425Z-XXXX
  Product: Unity Personal
  Type: ULF
  Expiration: Unlimited
[Licensing::Module] License group:
  Id: 6872810951280-UnityPersXXXX
  Product: Unity Personal
  Type: Assigned
  Expiration: Unlimited
Thread 0x16b9a7000 may have been prematurely finalized
Symbol file LoadedFromMemory is not a mono symbol file
Symbol file LoadedFromMemory is not a mono symbol file
- Loaded All Assemblies, in  0.348 seconds
Refreshing native plugins compatible for Editor in 1.47 ms, found 2 plugins.
Native extension for OSXStandalone target not found
Native extension for WebGL target not found
Refreshing native plugins compatible for Editor in 1.39 ms, found 2 plugins.
[Package Manager] Failed to launch server process. Reason: Unity was launched with the -noUpm command-line argument
[Package Manager] Unable to send message (not connected to server process).
[Package Manager] Cannot connect to Unity Package Manager local server
ScheduleIndexationOnStartup MainProcess:False IndexOnStartup:True
Mono: successfully reloaded assembly
- Finished resetting the current domain, in  0.400 seconds
Domain Reload Profiling: 749ms
	BeginReloadAssembly (77ms)
		ExecutionOrderSort (0ms)
		DisableScriptedObjects (3ms)
		BackupInstance (0ms)
		ReleaseScriptingObjects (0ms)
		CreateAndSetChildDomain (24ms)
	RebuildCommonClasses (16ms)
	RebuildNativeTypeToScriptingClass (6ms)
	initialDomainReloadingComplete (10ms)
	LoadAllAssembliesAndSetupDomain (240ms)
		LoadAssemblies (194ms)
		RebuildTransferFunctionScriptingTraits (0ms)
		AnalyzeDomain (70ms)
			TypeCache.Refresh (7ms)
				TypeCache.ScanAssembly (0ms)
			BuildScriptInfoCaches (59ms)
			ResolveRequiredComponents (1ms)
	FinalizeReload (400ms)
		ReleaseScriptCaches (0ms)
		RebuildScriptCaches (0ms)
		SetupLoadedEditorAssemblies (353ms)
			LogAssemblyErrors (0ms)
			InitializePlatformSupportModulesInManaged (1ms)
			SetLoadedEditorAssemblies (2ms)
			BeforeProcessingInitializeOnLoad (85ms)
			ProcessInitializeOnLoadAttributes (165ms)
			ProcessInitializeOnLoadMethodAttributes (99ms)
			AfterProcessingInitializeOnLoad (0ms)
			EditorAssembliesLoaded (0ms)
		ExecutionOrderSort2 (0ms)
		AwakeInstancesAfterBackupRestoration (1ms)
Refreshing native plugins compatible for Editor in 1.48 ms, found 2 plugins.
Preloading 1 native plugins for Editor in 1.17 ms.
Unloading 43 Unused Serialized files (Serialized files now loaded: 0)
Unloading 5193 unused Assets / (14.1 MB). Loaded Objects now: 5943.
Memory consumption went from 144.2 MB to 130.1 MB.
Total: 7.580292 ms (FindLiveObjects: 0.188875 ms CreateObjectMapping: 0.076875 ms MarkObjects: 6.056834 ms  DeleteObjects: 1.257541 ms)

Prepare: number of updated asset objects reloaded= 0
========================================================================
Received Prepare
Begin MonoManager ReloadAssembly
Thread 0x16b9a7000 may have been prematurely finalized
Symbol file LoadedFromMemory is not a mono symbol file
Symbol file LoadedFromMemory is not a mono symbol file
- Loaded All Assemblies, in  0.327 seconds
Refreshing native plugins compatible for Editor in 1.49 ms, found 2 plugins.
Native extension for OSXStandalone target not found
Native extension for WebGL target not found
Refreshing native plugins compatible for Editor in 1.30 ms, found 2 plugins.
[Package Manager] Failed to launch server process. Reason: Unity was launched with the -noUpm command-line argument
[Package Manager] Unable to send message (not connected to server process).
[Package Manager] Cannot connect to Unity Package Manager local server
ScheduleIndexationOnStartup MainProcess:False IndexOnStartup:True
Mono: successfully reloaded assembly
- Finished resetting the current domain, in  0.466 seconds
Domain Reload Profiling: 795ms
	BeginReloadAssembly (73ms)
		ExecutionOrderSort (0ms)
		DisableScriptedObjects (3ms)
		BackupInstance (0ms)
		ReleaseScriptingObjects (0ms)
		CreateAndSetChildDomain (22ms)
	RebuildCommonClasses (16ms)
	RebuildNativeTypeToScriptingClass (6ms)
	initialDomainReloadingComplete (10ms)
	LoadAllAssembliesAndSetupDomain (224ms)
		LoadAssemblies (177ms)
		RebuildTransferFunctionScriptingTraits (0ms)
		AnalyzeDomain (69ms)
			TypeCache.Refresh (4ms)
				TypeCache.ScanAssembly (0ms)
			BuildScriptInfoCaches (60ms)
			ResolveRequiredComponents (1ms)
	FinalizeReload (466ms)
		ReleaseScriptCaches (0ms)
		RebuildScriptCaches (0ms)
		SetupLoadedEditorAssemblies (405ms)
			LogAssemblyErrors (0ms)
			InitializePlatformSupportModulesInManaged (1ms)
			SetLoadedEditorAssemblies (2ms)
			BeforeProcessingInitializeOnLoad (97ms)
			ProcessInitializeOnLoadAttributes (192ms)
			ProcessInitializeOnLoadMethodAttributes (112ms)
			AfterProcessingInitializeOnLoad (0ms)
			EditorAssembliesLoaded (0ms)
		ExecutionOrderSort2 (0ms)
		AwakeInstancesAfterBackupRestoration (1ms)
Refreshing native plugins compatible for Editor in 1.68 ms, found 2 plugins.
Preloading 1 native plugins for Editor in 1.18 ms.
Unloading 43 Unused Serialized files (Serialized files now loaded: 0)
Unloading 5193 unused Assets / (13.0 MB). Loaded Objects now: 5947.
Memory consumption went from 144.2 MB to 131.2 MB.
Total: 8.946375 ms (FindLiveObjects: 0.243167 ms CreateObjectMapping: 0.109583 ms MarkObjects: 7.136666 ms  DeleteObjects: 1.456667 ms)

Prepare: number of updated asset objects reloaded= 0
========================================================================
Received Prepare
Refreshing native plugins compatible for Editor in 1.51 ms, found 2 plugins.
Preloading 1 native plugins for Editor in 1.18 ms.
Unloading 43 Unused Serialized files (Serialized files now loaded: 0)
Unloading 5148 unused Assets / (13.3 MB). Loaded Objects now: 5947.
Memory consumption went from 131.8 MB to 118.5 MB.
Total: 8.072167 ms (FindLiveObjects: 0.197833 ms CreateObjectMapping: 0.079750 ms MarkObjects: 6.503208 ms  DeleteObjects: 1.291000 ms)

Prepare: number of updated asset objects reloaded= 0
========================================================================
Received Prepare
Begin MonoManager ReloadAssembly
Thread 0x16b9a7000 may have been prematurely finalized
Symbol file LoadedFromMemory is not a mono symbol file
Symbol file LoadedFromMemory is not a mono symbol file
- Loaded All Assemblies, in  0.325 seconds
Refreshing native plugins compatible for Editor in 1.44 ms, found 2 plugins.
Native extension for OSXStandalone target not found
Native extension for WebGL target not found
Refreshing native plugins compatible for Editor in 1.18 ms, found 2 plugins.
[Package Manager] Failed to launch server process. Reason: Unity was launched with the -noUpm command-line argument
[Package Manager] Unable to send message (not connected to server process).
[Package Manager] Cannot connect to Unity Package Manager local server
ScheduleIndexationOnStartup MainProcess:False IndexOnStartup:True
Mono: successfully reloaded assembly
- Finished resetting the current domain, in  0.414 seconds
Domain Reload Profiling: 740ms
	BeginReloadAssembly (73ms)
		ExecutionOrderSort (0ms)
		DisableScriptedObjects (3ms)
		BackupInstance (0ms)
		ReleaseScriptingObjects (0ms)
		CreateAndSetChildDomain (22ms)
	RebuildCommonClasses (16ms)
	RebuildNativeTypeToScriptingClass (6ms)
	initialDomainReloadingComplete (10ms)
	LoadAllAssembliesAndSetupDomain (221ms)
		LoadAssemblies (175ms)
		RebuildTransferFunctionScriptingTraits (0ms)
		AnalyzeDomain (68ms)
			TypeCache.Refresh (7ms)
				TypeCache.ScanAssembly (0ms)
			BuildScriptInfoCaches (58ms)
			ResolveRequiredComponents (1ms)
	FinalizeReload (414ms)
		ReleaseScriptCaches (0ms)
		RebuildScriptCaches (0ms)
		SetupLoadedEditorAssemblies (365ms)
			LogAssemblyErrors (0ms)
			InitializePlatformSupportModulesInManaged (1ms)
			SetLoadedEditorAssemblies (2ms)
			BeforeProcessingInitializeOnLoad (83ms)
			ProcessInitializeOnLoadAttributes (178ms)
			ProcessInitializeOnLoadMethodAttributes (102ms)
			AfterProcessingInitializeOnLoad (0ms)
			EditorAssembliesLoaded (0ms)
		ExecutionOrderSort2 (0ms)
		AwakeInstancesAfterBackupRestoration (1ms)
Refreshing native plugins compatible for Editor in 1.01 ms, found 2 plugins.
Preloading 1 native plugins for Editor in 1.25 ms.
Unloading 43 Unused Serialized files (Serialized files now loaded: 0)
Unloading 5193 unused Assets / (12.9 MB). Loaded Objects now: 5951.
Memory consumption went from 144.2 MB to 131.4 MB.
Total: 7.923916 ms (FindLiveObjects: 0.197375 ms CreateObjectMapping: 0.080541 ms MarkObjects: 6.493959 ms  DeleteObjects: 1.151292 ms)

Prepare: number of updated asset objects reloaded= 0
========================================================================
Received Prepare
Refreshing native plugins compatible for Editor in 1.09 ms, found 2 plugins.
Preloading 1 native plugins for Editor in 1.15 ms.
Unloading 43 Unused Serialized files (Serialized files now loaded: 0)
Unloading 5148 unused Assets / (14.0 MB). Loaded Objects now: 5951.
Memory consumption went from 131.8 MB to 117.8 MB.
Total: 7.719333 ms (FindLiveObjects: 0.181666 ms CreateObjectMapping: 0.066750 ms MarkObjects: 6.176583 ms  DeleteObjects: 1.294000 ms)

Prepare: number of updated asset objects reloaded= 0
========================================================================
Received Prepare
Begin MonoManager ReloadAssembly
Thread 0x16b9a7000 may have been prematurely finalized
Symbol file LoadedFromMemory is not a mono symbol file
Symbol file LoadedFromMemory is not a mono symbol file
- Loaded All Assemblies, in  0.327 seconds
Refreshing native plugins compatible for Editor in 1.50 ms, found 2 plugins.
Native extension for OSXStandalone target not found
Native extension for WebGL target not found
Refreshing native plugins compatible for Editor in 1.30 ms, found 2 plugins.
[Package Manager] Failed to launch server process. Reason: Unity was launched with the -noUpm command-line argument
[Package Manager] Unable to send message (not connected to server process).
[Package Manager] Cannot connect to Unity Package Manager local server
ScheduleIndexationOnStartup MainProcess:False IndexOnStartup:True
Mono: successfully reloaded assembly
- Finished resetting the current domain, in  0.406 seconds
Domain Reload Profiling: 734ms
	BeginReloadAssembly (72ms)
		ExecutionOrderSort (0ms)
		DisableScriptedObjects (3ms)
		BackupInstance (0ms)
		ReleaseScriptingObjects (0ms)
		CreateAndSetChildDomain (21ms)
	RebuildCommonClasses (15ms)
	RebuildNativeTypeToScriptingClass (6ms)
	initialDomainReloadingComplete (10ms)
	LoadAllAssembliesAndSetupDomain (224ms)
		LoadAssemblies (178ms)
		RebuildTransferFunctionScriptingTraits (0ms)
		AnalyzeDomain (69ms)
			TypeCache.Refresh (7ms)
				TypeCache.ScanAssembly (0ms)
			BuildScriptInfoCaches (58ms)
			ResolveRequiredComponents (1ms)
	FinalizeReload (406ms)
		ReleaseScriptCaches (0ms)
		RebuildScriptCaches (0ms)
		SetupLoadedEditorAssemblies (358ms)
			LogAssemblyErrors (0ms)
			InitializePlatformSupportModulesInManaged (1ms)
			SetLoadedEditorAssemblies (2ms)
			BeforeProcessingInitializeOnLoad (82ms)
			ProcessInitializeOnLoadAttributes (170ms)
			ProcessInitializeOnLoadMethodAttributes (102ms)
			AfterProcessingInitializeOnLoad (1ms)
			EditorAssembliesLoaded (0ms)
		ExecutionOrderSort2 (0ms)
		AwakeInstancesAfterBackupRestoration (1ms)
Refreshing native plugins compatible for Editor in 1.60 ms, found 2 plugins.
Preloading 1 native plugins for Editor in 1.20 ms.
Unloading 43 Unused Serialized files (Serialized files now loaded: 0)
Unloading 5193 unused Assets / (14.2 MB). Loaded Objects now: 5955.
Memory consumption went from 144.2 MB to 130.0 MB.
Total: 7.723125 ms (FindLiveObjects: 0.194000 ms CreateObjectMapping: 0.083084 ms MarkObjects: 6.177750 ms  DeleteObjects: 1.268166 ms)

Prepare: number of updated asset objects reloaded= 0
========================================================================
Received Prepare
Refreshing native plugins compatible for Editor in 1.55 ms, found 2 plugins.
Preloading 1 native plugins for Editor in 1.19 ms.
Unloading 43 Unused Serialized files (Serialized files now loaded: 0)
Unloading 5148 unused Assets / (14.1 MB). Loaded Objects now: 5955.
Memory consumption went from 131.8 MB to 117.7 MB.
Total: 7.840791 ms (FindLiveObjects: 0.192167 ms CreateObjectMapping: 0.084167 ms MarkObjects: 6.350291 ms  DeleteObjects: 1.214083 ms)

Prepare: number of updated asset objects reloaded= 0
========================================================================
Received Prepare
Begin MonoManager ReloadAssembly
[Licensing::Client] Successfully resolved entitlement details
[Licensing::Module] License group:
  Id: F4-85AS-8ZW6-XMRF-425Z-XXXX
  Product: Unity Personal
  Type: ULF
  Expiration: Unlimited
[Licensing::Module] License group:
  Id: 6872810951280-UnityPersXXXX
  Product: Unity Personal
  Type: Assigned
  Expiration: Unlimited
Thread 0x16b9a7000 may have been prematurely finalized
Symbol file LoadedFromMemory is not a mono symbol file
Symbol file LoadedFromMemory is not a mono symbol file
- Loaded All Assemblies, in  0.299 seconds
Refreshing native plugins compatible for Editor in 1.34 ms, found 2 plugins.
Native extension for OSXStandalone target not found
Native extension for WebGL target not found
Refreshing native plugins compatible for Editor in 1.24 ms, found 2 plugins.
[Package Manager] Failed to launch server process. Reason: Unity was launched with the -noUpm command-line argument
[Package Manager] Unable to send message (not connected to server process).
[Package Manager] Cannot connect to Unity Package Manager local server
ScheduleIndexationOnStartup MainProcess:False IndexOnStartup:True
Mono: successfully reloaded assembly
- Finished resetting the current domain, in  0.401 seconds
Domain Reload Profiling: 701ms
	BeginReloadAssembly (73ms)
		ExecutionOrderSort (0ms)
		DisableScriptedObjects (3ms)
		BackupInstance (0ms)
		ReleaseScriptingObjects (0ms)
		CreateAndSetChildDomain (21ms)
	RebuildCommonClasses (15ms)
	RebuildNativeTypeToScriptingClass (6ms)
	initialDomainReloadingComplete (9ms)
	LoadAllAssembliesAndSetupDomain (196ms)
		LoadAssemblies (152ms)
		RebuildTransferFunctionScriptingTraits (0ms)
		AnalyzeDomain (67ms)
			TypeCache.Refresh (6ms)
				TypeCache.ScanAssembly (0ms)
			BuildScriptInfoCaches (58ms)
			ResolveRequiredComponents (1ms)
	FinalizeReload (402ms)
		ReleaseScriptCaches (0ms)
		RebuildScriptCaches (0ms)
		SetupLoadedEditorAssemblies (354ms)
			LogAssemblyErrors (0ms)
			InitializePlatformSupportModulesInManaged (1ms)
			SetLoadedEditorAssemblies (2ms)
			BeforeProcessingInitializeOnLoad (83ms)
			ProcessInitializeOnLoadAttributes (168ms)
			ProcessInitializeOnLoadMethodAttributes (99ms)
			AfterProcessingInitializeOnLoad (1ms)
			EditorAssembliesLoaded (0ms)
		ExecutionOrderSort2 (0ms)
		AwakeInstancesAfterBackupRestoration (1ms)
Refreshing native plugins compatible for Editor in 1.23 ms, found 2 plugins.
Preloading 1 native plugins for Editor in 1.20 ms.
Unloading 43 Unused Serialized files (Serialized files now loaded: 0)
Unloading 5193 unused Assets / (14.3 MB). Loaded Objects now: 5959.
Memory consumption went from 144.4 MB to 130.0 MB.
Total: 7.634083 ms (FindLiveObjects: 0.174125 ms CreateObjectMapping: 0.076042 ms MarkObjects: 6.151833 ms  DeleteObjects: 1.231833 ms)

Prepare: number of updated asset objects reloaded= 0
========================================================================
Received Prepare
Refreshing native plugins compatible for Editor in 1.26 ms, found 2 plugins.
Preloading 1 native plugins for Editor in 1.21 ms.
Unloading 43 Unused Serialized files (Serialized files now loaded: 0)
Unloading 5148 unused Assets / (13.3 MB). Loaded Objects now: 5959.
Memory consumption went from 131.9 MB to 118.7 MB.
Total: 8.127209 ms (FindLiveObjects: 0.195291 ms CreateObjectMapping: 0.080042 ms MarkObjects: 6.623083 ms  DeleteObjects: 1.228625 ms)

Prepare: number of updated asset objects reloaded= 0
========================================================================
Received Prepare
Begin MonoManager ReloadAssembly
Thread 0x16b9a7000 may have been prematurely finalized
Symbol file LoadedFromMemory is not a mono symbol file
Symbol file LoadedFromMemory is not a mono symbol file
- Loaded All Assemblies, in  0.309 seconds
Refreshing native plugins compatible for Editor in 1.18 ms, found 2 plugins.
Native extension for OSXStandalone target not found
Native extension for WebGL target not found
Refreshing native plugins compatible for Editor in 1.20 ms, found 2 plugins.
[Package Manager] Failed to launch server process. Reason: Unity was launched with the -noUpm command-line argument
[Package Manager] Unable to send message (not connected to server process).
[Package Manager] Cannot connect to Unity Package Manager local server
ScheduleIndexationOnStartup MainProcess:False IndexOnStartup:True
Mono: successfully reloaded assembly
- Finished resetting the current domain, in  0.414 seconds
Domain Reload Profiling: 724ms
	BeginReloadAssembly (75ms)
		ExecutionOrderSort (0ms)
		DisableScriptedObjects (3ms)
		BackupInstance (0ms)
		ReleaseScriptingObjects (0ms)
		CreateAndSetChildDomain (25ms)
	RebuildCommonClasses (16ms)
	RebuildNativeTypeToScriptingClass (7ms)
	initialDomainReloadingComplete (10ms)
	LoadAllAssembliesAndSetupDomain (201ms)
		LoadAssemblies (157ms)
		RebuildTransferFunctionScriptingTraits (0ms)
		AnalyzeDomain (67ms)
			TypeCache.Refresh (6ms)
				TypeCache.ScanAssembly (0ms)
			BuildScriptInfoCaches (58ms)
			ResolveRequiredComponents (1ms)
	FinalizeReload (414ms)
		ReleaseScriptCaches (0ms)
		RebuildScriptCaches (0ms)
		SetupLoadedEditorAssemblies (362ms)
			LogAssemblyErrors (0ms)
			InitializePlatformSupportModulesInManaged (1ms)
			SetLoadedEditorAssemblies (2ms)
			BeforeProcessingInitializeOnLoad (85ms)
			ProcessInitializeOnLoadAttributes (174ms)
			ProcessInitializeOnLoadMethodAttributes (100ms)
			AfterProcessingInitializeOnLoad (1ms)
			EditorAssembliesLoaded (0ms)
		ExecutionOrderSort2 (0ms)
		AwakeInstancesAfterBackupRestoration (1ms)
Refreshing native plugins compatible for Editor in 1.57 ms, found 2 plugins.
Preloading 1 native plugins for Editor in 1.21 ms.
Unloading 43 Unused Serialized files (Serialized files now loaded: 0)
Unloading 5193 unused Assets / (14.3 MB). Loaded Objects now: 5963.
Memory consumption went from 144.4 MB to 130.1 MB.
Total: 7.698333 ms (FindLiveObjects: 0.188584 ms CreateObjectMapping: 0.080208 ms MarkObjects: 6.186000 ms  DeleteObjects: 1.243291 ms)

Prepare: number of updated asset objects reloaded= 0
========================================================================
Received Prepare
Refreshing native plugins compatible for Editor in 1.57 ms, found 2 plugins.
Preloading 1 native plugins for Editor in 1.19 ms.
Unloading 43 Unused Serialized files (Serialized files now loaded: 0)
Unloading 5148 unused Assets / (14.4 MB). Loaded Objects now: 5963.
Memory consumption went from 131.9 MB to 117.5 MB.
Total: 7.855042 ms (FindLiveObjects: 0.190625 ms CreateObjectMapping: 0.088250 ms MarkObjects: 6.254000 ms  DeleteObjects: 1.321875 ms)

Prepare: number of updated asset objects reloaded= 0
========================================================================
Received Prepare
Refreshing native plugins compatible for Editor in 1.56 ms, found 2 plugins.
Preloading 1 native plugins for Editor in 1.18 ms.
Unloading 43 Unused Serialized files (Serialized files now loaded: 0)
Unloading 5148 unused Assets / (14.2 MB). Loaded Objects now: 5963.
Memory consumption went from 131.9 MB to 117.7 MB.
Total: 7.634333 ms (FindLiveObjects: 0.191042 ms CreateObjectMapping: 0.091542 ms MarkObjects: 6.132917 ms  DeleteObjects: 1.218625 ms)

Prepare: number of updated asset objects reloaded= 0
========================================================================
Received Prepare
Refreshing native plugins compatible for Editor in 1.60 ms, found 2 plugins.
Preloading 1 native plugins for Editor in 1.19 ms.
Unloading 43 Unused Serialized files (Serialized files now loaded: 0)
Unloading 5148 unused Assets / (14.2 MB). Loaded Objects now: 5963.
Memory consumption went from 131.9 MB to 117.7 MB.
Total: 7.653625 ms (FindLiveObjects: 0.189500 ms CreateObjectMapping: 0.077000 ms MarkObjects: 6.149667 ms  DeleteObjects: 1.237250 ms)

Prepare: number of updated asset objects reloaded= 0
========================================================================
Received Prepare
Begin MonoManager ReloadAssembly
Thread 0x16b9a7000 may have been prematurely finalized
Symbol file LoadedFromMemory is not a mono symbol file
Symbol file LoadedFromMemory is not a mono symbol file
- Loaded All Assemblies, in  0.346 seconds
Refreshing native plugins compatible for Editor in 1.10 ms, found 2 plugins.
Native extension for OSXStandalone target not found
Native extension for WebGL target not found
Refreshing native plugins compatible for Editor in 1.29 ms, found 2 plugins.
[Package Manager] Failed to launch server process. Reason: Unity was launched with the -noUpm command-line argument
[Package Manager] Unable to send message (not connected to server process).
[Package Manager] Cannot connect to Unity Package Manager local server
ScheduleIndexationOnStartup MainProcess:False IndexOnStartup:True
Mono: successfully reloaded assembly
- Finished resetting the current domain, in  0.417 seconds
Domain Reload Profiling: 764ms
	BeginReloadAssembly (84ms)
		ExecutionOrderSort (0ms)
		DisableScriptedObjects (3ms)
		BackupInstance (0ms)
		ReleaseScriptingObjects (0ms)
		CreateAndSetChildDomain (34ms)
	RebuildCommonClasses (17ms)
	RebuildNativeTypeToScriptingClass (7ms)
	initialDomainReloadingComplete (10ms)
	LoadAllAssembliesAndSetupDomain (229ms)
		LoadAssemblies (179ms)
		RebuildTransferFunctionScriptingTraits (0ms)
		AnalyzeDomain (73ms)
			TypeCache.Refresh (9ms)
				TypeCache.ScanAssembly (0ms)
			BuildScriptInfoCaches (61ms)
			ResolveRequiredComponents (1ms)
	FinalizeReload (417ms)
		ReleaseScriptCaches (0ms)
		RebuildScriptCaches (0ms)
		SetupLoadedEditorAssemblies (368ms)
			LogAssemblyErrors (0ms)
			InitializePlatformSupportModulesInManaged (1ms)
			SetLoadedEditorAssemblies (2ms)
			BeforeProcessingInitializeOnLoad (88ms)
			ProcessInitializeOnLoadAttributes (169ms)
			ProcessInitializeOnLoadMethodAttributes (107ms)
			AfterProcessingInitializeOnLoad (1ms)
			EditorAssembliesLoaded (0ms)
		ExecutionOrderSort2 (0ms)
		AwakeInstancesAfterBackupRestoration (1ms)
Refreshing native plugins compatible for Editor in 1.19 ms, found 2 plugins.
Preloading 1 native plugins for Editor in 1.24 ms.
Unloading 43 Unused Serialized files (Serialized files now loaded: 0)
Unloading 5193 unused Assets / (13.9 MB). Loaded Objects now: 5967.
Memory consumption went from 144.4 MB to 130.5 MB.
Total: 7.461750 ms (FindLiveObjects: 0.194500 ms CreateObjectMapping: 0.084958 ms MarkObjects: 6.164417 ms  DeleteObjects: 1.017708 ms)

Prepare: number of updated asset objects reloaded= 0
========================================================================
Received Prepare
Refreshing native plugins compatible for Editor in 1.63 ms, found 2 plugins.
Preloading 1 native plugins for Editor in 1.19 ms.
Unloading 43 Unused Serialized files (Serialized files now loaded: 0)
Unloading 5148 unused Assets / (14.0 MB). Loaded Objects now: 5967.
Memory consumption went from 132.0 MB to 118.0 MB.
Total: 7.730125 ms (FindLiveObjects: 0.190792 ms CreateObjectMapping: 0.083542 ms MarkObjects: 6.233083 ms  DeleteObjects: 1.222375 ms)

Prepare: number of updated asset objects reloaded= 0
========================================================================
Received Prepare
Refreshing native plugins compatible for Editor in 1.49 ms, found 2 plugins.
Preloading 1 native plugins for Editor in 1.19 ms.
Unloading 43 Unused Serialized files (Serialized files now loaded: 0)
Unloading 5148 unused Assets / (14.3 MB). Loaded Objects now: 5967.
Memory consumption went from 132.0 MB to 117.7 MB.
Total: 7.820875 ms (FindLiveObjects: 0.186959 ms CreateObjectMapping: 0.076250 ms MarkObjects: 6.279125 ms  DeleteObjects: 1.278334 ms)

Prepare: number of updated asset objects reloaded= 0
========================================================================
Received Prepare
Refreshing native plugins compatible for Editor in 1.57 ms, found 2 plugins.
Preloading 1 native plugins for Editor in 1.18 ms.
Unloading 43 Unused Serialized files (Serialized files now loaded: 0)
Unloading 5148 unused Assets / (14.1 MB). Loaded Objects now: 5967.
Memory consumption went from 132.0 MB to 117.9 MB.
Total: 7.452125 ms (FindLiveObjects: 0.185500 ms CreateObjectMapping: 0.079416 ms MarkObjects: 6.011709 ms  DeleteObjects: 1.175208 ms)

Prepare: number of updated asset objects reloaded= 0
========================================================================
Received Prepare
Refreshing native plugins compatible for Editor in 1.57 ms, found 2 plugins.
Preloading 1 native plugins for Editor in 1.13 ms.
Unloading 43 Unused Serialized files (Serialized files now loaded: 0)
Unloading 5148 unused Assets / (13.7 MB). Loaded Objects now: 5967.
Memory consumption went from 132.0 MB to 118.2 MB.
Total: 7.577375 ms (FindLiveObjects: 0.198041 ms CreateObjectMapping: 0.091917 ms MarkObjects: 6.054167 ms  DeleteObjects: 1.233000 ms)

Prepare: number of updated asset objects reloaded= 0
========================================================================
Received Prepare
Refreshing native plugins compatible for Editor in 1.39 ms, found 2 plugins.
Preloading 1 native plugins for Editor in 1.24 ms.
Unloading 43 Unused Serialized files (Serialized files now loaded: 0)
Unloading 5148 unused Assets / (14.1 MB). Loaded Objects now: 5967.
Memory consumption went from 132.0 MB to 117.8 MB.
Total: 7.409709 ms (FindLiveObjects: 0.183167 ms CreateObjectMapping: 0.073167 ms MarkObjects: 5.933416 ms  DeleteObjects: 1.219667 ms)

Prepare: number of updated asset objects reloaded= 0
========================================================================
Received Prepare
Refreshing native plugins compatible for Editor in 1.53 ms, found 2 plugins.
Preloading 1 native plugins for Editor in 1.16 ms.
Unloading 43 Unused Serialized files (Serialized files now loaded: 0)
Unloading 5148 unused Assets / (14.3 MB). Loaded Objects now: 5967.
Memory consumption went from 132.0 MB to 117.6 MB.
Total: 7.561042 ms (FindLiveObjects: 0.193125 ms CreateObjectMapping: 0.069583 ms MarkObjects: 5.993709 ms  DeleteObjects: 1.304375 ms)

Prepare: number of updated asset objects reloaded= 0
========================================================================
Received Prepare
Refreshing native plugins compatible for Editor in 1.43 ms, found 2 plugins.
Preloading 1 native plugins for Editor in 1.14 ms.
Unloading 43 Unused Serialized files (Serialized files now loaded: 0)
Unloading 5148 unused Assets / (14.1 MB). Loaded Objects now: 5967.
Memory consumption went from 132.0 MB to 117.9 MB.
Total: 7.449792 ms (FindLiveObjects: 0.192500 ms CreateObjectMapping: 0.076417 ms MarkObjects: 5.955791 ms  DeleteObjects: 1.224708 ms)

Prepare: number of updated asset objects reloaded= 0
========================================================================
Received Prepare
Refreshing native plugins compatible for Editor in 1.53 ms, found 2 plugins.
Preloading 1 native plugins for Editor in 1.21 ms.
Unloading 43 Unused Serialized files (Serialized files now loaded: 0)
Unloading 5148 unused Assets / (14.2 MB). Loaded Objects now: 5967.
Memory consumption went from 132.0 MB to 117.8 MB.
Total: 7.537458 ms (FindLiveObjects: 0.192917 ms CreateObjectMapping: 0.088708 ms MarkObjects: 6.028792 ms  DeleteObjects: 1.226792 ms)

Prepare: number of updated asset objects reloaded= 0
========================================================================
Received Prepare
Refreshing native plugins compatible for Editor in 1.57 ms, found 2 plugins.
Preloading 1 native plugins for Editor in 1.15 ms.
Unloading 43 Unused Serialized files (Serialized files now loaded: 0)
Unloading 5148 unused Assets / (14.3 MB). Loaded Objects now: 5967.
Memory consumption went from 132.0 MB to 117.7 MB.
Total: 7.613625 ms (FindLiveObjects: 0.188458 ms CreateObjectMapping: 0.076708 ms MarkObjects: 6.081750 ms  DeleteObjects: 1.266459 ms)

Prepare: number of updated asset objects reloaded= 0
========================================================================
Received Prepare
Refreshing native plugins compatible for Editor in 1.53 ms, found 2 plugins.
Preloading 1 native plugins for Editor in 1.14 ms.
Unloading 43 Unused Serialized files (Serialized files now loaded: 0)
Unloading 5148 unused Assets / (14.1 MB). Loaded Objects now: 5967.
Memory consumption went from 132.0 MB to 117.9 MB.
Total: 7.606209 ms (FindLiveObjects: 0.187334 ms CreateObjectMapping: 0.077125 ms MarkObjects: 6.072541 ms  DeleteObjects: 1.269042 ms)

Prepare: number of updated asset objects reloaded= 0
========================================================================
Received Prepare
Refreshing native plugins compatible for Editor in 1.60 ms, found 2 plugins.
Preloading 1 native plugins for Editor in 1.15 ms.
Unloading 43 Unused Serialized files (Serialized files now loaded: 0)
Unloading 5148 unused Assets / (12.0 MB). Loaded Objects now: 5967.
Memory consumption went from 132.0 MB to 119.9 MB.
Total: 9.445417 ms (FindLiveObjects: 0.197083 ms CreateObjectMapping: 0.078708 ms MarkObjects: 8.162959 ms  DeleteObjects: 1.006584 ms)

Prepare: number of updated asset objects reloaded= 0
========================================================================
Received Prepare
Refreshing native plugins compatible for Editor in 1.54 ms, found 2 plugins.
Preloading 1 native plugins for Editor in 1.22 ms.
Unloading 43 Unused Serialized files (Serialized files now loaded: 0)
Unloading 5148 unused Assets / (12.8 MB). Loaded Objects now: 5967.
Memory consumption went from 132.0 MB to 119.2 MB.
Total: 8.286667 ms (FindLiveObjects: 0.198125 ms CreateObjectMapping: 0.089250 ms MarkObjects: 6.819250 ms  DeleteObjects: 1.179750 ms)

Prepare: number of updated asset objects reloaded= 0
========================================================================
Received Prepare
Refreshing native plugins compatible for Editor in 1.38 ms, found 2 plugins.
Preloading 1 native plugins for Editor in 1.14 ms.
Unloading 43 Unused Serialized files (Serialized files now loaded: 0)
Unloading 5148 unused Assets / (14.4 MB). Loaded Objects now: 5967.
Memory consumption went from 132.0 MB to 117.6 MB.
Total: 7.585459 ms (FindLiveObjects: 0.194541 ms CreateObjectMapping: 0.076500 ms MarkObjects: 5.993042 ms  DeleteObjects: 1.321167 ms)

Prepare: number of updated asset objects reloaded= 0
========================================================================
Received Prepare
Refreshing native plugins compatible for Editor in 1.51 ms, found 2 plugins.
Preloading 1 native plugins for Editor in 1.17 ms.
Unloading 43 Unused Serialized files (Serialized files now loaded: 0)
Unloading 5148 unused Assets / (13.9 MB). Loaded Objects now: 5967.
Memory consumption went from 132.0 MB to 118.1 MB.
Total: 7.400958 ms (FindLiveObjects: 0.193125 ms CreateObjectMapping: 0.080917 ms MarkObjects: 5.980917 ms  DeleteObjects: 1.145791 ms)

Prepare: number of updated asset objects reloaded= 0
========================================================================
Received Prepare
Refreshing native plugins compatible for Editor in 1.46 ms, found 2 plugins.
Preloading 1 native plugins for Editor in 1.14 ms.
Unloading 43 Unused Serialized files (Serialized files now loaded: 0)
Unloading 5148 unused Assets / (13.9 MB). Loaded Objects now: 5967.
Memory consumption went from 132.0 MB to 118.0 MB.
Total: 7.465500 ms (FindLiveObjects: 0.192083 ms CreateObjectMapping: 0.073083 ms MarkObjects: 6.052250 ms  DeleteObjects: 1.147875 ms)

Prepare: number of updated asset objects reloaded= 0
========================================================================
Received Prepare
Refreshing native plugins compatible for Editor in 1.55 ms, found 2 plugins.
Preloading 1 native plugins for Editor in 1.13 ms.
Unloading 43 Unused Serialized files (Serialized files now loaded: 0)
Unloading 5148 unused Assets / (13.9 MB). Loaded Objects now: 5967.
Memory consumption went from 132.0 MB to 118.0 MB.
Total: 7.322917 ms (FindLiveObjects: 0.189708 ms CreateObjectMapping: 0.079250 ms MarkObjects: 5.893875 ms  DeleteObjects: 1.159708 ms)

Prepare: number of updated asset objects reloaded= 0
========================================================================
Received Prepare
Begin MonoManager ReloadAssembly
[Licensing::Client] Successfully resolved entitlement details
[Licensing::Module] License group:
  Id: F4-85AS-8ZW6-XMRF-425Z-XXXX
  Product: Unity Personal
  Type: ULF
  Expiration: Unlimited
[Licensing::Module] License group:
  Id: 6872810951280-UnityPersXXXX
  Product: Unity Personal
  Type: Assigned
  Expiration: Unlimited
Thread 0x16b9a7000 may have been prematurely finalized
Symbol file LoadedFromMemory is not a mono symbol file
Symbol file LoadedFromMemory is not a mono symbol file
- Loaded All Assemblies, in  0.354 seconds
Refreshing native plugins compatible for Editor in 1.22 ms, found 2 plugins.
Native extension for OSXStandalone target not found
Native extension for WebGL target not found
Refreshing native plugins compatible for Editor in 1.32 ms, found 2 plugins.
[Package Manager] Failed to launch server process. Reason: Unity was launched with the -noUpm command-line argument
[Package Manager] Unable to send message (not connected to server process).
[Package Manager] Cannot connect to Unity Package Manager local server
ScheduleIndexationOnStartup MainProcess:False IndexOnStartup:True
Mono: successfully reloaded assembly
- Finished resetting the current domain, in  0.398 seconds
Domain Reload Profiling: 753ms
	BeginReloadAssembly (75ms)
		ExecutionOrderSort (0ms)
		DisableScriptedObjects (3ms)
		BackupInstance (0ms)
		ReleaseScriptingObjects (0ms)
		CreateAndSetChildDomain (23ms)
	RebuildCommonClasses (15ms)
	RebuildNativeTypeToScriptingClass (6ms)
	initialDomainReloadingComplete (9ms)
	LoadAllAssembliesAndSetupDomain (249ms)
		LoadAssemblies (199ms)
		RebuildTransferFunctionScriptingTraits (0ms)
		AnalyzeDomain (73ms)
			TypeCache.Refresh (7ms)
				TypeCache.ScanAssembly (0ms)
			BuildScriptInfoCaches (63ms)
			ResolveRequiredComponents (1ms)
	FinalizeReload (398ms)
		ReleaseScriptCaches (0ms)
		RebuildScriptCaches (0ms)
		SetupLoadedEditorAssemblies (350ms)
			LogAssemblyErrors (0ms)
			InitializePlatformSupportModulesInManaged (1ms)
			SetLoadedEditorAssemblies (2ms)
			BeforeProcessingInitializeOnLoad (84ms)
			ProcessInitializeOnLoadAttributes (166ms)
			ProcessInitializeOnLoadMethodAttributes (97ms)
			AfterProcessingInitializeOnLoad (1ms)
			EditorAssembliesLoaded (0ms)
		ExecutionOrderSort2 (0ms)
		AwakeInstancesAfterBackupRestoration (1ms)
Refreshing native plugins compatible for Editor in 1.27 ms, found 2 plugins.
Preloading 1 native plugins for Editor in 1.24 ms.
Unloading 43 Unused Serialized files (Serialized files now loaded: 0)
Unloading 5193 unused Assets / (14.0 MB). Loaded Objects now: 5971.
Memory consumption went from 144.4 MB to 130.4 MB.
Total: 7.626834 ms (FindLiveObjects: 0.177084 ms CreateObjectMapping: 0.077000 ms MarkObjects: 6.201542 ms  DeleteObjects: 1.170959 ms)

Prepare: number of updated asset objects reloaded= 0
========================================================================
Received Prepare
Refreshing native plugins compatible for Editor in 0.96 ms, found 2 plugins.
Preloading 1 native plugins for Editor in 1.13 ms.
Unloading 43 Unused Serialized files (Serialized files now loaded: 0)
Unloading 5148 unused Assets / (14.2 MB). Loaded Objects now: 5971.
Memory consumption went from 132.0 MB to 117.8 MB.
Total: 7.573917 ms (FindLiveObjects: 0.176042 ms CreateObjectMapping: 0.074000 ms MarkObjects: 6.182250 ms  DeleteObjects: 1.141375 ms)

Prepare: number of updated asset objects reloaded= 0
========================================================================
Received Prepare
Refreshing native plugins compatible for Editor in 1.56 ms, found 2 plugins.
Preloading 1 native plugins for Editor in 1.13 ms.
Unloading 43 Unused Serialized files (Serialized files now loaded: 0)
Unloading 5148 unused Assets / (14.3 MB). Loaded Objects now: 5971.
Memory consumption went from 132.0 MB to 117.7 MB.
Total: 7.548083 ms (FindLiveObjects: 0.187708 ms CreateObjectMapping: 0.078416 ms MarkObjects: 6.036500 ms  DeleteObjects: 1.245042 ms)

Prepare: number of updated asset objects reloaded= 0
========================================================================
Received Prepare
Begin MonoManager ReloadAssembly
Thread 0x16b9a7000 may have been prematurely finalized
Symbol file LoadedFromMemory is not a mono symbol file
Symbol file LoadedFromMemory is not a mono symbol file
- Loaded All Assemblies, in  0.354 seconds
Refreshing native plugins compatible for Editor in 1.10 ms, found 2 plugins.
Native extension for OSXStandalone target not found
Native extension for WebGL target not found
Refreshing native plugins compatible for Editor in 1.48 ms, found 2 plugins.
[Package Manager] Failed to launch server process. Reason: Unity was launched with the -noUpm command-line argument
[Package Manager] Unable to send message (not connected to server process).
[Package Manager] Cannot connect to Unity Package Manager local server
ScheduleIndexationOnStartup MainProcess:False IndexOnStartup:True
Mono: successfully reloaded assembly
- Finished resetting the current domain, in  0.409 seconds
Domain Reload Profiling: 766ms
	BeginReloadAssembly (71ms)
		ExecutionOrderSort (0ms)
		DisableScriptedObjects (3ms)
		BackupInstance (0ms)
		ReleaseScriptingObjects (0ms)
		CreateAndSetChildDomain (22ms)
	RebuildCommonClasses (16ms)
	RebuildNativeTypeToScriptingClass (6ms)
	initialDomainReloadingComplete (9ms)
	LoadAllAssembliesAndSetupDomain (255ms)
		LoadAssemblies (202ms)
		RebuildTransferFunctionScriptingTraits (0ms)
		AnalyzeDomain (73ms)
			TypeCache.Refresh (7ms)
				TypeCache.ScanAssembly (0ms)
			BuildScriptInfoCaches (62ms)
			ResolveRequiredComponents (1ms)
	FinalizeReload (409ms)
		ReleaseScriptCaches (0ms)
		RebuildScriptCaches (0ms)
		SetupLoadedEditorAssemblies (358ms)
			LogAssemblyErrors (0ms)
			InitializePlatformSupportModulesInManaged (1ms)
			SetLoadedEditorAssemblies (2ms)
			BeforeProcessingInitializeOnLoad (84ms)
			ProcessInitializeOnLoadAttributes (170ms)
			ProcessInitializeOnLoadMethodAttributes (100ms)
			AfterProcessingInitializeOnLoad (1ms)
			EditorAssembliesLoaded (0ms)
		ExecutionOrderSort2 (0ms)
		AwakeInstancesAfterBackupRestoration (1ms)
Refreshing native plugins compatible for Editor in 1.70 ms, found 2 plugins.
Preloading 1 native plugins for Editor in 1.21 ms.
Unloading 43 Unused Serialized files (Serialized files now loaded: 0)
Unloading 5193 unused Assets / (14.2 MB). Loaded Objects now: 5975.
Memory consumption went from 144.4 MB to 130.2 MB.
Total: 7.649125 ms (FindLiveObjects: 0.186792 ms CreateObjectMapping: 0.083583 ms MarkObjects: 6.132417 ms  DeleteObjects: 1.246083 ms)

Prepare: number of updated asset objects reloaded= 0
========================================================================
Received Prepare
Begin MonoManager ReloadAssembly
Thread 0x16b9a7000 may have been prematurely finalized
Symbol file LoadedFromMemory is not a mono symbol file
Symbol file LoadedFromMemory is not a mono symbol file
- Loaded All Assemblies, in  0.290 seconds
Refreshing native plugins compatible for Editor in 1.30 ms, found 2 plugins.
Native extension for OSXStandalone target not found
Native extension for WebGL target not found
Refreshing native plugins compatible for Editor in 1.66 ms, found 2 plugins.
[Package Manager] Failed to launch server process. Reason: Unity was launched with the -noUpm command-line argument
[Package Manager] Unable to send message (not connected to server process).
[Package Manager] Cannot connect to Unity Package Manager local server
ScheduleIndexationOnStartup MainProcess:False IndexOnStartup:True
Mono: successfully reloaded assembly
- Finished resetting the current domain, in  0.452 seconds
Domain Reload Profiling: 744ms
	BeginReloadAssembly (72ms)
		ExecutionOrderSort (0ms)
		DisableScriptedObjects (3ms)
		BackupInstance (0ms)
		ReleaseScriptingObjects (0ms)
		CreateAndSetChildDomain (22ms)
	RebuildCommonClasses (16ms)
	RebuildNativeTypeToScriptingClass (6ms)
	initialDomainReloadingComplete (10ms)
	LoadAllAssembliesAndSetupDomain (188ms)
		LoadAssemblies (144ms)
		RebuildTransferFunctionScriptingTraits (0ms)
		AnalyzeDomain (66ms)
			TypeCache.Refresh (5ms)
				TypeCache.ScanAssembly (0ms)
			BuildScriptInfoCaches (58ms)
			ResolveRequiredComponents (1ms)
	FinalizeReload (452ms)
		ReleaseScriptCaches (0ms)
		RebuildScriptCaches (0ms)
		SetupLoadedEditorAssemblies (402ms)
			LogAssemblyErrors (0ms)
			InitializePlatformSupportModulesInManaged (1ms)
			SetLoadedEditorAssemblies (2ms)
			BeforeProcessingInitializeOnLoad (96ms)
			ProcessInitializeOnLoadAttributes (191ms)
			ProcessInitializeOnLoadMethodAttributes (111ms)
			AfterProcessingInitializeOnLoad (1ms)
			EditorAssembliesLoaded (0ms)
		ExecutionOrderSort2 (0ms)
		AwakeInstancesAfterBackupRestoration (2ms)
Refreshing native plugins compatible for Editor in 1.76 ms, found 2 plugins.
Preloading 1 native plugins for Editor in 1.32 ms.
Unloading 43 Unused Serialized files (Serialized files now loaded: 0)
Unloading 5193 unused Assets / (12.8 MB). Loaded Objects now: 5979.
Memory consumption went from 144.4 MB to 131.6 MB.
Total: 8.680708 ms (FindLiveObjects: 0.210625 ms CreateObjectMapping: 0.075791 ms MarkObjects: 6.578709 ms  DeleteObjects: 1.815166 ms)

Prepare: number of updated asset objects reloaded= 0
========================================================================
Received Prepare
Begin MonoManager ReloadAssembly
[Licensing::Client] Successfully resolved entitlement details
[Licensing::Module] License group:
  Id: F4-85AS-8ZW6-XMRF-425Z-XXXX
  Product: Unity Personal
  Type: ULF
  Expiration: Unlimited
[Licensing::Module] License group:
  Id: 6872810951280-UnityPersXXXX
  Product: Unity Personal
  Type: Assigned
  Expiration: Unlimited
Thread 0x16b9a7000 may have been prematurely finalized
Symbol file LoadedFromMemory is not a mono symbol file
Symbol file LoadedFromMemory is not a mono symbol file
- Loaded All Assemblies, in  0.369 seconds
Refreshing native plugins compatible for Editor in 1.85 ms, found 2 plugins.
Native extension for OSXStandalone target not found
Native extension for WebGL target not found
Refreshing native plugins compatible for Editor in 1.89 ms, found 2 plugins.
[Package Manager] Failed to launch server process. Reason: Unity was launched with the -noUpm command-line argument
[Package Manager] Unable to send message (not connected to server process).
[Package Manager] Cannot connect to Unity Package Manager local server
ScheduleIndexationOnStartup MainProcess:False IndexOnStartup:True
Mono: successfully reloaded assembly
- Finished resetting the current domain, in  0.465 seconds
Domain Reload Profiling: 835ms
	BeginReloadAssembly (75ms)
		ExecutionOrderSort (0ms)
		DisableScriptedObjects (3ms)
		BackupInstance (0ms)
		ReleaseScriptingObjects (0ms)
		CreateAndSetChildDomain (22ms)
	RebuildCommonClasses (16ms)
	RebuildNativeTypeToScriptingClass (6ms)
	initialDomainReloadingComplete (11ms)
	LoadAllAssembliesAndSetupDomain (262ms)
		LoadAssemblies (209ms)
		RebuildTransferFunctionScriptingTraits (0ms)
		AnalyzeDomain (77ms)
			TypeCache.Refresh (6ms)
				TypeCache.ScanAssembly (0ms)
			BuildScriptInfoCaches (68ms)
			ResolveRequiredComponents (1ms)
	FinalizeReload (465ms)
		ReleaseScriptCaches (0ms)
		RebuildScriptCaches (0ms)
		SetupLoadedEditorAssemblies (404ms)
			LogAssemblyErrors (0ms)
			InitializePlatformSupportModulesInManaged (1ms)
			SetLoadedEditorAssemblies (2ms)
			BeforeProcessingInitializeOnLoad (96ms)
			ProcessInitializeOnLoadAttributes (195ms)
			ProcessInitializeOnLoadMethodAttributes (109ms)
			AfterProcessingInitializeOnLoad (1ms)
			EditorAssembliesLoaded (0ms)
		ExecutionOrderSort2 (0ms)
		AwakeInstancesAfterBackupRestoration (1ms)
Refreshing native plugins compatible for Editor in 1.46 ms, found 2 plugins.
Preloading 1 native plugins for Editor in 1.14 ms.
Unloading 43 Unused Serialized files (Serialized files now loaded: 0)
Unloading 5193 unused Assets / (12.6 MB). Loaded Objects now: 5983.
Memory consumption went from 144.4 MB to 131.8 MB.
Total: 9.218625 ms (FindLiveObjects: 0.225250 ms CreateObjectMapping: 0.201000 ms MarkObjects: 7.250209 ms  DeleteObjects: 1.541958 ms)

Prepare: number of updated asset objects reloaded= 0
========================================================================
Received Prepare
Begin MonoManager ReloadAssembly
[Licensing::Client] Successfully resolved entitlement details
[Licensing::Module] License group:
  Id: F4-85AS-8ZW6-XMRF-425Z-XXXX
  Product: Unity Personal
  Type: ULF
  Expiration: Unlimited
[Licensing::Module] License group:
  Id: 6872810951280-UnityPersXXXX
  Product: Unity Personal
  Type: Assigned
  Expiration: Unlimited
Thread 0x16b9a7000 may have been prematurely finalized
Symbol file LoadedFromMemory is not a mono symbol file
Symbol file LoadedFromMemory is not a mono symbol file
- Loaded All Assemblies, in  0.344 seconds
Refreshing native plugins compatible for Editor in 1.35 ms, found 2 plugins.
Native extension for OSXStandalone target not found
Native extension for WebGL target not found
Refreshing native plugins compatible for Editor in 1.37 ms, found 2 plugins.
[Package Manager] Failed to launch server process. Reason: Unity was launched with the -noUpm command-line argument
[Package Manager] Unable to send message (not connected to server process).
[Package Manager] Cannot connect to Unity Package Manager local server
ScheduleIndexationOnStartup MainProcess:False IndexOnStartup:True
Mono: successfully reloaded assembly
- Finished resetting the current domain, in  0.404 seconds
Domain Reload Profiling: 750ms
	BeginReloadAssembly (79ms)
		ExecutionOrderSort (0ms)
		DisableScriptedObjects (3ms)
		BackupInstance (0ms)
		ReleaseScriptingObjects (0ms)
		CreateAndSetChildDomain (27ms)
	RebuildCommonClasses (16ms)
	RebuildNativeTypeToScriptingClass (6ms)
	initialDomainReloadingComplete (10ms)
	LoadAllAssembliesAndSetupDomain (234ms)
		LoadAssemblies (191ms)
		RebuildTransferFunctionScriptingTraits (0ms)
		AnalyzeDomain (65ms)
			TypeCache.Refresh (5ms)
				TypeCache.ScanAssembly (0ms)
			BuildScriptInfoCaches (56ms)
			ResolveRequiredComponents (1ms)
	FinalizeReload (404ms)
		ReleaseScriptCaches (0ms)
		RebuildScriptCaches (0ms)
		SetupLoadedEditorAssemblies (355ms)
			LogAssemblyErrors (0ms)
			InitializePlatformSupportModulesInManaged (1ms)
			SetLoadedEditorAssemblies (2ms)
			BeforeProcessingInitializeOnLoad (82ms)
			ProcessInitializeOnLoadAttributes (171ms)
			ProcessInitializeOnLoadMethodAttributes (99ms)
			AfterProcessingInitializeOnLoad (1ms)
			EditorAssembliesLoaded (0ms)
		ExecutionOrderSort2 (0ms)
		AwakeInstancesAfterBackupRestoration (1ms)
Refreshing native plugins compatible for Editor in 1.54 ms, found 2 plugins.
Preloading 1 native plugins for Editor in 1.27 ms.
Unloading 43 Unused Serialized files (Serialized files now loaded: 0)
Unloading 5193 unused Assets / (13.8 MB). Loaded Objects now: 5987.
Memory consumption went from 144.4 MB to 130.7 MB.
Total: 7.856125 ms (FindLiveObjects: 0.196250 ms CreateObjectMapping: 0.078958 ms MarkObjects: 6.368292 ms  DeleteObjects: 1.212458 ms)

Prepare: number of updated asset objects reloaded= 0
========================================================================
Received Prepare
Refreshing native plugins compatible for Editor in 1.58 ms, found 2 plugins.
Preloading 1 native plugins for Editor in 1.15 ms.
Unloading 43 Unused Serialized files (Serialized files now loaded: 0)
Unloading 5148 unused Assets / (14.2 MB). Loaded Objects now: 5987.
Memory consumption went from 132.0 MB to 117.8 MB.
Total: 7.548583 ms (FindLiveObjects: 0.193875 ms CreateObjectMapping: 0.077291 ms MarkObjects: 6.066334 ms  DeleteObjects: 1.211000 ms)

Prepare: number of updated asset objects reloaded= 0
========================================================================
Received Prepare
Refreshing native plugins compatible for Editor in 1.58 ms, found 2 plugins.
Preloading 1 native plugins for Editor in 1.15 ms.
Unloading 43 Unused Serialized files (Serialized files now loaded: 0)
Unloading 5148 unused Assets / (14.3 MB). Loaded Objects now: 5987.
Memory consumption went from 132.0 MB to 117.7 MB.
Total: 7.610708 ms (FindLiveObjects: 0.189083 ms CreateObjectMapping: 0.085000 ms MarkObjects: 6.051000 ms  DeleteObjects: 1.285500 ms)

Prepare: number of updated asset objects reloaded= 0
========================================================================
Received Prepare
Begin MonoManager ReloadAssembly
[Licensing::Client] Successfully resolved entitlement details
[Licensing::Module] License group:
  Id: F4-85AS-8ZW6-XMRF-425Z-XXXX
  Product: Unity Personal
  Type: ULF
  Expiration: Unlimited
[Licensing::Module] License group:
  Id: 6872810951280-UnityPersXXXX
  Product: Unity Personal
  Type: Assigned
  Expiration: Unlimited
Thread 0x16b9a7000 may have been prematurely finalized
Symbol file LoadedFromMemory is not a mono symbol file
Symbol file LoadedFromMemory is not a mono symbol file
- Loaded All Assemblies, in  0.320 seconds
Refreshing native plugins compatible for Editor in 1.58 ms, found 2 plugins.
Native extension for OSXStandalone target not found
Native extension for WebGL target not found
Refreshing native plugins compatible for Editor in 1.42 ms, found 2 plugins.
[Package Manager] Failed to launch server process. Reason: Unity was launched with the -noUpm command-line argument
[Package Manager] Unable to send message (not connected to server process).
[Package Manager] Cannot connect to Unity Package Manager local server
ScheduleIndexationOnStartup MainProcess:False IndexOnStartup:True
Mono: successfully reloaded assembly
- Finished resetting the current domain, in  0.407 seconds
Domain Reload Profiling: 728ms
	BeginReloadAssembly (71ms)
		ExecutionOrderSort (0ms)
		DisableScriptedObjects (3ms)
		BackupInstance (0ms)
		ReleaseScriptingObjects (0ms)
		CreateAndSetChildDomain (21ms)
	RebuildCommonClasses (16ms)
	RebuildNativeTypeToScriptingClass (6ms)
	initialDomainReloadingComplete (10ms)
	LoadAllAssembliesAndSetupDomain (218ms)
		LoadAssemblies (174ms)
		RebuildTransferFunctionScriptingTraits (0ms)
		AnalyzeDomain (66ms)
			TypeCache.Refresh (6ms)
				TypeCache.ScanAssembly (0ms)
			BuildScriptInfoCaches (58ms)
			ResolveRequiredComponents (1ms)
	FinalizeReload (407ms)
		ReleaseScriptCaches (0ms)
		RebuildScriptCaches (0ms)
		SetupLoadedEditorAssemblies (357ms)
			LogAssemblyErrors (0ms)
			InitializePlatformSupportModulesInManaged (1ms)
			SetLoadedEditorAssemblies (2ms)
			BeforeProcessingInitializeOnLoad (82ms)
			ProcessInitializeOnLoadAttributes (173ms)
			ProcessInitializeOnLoadMethodAttributes (100ms)
			AfterProcessingInitializeOnLoad (0ms)
			EditorAssembliesLoaded (0ms)
		ExecutionOrderSort2 (0ms)
		AwakeInstancesAfterBackupRestoration (1ms)
Refreshing native plugins compatible for Editor in 1.38 ms, found 2 plugins.
Preloading 1 native plugins for Editor in 1.15 ms.
Unloading 43 Unused Serialized files (Serialized files now loaded: 0)
Unloading 5193 unused Assets / (14.2 MB). Loaded Objects now: 5991.
Memory consumption went from 144.5 MB to 130.2 MB.
Total: 7.503958 ms (FindLiveObjects: 0.190666 ms CreateObjectMapping: 0.075542 ms MarkObjects: 5.946334 ms  DeleteObjects: 1.291125 ms)

Prepare: number of updated asset objects reloaded= 0
========================================================================
Received Prepare
Begin MonoManager ReloadAssembly
Thread 0x16b9a7000 may have been prematurely finalized
Symbol file LoadedFromMemory is not a mono symbol file
Symbol file LoadedFromMemory is not a mono symbol file
- Loaded All Assemblies, in  0.302 seconds
Refreshing native plugins compatible for Editor in 1.30 ms, found 2 plugins.
Native extension for OSXStandalone target not found
Native extension for WebGL target not found
Refreshing native plugins compatible for Editor in 1.14 ms, found 2 plugins.
[Package Manager] Failed to launch server process. Reason: Unity was launched with the -noUpm command-line argument
[Package Manager] Unable to send message (not connected to server process).
[Package Manager] Cannot connect to Unity Package Manager local server
ScheduleIndexationOnStartup MainProcess:False IndexOnStartup:True
Mono: successfully reloaded assembly
- Finished resetting the current domain, in  0.447 seconds
Domain Reload Profiling: 751ms
	BeginReloadAssembly (74ms)
		ExecutionOrderSort (0ms)
		DisableScriptedObjects (3ms)
		BackupInstance (0ms)
		ReleaseScriptingObjects (0ms)
		CreateAndSetChildDomain (21ms)
	RebuildCommonClasses (16ms)
	RebuildNativeTypeToScriptingClass (6ms)
	initialDomainReloadingComplete (10ms)
	LoadAllAssembliesAndSetupDomain (198ms)
		LoadAssemblies (157ms)
		RebuildTransferFunctionScriptingTraits (0ms)
		AnalyzeDomain (66ms)
			TypeCache.Refresh (6ms)
				TypeCache.ScanAssembly (0ms)
			BuildScriptInfoCaches (58ms)
			ResolveRequiredComponents (1ms)
	FinalizeReload (447ms)
		ReleaseScriptCaches (0ms)
		RebuildScriptCaches (0ms)
		SetupLoadedEditorAssemblies (392ms)
			LogAssemblyErrors (0ms)
			InitializePlatformSupportModulesInManaged (1ms)
			SetLoadedEditorAssemblies (2ms)
			BeforeProcessingInitializeOnLoad (92ms)
			ProcessInitializeOnLoadAttributes (190ms)
			ProcessInitializeOnLoadMethodAttributes (106ms)
			AfterProcessingInitializeOnLoad (1ms)
			EditorAssembliesLoaded (0ms)
		ExecutionOrderSort2 (0ms)
		AwakeInstancesAfterBackupRestoration (1ms)
Refreshing native plugins compatible for Editor in 1.47 ms, found 2 plugins.
Preloading 1 native plugins for Editor in 1.21 ms.
Unloading 43 Unused Serialized files (Serialized files now loaded: 0)
Unloading 5193 unused Assets / (12.9 MB). Loaded Objects now: 5995.
Memory consumption went from 144.5 MB to 131.6 MB.
Total: 7.962000 ms (FindLiveObjects: 0.195458 ms CreateObjectMapping: 0.079459 ms MarkObjects: 6.502958 ms  DeleteObjects: 1.184000 ms)

Prepare: number of updated asset objects reloaded= 0
========================================================================
Received Prepare
Refreshing native plugins compatible for Editor in 1.00 ms, found 2 plugins.
Preloading 1 native plugins for Editor in 1.12 ms.
Unloading 43 Unused Serialized files (Serialized files now loaded: 0)
Unloading 5148 unused Assets / (13.8 MB). Loaded Objects now: 5995.
Memory consumption went from 132.0 MB to 118.2 MB.
Total: 7.845291 ms (FindLiveObjects: 0.190042 ms CreateObjectMapping: 0.082750 ms MarkObjects: 6.556708 ms  DeleteObjects: 1.015667 ms)

Prepare: number of updated asset objects reloaded= 0
========================================================================
Received Prepare
Begin MonoManager ReloadAssembly
[Licensing::Client] Successfully resolved entitlement details
[Licensing::Module] License group:
  Id: F4-85AS-8ZW6-XMRF-425Z-XXXX
  Product: Unity Personal
  Type: ULF
  Expiration: Unlimited
[Licensing::Module] License group:
  Id: 6872810951280-UnityPersXXXX
  Product: Unity Personal
  Type: Assigned
  Expiration: Unlimited
Thread 0x16b9a7000 may have been prematurely finalized
Symbol file LoadedFromMemory is not a mono symbol file
Symbol file LoadedFromMemory is not a mono symbol file
- Loaded All Assemblies, in  0.323 seconds
Refreshing native plugins compatible for Editor in 1.37 ms, found 2 plugins.
Native extension for OSXStandalone target not found
Native extension for WebGL target not found
Refreshing native plugins compatible for Editor in 1.04 ms, found 2 plugins.
[Package Manager] Failed to launch server process. Reason: Unity was launched with the -noUpm command-line argument
[Package Manager] Unable to send message (not connected to server process).
[Package Manager] Cannot connect to Unity Package Manager local server
ScheduleIndexationOnStartup MainProcess:False IndexOnStartup:True
Mono: successfully reloaded assembly
- Finished resetting the current domain, in  0.483 seconds
Domain Reload Profiling: 807ms
	BeginReloadAssembly (72ms)
		ExecutionOrderSort (0ms)
		DisableScriptedObjects (3ms)
		BackupInstance (0ms)
		ReleaseScriptingObjects (0ms)
		CreateAndSetChildDomain (21ms)
	RebuildCommonClasses (16ms)
	RebuildNativeTypeToScriptingClass (6ms)
	initialDomainReloadingComplete (10ms)
	LoadAllAssembliesAndSetupDomain (220ms)
		LoadAssemblies (171ms)
		RebuildTransferFunctionScriptingTraits (0ms)
		AnalyzeDomain (71ms)
			TypeCache.Refresh (8ms)
				TypeCache.ScanAssembly (0ms)
			BuildScriptInfoCaches (60ms)
			ResolveRequiredComponents (1ms)
	FinalizeReload (483ms)
		ReleaseScriptCaches (0ms)
		RebuildScriptCaches (0ms)
		SetupLoadedEditorAssemblies (431ms)
			LogAssemblyErrors (0ms)
			InitializePlatformSupportModulesInManaged (1ms)
			SetLoadedEditorAssemblies (2ms)
			BeforeProcessingInitializeOnLoad (106ms)
			ProcessInitializeOnLoadAttributes (218ms)
			ProcessInitializeOnLoadMethodAttributes (103ms)
			AfterProcessingInitializeOnLoad (1ms)
			EditorAssembliesLoaded (0ms)
		ExecutionOrderSort2 (0ms)
		AwakeInstancesAfterBackupRestoration (1ms)
Refreshing native plugins compatible for Editor in 1.14 ms, found 2 plugins.
Preloading 1 native plugins for Editor in 1.21 ms.
Unloading 43 Unused Serialized files (Serialized files now loaded: 0)
Unloading 5193 unused Assets / (13.7 MB). Loaded Objects now: 5999.
Memory consumption went from 144.5 MB to 130.8 MB.
Total: 7.795375 ms (FindLiveObjects: 0.186875 ms CreateObjectMapping: 0.076791 ms MarkObjects: 6.429500 ms  DeleteObjects: 1.101792 ms)

Prepare: number of updated asset objects reloaded= 0
========================================================================
Received Prepare
Refreshing native plugins compatible for Editor in 1.17 ms, found 2 plugins.
Preloading 1 native plugins for Editor in 1.23 ms.
Unloading 43 Unused Serialized files (Serialized files now loaded: 0)
Unloading 5148 unused Assets / (13.3 MB). Loaded Objects now: 5999.
Memory consumption went from 132.0 MB to 118.7 MB.
Total: 7.562500 ms (FindLiveObjects: 0.193375 ms CreateObjectMapping: 0.077959 ms MarkObjects: 6.251708 ms  DeleteObjects: 1.039208 ms)

Prepare: number of updated asset objects reloaded= 0
========================================================================
Received Prepare
Begin MonoManager ReloadAssembly
Thread 0x16b9a7000 may have been prematurely finalized
Symbol file LoadedFromMemory is not a mono symbol file
Symbol file LoadedFromMemory is not a mono symbol file
- Loaded All Assemblies, in  0.311 seconds
Refreshing native plugins compatible for Editor in 1.48 ms, found 2 plugins.
Native extension for OSXStandalone target not found
Native extension for WebGL target not found
Refreshing native plugins compatible for Editor in 1.40 ms, found 2 plugins.
[Package Manager] Failed to launch server process. Reason: Unity was launched with the -noUpm command-line argument
[Package Manager] Unable to send message (not connected to server process).
[Package Manager] Cannot connect to Unity Package Manager local server
ScheduleIndexationOnStartup MainProcess:False IndexOnStartup:True
Mono: successfully reloaded assembly
- Finished resetting the current domain, in  0.403 seconds
Domain Reload Profiling: 715ms
	BeginReloadAssembly (74ms)
		ExecutionOrderSort (0ms)
		DisableScriptedObjects (3ms)
		BackupInstance (0ms)
		ReleaseScriptingObjects (0ms)
		CreateAndSetChildDomain (21ms)
	RebuildCommonClasses (16ms)
	RebuildNativeTypeToScriptingClass (6ms)
	initialDomainReloadingComplete (10ms)
	LoadAllAssembliesAndSetupDomain (206ms)
		LoadAssemblies (162ms)
		RebuildTransferFunctionScriptingTraits (0ms)
		AnalyzeDomain (68ms)
			TypeCache.Refresh (7ms)
				TypeCache.ScanAssembly (0ms)
			BuildScriptInfoCaches (58ms)
			ResolveRequiredComponents (1ms)
	FinalizeReload (403ms)
		ReleaseScriptCaches (0ms)
		RebuildScriptCaches (0ms)
		SetupLoadedEditorAssemblies (353ms)
			LogAssemblyErrors (0ms)
			InitializePlatformSupportModulesInManaged (1ms)
			SetLoadedEditorAssemblies (2ms)
			BeforeProcessingInitializeOnLoad (83ms)
			ProcessInitializeOnLoadAttributes (170ms)
			ProcessInitializeOnLoadMethodAttributes (97ms)
			AfterProcessingInitializeOnLoad (1ms)
			EditorAssembliesLoaded (0ms)
		ExecutionOrderSort2 (0ms)
		AwakeInstancesAfterBackupRestoration (1ms)
Refreshing native plugins compatible for Editor in 1.66 ms, found 2 plugins.
Preloading 1 native plugins for Editor in 1.21 ms.
Unloading 43 Unused Serialized files (Serialized files now loaded: 0)
Unloading 5193 unused Assets / (14.1 MB). Loaded Objects now: 6003.
Memory consumption went from 144.5 MB to 130.4 MB.
Total: 7.496416 ms (FindLiveObjects: 0.194084 ms CreateObjectMapping: 0.075500 ms MarkObjects: 6.002541 ms  DeleteObjects: 1.224208 ms)

Prepare: number of updated asset objects reloaded= 0
========================================================================
Received Prepare
Refreshing native plugins compatible for Editor in 1.13 ms, found 2 plugins.
Preloading 1 native plugins for Editor in 1.10 ms.
Unloading 43 Unused Serialized files (Serialized files now loaded: 0)
Unloading 5148 unused Assets / (14.2 MB). Loaded Objects now: 6003.
Memory consumption went from 132.0 MB to 117.9 MB.
Total: 7.680459 ms (FindLiveObjects: 0.197834 ms CreateObjectMapping: 0.084541 ms MarkObjects: 6.135334 ms  DeleteObjects: 1.262542 ms)

Prepare: number of updated asset objects reloaded= 0
========================================================================
Received Prepare
Begin MonoManager ReloadAssembly
Thread 0x16b9a7000 may have been prematurely finalized
Symbol file LoadedFromMemory is not a mono symbol file
Symbol file LoadedFromMemory is not a mono symbol file
- Loaded All Assemblies, in  0.308 seconds
Refreshing native plugins compatible for Editor in 1.39 ms, found 2 plugins.
Native extension for OSXStandalone target not found
Native extension for WebGL target not found
Refreshing native plugins compatible for Editor in 1.49 ms, found 2 plugins.
[Package Manager] Failed to launch server process. Reason: Unity was launched with the -noUpm command-line argument
[Package Manager] Unable to send message (not connected to server process).
[Package Manager] Cannot connect to Unity Package Manager local server
ScheduleIndexationOnStartup MainProcess:False IndexOnStartup:True
Mono: successfully reloaded assembly
- Finished resetting the current domain, in  0.401 seconds
Domain Reload Profiling: 711ms
	BeginReloadAssembly (71ms)
		ExecutionOrderSort (0ms)
		DisableScriptedObjects (3ms)
		BackupInstance (0ms)
		ReleaseScriptingObjects (0ms)
		CreateAndSetChildDomain (21ms)
	RebuildCommonClasses (16ms)
	RebuildNativeTypeToScriptingClass (6ms)
	initialDomainReloadingComplete (10ms)
	LoadAllAssembliesAndSetupDomain (206ms)
		LoadAssemblies (161ms)
		RebuildTransferFunctionScriptingTraits (0ms)
		AnalyzeDomain (67ms)
			TypeCache.Refresh (7ms)
				TypeCache.ScanAssembly (0ms)
			BuildScriptInfoCaches (58ms)
			ResolveRequiredComponents (1ms)
	FinalizeReload (401ms)
		ReleaseScriptCaches (0ms)
		RebuildScriptCaches (0ms)
		SetupLoadedEditorAssemblies (353ms)
			LogAssemblyErrors (0ms)
			InitializePlatformSupportModulesInManaged (1ms)
			SetLoadedEditorAssemblies (2ms)
			BeforeProcessingInitializeOnLoad (83ms)
			ProcessInitializeOnLoadAttributes (168ms)
			ProcessInitializeOnLoadMethodAttributes (98ms)
			AfterProcessingInitializeOnLoad (1ms)
			EditorAssembliesLoaded (0ms)
		ExecutionOrderSort2 (0ms)
		AwakeInstancesAfterBackupRestoration (1ms)
Refreshing native plugins compatible for Editor in 1.26 ms, found 2 plugins.
Preloading 1 native plugins for Editor in 1.20 ms.
Unloading 43 Unused Serialized files (Serialized files now loaded: 0)
Unloading 5193 unused Assets / (14.3 MB). Loaded Objects now: 6007.
Memory consumption went from 144.5 MB to 130.2 MB.
Total: 7.614292 ms (FindLiveObjects: 0.200250 ms CreateObjectMapping: 0.075416 ms MarkObjects: 6.008167 ms  DeleteObjects: 1.330375 ms)

Prepare: number of updated asset objects reloaded= 0
========================================================================
Received Prepare
Refreshing native plugins compatible for Editor in 1.34 ms, found 2 plugins.
Preloading 1 native plugins for Editor in 1.14 ms.
Unloading 43 Unused Serialized files (Serialized files now loaded: 0)
Unloading 5148 unused Assets / (14.0 MB). Loaded Objects now: 6007.
Memory consumption went from 132.0 MB to 118.1 MB.
Total: 7.704666 ms (FindLiveObjects: 0.192625 ms CreateObjectMapping: 0.072459 ms MarkObjects: 6.210000 ms  DeleteObjects: 1.229416 ms)

Prepare: number of updated asset objects reloaded= 0
========================================================================
Received Prepare
Refreshing native plugins compatible for Editor in 1.55 ms, found 2 plugins.
Preloading 1 native plugins for Editor in 1.14 ms.
Unloading 43 Unused Serialized files (Serialized files now loaded: 0)
Unloading 5148 unused Assets / (14.2 MB). Loaded Objects now: 6007.
Memory consumption went from 132.0 MB to 117.8 MB.
Total: 7.595125 ms (FindLiveObjects: 0.193958 ms CreateObjectMapping: 0.081959 ms MarkObjects: 6.076208 ms  DeleteObjects: 1.242792 ms)

Prepare: number of updated asset objects reloaded= 0
========================================================================
Received Prepare
Begin MonoManager ReloadAssembly
Thread 0x16b9a7000 may have been prematurely finalized
Symbol file LoadedFromMemory is not a mono symbol file
Symbol file LoadedFromMemory is not a mono symbol file
- Loaded All Assemblies, in  0.319 seconds
Refreshing native plugins compatible for Editor in 1.78 ms, found 2 plugins.
Native extension for OSXStandalone target not found
Native extension for WebGL target not found
Refreshing native plugins compatible for Editor in 1.04 ms, found 2 plugins.
[Package Manager] Failed to launch server process. Reason: Unity was launched with the -noUpm command-line argument
[Package Manager] Unable to send message (not connected to server process).
[Package Manager] Cannot connect to Unity Package Manager local server
ScheduleIndexationOnStartup MainProcess:False IndexOnStartup:True
Mono: successfully reloaded assembly
- Finished resetting the current domain, in  0.406 seconds
Domain Reload Profiling: 727ms
	BeginReloadAssembly (74ms)
		ExecutionOrderSort (0ms)
		DisableScriptedObjects (3ms)
		BackupInstance (0ms)
		ReleaseScriptingObjects (0ms)
		CreateAndSetChildDomain (22ms)
	RebuildCommonClasses (16ms)
	RebuildNativeTypeToScriptingClass (6ms)
	initialDomainReloadingComplete (10ms)
	LoadAllAssembliesAndSetupDomain (215ms)
		LoadAssemblies (169ms)
		RebuildTransferFunctionScriptingTraits (0ms)
		AnalyzeDomain (69ms)
			TypeCache.Refresh (7ms)
				TypeCache.ScanAssembly (0ms)
			BuildScriptInfoCaches (59ms)
			ResolveRequiredComponents (1ms)
	FinalizeReload (406ms)
		ReleaseScriptCaches (0ms)
		RebuildScriptCaches (0ms)
		SetupLoadedEditorAssemblies (353ms)
			LogAssemblyErrors (0ms)
			InitializePlatformSupportModulesInManaged (1ms)
			SetLoadedEditorAssemblies (2ms)
			BeforeProcessingInitializeOnLoad (83ms)
			ProcessInitializeOnLoadAttributes (173ms)
			ProcessInitializeOnLoadMethodAttributes (94ms)
			AfterProcessingInitializeOnLoad (1ms)
			EditorAssembliesLoaded (0ms)
		ExecutionOrderSort2 (0ms)
		AwakeInstancesAfterBackupRestoration (1ms)
Refreshing native plugins compatible for Editor in 1.23 ms, found 2 plugins.
Preloading 1 native plugins for Editor in 1.22 ms.
Unloading 43 Unused Serialized files (Serialized files now loaded: 0)
Unloading 5193 unused Assets / (13.9 MB). Loaded Objects now: 6011.
Memory consumption went from 144.5 MB to 130.6 MB.
Total: 7.679875 ms (FindLiveObjects: 0.176584 ms CreateObjectMapping: 0.071708 ms MarkObjects: 6.289125 ms  DeleteObjects: 1.142167 ms)

Prepare: number of updated asset objects reloaded= 0
========================================================================
Received Prepare
Begin MonoManager ReloadAssembly
[Licensing::Client] Successfully resolved entitlement details
[Licensing::Module] License group:
  Id: F4-85AS-8ZW6-XMRF-425Z-XXXX
  Product: Unity Personal
  Type: ULF
  Expiration: Unlimited
[Licensing::Module] License group:
  Id: 6872810951280-UnityPersXXXX
  Product: Unity Personal
  Type: Assigned
  Expiration: Unlimited
Thread 0x16b9a7000 may have been prematurely finalized
Symbol file LoadedFromMemory is not a mono symbol file
Symbol file LoadedFromMemory is not a mono symbol file
- Loaded All Assemblies, in  0.339 seconds
Refreshing native plugins compatible for Editor in 2.63 ms, found 2 plugins.
Native extension for OSXStandalone target not found
Native extension for WebGL target not found
Refreshing native plugins compatible for Editor in 1.03 ms, found 2 plugins.
[Package Manager] Failed to launch server process. Reason: Unity was launched with the -noUpm command-line argument
[Package Manager] Unable to send message (not connected to server process).
[Package Manager] Cannot connect to Unity Package Manager local server
ScheduleIndexationOnStartup MainProcess:False IndexOnStartup:True
Mono: successfully reloaded assembly
- Finished resetting the current domain, in  0.459 seconds
Domain Reload Profiling: 800ms
	BeginReloadAssembly (75ms)
		ExecutionOrderSort (0ms)
		DisableScriptedObjects (3ms)
		BackupInstance (0ms)
		ReleaseScriptingObjects (0ms)
		CreateAndSetChildDomain (23ms)
	RebuildCommonClasses (16ms)
	RebuildNativeTypeToScriptingClass (6ms)
	initialDomainReloadingComplete (10ms)
	LoadAllAssembliesAndSetupDomain (234ms)
		LoadAssemblies (191ms)
		RebuildTransferFunctionScriptingTraits (0ms)
		AnalyzeDomain (66ms)
			TypeCache.Refresh (5ms)
				TypeCache.ScanAssembly (0ms)
			BuildScriptInfoCaches (58ms)
			ResolveRequiredComponents (1ms)
	FinalizeReload (459ms)
		ReleaseScriptCaches (0ms)
		RebuildScriptCaches (0ms)
		SetupLoadedEditorAssemblies (406ms)
			LogAssemblyErrors (0ms)
			InitializePlatformSupportModulesInManaged (1ms)
			SetLoadedEditorAssemblies (2ms)
			BeforeProcessingInitializeOnLoad (97ms)
			ProcessInitializeOnLoadAttributes (194ms)
			ProcessInitializeOnLoadMethodAttributes (112ms)
			AfterProcessingInitializeOnLoad (1ms)
			EditorAssembliesLoaded (0ms)
		ExecutionOrderSort2 (0ms)
		AwakeInstancesAfterBackupRestoration (2ms)
Refreshing native plugins compatible for Editor in 1.88 ms, found 2 plugins.
Preloading 1 native plugins for Editor in 1.32 ms.
Unloading 43 Unused Serialized files (Serialized files now loaded: 0)
Unloading 5193 unused Assets / (13.3 MB). Loaded Objects now: 6015.
Memory consumption went from 144.5 MB to 131.2 MB.
Total: 8.827750 ms (FindLiveObjects: 0.210083 ms CreateObjectMapping: 0.081375 ms MarkObjects: 6.957167 ms  DeleteObjects: 1.579000 ms)

Prepare: number of updated asset objects reloaded= 0
========================================================================
Received Prepare
Begin MonoManager ReloadAssembly
[Licensing::Client] Successfully resolved entitlement details
[Licensing::Module] License group:
  Id: F4-85AS-8ZW6-XMRF-425Z-XXXX
  Product: Unity Personal
  Type: ULF
  Expiration: Unlimited
[Licensing::Module] License group:
  Id: 6872810951280-UnityPersXXXX
  Product: Unity Personal
  Type: Assigned
  Expiration: Unlimited
Thread 0x16bcef000 may have been prematurely finalized
Symbol file LoadedFromMemory is not a mono symbol file
Symbol file LoadedFromMemory is not a mono symbol file
- Loaded All Assemblies, in  0.332 seconds
Refreshing native plugins compatible for Editor in 2.16 ms, found 2 plugins.
Native extension for OSXStandalone target not found
Native extension for WebGL target not found
Refreshing native plugins compatible for Editor in 1.05 ms, found 2 plugins.
[Package Manager] Failed to launch server process. Reason: Unity was launched with the -noUpm command-line argument
[Package Manager] Unable to send message (not connected to server process).
[Package Manager] Cannot connect to Unity Package Manager local server
ScheduleIndexationOnStartup MainProcess:False IndexOnStartup:True
Mono: successfully reloaded assembly
- Finished resetting the current domain, in  0.455 seconds
Domain Reload Profiling: 788ms
	BeginReloadAssembly (72ms)
		ExecutionOrderSort (0ms)
		DisableScriptedObjects (3ms)
		BackupInstance (0ms)
		ReleaseScriptingObjects (0ms)
		CreateAndSetChildDomain (21ms)
	RebuildCommonClasses (16ms)
	RebuildNativeTypeToScriptingClass (6ms)
	initialDomainReloadingComplete (10ms)
	LoadAllAssembliesAndSetupDomain (229ms)
		LoadAssemblies (186ms)
		RebuildTransferFunctionScriptingTraits (0ms)
		AnalyzeDomain (64ms)
			TypeCache.Refresh (5ms)
				TypeCache.ScanAssembly (0ms)
			BuildScriptInfoCaches (57ms)
			ResolveRequiredComponents (1ms)
	FinalizeReload (455ms)
		ReleaseScriptCaches (0ms)
		RebuildScriptCaches (0ms)
		SetupLoadedEditorAssemblies (400ms)
			LogAssemblyErrors (0ms)
			InitializePlatformSupportModulesInManaged (1ms)
			SetLoadedEditorAssemblies (2ms)
			BeforeProcessingInitializeOnLoad (95ms)
			ProcessInitializeOnLoadAttributes (192ms)
			ProcessInitializeOnLoadMethodAttributes (110ms)
			AfterProcessingInitializeOnLoad (1ms)
			EditorAssembliesLoaded (0ms)
		ExecutionOrderSort2 (0ms)
		AwakeInstancesAfterBackupRestoration (2ms)
Refreshing native plugins compatible for Editor in 1.84 ms, found 2 plugins.
Preloading 1 native plugins for Editor in 1.24 ms.
Unloading 43 Unused Serialized files (Serialized files now loaded: 0)
Unloading 5193 unused Assets / (12.9 MB). Loaded Objects now: 6019.
Memory consumption went from 144.5 MB to 131.7 MB.
Total: 8.568334 ms (FindLiveObjects: 0.205166 ms CreateObjectMapping: 0.102875 ms MarkObjects: 6.863209 ms  DeleteObjects: 1.396833 ms)

Prepare: number of updated asset objects reloaded= 0
========================================================================
Received Prepare
Refreshing native plugins compatible for Editor in 1.54 ms, found 2 plugins.
Preloading 1 native plugins for Editor in 1.19 ms.
Unloading 43 Unused Serialized files (Serialized files now loaded: 0)
Unloading 5148 unused Assets / (14.2 MB). Loaded Objects now: 6019.
Memory consumption went from 132.1 MB to 117.9 MB.
Total: 7.605667 ms (FindLiveObjects: 0.193583 ms CreateObjectMapping: 0.083542 ms MarkObjects: 6.108083 ms  DeleteObjects: 1.220125 ms)

Prepare: number of updated asset objects reloaded= 0
========================================================================
Received Prepare
Begin MonoManager ReloadAssembly
[Licensing::Client] Successfully resolved entitlement details
[Licensing::Module] License group:
  Id: F4-85AS-8ZW6-XMRF-425Z-XXXX
  Product: Unity Personal
  Type: ULF
  Expiration: Unlimited
[Licensing::Module] License group:
  Id: 6872810951280-UnityPersXXXX
  Product: Unity Personal
  Type: Assigned
  Expiration: Unlimited
Thread 0x16bcef000 may have been prematurely finalized
Symbol file LoadedFromMemory is not a mono symbol file
Symbol file LoadedFromMemory is not a mono symbol file
- Loaded All Assemblies, in  0.332 seconds
Refreshing native plugins compatible for Editor in 1.52 ms, found 2 plugins.
Native extension for OSXStandalone target not found
Native extension for WebGL target not found
Refreshing native plugins compatible for Editor in 1.38 ms, found 2 plugins.
[Package Manager] Failed to launch server process. Reason: Unity was launched with the -noUpm command-line argument
[Package Manager] Unable to send message (not connected to server process).
[Package Manager] Cannot connect to Unity Package Manager local server
ScheduleIndexationOnStartup MainProcess:False IndexOnStartup:True
Mono: successfully reloaded assembly
- Finished resetting the current domain, in  0.409 seconds
Domain Reload Profiling: 743ms
	BeginReloadAssembly (75ms)
		ExecutionOrderSort (0ms)
		DisableScriptedObjects (3ms)
		BackupInstance (0ms)
		ReleaseScriptingObjects (0ms)
		CreateAndSetChildDomain (22ms)
	RebuildCommonClasses (16ms)
	RebuildNativeTypeToScriptingClass (6ms)
	initialDomainReloadingComplete (11ms)
	LoadAllAssembliesAndSetupDomain (224ms)
		LoadAssemblies (181ms)
		RebuildTransferFunctionScriptingTraits (0ms)
		AnalyzeDomain (67ms)
			TypeCache.Refresh (6ms)
				TypeCache.ScanAssembly (0ms)
			BuildScriptInfoCaches (58ms)
			ResolveRequiredComponents (1ms)
	FinalizeReload (409ms)
		ReleaseScriptCaches (0ms)
		RebuildScriptCaches (0ms)
		SetupLoadedEditorAssemblies (357ms)
			LogAssemblyErrors (0ms)
			InitializePlatformSupportModulesInManaged (1ms)
			SetLoadedEditorAssemblies (2ms)
			BeforeProcessingInitializeOnLoad (83ms)
			ProcessInitializeOnLoadAttributes (174ms)
			ProcessInitializeOnLoadMethodAttributes (97ms)
			AfterProcessingInitializeOnLoad (1ms)
			EditorAssembliesLoaded (0ms)
		ExecutionOrderSort2 (0ms)
		AwakeInstancesAfterBackupRestoration (1ms)
Refreshing native plugins compatible for Editor in 1.61 ms, found 2 plugins.
Preloading 1 native plugins for Editor in 1.17 ms.
Unloading 43 Unused Serialized files (Serialized files now loaded: 0)
Unloading 5193 unused Assets / (12.9 MB). Loaded Objects now: 6023.
Memory consumption went from 144.5 MB to 131.7 MB.
Total: 7.974958 ms (FindLiveObjects: 0.197542 ms CreateObjectMapping: 0.078208 ms MarkObjects: 6.374833 ms  DeleteObjects: 1.324125 ms)

Prepare: number of updated asset objects reloaded= 0
========================================================================
Received Prepare
Refreshing native plugins compatible for Editor in 1.50 ms, found 2 plugins.
Preloading 1 native plugins for Editor in 1.16 ms.
Unloading 43 Unused Serialized files (Serialized files now loaded: 0)
Unloading 5148 unused Assets / (14.2 MB). Loaded Objects now: 6023.
Memory consumption went from 132.1 MB to 117.9 MB.
Total: 7.539750 ms (FindLiveObjects: 0.191125 ms CreateObjectMapping: 0.077625 ms MarkObjects: 6.063042 ms  DeleteObjects: 1.207625 ms)

Prepare: number of updated asset objects reloaded= 0
========================================================================
Received Prepare
Refreshing native plugins compatible for Editor in 1.62 ms, found 2 plugins.
Preloading 1 native plugins for Editor in 1.18 ms.
Unloading 43 Unused Serialized files (Serialized files now loaded: 0)
Unloading 5148 unused Assets / (13.2 MB). Loaded Objects now: 6023.
Memory consumption went from 132.1 MB to 118.9 MB.
Total: 7.841375 ms (FindLiveObjects: 0.202750 ms CreateObjectMapping: 0.084500 ms MarkObjects: 6.301208 ms  DeleteObjects: 1.252250 ms)

Prepare: number of updated asset objects reloaded= 0
========================================================================
Received Prepare
Refreshing native plugins compatible for Editor in 1.49 ms, found 2 plugins.
Preloading 1 native plugins for Editor in 1.14 ms.
Unloading 43 Unused Serialized files (Serialized files now loaded: 0)
Unloading 5148 unused Assets / (13.9 MB). Loaded Objects now: 6023.
Memory consumption went from 132.1 MB to 118.1 MB.
Total: 7.470084 ms (FindLiveObjects: 0.203875 ms CreateObjectMapping: 0.074000 ms MarkObjects: 6.040292 ms  DeleteObjects: 1.151792 ms)

Prepare: number of updated asset objects reloaded= 0
========================================================================
Received Prepare
Begin MonoManager ReloadAssembly
Thread 0x16bcef000 may have been prematurely finalized
Symbol file LoadedFromMemory is not a mono symbol file
Symbol file LoadedFromMemory is not a mono symbol file
- Loaded All Assemblies, in  0.307 seconds
Refreshing native plugins compatible for Editor in 1.36 ms, found 2 plugins.
Native extension for OSXStandalone target not found
Native extension for WebGL target not found
Refreshing native plugins compatible for Editor in 1.23 ms, found 2 plugins.
[Package Manager] Failed to launch server process. Reason: Unity was launched with the -noUpm command-line argument
[Package Manager] Unable to send message (not connected to server process).
[Package Manager] Cannot connect to Unity Package Manager local server
ScheduleIndexationOnStartup MainProcess:False IndexOnStartup:True
Mono: successfully reloaded assembly
- Finished resetting the current domain, in  0.452 seconds
Domain Reload Profiling: 760ms
	BeginReloadAssembly (75ms)
		ExecutionOrderSort (0ms)
		DisableScriptedObjects (3ms)
		BackupInstance (0ms)
		ReleaseScriptingObjects (0ms)
		CreateAndSetChildDomain (22ms)
	RebuildCommonClasses (16ms)
	RebuildNativeTypeToScriptingClass (6ms)
	initialDomainReloadingComplete (10ms)
	LoadAllAssembliesAndSetupDomain (201ms)
		LoadAssemblies (159ms)
		RebuildTransferFunctionScriptingTraits (0ms)
		AnalyzeDomain (66ms)
			TypeCache.Refresh (6ms)
				TypeCache.ScanAssembly (0ms)
			BuildScriptInfoCaches (58ms)
			ResolveRequiredComponents (1ms)
	FinalizeReload (452ms)
		ReleaseScriptCaches (0ms)
		RebuildScriptCaches (0ms)
		SetupLoadedEditorAssemblies (400ms)
			LogAssemblyErrors (0ms)
			InitializePlatformSupportModulesInManaged (1ms)
			SetLoadedEditorAssemblies (2ms)
			BeforeProcessingInitializeOnLoad (92ms)
			ProcessInitializeOnLoadAttributes (203ms)
			ProcessInitializeOnLoadMethodAttributes (101ms)
			AfterProcessingInitializeOnLoad (1ms)
			EditorAssembliesLoaded (0ms)
		ExecutionOrderSort2 (0ms)
		AwakeInstancesAfterBackupRestoration (1ms)
Refreshing native plugins compatible for Editor in 1.22 ms, found 2 plugins.
Preloading 1 native plugins for Editor in 1.18 ms.
Unloading 43 Unused Serialized files (Serialized files now loaded: 0)
Unloading 5193 unused Assets / (11.8 MB). Loaded Objects now: 6027.
Memory consumption went from 144.5 MB to 132.7 MB.
Total: 7.635708 ms (FindLiveObjects: 0.181709 ms CreateObjectMapping: 0.076875 ms MarkObjects: 6.421166 ms  DeleteObjects: 0.955625 ms)

Prepare: number of updated asset objects reloaded= 0
========================================================================
Received Prepare
Refreshing native plugins compatible for Editor in 1.24 ms, found 2 plugins.
Preloading 1 native plugins for Editor in 1.15 ms.
Unloading 43 Unused Serialized files (Serialized files now loaded: 0)
Unloading 5148 unused Assets / (12.4 MB). Loaded Objects now: 6027.
Memory consumption went from 132.1 MB to 119.7 MB.
Total: 7.981750 ms (FindLiveObjects: 0.186542 ms CreateObjectMapping: 0.075084 ms MarkObjects: 6.576500 ms  DeleteObjects: 1.143333 ms)

Prepare: number of updated asset objects reloaded= 0
========================================================================
Received Prepare
Refreshing native plugins compatible for Editor in 1.61 ms, found 2 plugins.
Preloading 1 native plugins for Editor in 1.15 ms.
Unloading 43 Unused Serialized files (Serialized files now loaded: 0)
Unloading 5148 unused Assets / (14.0 MB). Loaded Objects now: 6027.
Memory consumption went from 132.1 MB to 118.1 MB.
Total: 7.685584 ms (FindLiveObjects: 0.191000 ms CreateObjectMapping: 0.081708 ms MarkObjects: 6.193042 ms  DeleteObjects: 1.219667 ms)

Prepare: number of updated asset objects reloaded= 0
========================================================================
Received Prepare
Refreshing native plugins compatible for Editor in 1.54 ms, found 2 plugins.
Preloading 1 native plugins for Editor in 1.13 ms.
Unloading 43 Unused Serialized files (Serialized files now loaded: 0)
Unloading 5148 unused Assets / (14.1 MB). Loaded Objects now: 6027.
Memory consumption went from 132.1 MB to 118.0 MB.
Total: 7.576000 ms (FindLiveObjects: 0.200875 ms CreateObjectMapping: 0.079667 ms MarkObjects: 6.031625 ms  DeleteObjects: 1.263417 ms)

Prepare: number of updated asset objects reloaded= 0
========================================================================
Received Prepare
Refreshing native plugins compatible for Editor in 1.54 ms, found 2 plugins.
Preloading 1 native plugins for Editor in 1.14 ms.
Unloading 43 Unused Serialized files (Serialized files now loaded: 0)
Unloading 5148 unused Assets / (14.0 MB). Loaded Objects now: 6027.
Memory consumption went from 132.1 MB to 118.1 MB.
Total: 7.542625 ms (FindLiveObjects: 0.193333 ms CreateObjectMapping: 0.081042 ms MarkObjects: 6.082542 ms  DeleteObjects: 1.185333 ms)

Prepare: number of updated asset objects reloaded= 0
========================================================================
Received Prepare
Begin MonoManager ReloadAssembly
Thread 0x16bcef000 may have been prematurely finalized
Symbol file LoadedFromMemory is not a mono symbol file
Symbol file LoadedFromMemory is not a mono symbol file
- Loaded All Assemblies, in  0.300 seconds
Refreshing native plugins compatible for Editor in 1.24 ms, found 2 plugins.
Native extension for OSXStandalone target not found
Native extension for WebGL target not found
Refreshing native plugins compatible for Editor in 1.27 ms, found 2 plugins.
[Package Manager] Failed to launch server process. Reason: Unity was launched with the -noUpm command-line argument
[Package Manager] Unable to send message (not connected to server process).
[Package Manager] Cannot connect to Unity Package Manager local server
ScheduleIndexationOnStartup MainProcess:False IndexOnStartup:True
Mono: successfully reloaded assembly
- Finished resetting the current domain, in  0.402 seconds
Domain Reload Profiling: 703ms
	BeginReloadAssembly (72ms)
		ExecutionOrderSort (0ms)
		DisableScriptedObjects (3ms)
		BackupInstance (0ms)
		ReleaseScriptingObjects (0ms)
		CreateAndSetChildDomain (21ms)
	RebuildCommonClasses (16ms)
	RebuildNativeTypeToScriptingClass (6ms)
	initialDomainReloadingComplete (10ms)
	LoadAllAssembliesAndSetupDomain (196ms)
		LoadAssemblies (153ms)
		RebuildTransferFunctionScriptingTraits (0ms)
		AnalyzeDomain (66ms)
			TypeCache.Refresh (5ms)
				TypeCache.ScanAssembly (0ms)
			BuildScriptInfoCaches (58ms)
			ResolveRequiredComponents (1ms)
	FinalizeReload (403ms)
		ReleaseScriptCaches (0ms)
		RebuildScriptCaches (0ms)
		SetupLoadedEditorAssemblies (353ms)
			LogAssemblyErrors (0ms)
			InitializePlatformSupportModulesInManaged (1ms)
			SetLoadedEditorAssemblies (2ms)
			BeforeProcessingInitializeOnLoad (84ms)
			ProcessInitializeOnLoadAttributes (167ms)
			ProcessInitializeOnLoadMethodAttributes (99ms)
			AfterProcessingInitializeOnLoad (1ms)
			EditorAssembliesLoaded (0ms)
		ExecutionOrderSort2 (0ms)
		AwakeInstancesAfterBackupRestoration (1ms)
Refreshing native plugins compatible for Editor in 1.31 ms, found 2 plugins.
Preloading 1 native plugins for Editor in 1.16 ms.
Unloading 43 Unused Serialized files (Serialized files now loaded: 0)
Unloading 5193 unused Assets / (14.3 MB). Loaded Objects now: 6031.
Memory consumption went from 144.5 MB to 130.2 MB.
Total: 7.522166 ms (FindLiveObjects: 0.190458 ms CreateObjectMapping: 0.072791 ms MarkObjects: 5.972250 ms  DeleteObjects: 1.286209 ms)

Prepare: number of updated asset objects reloaded= 0
========================================================================
Received Prepare
Refreshing native plugins compatible for Editor in 1.22 ms, found 2 plugins.
Preloading 1 native plugins for Editor in 1.18 ms.
Unloading 43 Unused Serialized files (Serialized files now loaded: 0)
Unloading 5148 unused Assets / (14.0 MB). Loaded Objects now: 6031.
Memory consumption went from 132.1 MB to 118.0 MB.
Total: 7.884958 ms (FindLiveObjects: 0.194375 ms CreateObjectMapping: 0.077250 ms MarkObjects: 6.352459 ms  DeleteObjects: 1.260750 ms)

Prepare: number of updated asset objects reloaded= 0
========================================================================
Received Prepare
Refreshing native plugins compatible for Editor in 1.40 ms, found 2 plugins.
Preloading 1 native plugins for Editor in 1.14 ms.
Unloading 43 Unused Serialized files (Serialized files now loaded: 0)
Unloading 5148 unused Assets / (14.0 MB). Loaded Objects now: 6031.
Memory consumption went from 132.1 MB to 118.0 MB.
Total: 7.435166 ms (FindLiveObjects: 0.187500 ms CreateObjectMapping: 0.077125 ms MarkObjects: 5.980833 ms  DeleteObjects: 1.189458 ms)

Prepare: number of updated asset objects reloaded= 0
========================================================================
Received Prepare
Refreshing native plugins compatible for Editor in 1.47 ms, found 2 plugins.
Preloading 1 native plugins for Editor in 1.15 ms.
Unloading 43 Unused Serialized files (Serialized files now loaded: 0)
Unloading 5148 unused Assets / (14.3 MB). Loaded Objects now: 6031.
Memory consumption went from 132.1 MB to 117.8 MB.
Total: 7.705292 ms (FindLiveObjects: 0.192375 ms CreateObjectMapping: 0.078417 ms MarkObjects: 6.124833 ms  DeleteObjects: 1.309667 ms)

Prepare: number of updated asset objects reloaded= 0
========================================================================
Received Prepare
Begin MonoManager ReloadAssembly
[Licensing::Client] Successfully resolved entitlement details
[Licensing::Module] License group:
  Id: F4-85AS-8ZW6-XMRF-425Z-XXXX
  Product: Unity Personal
  Type: ULF
  Expiration: Unlimited
[Licensing::Module] License group:
  Id: 6872810951280-UnityPersXXXX
  Product: Unity Personal
  Type: Assigned
  Expiration: Unlimited
Thread 0x16bcef000 may have been prematurely finalized
Symbol file LoadedFromMemory is not a mono symbol file
Symbol file LoadedFromMemory is not a mono symbol file
- Loaded All Assemblies, in  0.310 seconds
Refreshing native plugins compatible for Editor in 1.13 ms, found 2 plugins.
Native extension for OSXStandalone target not found
Native extension for WebGL target not found
Refreshing native plugins compatible for Editor in 1.31 ms, found 2 plugins.
[Package Manager] Failed to launch server process. Reason: Unity was launched with the -noUpm command-line argument
[Package Manager] Unable to send message (not connected to server process).
[Package Manager] Cannot connect to Unity Package Manager local server
ScheduleIndexationOnStartup MainProcess:False IndexOnStartup:True
Mono: successfully reloaded assembly
- Finished resetting the current domain, in  0.403 seconds
Domain Reload Profiling: 714ms
	BeginReloadAssembly (73ms)
		ExecutionOrderSort (0ms)
		DisableScriptedObjects (3ms)
		BackupInstance (0ms)
		ReleaseScriptingObjects (0ms)
		CreateAndSetChildDomain (21ms)
	RebuildCommonClasses (16ms)
	RebuildNativeTypeToScriptingClass (6ms)
	initialDomainReloadingComplete (10ms)
	LoadAllAssembliesAndSetupDomain (207ms)
		LoadAssemblies (162ms)
		RebuildTransferFunctionScriptingTraits (0ms)
		AnalyzeDomain (68ms)
			TypeCache.Refresh (5ms)
				TypeCache.ScanAssembly (0ms)
			BuildScriptInfoCaches (60ms)
			ResolveRequiredComponents (1ms)
	FinalizeReload (403ms)
		ReleaseScriptCaches (0ms)
		RebuildScriptCaches (0ms)
		SetupLoadedEditorAssemblies (355ms)
			LogAssemblyErrors (0ms)
			InitializePlatformSupportModulesInManaged (1ms)
			SetLoadedEditorAssemblies (2ms)
			BeforeProcessingInitializeOnLoad (83ms)
			ProcessInitializeOnLoadAttributes (168ms)
			ProcessInitializeOnLoadMethodAttributes (100ms)
			AfterProcessingInitializeOnLoad (0ms)
			EditorAssembliesLoaded (0ms)
		ExecutionOrderSort2 (0ms)
		AwakeInstancesAfterBackupRestoration (1ms)
Refreshing native plugins compatible for Editor in 1.23 ms, found 2 plugins.
Preloading 1 native plugins for Editor in 1.14 ms.
Unloading 43 Unused Serialized files (Serialized files now loaded: 0)
Unloading 5193 unused Assets / (14.0 MB). Loaded Objects now: 6035.
Memory consumption went from 144.5 MB to 130.6 MB.
Total: 7.735125 ms (FindLiveObjects: 0.194458 ms CreateObjectMapping: 0.079667 ms MarkObjects: 6.256000 ms  DeleteObjects: 1.204875 ms)

Prepare: number of updated asset objects reloaded= 0
========================================================================
Received Prepare
Refreshing native plugins compatible for Editor in 1.51 ms, found 2 plugins.
Preloading 1 native plugins for Editor in 1.13 ms.
Unloading 43 Unused Serialized files (Serialized files now loaded: 0)
Unloading 5148 unused Assets / (14.2 MB). Loaded Objects now: 6035.
Memory consumption went from 132.1 MB to 117.9 MB.
Total: 7.610083 ms (FindLiveObjects: 0.192542 ms CreateObjectMapping: 0.083750 ms MarkObjects: 6.134083 ms  DeleteObjects: 1.199583 ms)

Prepare: number of updated asset objects reloaded= 0
========================================================================
Received Prepare
Refreshing native plugins compatible for Editor in 1.54 ms, found 2 plugins.
Preloading 1 native plugins for Editor in 1.11 ms.
Unloading 43 Unused Serialized files (Serialized files now loaded: 0)
Unloading 5148 unused Assets / (14.3 MB). Loaded Objects now: 6035.
Memory consumption went from 132.1 MB to 117.8 MB.
Total: 7.678083 ms (FindLiveObjects: 0.192541 ms CreateObjectMapping: 0.074042 ms MarkObjects: 6.103125 ms  DeleteObjects: 1.308167 ms)

Prepare: number of updated asset objects reloaded= 0
========================================================================
Received Prepare
Refreshing native plugins compatible for Editor in 1.38 ms, found 2 plugins.
Preloading 1 native plugins for Editor in 1.16 ms.
Unloading 43 Unused Serialized files (Serialized files now loaded: 0)
Unloading 5148 unused Assets / (14.3 MB). Loaded Objects now: 6035.
Memory consumption went from 132.1 MB to 117.8 MB.
Total: 7.653750 ms (FindLiveObjects: 0.196333 ms CreateObjectMapping: 0.079667 ms MarkObjects: 6.073750 ms  DeleteObjects: 1.303625 ms)

Prepare: number of updated asset objects reloaded= 0
========================================================================
Received Prepare
Begin MonoManager ReloadAssembly
Thread 0x16bcef000 may have been prematurely finalized
Symbol file LoadedFromMemory is not a mono symbol file
Symbol file LoadedFromMemory is not a mono symbol file
- Loaded All Assemblies, in  0.305 seconds
Refreshing native plugins compatible for Editor in 1.16 ms, found 2 plugins.
Native extension for OSXStandalone target not found
Native extension for WebGL target not found
Refreshing native plugins compatible for Editor in 1.69 ms, found 2 plugins.
[Package Manager] Failed to launch server process. Reason: Unity was launched with the -noUpm command-line argument
[Package Manager] Unable to send message (not connected to server process).
[Package Manager] Cannot connect to Unity Package Manager local server
ScheduleIndexationOnStartup MainProcess:False IndexOnStartup:True
Mono: successfully reloaded assembly
- Finished resetting the current domain, in  0.415 seconds
Domain Reload Profiling: 721ms
	BeginReloadAssembly (73ms)
		ExecutionOrderSort (0ms)
		DisableScriptedObjects (3ms)
		BackupInstance (0ms)
		ReleaseScriptingObjects (0ms)
		CreateAndSetChildDomain (21ms)
	RebuildCommonClasses (16ms)
	RebuildNativeTypeToScriptingClass (6ms)
	initialDomainReloadingComplete (10ms)
	LoadAllAssembliesAndSetupDomain (202ms)
		LoadAssemblies (156ms)
		RebuildTransferFunctionScriptingTraits (0ms)
		AnalyzeDomain (69ms)
			TypeCache.Refresh (7ms)
				TypeCache.ScanAssembly (0ms)
			BuildScriptInfoCaches (59ms)
			ResolveRequiredComponents (1ms)
	FinalizeReload (415ms)
		ReleaseScriptCaches (0ms)
		RebuildScriptCaches (0ms)
		SetupLoadedEditorAssemblies (366ms)
			LogAssemblyErrors (0ms)
			InitializePlatformSupportModulesInManaged (1ms)
			SetLoadedEditorAssemblies (2ms)
			BeforeProcessingInitializeOnLoad (85ms)
			ProcessInitializeOnLoadAttributes (174ms)
			ProcessInitializeOnLoadMethodAttributes (103ms)
			AfterProcessingInitializeOnLoad (1ms)
			EditorAssembliesLoaded (0ms)
		ExecutionOrderSort2 (0ms)
		AwakeInstancesAfterBackupRestoration (1ms)
Refreshing native plugins compatible for Editor in 1.68 ms, found 2 plugins.
Preloading 1 native plugins for Editor in 1.16 ms.
Unloading 43 Unused Serialized files (Serialized files now loaded: 0)
Unloading 5193 unused Assets / (13.9 MB). Loaded Objects now: 6039.
Memory consumption went from 144.6 MB to 130.6 MB.
Total: 8.138542 ms (FindLiveObjects: 0.206334 ms CreateObjectMapping: 0.085166 ms MarkObjects: 6.645459 ms  DeleteObjects: 1.201417 ms)

Prepare: number of updated asset objects reloaded= 0
========================================================================
Received Prepare
Refreshing native plugins compatible for Editor in 1.57 ms, found 2 plugins.
Preloading 1 native plugins for Editor in 1.16 ms.
Unloading 43 Unused Serialized files (Serialized files now loaded: 0)
Unloading 5148 unused Assets / (13.3 MB). Loaded Objects now: 6039.
Memory consumption went from 132.1 MB to 118.8 MB.
Total: 9.808875 ms (FindLiveObjects: 0.195042 ms CreateObjectMapping: 0.075667 ms MarkObjects: 8.299333 ms  DeleteObjects: 1.238541 ms)

Prepare: number of updated asset objects reloaded= 0
========================================================================
Received Prepare
Begin MonoManager ReloadAssembly
[Licensing::Client] Successfully resolved entitlement details
[Licensing::Module] License group:
  Id: F4-85AS-8ZW6-XMRF-425Z-XXXX
  Product: Unity Personal
  Type: ULF
  Expiration: Unlimited
[Licensing::Module] License group:
  Id: 6872810951280-UnityPersXXXX
  Product: Unity Personal
  Type: Assigned
  Expiration: Unlimited
Thread 0x16bcef000 may have been prematurely finalized
Symbol file LoadedFromMemory is not a mono symbol file
Symbol file LoadedFromMemory is not a mono symbol file
- Loaded All Assemblies, in  0.351 seconds
Refreshing native plugins compatible for Editor in 1.30 ms, found 2 plugins.
Native extension for OSXStandalone target not found
Native extension for WebGL target not found
Refreshing native plugins compatible for Editor in 1.49 ms, found 2 plugins.
[Package Manager] Failed to launch server process. Reason: Unity was launched with the -noUpm command-line argument
[Package Manager] Unable to send message (not connected to server process).
[Package Manager] Cannot connect to Unity Package Manager local server
ScheduleIndexationOnStartup MainProcess:False IndexOnStartup:True
Mono: successfully reloaded assembly
- Finished resetting the current domain, in  0.405 seconds
Domain Reload Profiling: 757ms
	BeginReloadAssembly (83ms)
		ExecutionOrderSort (0ms)
		DisableScriptedObjects (3ms)
		BackupInstance (0ms)
		ReleaseScriptingObjects (0ms)
		CreateAndSetChildDomain (23ms)
	RebuildCommonClasses (16ms)
	RebuildNativeTypeToScriptingClass (6ms)
	initialDomainReloadingComplete (10ms)
	LoadAllAssembliesAndSetupDomain (237ms)
		LoadAssemblies (198ms)
		RebuildTransferFunctionScriptingTraits (0ms)
		AnalyzeDomain (70ms)
			TypeCache.Refresh (8ms)
				TypeCache.ScanAssembly (0ms)
			BuildScriptInfoCaches (59ms)
			ResolveRequiredComponents (1ms)
	FinalizeReload (405ms)
		ReleaseScriptCaches (0ms)
		RebuildScriptCaches (0ms)
		SetupLoadedEditorAssemblies (357ms)
			LogAssemblyErrors (0ms)
			InitializePlatformSupportModulesInManaged (1ms)
			SetLoadedEditorAssemblies (2ms)
			BeforeProcessingInitializeOnLoad (85ms)
			ProcessInitializeOnLoadAttributes (168ms)
			ProcessInitializeOnLoadMethodAttributes (101ms)
			AfterProcessingInitializeOnLoad (0ms)
			EditorAssembliesLoaded (0ms)
		ExecutionOrderSort2 (0ms)
		AwakeInstancesAfterBackupRestoration (1ms)
Refreshing native plugins compatible for Editor in 1.36 ms, found 2 plugins.
Preloading 1 native plugins for Editor in 1.12 ms.
Unloading 43 Unused Serialized files (Serialized files now loaded: 0)
Unloading 5193 unused Assets / (13.9 MB). Loaded Objects now: 6043.
Memory consumption went from 144.6 MB to 130.7 MB.
Total: 7.586917 ms (FindLiveObjects: 0.197459 ms CreateObjectMapping: 0.080750 ms MarkObjects: 6.085250 ms  DeleteObjects: 1.223250 ms)

Prepare: number of updated asset objects reloaded= 0
========================================================================
Received Prepare
Begin MonoManager ReloadAssembly
Thread 0x16bcef000 may have been prematurely finalized
Symbol file LoadedFromMemory is not a mono symbol file
Symbol file LoadedFromMemory is not a mono symbol file
- Loaded All Assemblies, in  0.340 seconds
Refreshing native plugins compatible for Editor in 1.26 ms, found 2 plugins.
Native extension for OSXStandalone target not found
Native extension for WebGL target not found
Refreshing native plugins compatible for Editor in 1.39 ms, found 2 plugins.
[Package Manager] Failed to launch server process. Reason: Unity was launched with the -noUpm command-line argument
[Package Manager] Unable to send message (not connected to server process).
[Package Manager] Cannot connect to Unity Package Manager local server
ScheduleIndexationOnStartup MainProcess:False IndexOnStartup:True
Mono: successfully reloaded assembly
- Finished resetting the current domain, in  0.459 seconds
Domain Reload Profiling: 801ms
	BeginReloadAssembly (76ms)
		ExecutionOrderSort (0ms)
		DisableScriptedObjects (3ms)
		BackupInstance (0ms)
		ReleaseScriptingObjects (0ms)
		CreateAndSetChildDomain (22ms)
	RebuildCommonClasses (16ms)
	RebuildNativeTypeToScriptingClass (6ms)
	initialDomainReloadingComplete (11ms)
	LoadAllAssembliesAndSetupDomain (233ms)
		LoadAssemblies (189ms)
		RebuildTransferFunctionScriptingTraits (0ms)
		AnalyzeDomain (69ms)
			TypeCache.Refresh (6ms)
				TypeCache.ScanAssembly (0ms)
			BuildScriptInfoCaches (60ms)
			ResolveRequiredComponents (1ms)
	FinalizeReload (459ms)
		ReleaseScriptCaches (0ms)
		RebuildScriptCaches (0ms)
		SetupLoadedEditorAssemblies (403ms)
			LogAssemblyErrors (0ms)
			InitializePlatformSupportModulesInManaged (1ms)
			SetLoadedEditorAssemblies (2ms)
			BeforeProcessingInitializeOnLoad (96ms)
			ProcessInitializeOnLoadAttributes (193ms)
			ProcessInitializeOnLoadMethodAttributes (111ms)
			AfterProcessingInitializeOnLoad (1ms)
			EditorAssembliesLoaded (0ms)
		ExecutionOrderSort2 (0ms)
		AwakeInstancesAfterBackupRestoration (1ms)
Refreshing native plugins compatible for Editor in 1.56 ms, found 2 plugins.
Preloading 1 native plugins for Editor in 1.29 ms.
Unloading 43 Unused Serialized files (Serialized files now loaded: 0)
Unloading 5193 unused Assets / (12.6 MB). Loaded Objects now: 6047.
Memory consumption went from 144.6 MB to 131.9 MB.
Total: 9.462834 ms (FindLiveObjects: 0.402375 ms CreateObjectMapping: 0.104625 ms MarkObjects: 7.216042 ms  DeleteObjects: 1.738792 ms)

Prepare: number of updated asset objects reloaded= 0
========================================================================
Received Prepare
Refreshing native plugins compatible for Editor in 1.68 ms, found 2 plugins.
Preloading 1 native plugins for Editor in 1.21 ms.
Unloading 43 Unused Serialized files (Serialized files now loaded: 0)
Unloading 5148 unused Assets / (12.8 MB). Loaded Objects now: 6047.
Memory consumption went from 132.1 MB to 119.3 MB.
Total: 8.458875 ms (FindLiveObjects: 0.206750 ms CreateObjectMapping: 0.085625 ms MarkObjects: 6.878333 ms  DeleteObjects: 1.287917 ms)

Prepare: number of updated asset objects reloaded= 0
========================================================================
Received Prepare
Begin MonoManager ReloadAssembly
[Licensing::Client] Successfully resolved entitlement details
[Licensing::Module] License group:
  Id: F4-85AS-8ZW6-XMRF-425Z-XXXX
  Product: Unity Personal
  Type: ULF
  Expiration: Unlimited
[Licensing::Module] License group:
  Id: 6872810951280-UnityPersXXXX
  Product: Unity Personal
  Type: Assigned
  Expiration: Unlimited
Thread 0x16bcef000 may have been prematurely finalized
Symbol file LoadedFromMemory is not a mono symbol file
Symbol file LoadedFromMemory is not a mono symbol file
- Loaded All Assemblies, in  0.319 seconds
Refreshing native plugins compatible for Editor in 1.30 ms, found 2 plugins.
Native extension for OSXStandalone target not found
Native extension for WebGL target not found
Refreshing native plugins compatible for Editor in 1.67 ms, found 2 plugins.
[Package Manager] Failed to launch server process. Reason: Unity was launched with the -noUpm command-line argument
[Package Manager] Unable to send message (not connected to server process).
[Package Manager] Cannot connect to Unity Package Manager local server
ScheduleIndexationOnStartup MainProcess:False IndexOnStartup:True
Mono: successfully reloaded assembly
- Finished resetting the current domain, in  0.404 seconds
Domain Reload Profiling: 724ms
	BeginReloadAssembly (72ms)
		ExecutionOrderSort (0ms)
		DisableScriptedObjects (3ms)
		BackupInstance (0ms)
		ReleaseScriptingObjects (0ms)
		CreateAndSetChildDomain (22ms)
	RebuildCommonClasses (16ms)
	RebuildNativeTypeToScriptingClass (6ms)
	initialDomainReloadingComplete (10ms)
	LoadAllAssembliesAndSetupDomain (216ms)
		LoadAssemblies (173ms)
		RebuildTransferFunctionScriptingTraits (0ms)
		AnalyzeDomain (65ms)
			TypeCache.Refresh (6ms)
				TypeCache.ScanAssembly (0ms)
			BuildScriptInfoCaches (57ms)
			ResolveRequiredComponents (1ms)
	FinalizeReload (404ms)
		ReleaseScriptCaches (0ms)
		RebuildScriptCaches (0ms)
		SetupLoadedEditorAssemblies (354ms)
			LogAssemblyErrors (0ms)
			InitializePlatformSupportModulesInManaged (1ms)
			SetLoadedEditorAssemblies (2ms)
			BeforeProcessingInitializeOnLoad (84ms)
			ProcessInitializeOnLoadAttributes (168ms)
			ProcessInitializeOnLoadMethodAttributes (99ms)
			AfterProcessingInitializeOnLoad (1ms)
			EditorAssembliesLoaded (0ms)
		ExecutionOrderSort2 (0ms)
		AwakeInstancesAfterBackupRestoration (1ms)
Refreshing native plugins compatible for Editor in 1.58 ms, found 2 plugins.
Preloading 1 native plugins for Editor in 1.13 ms.
Unloading 43 Unused Serialized files (Serialized files now loaded: 0)
Unloading 5193 unused Assets / (14.3 MB). Loaded Objects now: 6051.
Memory consumption went from 144.6 MB to 130.2 MB.
Total: 7.801917 ms (FindLiveObjects: 0.188833 ms CreateObjectMapping: 0.074125 ms MarkObjects: 6.229042 ms  DeleteObjects: 1.309750 ms)

Prepare: number of updated asset objects reloaded= 0
========================================================================
Received Prepare
Begin MonoManager ReloadAssembly
Thread 0x16bcef000 may have been prematurely finalized
Symbol file LoadedFromMemory is not a mono symbol file
Symbol file LoadedFromMemory is not a mono symbol file
- Loaded All Assemblies, in  0.342 seconds
Refreshing native plugins compatible for Editor in 1.17 ms, found 2 plugins.
Native extension for OSXStandalone target not found
Native extension for WebGL target not found
Refreshing native plugins compatible for Editor in 2.21 ms, found 2 plugins.
[Package Manager] Failed to launch server process. Reason: Unity was launched with the -noUpm command-line argument
[Package Manager] Unable to send message (not connected to server process).
[Package Manager] Cannot connect to Unity Package Manager local server
ScheduleIndexationOnStartup MainProcess:False IndexOnStartup:True
Mono: successfully reloaded assembly
- Finished resetting the current domain, in  0.450 seconds
Domain Reload Profiling: 794ms
	BeginReloadAssembly (72ms)
		ExecutionOrderSort (0ms)
		DisableScriptedObjects (3ms)
		BackupInstance (0ms)
		ReleaseScriptingObjects (0ms)
		CreateAndSetChildDomain (21ms)
	RebuildCommonClasses (16ms)
	RebuildNativeTypeToScriptingClass (6ms)
	initialDomainReloadingComplete (10ms)
	LoadAllAssembliesAndSetupDomain (240ms)
		LoadAssemblies (196ms)
		RebuildTransferFunctionScriptingTraits (0ms)
		AnalyzeDomain (65ms)
			TypeCache.Refresh (5ms)
				TypeCache.ScanAssembly (0ms)
			BuildScriptInfoCaches (57ms)
			ResolveRequiredComponents (1ms)
	FinalizeReload (450ms)
		ReleaseScriptCaches (0ms)
		RebuildScriptCaches (0ms)
		SetupLoadedEditorAssemblies (393ms)
			LogAssemblyErrors (0ms)
			InitializePlatformSupportModulesInManaged (1ms)
			SetLoadedEditorAssemblies (2ms)
			BeforeProcessingInitializeOnLoad (94ms)
			ProcessInitializeOnLoadAttributes (184ms)
			ProcessInitializeOnLoadMethodAttributes (111ms)
			AfterProcessingInitializeOnLoad (1ms)
			EditorAssembliesLoaded (0ms)
		ExecutionOrderSort2 (0ms)
		AwakeInstancesAfterBackupRestoration (2ms)
Refreshing native plugins compatible for Editor in 1.81 ms, found 2 plugins.
Preloading 1 native plugins for Editor in 1.30 ms.
Unloading 43 Unused Serialized files (Serialized files now loaded: 0)
Unloading 5193 unused Assets / (13.3 MB). Loaded Objects now: 6055.
Memory consumption went from 144.6 MB to 131.3 MB.
Total: 8.759250 ms (FindLiveObjects: 0.205042 ms CreateObjectMapping: 0.079208 ms MarkObjects: 7.061125 ms  DeleteObjects: 1.413500 ms)

Prepare: number of updated asset objects reloaded= 0
========================================================================
Received Prepare
Begin MonoManager ReloadAssembly
[Licensing::Client] Successfully resolved entitlement details
[Licensing::Module] License group:
  Id: F4-85AS-8ZW6-XMRF-425Z-XXXX
  Product: Unity Personal
  Type: ULF
  Expiration: Unlimited
[Licensing::Module] License group:
  Id: 6872810951280-UnityPersXXXX
  Product: Unity Personal
  Type: Assigned
  Expiration: Unlimited
Thread 0x16bcef000 may have been prematurely finalized
Symbol file LoadedFromMemory is not a mono symbol file
Symbol file LoadedFromMemory is not a mono symbol file
- Loaded All Assemblies, in  0.315 seconds
Refreshing native plugins compatible for Editor in 1.48 ms, found 2 plugins.
Native extension for OSXStandalone target not found
Native extension for WebGL target not found
Refreshing native plugins compatible for Editor in 1.06 ms, found 2 plugins.
[Package Manager] Failed to launch server process. Reason: Unity was launched with the -noUpm command-line argument
[Package Manager] Unable to send message (not connected to server process).
[Package Manager] Cannot connect to Unity Package Manager local server
ScheduleIndexationOnStartup MainProcess:False IndexOnStartup:True
Mono: successfully reloaded assembly
- Finished resetting the current domain, in  0.456 seconds
Domain Reload Profiling: 773ms
	BeginReloadAssembly (72ms)
		ExecutionOrderSort (0ms)
		DisableScriptedObjects (3ms)
		BackupInstance (0ms)
		ReleaseScriptingObjects (0ms)
		CreateAndSetChildDomain (21ms)
	RebuildCommonClasses (16ms)
	RebuildNativeTypeToScriptingClass (6ms)
	initialDomainReloadingComplete (10ms)
	LoadAllAssembliesAndSetupDomain (212ms)
		LoadAssemblies (169ms)
		RebuildTransferFunctionScriptingTraits (0ms)
		AnalyzeDomain (65ms)
			TypeCache.Refresh (4ms)
				TypeCache.ScanAssembly (0ms)
			BuildScriptInfoCaches (57ms)
			ResolveRequiredComponents (1ms)
	FinalizeReload (456ms)
		ReleaseScriptCaches (0ms)
		RebuildScriptCaches (0ms)
		SetupLoadedEditorAssemblies (401ms)
			LogAssemblyErrors (0ms)
			InitializePlatformSupportModulesInManaged (1ms)
			SetLoadedEditorAssemblies (2ms)
			BeforeProcessingInitializeOnLoad (98ms)
			ProcessInitializeOnLoadAttributes (188ms)
			ProcessInitializeOnLoadMethodAttributes (111ms)
			AfterProcessingInitializeOnLoad (1ms)
			EditorAssembliesLoaded (0ms)
		ExecutionOrderSort2 (0ms)
		AwakeInstancesAfterBackupRestoration (2ms)
Refreshing native plugins compatible for Editor in 2.05 ms, found 2 plugins.
Preloading 1 native plugins for Editor in 1.14 ms.
Unloading 43 Unused Serialized files (Serialized files now loaded: 0)
Unloading 5193 unused Assets / (14.2 MB). Loaded Objects now: 6059.
Memory consumption went from 144.6 MB to 130.3 MB.
Total: 8.836750 ms (FindLiveObjects: 0.224292 ms CreateObjectMapping: 0.082833 ms MarkObjects: 7.037625 ms  DeleteObjects: 1.491667 ms)

Prepare: number of updated asset objects reloaded= 0
========================================================================
Received Prepare
Refreshing native plugins compatible for Editor in 1.54 ms, found 2 plugins.
Preloading 1 native plugins for Editor in 1.17 ms.
Unloading 43 Unused Serialized files (Serialized files now loaded: 0)
Unloading 5148 unused Assets / (14.4 MB). Loaded Objects now: 6059.
Memory consumption went from 132.2 MB to 117.8 MB.
Total: 18.309875 ms (FindLiveObjects: 0.263625 ms CreateObjectMapping: 0.076125 ms MarkObjects: 16.663209 ms  DeleteObjects: 1.306667 ms)

Prepare: number of updated asset objects reloaded= 0
========================================================================
Received Prepare
Begin MonoManager ReloadAssembly
[Licensing::Client] Successfully resolved entitlement details
[Licensing::Module] License group:
  Id: F4-85AS-8ZW6-XMRF-425Z-XXXX
  Product: Unity Personal
  Type: ULF
  Expiration: Unlimited
[Licensing::Module] License group:
  Id: 6872810951280-UnityPersXXXX
  Product: Unity Personal
  Type: Assigned
  Expiration: Unlimited
Thread 0x16bcef000 may have been prematurely finalized
Symbol file LoadedFromMemory is not a mono symbol file
Symbol file LoadedFromMemory is not a mono symbol file
- Loaded All Assemblies, in  0.391 seconds
Refreshing native plugins compatible for Editor in 1.51 ms, found 2 plugins.
Native extension for OSXStandalone target not found
Native extension for WebGL target not found
Refreshing native plugins compatible for Editor in 1.05 ms, found 2 plugins.
[Package Manager] Failed to launch server process. Reason: Unity was launched with the -noUpm command-line argument
[Package Manager] Unable to send message (not connected to server process).
[Package Manager] Cannot connect to Unity Package Manager local server
ScheduleIndexationOnStartup MainProcess:False IndexOnStartup:True
Mono: successfully reloaded assembly
- Finished resetting the current domain, in  0.400 seconds
Domain Reload Profiling: 792ms
	BeginReloadAssembly (106ms)
		ExecutionOrderSort (0ms)
		DisableScriptedObjects (3ms)
		BackupInstance (0ms)
		ReleaseScriptingObjects (0ms)
		CreateAndSetChildDomain (31ms)
	RebuildCommonClasses (15ms)
	RebuildNativeTypeToScriptingClass (6ms)
	initialDomainReloadingComplete (14ms)
	LoadAllAssembliesAndSetupDomain (251ms)
		LoadAssemblies (228ms)
		RebuildTransferFunctionScriptingTraits (0ms)
		AnalyzeDomain (67ms)
			TypeCache.Refresh (7ms)
				TypeCache.ScanAssembly (0ms)
			BuildScriptInfoCaches (57ms)
			ResolveRequiredComponents (1ms)
	FinalizeReload (400ms)
		ReleaseScriptCaches (0ms)
		RebuildScriptCaches (0ms)
		SetupLoadedEditorAssemblies (352ms)
			LogAssemblyErrors (0ms)
			InitializePlatformSupportModulesInManaged (1ms)
			SetLoadedEditorAssemblies (2ms)
			BeforeProcessingInitializeOnLoad (86ms)
			ProcessInitializeOnLoadAttributes (165ms)
			ProcessInitializeOnLoadMethodAttributes (98ms)
			AfterProcessingInitializeOnLoad (0ms)
			EditorAssembliesLoaded (0ms)
		ExecutionOrderSort2 (0ms)
		AwakeInstancesAfterBackupRestoration (1ms)
Refreshing native plugins compatible for Editor in 1.46 ms, found 2 plugins.
Preloading 1 native plugins for Editor in 1.15 ms.
Unloading 43 Unused Serialized files (Serialized files now loaded: 0)
Unloading 5193 unused Assets / (14.3 MB). Loaded Objects now: 6063.
Memory consumption went from 144.6 MB to 130.4 MB.
Total: 7.742667 ms (FindLiveObjects: 0.192959 ms CreateObjectMapping: 0.072625 ms MarkObjects: 6.196125 ms  DeleteObjects: 1.280792 ms)

Prepare: number of updated asset objects reloaded= 0
========================================================================
Received Prepare
Refreshing native plugins compatible for Editor in 1.47 ms, found 2 plugins.
Preloading 1 native plugins for Editor in 1.24 ms.
Unloading 43 Unused Serialized files (Serialized files now loaded: 0)
Unloading 5148 unused Assets / (12.2 MB). Loaded Objects now: 6063.
Memory consumption went from 132.2 MB to 120.0 MB.
Total: 8.552334 ms (FindLiveObjects: 0.206459 ms CreateObjectMapping: 0.083708 ms MarkObjects: 7.057167 ms  DeleteObjects: 1.204750 ms)

Prepare: number of updated asset objects reloaded= 0
========================================================================
Received Prepare
Refreshing native plugins compatible for Editor in 1.54 ms, found 2 plugins.
Preloading 1 native plugins for Editor in 1.13 ms.
Unloading 43 Unused Serialized files (Serialized files now loaded: 0)
Unloading 5148 unused Assets / (14.0 MB). Loaded Objects now: 6063.
Memory consumption went from 132.2 MB to 118.2 MB.
Total: 7.554583 ms (FindLiveObjects: 0.201417 ms CreateObjectMapping: 0.071583 ms MarkObjects: 6.071875 ms  DeleteObjects: 1.209583 ms)

Prepare: number of updated asset objects reloaded= 0
========================================================================
Received Prepare
Refreshing native plugins compatible for Editor in 1.53 ms, found 2 plugins.
Preloading 1 native plugins for Editor in 1.13 ms.
Unloading 43 Unused Serialized files (Serialized files now loaded: 0)
Unloading 5148 unused Assets / (14.2 MB). Loaded Objects now: 6063.
Memory consumption went from 132.2 MB to 118.0 MB.
Total: 7.480375 ms (FindLiveObjects: 0.189666 ms CreateObjectMapping: 0.081000 ms MarkObjects: 5.980500 ms  DeleteObjects: 1.229042 ms)

Prepare: number of updated asset objects reloaded= 0
========================================================================
Received Prepare
Begin MonoManager ReloadAssembly
[Licensing::Client] Successfully resolved entitlement details
[Licensing::Module] License group:
  Id: F4-85AS-8ZW6-XMRF-425Z-XXXX
  Product: Unity Personal
  Type: ULF
  Expiration: Unlimited
[Licensing::Module] License group:
  Id: 6872810951280-UnityPersXXXX
  Product: Unity Personal
  Type: Assigned
  Expiration: Unlimited
Thread 0x16bcef000 may have been prematurely finalized
Symbol file LoadedFromMemory is not a mono symbol file
Symbol file LoadedFromMemory is not a mono symbol file
- Loaded All Assemblies, in  0.337 seconds
Refreshing native plugins compatible for Editor in 1.48 ms, found 2 plugins.
Native extension for OSXStandalone target not found
Native extension for WebGL target not found
Refreshing native plugins compatible for Editor in 1.19 ms, found 2 plugins.
[Package Manager] Failed to launch server process. Reason: Unity was launched with the -noUpm command-line argument
[Package Manager] Unable to send message (not connected to server process).
[Package Manager] Cannot connect to Unity Package Manager local server
ScheduleIndexationOnStartup MainProcess:False IndexOnStartup:True
Mono: successfully reloaded assembly
- Finished resetting the current domain, in  0.391 seconds
Domain Reload Profiling: 729ms
	BeginReloadAssembly (69ms)
		ExecutionOrderSort (0ms)
		DisableScriptedObjects (2ms)
		BackupInstance (0ms)
		ReleaseScriptingObjects (0ms)
		CreateAndSetChildDomain (20ms)
	RebuildCommonClasses (15ms)
	RebuildNativeTypeToScriptingClass (6ms)
	initialDomainReloadingComplete (10ms)
	LoadAllAssembliesAndSetupDomain (238ms)
		LoadAssemblies (197ms)
		RebuildTransferFunctionScriptingTraits (0ms)
		AnalyzeDomain (63ms)
			TypeCache.Refresh (7ms)
				TypeCache.ScanAssembly (0ms)
			BuildScriptInfoCaches (53ms)
			ResolveRequiredComponents (1ms)
	FinalizeReload (391ms)
		ReleaseScriptCaches (0ms)
		RebuildScriptCaches (0ms)
		SetupLoadedEditorAssemblies (344ms)
			LogAssemblyErrors (0ms)
			InitializePlatformSupportModulesInManaged (1ms)
			SetLoadedEditorAssemblies (2ms)
			BeforeProcessingInitializeOnLoad (84ms)
			ProcessInitializeOnLoadAttributes (164ms)
			ProcessInitializeOnLoadMethodAttributes (92ms)
			AfterProcessingInitializeOnLoad (1ms)
			EditorAssembliesLoaded (0ms)
		ExecutionOrderSort2 (0ms)
		AwakeInstancesAfterBackupRestoration (1ms)
Refreshing native plugins compatible for Editor in 1.24 ms, found 2 plugins.
Preloading 1 native plugins for Editor in 1.12 ms.
Unloading 43 Unused Serialized files (Serialized files now loaded: 0)
Unloading 5193 unused Assets / (14.3 MB). Loaded Objects now: 6067.
Memory consumption went from 144.6 MB to 130.3 MB.
Total: 7.732542 ms (FindLiveObjects: 0.181958 ms CreateObjectMapping: 0.080542 ms MarkObjects: 6.190917 ms  DeleteObjects: 1.278792 ms)

Prepare: number of updated asset objects reloaded= 0
========================================================================
Received Prepare
Begin MonoManager ReloadAssembly
Thread 0x16bcef000 may have been prematurely finalized
Symbol file LoadedFromMemory is not a mono symbol file
Symbol file LoadedFromMemory is not a mono symbol file
- Loaded All Assemblies, in  0.317 seconds
Refreshing native plugins compatible for Editor in 1.06 ms, found 2 plugins.
Native extension for OSXStandalone target not found
Native extension for WebGL target not found
Refreshing native plugins compatible for Editor in 1.19 ms, found 2 plugins.
[Package Manager] Failed to launch server process. Reason: Unity was launched with the -noUpm command-line argument
[Package Manager] Unable to send message (not connected to server process).
[Package Manager] Cannot connect to Unity Package Manager local server
ScheduleIndexationOnStartup MainProcess:False IndexOnStartup:True
Mono: successfully reloaded assembly
- Finished resetting the current domain, in  0.454 seconds
Domain Reload Profiling: 772ms
	BeginReloadAssembly (71ms)
		ExecutionOrderSort (0ms)
		DisableScriptedObjects (3ms)
		BackupInstance (0ms)
		ReleaseScriptingObjects (0ms)
		CreateAndSetChildDomain (21ms)
	RebuildCommonClasses (15ms)
	RebuildNativeTypeToScriptingClass (6ms)
	initialDomainReloadingComplete (10ms)
	LoadAllAssembliesAndSetupDomain (216ms)
		LoadAssemblies (174ms)
		RebuildTransferFunctionScriptingTraits (0ms)
		AnalyzeDomain (64ms)
			TypeCache.Refresh (4ms)
				TypeCache.ScanAssembly (0ms)
			BuildScriptInfoCaches (56ms)
			ResolveRequiredComponents (2ms)
	FinalizeReload (454ms)
		ReleaseScriptCaches (0ms)
		RebuildScriptCaches (0ms)
		SetupLoadedEditorAssemblies (397ms)
			LogAssemblyErrors (0ms)
			InitializePlatformSupportModulesInManaged (1ms)
			SetLoadedEditorAssemblies (2ms)
			BeforeProcessingInitializeOnLoad (95ms)
			ProcessInitializeOnLoadAttributes (189ms)
			ProcessInitializeOnLoadMethodAttributes (110ms)
			AfterProcessingInitializeOnLoad (1ms)
			EditorAssembliesLoaded (0ms)
		ExecutionOrderSort2 (0ms)
		AwakeInstancesAfterBackupRestoration (2ms)
Refreshing native plugins compatible for Editor in 1.64 ms, found 2 plugins.
Preloading 1 native plugins for Editor in 1.27 ms.
Unloading 43 Unused Serialized files (Serialized files now loaded: 0)
Unloading 5193 unused Assets / (12.7 MB). Loaded Objects now: 6071.
Memory consumption went from 144.6 MB to 132.0 MB.
Total: 8.722167 ms (FindLiveObjects: 0.236042 ms CreateObjectMapping: 0.094917 ms MarkObjects: 6.834125 ms  DeleteObjects: 1.556833 ms)

Prepare: number of updated asset objects reloaded= 0
========================================================================
Received Prepare
Refreshing native plugins compatible for Editor in 1.46 ms, found 2 plugins.
Preloading 1 native plugins for Editor in 1.21 ms.
Unloading 43 Unused Serialized files (Serialized files now loaded: 0)
Unloading 5148 unused Assets / (14.2 MB). Loaded Objects now: 6071.
Memory consumption went from 132.2 MB to 118.0 MB.
Total: 8.101083 ms (FindLiveObjects: 0.194875 ms CreateObjectMapping: 0.084541 ms MarkObjects: 6.570167 ms  DeleteObjects: 1.251333 ms)

Prepare: number of updated asset objects reloaded= 0
========================================================================
Received Prepare
Begin MonoManager ReloadAssembly
[Licensing::Client] Successfully resolved entitlement details
[Licensing::Module] License group:
  Id: F4-85AS-8ZW6-XMRF-425Z-XXXX
  Product: Unity Personal
  Type: ULF
  Expiration: Unlimited
[Licensing::Module] License group:
  Id: 6872810951280-UnityPersXXXX
  Product: Unity Personal
  Type: Assigned
  Expiration: Unlimited
Thread 0x16bcef000 may have been prematurely finalized
Symbol file LoadedFromMemory is not a mono symbol file
Symbol file LoadedFromMemory is not a mono symbol file
- Loaded All Assemblies, in  0.365 seconds
Refreshing native plugins compatible for Editor in 1.25 ms, found 2 plugins.
Native extension for OSXStandalone target not found
Native extension for WebGL target not found
Refreshing native plugins compatible for Editor in 1.30 ms, found 2 plugins.
[Package Manager] Failed to launch server process. Reason: Unity was launched with the -noUpm command-line argument
[Package Manager] Unable to send message (not connected to server process).
[Package Manager] Cannot connect to Unity Package Manager local server
ScheduleIndexationOnStartup MainProcess:False IndexOnStartup:True
Mono: successfully reloaded assembly
- Finished resetting the current domain, in  0.413 seconds
Domain Reload Profiling: 779ms
	BeginReloadAssembly (78ms)
		ExecutionOrderSort (0ms)
		DisableScriptedObjects (3ms)
		BackupInstance (0ms)
		ReleaseScriptingObjects (0ms)
		CreateAndSetChildDomain (22ms)
	RebuildCommonClasses (15ms)
	RebuildNativeTypeToScriptingClass (6ms)
	initialDomainReloadingComplete (11ms)
	LoadAllAssembliesAndSetupDomain (256ms)
		LoadAssemblies (209ms)
		RebuildTransferFunctionScriptingTraits (0ms)
		AnalyzeDomain (71ms)
			TypeCache.Refresh (8ms)
				TypeCache.ScanAssembly (0ms)
			BuildScriptInfoCaches (60ms)
			ResolveRequiredComponents (1ms)
	FinalizeReload (413ms)
		ReleaseScriptCaches (0ms)
		RebuildScriptCaches (0ms)
		SetupLoadedEditorAssemblies (361ms)
			LogAssemblyErrors (0ms)
			InitializePlatformSupportModulesInManaged (1ms)
			SetLoadedEditorAssemblies (2ms)
			BeforeProcessingInitializeOnLoad (85ms)
			ProcessInitializeOnLoadAttributes (178ms)
			ProcessInitializeOnLoadMethodAttributes (96ms)
			AfterProcessingInitializeOnLoad (1ms)
			EditorAssembliesLoaded (0ms)
		ExecutionOrderSort2 (0ms)
		AwakeInstancesAfterBackupRestoration (1ms)
Refreshing native plugins compatible for Editor in 2.24 ms, found 2 plugins.
Preloading 1 native plugins for Editor in 1.14 ms.
Unloading 43 Unused Serialized files (Serialized files now loaded: 0)
Unloading 5193 unused Assets / (12.3 MB). Loaded Objects now: 6075.
Memory consumption went from 144.6 MB to 132.4 MB.
Total: 8.361459 ms (FindLiveObjects: 0.190292 ms CreateObjectMapping: 0.078791 ms MarkObjects: 6.883084 ms  DeleteObjects: 1.208875 ms)

Prepare: number of updated asset objects reloaded= 0
========================================================================
Received Prepare
Refreshing native plugins compatible for Editor in 1.63 ms, found 2 plugins.
Preloading 1 native plugins for Editor in 1.16 ms.
Unloading 43 Unused Serialized files (Serialized files now loaded: 0)
Unloading 5148 unused Assets / (14.4 MB). Loaded Objects now: 6075.
Memory consumption went from 132.2 MB to 117.8 MB.
Total: 8.106459 ms (FindLiveObjects: 0.203708 ms CreateObjectMapping: 0.086875 ms MarkObjects: 6.384584 ms  DeleteObjects: 1.430750 ms)

Prepare: number of updated asset objects reloaded= 0
========================================================================
Received Prepare
Refreshing native plugins compatible for Editor in 1.59 ms, found 2 plugins.
Preloading 1 native plugins for Editor in 1.18 ms.
Unloading 43 Unused Serialized files (Serialized files now loaded: 0)
Unloading 5148 unused Assets / (14.0 MB). Loaded Objects now: 6075.
Memory consumption went from 132.2 MB to 118.2 MB.
Total: 7.569084 ms (FindLiveObjects: 0.194459 ms CreateObjectMapping: 0.083166 ms MarkObjects: 6.102458 ms  DeleteObjects: 1.188917 ms)

Prepare: number of updated asset objects reloaded= 0
========================================================================
Received Prepare
Refreshing native plugins compatible for Editor in 1.53 ms, found 2 plugins.
Preloading 1 native plugins for Editor in 1.18 ms.
Unloading 43 Unused Serialized files (Serialized files now loaded: 0)
Unloading 5148 unused Assets / (14.3 MB). Loaded Objects now: 6075.
Memory consumption went from 132.2 MB to 117.9 MB.
Total: 7.797292 ms (FindLiveObjects: 0.202416 ms CreateObjectMapping: 0.087542 ms MarkObjects: 6.209333 ms  DeleteObjects: 1.297792 ms)

Prepare: number of updated asset objects reloaded= 0
========================================================================
Received Prepare
Begin MonoManager ReloadAssembly
Thread 0x16bcef000 may have been prematurely finalized
Symbol file LoadedFromMemory is not a mono symbol file
Symbol file LoadedFromMemory is not a mono symbol file
- Loaded All Assemblies, in  0.297 seconds
Refreshing native plugins compatible for Editor in 1.18 ms, found 2 plugins.
Native extension for OSXStandalone target not found
Native extension for WebGL target not found
Refreshing native plugins compatible for Editor in 1.21 ms, found 2 plugins.
[Package Manager] Failed to launch server process. Reason: Unity was launched with the -noUpm command-line argument
[Package Manager] Unable to send message (not connected to server process).
[Package Manager] Cannot connect to Unity Package Manager local server
ScheduleIndexationOnStartup MainProcess:False IndexOnStartup:True
Mono: successfully reloaded assembly
- Finished resetting the current domain, in  0.407 seconds
Domain Reload Profiling: 706ms
	BeginReloadAssembly (71ms)
		ExecutionOrderSort (0ms)
		DisableScriptedObjects (3ms)
		BackupInstance (0ms)
		ReleaseScriptingObjects (0ms)
		CreateAndSetChildDomain (21ms)
	RebuildCommonClasses (16ms)
	RebuildNativeTypeToScriptingClass (6ms)
	initialDomainReloadingComplete (10ms)
	LoadAllAssembliesAndSetupDomain (196ms)
		LoadAssemblies (149ms)
		RebuildTransferFunctionScriptingTraits (0ms)
		AnalyzeDomain (68ms)
			TypeCache.Refresh (7ms)
				TypeCache.ScanAssembly (0ms)
			BuildScriptInfoCaches (58ms)
			ResolveRequiredComponents (1ms)
	FinalizeReload (407ms)
		ReleaseScriptCaches (0ms)
		RebuildScriptCaches (0ms)
		SetupLoadedEditorAssemblies (355ms)
			LogAssemblyErrors (0ms)
			InitializePlatformSupportModulesInManaged (1ms)
			SetLoadedEditorAssemblies (2ms)
			BeforeProcessingInitializeOnLoad (85ms)
			ProcessInitializeOnLoadAttributes (173ms)
			ProcessInitializeOnLoadMethodAttributes (93ms)
			AfterProcessingInitializeOnLoad (0ms)
			EditorAssembliesLoaded (0ms)
		ExecutionOrderSort2 (0ms)
		AwakeInstancesAfterBackupRestoration (1ms)
Refreshing native plugins compatible for Editor in 1.55 ms, found 2 plugins.
Preloading 1 native plugins for Editor in 1.19 ms.
Unloading 43 Unused Serialized files (Serialized files now loaded: 0)
Unloading 5193 unused Assets / (14.3 MB). Loaded Objects now: 6079.
Memory consumption went from 144.6 MB to 130.3 MB.
Total: 7.904250 ms (FindLiveObjects: 0.201875 ms CreateObjectMapping: 0.076292 ms MarkObjects: 6.311750 ms  DeleteObjects: 1.314084 ms)

Prepare: number of updated asset objects reloaded= 0
========================================================================
Received Prepare
Refreshing native plugins compatible for Editor in 1.59 ms, found 2 plugins.
Preloading 1 native plugins for Editor in 1.12 ms.
Unloading 43 Unused Serialized files (Serialized files now loaded: 0)
Unloading 5148 unused Assets / (13.3 MB). Loaded Objects now: 6079.
Memory consumption went from 132.2 MB to 118.9 MB.
Total: 8.177875 ms (FindLiveObjects: 0.192667 ms CreateObjectMapping: 0.081417 ms MarkObjects: 6.642208 ms  DeleteObjects: 1.261417 ms)

Prepare: number of updated asset objects reloaded= 0
========================================================================
Received Prepare
Refreshing native plugins compatible for Editor in 1.54 ms, found 2 plugins.
Preloading 1 native plugins for Editor in 1.14 ms.
Unloading 43 Unused Serialized files (Serialized files now loaded: 0)
Unloading 5148 unused Assets / (14.3 MB). Loaded Objects now: 6079.
Memory consumption went from 132.2 MB to 117.9 MB.
Total: 8.375917 ms (FindLiveObjects: 0.208750 ms CreateObjectMapping: 0.079292 ms MarkObjects: 6.842750 ms  DeleteObjects: 1.244625 ms)

Prepare: number of updated asset objects reloaded= 0
========================================================================
Received Prepare
Refreshing native plugins compatible for Editor in 1.60 ms, found 2 plugins.
Preloading 1 native plugins for Editor in 1.12 ms.
Unloading 43 Unused Serialized files (Serialized files now loaded: 0)
Unloading 5148 unused Assets / (14.2 MB). Loaded Objects now: 6079.
Memory consumption went from 132.2 MB to 118.0 MB.
Total: 7.519125 ms (FindLiveObjects: 0.205167 ms CreateObjectMapping: 0.079291 ms MarkObjects: 6.002000 ms  DeleteObjects: 1.232458 ms)

Prepare: number of updated asset objects reloaded= 0
========================================================================
Received Prepare
Refreshing native plugins compatible for Editor in 1.52 ms, found 2 plugins.
Preloading 1 native plugins for Editor in 1.10 ms.
Unloading 43 Unused Serialized files (Serialized files now loaded: 0)
Unloading 5148 unused Assets / (14.2 MB). Loaded Objects now: 6079.
Memory consumption went from 132.2 MB to 118.0 MB.
Total: 7.466333 ms (FindLiveObjects: 0.192417 ms CreateObjectMapping: 0.079542 ms MarkObjects: 5.947375 ms  DeleteObjects: 1.246750 ms)

Prepare: number of updated asset objects reloaded= 0
========================================================================
Received Prepare
Refreshing native plugins compatible for Editor in 1.54 ms, found 2 plugins.
Preloading 1 native plugins for Editor in 1.13 ms.
Unloading 43 Unused Serialized files (Serialized files now loaded: 0)
Unloading 5148 unused Assets / (14.3 MB). Loaded Objects now: 6079.
Memory consumption went from 132.2 MB to 117.9 MB.
Total: 7.024708 ms (FindLiveObjects: 0.191333 ms CreateObjectMapping: 0.079583 ms MarkObjects: 5.513292 ms  DeleteObjects: 1.240416 ms)

Prepare: number of updated asset objects reloaded= 0
========================================================================
Received Prepare
Refreshing native plugins compatible for Editor in 1.40 ms, found 2 plugins.
Preloading 1 native plugins for Editor in 1.12 ms.
Unloading 43 Unused Serialized files (Serialized files now loaded: 0)
Unloading 5148 unused Assets / (14.2 MB). Loaded Objects now: 6079.
Memory consumption went from 132.2 MB to 118.0 MB.
Total: 7.585167 ms (FindLiveObjects: 0.192958 ms CreateObjectMapping: 0.077834 ms MarkObjects: 6.071458 ms  DeleteObjects: 1.242750 ms)

Prepare: number of updated asset objects reloaded= 0
========================================================================
Received Prepare
Refreshing native plugins compatible for Editor in 1.53 ms, found 2 plugins.
Preloading 1 native plugins for Editor in 1.14 ms.
Unloading 43 Unused Serialized files (Serialized files now loaded: 0)
Unloading 5148 unused Assets / (14.4 MB). Loaded Objects now: 6079.
Memory consumption went from 132.2 MB to 117.8 MB.
Total: 7.609833 ms (FindLiveObjects: 0.190458 ms CreateObjectMapping: 0.081833 ms MarkObjects: 6.038500 ms  DeleteObjects: 1.298833 ms)

Prepare: number of updated asset objects reloaded= 0
========================================================================
Received Prepare
Refreshing native plugins compatible for Editor in 1.54 ms, found 2 plugins.
Preloading 1 native plugins for Editor in 1.15 ms.
Unloading 43 Unused Serialized files (Serialized files now loaded: 0)
Unloading 5148 unused Assets / (13.7 MB). Loaded Objects now: 6079.
Memory consumption went from 132.2 MB to 118.5 MB.
Total: 7.765958 ms (FindLiveObjects: 0.230625 ms CreateObjectMapping: 0.089458 ms MarkObjects: 6.140125 ms  DeleteObjects: 1.305666 ms)

Prepare: number of updated asset objects reloaded= 0
========================================================================
Received Prepare
Begin MonoManager ReloadAssembly
[Licensing::Client] Successfully resolved entitlement details
[Licensing::Module] License group:
  Id: F4-85AS-8ZW6-XMRF-425Z-XXXX
  Product: Unity Personal
  Type: ULF
  Expiration: Unlimited
[Licensing::Module] License group:
  Id: 6872810951280-UnityPersXXXX
  Product: Unity Personal
  Type: Assigned
  Expiration: Unlimited
Thread 0x16bcef000 may have been prematurely finalized
Symbol file LoadedFromMemory is not a mono symbol file
Symbol file LoadedFromMemory is not a mono symbol file
- Loaded All Assemblies, in  0.337 seconds
Refreshing native plugins compatible for Editor in 1.27 ms, found 2 plugins.
Native extension for OSXStandalone target not found
Native extension for WebGL target not found
Refreshing native plugins compatible for Editor in 1.33 ms, found 2 plugins.
[Package Manager] Failed to launch server process. Reason: Unity was launched with the -noUpm command-line argument
[Package Manager] Unable to send message (not connected to server process).
[Package Manager] Cannot connect to Unity Package Manager local server
ScheduleIndexationOnStartup MainProcess:False IndexOnStartup:True
Mono: successfully reloaded assembly
- Finished resetting the current domain, in  0.402 seconds
Domain Reload Profiling: 739ms
	BeginReloadAssembly (75ms)
		ExecutionOrderSort (0ms)
		DisableScriptedObjects (3ms)
		BackupInstance (0ms)
		ReleaseScriptingObjects (0ms)
		CreateAndSetChildDomain (23ms)
	RebuildCommonClasses (16ms)
	RebuildNativeTypeToScriptingClass (6ms)
	initialDomainReloadingComplete (11ms)
	LoadAllAssembliesAndSetupDomain (230ms)
		LoadAssemblies (186ms)
		RebuildTransferFunctionScriptingTraits (0ms)
		AnalyzeDomain (68ms)
			TypeCache.Refresh (7ms)
				TypeCache.ScanAssembly (0ms)
			BuildScriptInfoCaches (58ms)
			ResolveRequiredComponents (1ms)
	FinalizeReload (402ms)
		ReleaseScriptCaches (0ms)
		RebuildScriptCaches (0ms)
		SetupLoadedEditorAssemblies (352ms)
			LogAssemblyErrors (0ms)
			InitializePlatformSupportModulesInManaged (1ms)
			SetLoadedEditorAssemblies (2ms)
			BeforeProcessingInitializeOnLoad (86ms)
			ProcessInitializeOnLoadAttributes (170ms)
			ProcessInitializeOnLoadMethodAttributes (93ms)
			AfterProcessingInitializeOnLoad (1ms)
			EditorAssembliesLoaded (0ms)
		ExecutionOrderSort2 (0ms)
		AwakeInstancesAfterBackupRestoration (1ms)
Refreshing native plugins compatible for Editor in 1.58 ms, found 2 plugins.
Preloading 1 native plugins for Editor in 1.17 ms.
Unloading 43 Unused Serialized files (Serialized files now loaded: 0)
Unloading 5193 unused Assets / (14.0 MB). Loaded Objects now: 6083.
Memory consumption went from 144.7 MB to 130.7 MB.
Total: 7.758792 ms (FindLiveObjects: 0.190000 ms CreateObjectMapping: 0.078833 ms MarkObjects: 6.294792 ms  DeleteObjects: 1.194916 ms)

Prepare: number of updated asset objects reloaded= 0
========================================================================
Received Prepare
Refreshing native plugins compatible for Editor in 1.58 ms, found 2 plugins.
Preloading 1 native plugins for Editor in 1.16 ms.
Unloading 43 Unused Serialized files (Serialized files now loaded: 0)
Unloading 5148 unused Assets / (14.0 MB). Loaded Objects now: 6083.
Memory consumption went from 132.2 MB to 118.2 MB.
Total: 8.250584 ms (FindLiveObjects: 0.192125 ms CreateObjectMapping: 0.088875 ms MarkObjects: 6.761375 ms  DeleteObjects: 1.208000 ms)

Prepare: number of updated asset objects reloaded= 0
========================================================================
Received Prepare
Begin MonoManager ReloadAssembly
Thread 0x16bcef000 may have been prematurely finalized
Symbol file LoadedFromMemory is not a mono symbol file
Symbol file LoadedFromMemory is not a mono symbol file
- Loaded All Assemblies, in  0.312 seconds
Refreshing native plugins compatible for Editor in 1.50 ms, found 2 plugins.
Native extension for OSXStandalone target not found
Native extension for WebGL target not found
Refreshing native plugins compatible for Editor in 1.17 ms, found 2 plugins.
[Package Manager] Failed to launch server process. Reason: Unity was launched with the -noUpm command-line argument
[Package Manager] Unable to send message (not connected to server process).
[Package Manager] Cannot connect to Unity Package Manager local server
ScheduleIndexationOnStartup MainProcess:False IndexOnStartup:True
Mono: successfully reloaded assembly
- Finished resetting the current domain, in  0.417 seconds
Domain Reload Profiling: 730ms
	BeginReloadAssembly (76ms)
		ExecutionOrderSort (0ms)
		DisableScriptedObjects (3ms)
		BackupInstance (0ms)
		ReleaseScriptingObjects (0ms)
		CreateAndSetChildDomain (22ms)
	RebuildCommonClasses (16ms)
	RebuildNativeTypeToScriptingClass (6ms)
	initialDomainReloadingComplete (11ms)
	LoadAllAssembliesAndSetupDomain (205ms)
		LoadAssemblies (162ms)
		RebuildTransferFunctionScriptingTraits (0ms)
		AnalyzeDomain (68ms)
			TypeCache.Refresh (7ms)
				TypeCache.ScanAssembly (0ms)
			BuildScriptInfoCaches (58ms)
			ResolveRequiredComponents (1ms)
	FinalizeReload (417ms)
		ReleaseScriptCaches (0ms)
		RebuildScriptCaches (0ms)
		SetupLoadedEditorAssemblies (365ms)
			LogAssemblyErrors (0ms)
			InitializePlatformSupportModulesInManaged (1ms)
			SetLoadedEditorAssemblies (2ms)
			BeforeProcessingInitializeOnLoad (86ms)
			ProcessInitializeOnLoadAttributes (176ms)
			ProcessInitializeOnLoadMethodAttributes (100ms)
			AfterProcessingInitializeOnLoad (0ms)
			EditorAssembliesLoaded (0ms)
		ExecutionOrderSort2 (0ms)
		AwakeInstancesAfterBackupRestoration (1ms)
Refreshing native plugins compatible for Editor in 1.08 ms, found 2 plugins.
Preloading 1 native plugins for Editor in 1.10 ms.
Unloading 43 Unused Serialized files (Serialized files now loaded: 0)
Unloading 5193 unused Assets / (14.4 MB). Loaded Objects now: 6087.
Memory consumption went from 144.7 MB to 130.3 MB.
Total: 7.438709 ms (FindLiveObjects: 0.197750 ms CreateObjectMapping: 0.078250 ms MarkObjects: 5.859584 ms  DeleteObjects: 1.302709 ms)

Prepare: number of updated asset objects reloaded= 0
========================================================================
Received Prepare
Refreshing native plugins compatible for Editor in 1.59 ms, found 2 plugins.
Preloading 1 native plugins for Editor in 1.16 ms.
Unloading 43 Unused Serialized files (Serialized files now loaded: 0)
Unloading 5148 unused Assets / (13.2 MB). Loaded Objects now: 6087.
Memory consumption went from 132.2 MB to 119.0 MB.
Total: 7.886000 ms (FindLiveObjects: 0.203750 ms CreateObjectMapping: 0.084708 ms MarkObjects: 6.418625 ms  DeleteObjects: 1.178625 ms)

Prepare: number of updated asset objects reloaded= 0
========================================================================
Received Prepare
Begin MonoManager ReloadAssembly
Thread 0x16bcef000 may have been prematurely finalized
Symbol file LoadedFromMemory is not a mono symbol file
Symbol file LoadedFromMemory is not a mono symbol file
- Loaded All Assemblies, in  0.308 seconds
Refreshing native plugins compatible for Editor in 1.24 ms, found 2 plugins.
Native extension for OSXStandalone target not found
Native extension for WebGL target not found
Refreshing native plugins compatible for Editor in 1.51 ms, found 2 plugins.
[Package Manager] Failed to launch server process. Reason: Unity was launched with the -noUpm command-line argument
[Package Manager] Unable to send message (not connected to server process).
[Package Manager] Cannot connect to Unity Package Manager local server
ScheduleIndexationOnStartup MainProcess:False IndexOnStartup:True
Mono: successfully reloaded assembly
- Finished resetting the current domain, in  0.419 seconds
Domain Reload Profiling: 728ms
	BeginReloadAssembly (73ms)
		ExecutionOrderSort (0ms)
		DisableScriptedObjects (3ms)
		BackupInstance (0ms)
		ReleaseScriptingObjects (0ms)
		CreateAndSetChildDomain (23ms)
	RebuildCommonClasses (16ms)
	RebuildNativeTypeToScriptingClass (6ms)
	initialDomainReloadingComplete (11ms)
	LoadAllAssembliesAndSetupDomain (203ms)
		LoadAssemblies (159ms)
		RebuildTransferFunctionScriptingTraits (0ms)
		AnalyzeDomain (67ms)
			TypeCache.Refresh (6ms)
				TypeCache.ScanAssembly (0ms)
			BuildScriptInfoCaches (58ms)
			ResolveRequiredComponents (1ms)
	FinalizeReload (419ms)
		ReleaseScriptCaches (0ms)
		RebuildScriptCaches (0ms)
		SetupLoadedEditorAssemblies (368ms)
			LogAssemblyErrors (0ms)
			InitializePlatformSupportModulesInManaged (1ms)
			SetLoadedEditorAssemblies (2ms)
			BeforeProcessingInitializeOnLoad (87ms)
			ProcessInitializeOnLoadAttributes (177ms)
			ProcessInitializeOnLoadMethodAttributes (101ms)
			AfterProcessingInitializeOnLoad (0ms)
			EditorAssembliesLoaded (0ms)
		ExecutionOrderSort2 (0ms)
		AwakeInstancesAfterBackupRestoration (1ms)
Refreshing native plugins compatible for Editor in 1.48 ms, found 2 plugins.
Preloading 1 native plugins for Editor in 1.17 ms.
Unloading 43 Unused Serialized files (Serialized files now loaded: 0)
Unloading 5193 unused Assets / (14.0 MB). Loaded Objects now: 6091.
Memory consumption went from 144.7 MB to 130.7 MB.
Total: 7.793708 ms (FindLiveObjects: 0.197708 ms CreateObjectMapping: 0.081833 ms MarkObjects: 6.217917 ms  DeleteObjects: 1.296083 ms)

Prepare: number of updated asset objects reloaded= 0
========================================================================
Received Prepare
Refreshing native plugins compatible for Editor in 1.55 ms, found 2 plugins.
Preloading 1 native plugins for Editor in 1.15 ms.
Unloading 43 Unused Serialized files (Serialized files now loaded: 0)
Unloading 5148 unused Assets / (14.4 MB). Loaded Objects now: 6091.
Memory consumption went from 132.2 MB to 117.9 MB.
Total: 7.627708 ms (FindLiveObjects: 0.193208 ms CreateObjectMapping: 0.085917 ms MarkObjects: 6.060916 ms  DeleteObjects: 1.287250 ms)

Prepare: number of updated asset objects reloaded= 0
========================================================================
Received Prepare
Begin MonoManager ReloadAssembly
Thread 0x16bcef000 may have been prematurely finalized
Symbol file LoadedFromMemory is not a mono symbol file
Symbol file LoadedFromMemory is not a mono symbol file
- Loaded All Assemblies, in  0.305 seconds
Refreshing native plugins compatible for Editor in 1.43 ms, found 2 plugins.
Native extension for OSXStandalone target not found
Native extension for WebGL target not found
Refreshing native plugins compatible for Editor in 1.19 ms, found 2 plugins.
[Package Manager] Failed to launch server process. Reason: Unity was launched with the -noUpm command-line argument
[Package Manager] Unable to send message (not connected to server process).
[Package Manager] Cannot connect to Unity Package Manager local server
ScheduleIndexationOnStartup MainProcess:False IndexOnStartup:True
Mono: successfully reloaded assembly
- Finished resetting the current domain, in  0.413 seconds
Domain Reload Profiling: 720ms
	BeginReloadAssembly (74ms)
		ExecutionOrderSort (0ms)
		DisableScriptedObjects (3ms)
		BackupInstance (0ms)
		ReleaseScriptingObjects (0ms)
		CreateAndSetChildDomain (22ms)
	RebuildCommonClasses (16ms)
	RebuildNativeTypeToScriptingClass (6ms)
	initialDomainReloadingComplete (10ms)
	LoadAllAssembliesAndSetupDomain (201ms)
		LoadAssemblies (156ms)
		RebuildTransferFunctionScriptingTraits (0ms)
		AnalyzeDomain (68ms)
			TypeCache.Refresh (7ms)
				TypeCache.ScanAssembly (0ms)
			BuildScriptInfoCaches (58ms)
			ResolveRequiredComponents (1ms)
	FinalizeReload (413ms)
		ReleaseScriptCaches (0ms)
		RebuildScriptCaches (0ms)
		SetupLoadedEditorAssemblies (362ms)
			LogAssemblyErrors (0ms)
			InitializePlatformSupportModulesInManaged (1ms)
			SetLoadedEditorAssemblies (2ms)
			BeforeProcessingInitializeOnLoad (85ms)
			ProcessInitializeOnLoadAttributes (175ms)
			ProcessInitializeOnLoadMethodAttributes (98ms)
			AfterProcessingInitializeOnLoad (1ms)
			EditorAssembliesLoaded (0ms)
		ExecutionOrderSort2 (0ms)
		AwakeInstancesAfterBackupRestoration (1ms)
Refreshing native plugins compatible for Editor in 1.30 ms, found 2 plugins.
Preloading 1 native plugins for Editor in 1.21 ms.
Unloading 43 Unused Serialized files (Serialized files now loaded: 0)
Unloading 5193 unused Assets / (14.0 MB). Loaded Objects now: 6095.
Memory consumption went from 144.7 MB to 130.6 MB.
Total: 7.720750 ms (FindLiveObjects: 0.220542 ms CreateObjectMapping: 0.083000 ms MarkObjects: 6.216958 ms  DeleteObjects: 1.199917 ms)

Prepare: number of updated asset objects reloaded= 0
========================================================================
Received Prepare
Refreshing native plugins compatible for Editor in 1.29 ms, found 2 plugins.
Preloading 1 native plugins for Editor in 1.10 ms.
Unloading 43 Unused Serialized files (Serialized files now loaded: 0)
Unloading 5148 unused Assets / (14.0 MB). Loaded Objects now: 6095.
Memory consumption went from 132.2 MB to 118.2 MB.
Total: 7.434458 ms (FindLiveObjects: 0.204042 ms CreateObjectMapping: 0.074083 ms MarkObjects: 5.967541 ms  DeleteObjects: 1.188459 ms)

Prepare: number of updated asset objects reloaded= 0
========================================================================
Received Prepare
Refreshing native plugins compatible for Editor in 1.60 ms, found 2 plugins.
Preloading 1 native plugins for Editor in 1.20 ms.
Unloading 43 Unused Serialized files (Serialized files now loaded: 0)
Unloading 5148 unused Assets / (14.3 MB). Loaded Objects now: 6095.
Memory consumption went from 132.2 MB to 117.9 MB.
Total: 7.561000 ms (FindLiveObjects: 0.195917 ms CreateObjectMapping: 0.079792 ms MarkObjects: 6.006834 ms  DeleteObjects: 1.278333 ms)

Prepare: number of updated asset objects reloaded= 0
========================================================================
Received Prepare
Begin MonoManager ReloadAssembly
Thread 0x16bcef000 may have been prematurely finalized
Symbol file LoadedFromMemory is not a mono symbol file
Symbol file LoadedFromMemory is not a mono symbol file
- Loaded All Assemblies, in  0.312 seconds
Refreshing native plugins compatible for Editor in 1.44 ms, found 2 plugins.
Native extension for OSXStandalone target not found
Native extension for WebGL target not found
Refreshing native plugins compatible for Editor in 1.13 ms, found 2 plugins.
[Package Manager] Failed to launch server process. Reason: Unity was launched with the -noUpm command-line argument
[Package Manager] Unable to send message (not connected to server process).
[Package Manager] Cannot connect to Unity Package Manager local server
ScheduleIndexationOnStartup MainProcess:False IndexOnStartup:True
Mono: successfully reloaded assembly
- Finished resetting the current domain, in  0.409 seconds
Domain Reload Profiling: 722ms
	BeginReloadAssembly (72ms)
		ExecutionOrderSort (0ms)
		DisableScriptedObjects (3ms)
		BackupInstance (0ms)
		ReleaseScriptingObjects (0ms)
		CreateAndSetChildDomain (22ms)
	RebuildCommonClasses (16ms)
	RebuildNativeTypeToScriptingClass (6ms)
	initialDomainReloadingComplete (11ms)
	LoadAllAssembliesAndSetupDomain (208ms)
		LoadAssemblies (162ms)
		RebuildTransferFunctionScriptingTraits (0ms)
		AnalyzeDomain (69ms)
			TypeCache.Refresh (7ms)
				TypeCache.ScanAssembly (0ms)
			BuildScriptInfoCaches (59ms)
			ResolveRequiredComponents (1ms)
	FinalizeReload (409ms)
		ReleaseScriptCaches (0ms)
		RebuildScriptCaches (0ms)
		SetupLoadedEditorAssemblies (359ms)
			LogAssemblyErrors (0ms)
			InitializePlatformSupportModulesInManaged (1ms)
			SetLoadedEditorAssemblies (2ms)
			BeforeProcessingInitializeOnLoad (86ms)
			ProcessInitializeOnLoadAttributes (169ms)
			ProcessInitializeOnLoadMethodAttributes (102ms)
			AfterProcessingInitializeOnLoad (0ms)
			EditorAssembliesLoaded (0ms)
		ExecutionOrderSort2 (0ms)
		AwakeInstancesAfterBackupRestoration (1ms)
Refreshing native plugins compatible for Editor in 1.04 ms, found 2 plugins.
Preloading 1 native plugins for Editor in 1.13 ms.
Unloading 43 Unused Serialized files (Serialized files now loaded: 0)
Unloading 5193 unused Assets / (14.0 MB). Loaded Objects now: 6099.
Memory consumption went from 144.7 MB to 130.7 MB.
Total: 7.659542 ms (FindLiveObjects: 0.181125 ms CreateObjectMapping: 0.108125 ms MarkObjects: 6.363875 ms  DeleteObjects: 1.006084 ms)

Prepare: number of updated asset objects reloaded= 0
========================================================================
Received Prepare
Refreshing native plugins compatible for Editor in 1.56 ms, found 2 plugins.
Preloading 1 native plugins for Editor in 1.19 ms.
Unloading 43 Unused Serialized files (Serialized files now loaded: 0)
Unloading 5148 unused Assets / (14.2 MB). Loaded Objects now: 6099.
Memory consumption went from 132.2 MB to 118.0 MB.
Total: 7.584791 ms (FindLiveObjects: 0.198875 ms CreateObjectMapping: 0.073750 ms MarkObjects: 5.999583 ms  DeleteObjects: 1.312416 ms)

Prepare: number of updated asset objects reloaded= 0
========================================================================
Received Prepare
Refreshing native plugins compatible for Editor in 1.51 ms, found 2 plugins.
Preloading 1 native plugins for Editor in 1.17 ms.
Unloading 43 Unused Serialized files (Serialized files now loaded: 0)
Unloading 5148 unused Assets / (14.0 MB). Loaded Objects now: 6099.
Memory consumption went from 132.2 MB to 118.2 MB.
Total: 7.576333 ms (FindLiveObjects: 0.201083 ms CreateObjectMapping: 0.078417 ms MarkObjects: 6.132666 ms  DeleteObjects: 1.163916 ms)

Prepare: number of updated asset objects reloaded= 0
========================================================================
Received Prepare
Refreshing native plugins compatible for Editor in 1.37 ms, found 2 plugins.
Preloading 1 native plugins for Editor in 1.16 ms.
Unloading 43 Unused Serialized files (Serialized files now loaded: 0)
Unloading 5148 unused Assets / (14.0 MB). Loaded Objects now: 6099.
Memory consumption went from 132.2 MB to 118.3 MB.
Total: 7.944083 ms (FindLiveObjects: 0.196791 ms CreateObjectMapping: 0.081209 ms MarkObjects: 6.372334 ms  DeleteObjects: 1.293459 ms)

Prepare: number of updated asset objects reloaded= 0
========================================================================
Received Prepare
Begin MonoManager ReloadAssembly
Thread 0x16bcef000 may have been prematurely finalized
Symbol file LoadedFromMemory is not a mono symbol file
Symbol file LoadedFromMemory is not a mono symbol file
- Loaded All Assemblies, in  0.305 seconds
Refreshing native plugins compatible for Editor in 1.20 ms, found 2 plugins.
Native extension for OSXStandalone target not found
Native extension for WebGL target not found
Refreshing native plugins compatible for Editor in 1.09 ms, found 2 plugins.
[Package Manager] Failed to launch server process. Reason: Unity was launched with the -noUpm command-line argument
[Package Manager] Unable to send message (not connected to server process).
[Package Manager] Cannot connect to Unity Package Manager local server
ScheduleIndexationOnStartup MainProcess:False IndexOnStartup:True
Mono: successfully reloaded assembly
- Finished resetting the current domain, in  0.415 seconds
Domain Reload Profiling: 721ms
	BeginReloadAssembly (73ms)
		ExecutionOrderSort (0ms)
		DisableScriptedObjects (3ms)
		BackupInstance (0ms)
		ReleaseScriptingObjects (0ms)
		CreateAndSetChildDomain (22ms)
	RebuildCommonClasses (15ms)
	RebuildNativeTypeToScriptingClass (6ms)
	initialDomainReloadingComplete (10ms)
	LoadAllAssembliesAndSetupDomain (202ms)
		LoadAssemblies (155ms)
		RebuildTransferFunctionScriptingTraits (0ms)
		AnalyzeDomain (69ms)
			TypeCache.Refresh (5ms)
				TypeCache.ScanAssembly (0ms)
			BuildScriptInfoCaches (61ms)
			ResolveRequiredComponents (1ms)
	FinalizeReload (415ms)
		ReleaseScriptCaches (0ms)
		RebuildScriptCaches (0ms)
		SetupLoadedEditorAssemblies (362ms)
			LogAssemblyErrors (0ms)
			InitializePlatformSupportModulesInManaged (1ms)
			SetLoadedEditorAssemblies (2ms)
			BeforeProcessingInitializeOnLoad (87ms)
			ProcessInitializeOnLoadAttributes (175ms)
			ProcessInitializeOnLoadMethodAttributes (97ms)
			AfterProcessingInitializeOnLoad (0ms)
			EditorAssembliesLoaded (0ms)
		ExecutionOrderSort2 (0ms)
		AwakeInstancesAfterBackupRestoration (1ms)
Refreshing native plugins compatible for Editor in 0.98 ms, found 2 plugins.
Preloading 1 native plugins for Editor in 1.13 ms.
Unloading 43 Unused Serialized files (Serialized files now loaded: 0)
Unloading 5193 unused Assets / (14.1 MB). Loaded Objects now: 6103.
Memory consumption went from 144.7 MB to 130.6 MB.
Total: 7.672125 ms (FindLiveObjects: 0.185375 ms CreateObjectMapping: 0.070292 ms MarkObjects: 6.225583 ms  DeleteObjects: 1.190625 ms)

Prepare: number of updated asset objects reloaded= 0
========================================================================
Received Prepare
Begin MonoManager ReloadAssembly
Thread 0x16bcef000 may have been prematurely finalized
Symbol file LoadedFromMemory is not a mono symbol file
Symbol file LoadedFromMemory is not a mono symbol file
- Loaded All Assemblies, in  0.299 seconds
Refreshing native plugins compatible for Editor in 1.28 ms, found 2 plugins.
Native extension for OSXStandalone target not found
Native extension for WebGL target not found
Refreshing native plugins compatible for Editor in 1.21 ms, found 2 plugins.
[Package Manager] Failed to launch server process. Reason: Unity was launched with the -noUpm command-line argument
[Package Manager] Unable to send message (not connected to server process).
[Package Manager] Cannot connect to Unity Package Manager local server
ScheduleIndexationOnStartup MainProcess:False IndexOnStartup:True
Mono: successfully reloaded assembly
- Finished resetting the current domain, in  0.451 seconds
Domain Reload Profiling: 751ms
	BeginReloadAssembly (72ms)
		ExecutionOrderSort (0ms)
		DisableScriptedObjects (3ms)
		BackupInstance (0ms)
		ReleaseScriptingObjects (0ms)
		CreateAndSetChildDomain (22ms)
	RebuildCommonClasses (15ms)
	RebuildNativeTypeToScriptingClass (6ms)
	initialDomainReloadingComplete (10ms)
	LoadAllAssembliesAndSetupDomain (196ms)
		LoadAssemblies (151ms)
		RebuildTransferFunctionScriptingTraits (0ms)
		AnalyzeDomain (66ms)
			TypeCache.Refresh (5ms)
				TypeCache.ScanAssembly (0ms)
			BuildScriptInfoCaches (58ms)
			ResolveRequiredComponents (1ms)
	FinalizeReload (451ms)
		ReleaseScriptCaches (0ms)
		RebuildScriptCaches (0ms)
		SetupLoadedEditorAssemblies (398ms)
			LogAssemblyErrors (0ms)
			InitializePlatformSupportModulesInManaged (1ms)
			SetLoadedEditorAssemblies (2ms)
			BeforeProcessingInitializeOnLoad (98ms)
			ProcessInitializeOnLoadAttributes (185ms)
			ProcessInitializeOnLoadMethodAttributes (111ms)
			AfterProcessingInitializeOnLoad (1ms)
			EditorAssembliesLoaded (0ms)
		ExecutionOrderSort2 (0ms)
		AwakeInstancesAfterBackupRestoration (2ms)
Refreshing native plugins compatible for Editor in 1.80 ms, found 2 plugins.
Preloading 1 native plugins for Editor in 1.23 ms.
Unloading 43 Unused Serialized files (Serialized files now loaded: 0)
Unloading 5193 unused Assets / (11.5 MB). Loaded Objects now: 6107.
Memory consumption went from 144.7 MB to 133.2 MB.
Total: 9.712625 ms (FindLiveObjects: 0.349875 ms CreateObjectMapping: 0.435542 ms MarkObjects: 7.372416 ms  DeleteObjects: 1.554375 ms)

Prepare: number of updated asset objects reloaded= 0
========================================================================
Received Prepare
Refreshing native plugins compatible for Editor in 1.54 ms, found 2 plugins.
Preloading 1 native plugins for Editor in 1.21 ms.
Unloading 43 Unused Serialized files (Serialized files now loaded: 0)
Unloading 5148 unused Assets / (14.3 MB). Loaded Objects now: 6107.
Memory consumption went from 132.3 MB to 118.0 MB.
Total: 7.709417 ms (FindLiveObjects: 0.205667 ms CreateObjectMapping: 0.084750 ms MarkObjects: 6.147583 ms  DeleteObjects: 1.270917 ms)

Prepare: number of updated asset objects reloaded= 0
========================================================================
Received Prepare
Begin MonoManager ReloadAssembly
[Licensing::Client] Successfully resolved entitlement details
[Licensing::Module] License group:
  Id: F4-85AS-8ZW6-XMRF-425Z-XXXX
  Product: Unity Personal
  Type: ULF
  Expiration: Unlimited
[Licensing::Module] License group:
  Id: 6872810951280-UnityPersXXXX
  Product: Unity Personal
  Type: Assigned
  Expiration: Unlimited
Thread 0x16bcef000 may have been prematurely finalized
Symbol file LoadedFromMemory is not a mono symbol file
Symbol file LoadedFromMemory is not a mono symbol file
- Loaded All Assemblies, in  0.352 seconds
Refreshing native plugins compatible for Editor in 1.41 ms, found 2 plugins.
Native extension for OSXStandalone target not found
Native extension for WebGL target not found
Refreshing native plugins compatible for Editor in 1.02 ms, found 2 plugins.
[Package Manager] Failed to launch server process. Reason: Unity was launched with the -noUpm command-line argument
[Package Manager] Unable to send message (not connected to server process).
[Package Manager] Cannot connect to Unity Package Manager local server
ScheduleIndexationOnStartup MainProcess:False IndexOnStartup:True
Mono: successfully reloaded assembly
- Finished resetting the current domain, in  0.421 seconds
Domain Reload Profiling: 775ms
	BeginReloadAssembly (75ms)
		ExecutionOrderSort (0ms)
		DisableScriptedObjects (3ms)
		BackupInstance (0ms)
		ReleaseScriptingObjects (0ms)
		CreateAndSetChildDomain (23ms)
	RebuildCommonClasses (16ms)
	RebuildNativeTypeToScriptingClass (6ms)
	initialDomainReloadingComplete (11ms)
	LoadAllAssembliesAndSetupDomain (246ms)
		LoadAssemblies (196ms)
		RebuildTransferFunctionScriptingTraits (0ms)
		AnalyzeDomain (71ms)
			TypeCache.Refresh (7ms)
				TypeCache.ScanAssembly (0ms)
			BuildScriptInfoCaches (61ms)
			ResolveRequiredComponents (2ms)
	FinalizeReload (422ms)
		ReleaseScriptCaches (0ms)
		RebuildScriptCaches (0ms)
		SetupLoadedEditorAssemblies (370ms)
			LogAssemblyErrors (0ms)
			InitializePlatformSupportModulesInManaged (1ms)
			SetLoadedEditorAssemblies (2ms)
			BeforeProcessingInitializeOnLoad (92ms)
			ProcessInitializeOnLoadAttributes (175ms)
			ProcessInitializeOnLoadMethodAttributes (99ms)
			AfterProcessingInitializeOnLoad (1ms)
			EditorAssembliesLoaded (0ms)
		ExecutionOrderSort2 (0ms)
		AwakeInstancesAfterBackupRestoration (1ms)
Refreshing native plugins compatible for Editor in 1.25 ms, found 2 plugins.
Preloading 1 native plugins for Editor in 1.17 ms.
Unloading 43 Unused Serialized files (Serialized files now loaded: 0)
Unloading 5193 unused Assets / (13.9 MB). Loaded Objects now: 6111.
Memory consumption went from 144.6 MB to 130.7 MB.
Total: 7.981416 ms (FindLiveObjects: 0.194250 ms CreateObjectMapping: 0.085917 ms MarkObjects: 6.524583 ms  DeleteObjects: 1.176458 ms)

Prepare: number of updated asset objects reloaded= 0
========================================================================
Received Prepare
Refreshing native plugins compatible for Editor in 1.39 ms, found 2 plugins.
Preloading 1 native plugins for Editor in 1.19 ms.
Unloading 43 Unused Serialized files (Serialized files now loaded: 0)
Unloading 5148 unused Assets / (14.1 MB). Loaded Objects now: 6111.
Memory consumption went from 132.3 MB to 118.2 MB.
Total: 7.503959 ms (FindLiveObjects: 0.196250 ms CreateObjectMapping: 0.092375 ms MarkObjects: 6.017667 ms  DeleteObjects: 1.197209 ms)

Prepare: number of updated asset objects reloaded= 0
========================================================================
Received Prepare
Refreshing native plugins compatible for Editor in 1.52 ms, found 2 plugins.
Preloading 1 native plugins for Editor in 1.14 ms.
Unloading 43 Unused Serialized files (Serialized files now loaded: 0)
Unloading 5148 unused Assets / (14.3 MB). Loaded Objects now: 6111.
Memory consumption went from 132.3 MB to 118.0 MB.
Total: 7.589375 ms (FindLiveObjects: 0.193958 ms CreateObjectMapping: 0.079792 ms MarkObjects: 6.058750 ms  DeleteObjects: 1.256583 ms)

Prepare: number of updated asset objects reloaded= 0
========================================================================
Received Prepare
Refreshing native plugins compatible for Editor in 1.42 ms, found 2 plugins.
Preloading 1 native plugins for Editor in 1.10 ms.
Unloading 43 Unused Serialized files (Serialized files now loaded: 0)
Unloading 5148 unused Assets / (14.3 MB). Loaded Objects now: 6111.
Memory consumption went from 132.3 MB to 118.0 MB.
Total: 7.533375 ms (FindLiveObjects: 0.197459 ms CreateObjectMapping: 0.075167 ms MarkObjects: 5.986875 ms  DeleteObjects: 1.273666 ms)

Prepare: number of updated asset objects reloaded= 0
========================================================================
Received Prepare
Refreshing native plugins compatible for Editor in 1.49 ms, found 2 plugins.
Preloading 1 native plugins for Editor in 1.13 ms.
Unloading 43 Unused Serialized files (Serialized files now loaded: 0)
Unloading 5148 unused Assets / (13.9 MB). Loaded Objects now: 6111.
Memory consumption went from 132.3 MB to 118.3 MB.
Total: 7.526583 ms (FindLiveObjects: 0.193875 ms CreateObjectMapping: 0.072916 ms MarkObjects: 6.049125 ms  DeleteObjects: 1.210375 ms)

Prepare: number of updated asset objects reloaded= 0
========================================================================
Received Prepare
Refreshing native plugins compatible for Editor in 1.47 ms, found 2 plugins.
Preloading 1 native plugins for Editor in 1.15 ms.
Unloading 43 Unused Serialized files (Serialized files now loaded: 0)
Unloading 5148 unused Assets / (14.0 MB). Loaded Objects now: 6111.
Memory consumption went from 132.3 MB to 118.3 MB.
Total: 6.995667 ms (FindLiveObjects: 0.197375 ms CreateObjectMapping: 0.072875 ms MarkObjects: 5.606750 ms  DeleteObjects: 1.118500 ms)

Prepare: number of updated asset objects reloaded= 0
========================================================================
Received Prepare
Refreshing native plugins compatible for Editor in 1.48 ms, found 2 plugins.
Preloading 1 native plugins for Editor in 1.12 ms.
Unloading 43 Unused Serialized files (Serialized files now loaded: 0)
Unloading 5148 unused Assets / (14.1 MB). Loaded Objects now: 6111.
Memory consumption went from 132.3 MB to 118.2 MB.
Total: 7.523209 ms (FindLiveObjects: 0.195833 ms CreateObjectMapping: 0.073917 ms MarkObjects: 6.051083 ms  DeleteObjects: 1.202208 ms)

Prepare: number of updated asset objects reloaded= 0
========================================================================
Received Prepare
Refreshing native plugins compatible for Editor in 1.36 ms, found 2 plugins.
Preloading 1 native plugins for Editor in 1.15 ms.
Unloading 43 Unused Serialized files (Serialized files now loaded: 0)
Unloading 5148 unused Assets / (14.1 MB). Loaded Objects now: 6111.
Memory consumption went from 132.3 MB to 118.2 MB.
Total: 7.471542 ms (FindLiveObjects: 0.194209 ms CreateObjectMapping: 0.078083 ms MarkObjects: 6.015542 ms  DeleteObjects: 1.183542 ms)

Prepare: number of updated asset objects reloaded= 0
========================================================================
Received Prepare
Refreshing native plugins compatible for Editor in 1.54 ms, found 2 plugins.
Preloading 1 native plugins for Editor in 1.12 ms.
Unloading 43 Unused Serialized files (Serialized files now loaded: 0)
Unloading 5148 unused Assets / (14.1 MB). Loaded Objects now: 6111.
Memory consumption went from 132.3 MB to 118.1 MB.
Total: 7.817333 ms (FindLiveObjects: 0.196583 ms CreateObjectMapping: 0.071417 ms MarkObjects: 6.299708 ms  DeleteObjects: 1.249250 ms)

Prepare: number of updated asset objects reloaded= 0
========================================================================
Received Prepare
Refreshing native plugins compatible for Editor in 1.54 ms, found 2 plugins.
Preloading 1 native plugins for Editor in 1.17 ms.
Unloading 43 Unused Serialized files (Serialized files now loaded: 0)
Unloading 5148 unused Assets / (14.0 MB). Loaded Objects now: 6111.
Memory consumption went from 132.3 MB to 118.3 MB.
Total: 7.526708 ms (FindLiveObjects: 0.195917 ms CreateObjectMapping: 0.079166 ms MarkObjects: 6.011000 ms  DeleteObjects: 1.240458 ms)

Prepare: number of updated asset objects reloaded= 0
========================================================================
Received Prepare
Refreshing native plugins compatible for Editor in 1.39 ms, found 2 plugins.
Preloading 1 native plugins for Editor in 1.11 ms.
Unloading 43 Unused Serialized files (Serialized files now loaded: 0)
Unloading 5148 unused Assets / (14.0 MB). Loaded Objects now: 6111.
Memory consumption went from 132.3 MB to 118.3 MB.
Total: 8.435625 ms (FindLiveObjects: 0.213667 ms CreateObjectMapping: 0.077958 ms MarkObjects: 6.957167 ms  DeleteObjects: 1.186500 ms)

Prepare: number of updated asset objects reloaded= 0
========================================================================
Received Prepare
Refreshing native plugins compatible for Editor in 1.58 ms, found 2 plugins.
Preloading 1 native plugins for Editor in 1.15 ms.
Unloading 43 Unused Serialized files (Serialized files now loaded: 0)
Unloading 5148 unused Assets / (14.4 MB). Loaded Objects now: 6111.
Memory consumption went from 132.3 MB to 117.9 MB.
Total: 7.689375 ms (FindLiveObjects: 0.192041 ms CreateObjectMapping: 0.074542 ms MarkObjects: 6.114250 ms  DeleteObjects: 1.308291 ms)

Prepare: number of updated asset objects reloaded= 0
========================================================================
Received Prepare
Refreshing native plugins compatible for Editor in 1.52 ms, found 2 plugins.
Preloading 1 native plugins for Editor in 1.13 ms.
Unloading 43 Unused Serialized files (Serialized files now loaded: 0)
Unloading 5148 unused Assets / (14.1 MB). Loaded Objects now: 6111.
Memory consumption went from 132.3 MB to 118.2 MB.
Total: 7.170125 ms (FindLiveObjects: 0.192125 ms CreateObjectMapping: 0.073083 ms MarkObjects: 5.726667 ms  DeleteObjects: 1.178042 ms)

Prepare: number of updated asset objects reloaded= 0
========================================================================
Received Prepare
Begin MonoManager ReloadAssembly
Thread 0x16bcef000 may have been prematurely finalized
Symbol file LoadedFromMemory is not a mono symbol file
Symbol file LoadedFromMemory is not a mono symbol file
- Loaded All Assemblies, in  0.354 seconds
Refreshing native plugins compatible for Editor in 1.11 ms, found 2 plugins.
Native extension for OSXStandalone target not found
Native extension for WebGL target not found
Refreshing native plugins compatible for Editor in 1.38 ms, found 2 plugins.
[Package Manager] Failed to launch server process. Reason: Unity was launched with the -noUpm command-line argument
[Package Manager] Unable to send message (not connected to server process).
[Package Manager] Cannot connect to Unity Package Manager local server
ScheduleIndexationOnStartup MainProcess:False IndexOnStartup:True
Mono: successfully reloaded assembly
- Finished resetting the current domain, in  0.448 seconds
Domain Reload Profiling: 803ms
	BeginReloadAssembly (75ms)
		ExecutionOrderSort (0ms)
		DisableScriptedObjects (3ms)
		BackupInstance (0ms)
		ReleaseScriptingObjects (0ms)
		CreateAndSetChildDomain (23ms)
	RebuildCommonClasses (16ms)
	RebuildNativeTypeToScriptingClass (6ms)
	initialDomainReloadingComplete (11ms)
	LoadAllAssembliesAndSetupDomain (247ms)
		LoadAssemblies (202ms)
		RebuildTransferFunctionScriptingTraits (0ms)
		AnalyzeDomain (68ms)
			TypeCache.Refresh (7ms)
				TypeCache.ScanAssembly (0ms)
			BuildScriptInfoCaches (59ms)
			ResolveRequiredComponents (1ms)
	FinalizeReload (449ms)
		ReleaseScriptCaches (0ms)
		RebuildScriptCaches (0ms)
		SetupLoadedEditorAssemblies (397ms)
			LogAssemblyErrors (0ms)
			InitializePlatformSupportModulesInManaged (1ms)
			SetLoadedEditorAssemblies (2ms)
			BeforeProcessingInitializeOnLoad (93ms)
			ProcessInitializeOnLoadAttributes (197ms)
			ProcessInitializeOnLoadMethodAttributes (104ms)
			AfterProcessingInitializeOnLoad (1ms)
			EditorAssembliesLoaded (0ms)
		ExecutionOrderSort2 (0ms)
		AwakeInstancesAfterBackupRestoration (1ms)
Refreshing native plugins compatible for Editor in 1.54 ms, found 2 plugins.
Preloading 1 native plugins for Editor in 1.12 ms.
Unloading 43 Unused Serialized files (Serialized files now loaded: 0)
Unloading 5193 unused Assets / (14.2 MB). Loaded Objects now: 6115.
Memory consumption went from 144.6 MB to 130.4 MB.
Total: 7.718125 ms (FindLiveObjects: 0.195708 ms CreateObjectMapping: 0.077334 ms MarkObjects: 6.130084 ms  DeleteObjects: 1.314792 ms)

Prepare: number of updated asset objects reloaded= 0
========================================================================
Received Prepare
Begin MonoManager ReloadAssembly
Thread 0x16bcef000 may have been prematurely finalized
Symbol file LoadedFromMemory is not a mono symbol file
Symbol file LoadedFromMemory is not a mono symbol file
- Loaded All Assemblies, in  0.333 seconds
Refreshing native plugins compatible for Editor in 1.15 ms, found 2 plugins.
Native extension for OSXStandalone target not found
Native extension for WebGL target not found
Refreshing native plugins compatible for Editor in 1.39 ms, found 2 plugins.
[Package Manager] Failed to launch server process. Reason: Unity was launched with the -noUpm command-line argument
[Package Manager] Unable to send message (not connected to server process).
[Package Manager] Cannot connect to Unity Package Manager local server
ScheduleIndexationOnStartup MainProcess:False IndexOnStartup:True
Mono: successfully reloaded assembly
- Finished resetting the current domain, in  0.454 seconds
Domain Reload Profiling: 788ms
	BeginReloadAssembly (72ms)
		ExecutionOrderSort (0ms)
		DisableScriptedObjects (3ms)
		BackupInstance (0ms)
		ReleaseScriptingObjects (0ms)
		CreateAndSetChildDomain (23ms)
	RebuildCommonClasses (16ms)
	RebuildNativeTypeToScriptingClass (6ms)
	initialDomainReloadingComplete (10ms)
	LoadAllAssembliesAndSetupDomain (230ms)
		LoadAssemblies (180ms)
		RebuildTransferFunctionScriptingTraits (0ms)
		AnalyzeDomain (71ms)
			TypeCache.Refresh (7ms)
				TypeCache.ScanAssembly (0ms)
			BuildScriptInfoCaches (60ms)
			ResolveRequiredComponents (1ms)
	FinalizeReload (454ms)
		ReleaseScriptCaches (0ms)
		RebuildScriptCaches (0ms)
		SetupLoadedEditorAssemblies (399ms)
			LogAssemblyErrors (0ms)
			InitializePlatformSupportModulesInManaged (1ms)
			SetLoadedEditorAssemblies (2ms)
			BeforeProcessingInitializeOnLoad (100ms)
			ProcessInitializeOnLoadAttributes (185ms)
			ProcessInitializeOnLoadMethodAttributes (111ms)
			AfterProcessingInitializeOnLoad (0ms)
			EditorAssembliesLoaded (0ms)
		ExecutionOrderSort2 (0ms)
		AwakeInstancesAfterBackupRestoration (2ms)
Refreshing native plugins compatible for Editor in 2.28 ms, found 2 plugins.
Preloading 1 native plugins for Editor in 1.23 ms.
Unloading 43 Unused Serialized files (Serialized files now loaded: 0)
Unloading 5193 unused Assets / (12.5 MB). Loaded Objects now: 6119.
Memory consumption went from 144.6 MB to 132.2 MB.
Total: 9.223208 ms (FindLiveObjects: 0.238625 ms CreateObjectMapping: 0.121792 ms MarkObjects: 7.268083 ms  DeleteObjects: 1.594333 ms)

Prepare: number of updated asset objects reloaded= 0
========================================================================
Received Prepare
Refreshing native plugins compatible for Editor in 1.52 ms, found 2 plugins.
Preloading 1 native plugins for Editor in 1.18 ms.
Unloading 43 Unused Serialized files (Serialized files now loaded: 0)
Unloading 5148 unused Assets / (14.5 MB). Loaded Objects now: 6119.
Memory consumption went from 132.3 MB to 117.8 MB.
Total: 7.906042 ms (FindLiveObjects: 0.199834 ms CreateObjectMapping: 0.076666 ms MarkObjects: 6.262375 ms  DeleteObjects: 1.366958 ms)

Prepare: number of updated asset objects reloaded= 0
========================================================================
Received Prepare
Begin MonoManager ReloadAssembly
[Licensing::Client] Successfully resolved entitlement details
[Licensing::Module] License group:
  Id: F4-85AS-8ZW6-XMRF-425Z-XXXX
  Product: Unity Personal
  Type: ULF
  Expiration: Unlimited
[Licensing::Module] License group:
  Id: 6872810951280-UnityPersXXXX
  Product: Unity Personal
  Type: Assigned
  Expiration: Unlimited
Thread 0x16bcef000 may have been prematurely finalized
Symbol file LoadedFromMemory is not a mono symbol file
Symbol file LoadedFromMemory is not a mono symbol file
- Loaded All Assemblies, in  0.354 seconds
Refreshing native plugins compatible for Editor in 1.20 ms, found 2 plugins.
Native extension for OSXStandalone target not found
Native extension for WebGL target not found
Refreshing native plugins compatible for Editor in 1.41 ms, found 2 plugins.
[Package Manager] Failed to launch server process. Reason: Unity was launched with the -noUpm command-line argument
[Package Manager] Unable to send message (not connected to server process).
[Package Manager] Cannot connect to Unity Package Manager local server
ScheduleIndexationOnStartup MainProcess:False IndexOnStartup:True
Mono: successfully reloaded assembly
- Finished resetting the current domain, in  0.409 seconds
Domain Reload Profiling: 765ms
	BeginReloadAssembly (80ms)
		ExecutionOrderSort (0ms)
		DisableScriptedObjects (3ms)
		BackupInstance (0ms)
		ReleaseScriptingObjects (0ms)
		CreateAndSetChildDomain (24ms)
	RebuildCommonClasses (15ms)
	RebuildNativeTypeToScriptingClass (6ms)
	initialDomainReloadingComplete (12ms)
	LoadAllAssembliesAndSetupDomain (243ms)
		LoadAssemblies (201ms)
		RebuildTransferFunctionScriptingTraits (0ms)
		AnalyzeDomain (68ms)
			TypeCache.Refresh (7ms)
				TypeCache.ScanAssembly (0ms)
			BuildScriptInfoCaches (58ms)
			ResolveRequiredComponents (1ms)
	FinalizeReload (409ms)
		ReleaseScriptCaches (0ms)
		RebuildScriptCaches (0ms)
		SetupLoadedEditorAssemblies (359ms)
			LogAssemblyErrors (0ms)
			InitializePlatformSupportModulesInManaged (1ms)
			SetLoadedEditorAssemblies (2ms)
			BeforeProcessingInitializeOnLoad (87ms)
			ProcessInitializeOnLoadAttributes (171ms)
			ProcessInitializeOnLoadMethodAttributes (98ms)
			AfterProcessingInitializeOnLoad (1ms)
			EditorAssembliesLoaded (0ms)
		ExecutionOrderSort2 (0ms)
		AwakeInstancesAfterBackupRestoration (1ms)
Refreshing native plugins compatible for Editor in 1.25 ms, found 2 plugins.
Preloading 1 native plugins for Editor in 1.20 ms.
Unloading 43 Unused Serialized files (Serialized files now loaded: 0)
Unloading 5193 unused Assets / (14.2 MB). Loaded Objects now: 6123.
Memory consumption went from 144.6 MB to 130.4 MB.
Total: 7.714166 ms (FindLiveObjects: 0.185041 ms CreateObjectMapping: 0.077125 ms MarkObjects: 6.351125 ms  DeleteObjects: 1.100625 ms)

Prepare: number of updated asset objects reloaded= 0
========================================================================
Received Prepare
Begin MonoManager ReloadAssembly
Thread 0x16bcef000 may have been prematurely finalized
Symbol file LoadedFromMemory is not a mono symbol file
Symbol file LoadedFromMemory is not a mono symbol file
- Loaded All Assemblies, in  0.301 seconds
Refreshing native plugins compatible for Editor in 1.67 ms, found 2 plugins.
Native extension for OSXStandalone target not found
Native extension for WebGL target not found
Refreshing native plugins compatible for Editor in 1.17 ms, found 2 plugins.
[Package Manager] Failed to launch server process. Reason: Unity was launched with the -noUpm command-line argument
[Package Manager] Unable to send message (not connected to server process).
[Package Manager] Cannot connect to Unity Package Manager local server
ScheduleIndexationOnStartup MainProcess:False IndexOnStartup:True
Mono: successfully reloaded assembly
- Finished resetting the current domain, in  0.452 seconds
Domain Reload Profiling: 755ms
	BeginReloadAssembly (72ms)
		ExecutionOrderSort (0ms)
		DisableScriptedObjects (3ms)
		BackupInstance (0ms)
		ReleaseScriptingObjects (0ms)
		CreateAndSetChildDomain (22ms)
	RebuildCommonClasses (15ms)
	RebuildNativeTypeToScriptingClass (6ms)
	initialDomainReloadingComplete (11ms)
	LoadAllAssembliesAndSetupDomain (198ms)
		LoadAssemblies (154ms)
		RebuildTransferFunctionScriptingTraits (0ms)
		AnalyzeDomain (66ms)
			TypeCache.Refresh (5ms)
				TypeCache.ScanAssembly (0ms)
			BuildScriptInfoCaches (57ms)
			ResolveRequiredComponents (1ms)
	FinalizeReload (452ms)
		ReleaseScriptCaches (0ms)
		RebuildScriptCaches (0ms)
		SetupLoadedEditorAssemblies (399ms)
			LogAssemblyErrors (0ms)
			InitializePlatformSupportModulesInManaged (1ms)
			SetLoadedEditorAssemblies (2ms)
			BeforeProcessingInitializeOnLoad (102ms)
			ProcessInitializeOnLoadAttributes (185ms)
			ProcessInitializeOnLoadMethodAttributes (109ms)
			AfterProcessingInitializeOnLoad (1ms)
			EditorAssembliesLoaded (0ms)
		ExecutionOrderSort2 (0ms)
		AwakeInstancesAfterBackupRestoration (1ms)
Refreshing native plugins compatible for Editor in 1.52 ms, found 2 plugins.
Preloading 1 native plugins for Editor in 1.19 ms.
Unloading 43 Unused Serialized files (Serialized files now loaded: 0)
Unloading 5193 unused Assets / (12.6 MB). Loaded Objects now: 6127.
Memory consumption went from 144.6 MB to 132.0 MB.
Total: 8.458708 ms (FindLiveObjects: 0.199375 ms CreateObjectMapping: 0.084542 ms MarkObjects: 7.040750 ms  DeleteObjects: 1.133708 ms)

Prepare: number of updated asset objects reloaded= 0
========================================================================
Received Prepare
Refreshing native plugins compatible for Editor in 1.59 ms, found 2 plugins.
Preloading 1 native plugins for Editor in 1.21 ms.
Unloading 43 Unused Serialized files (Serialized files now loaded: 0)
Unloading 5148 unused Assets / (14.4 MB). Loaded Objects now: 6127.
Memory consumption went from 132.3 MB to 117.9 MB.
Total: 7.860000 ms (FindLiveObjects: 0.199834 ms CreateObjectMapping: 0.078833 ms MarkObjects: 6.242250 ms  DeleteObjects: 1.338917 ms)

Prepare: number of updated asset objects reloaded= 0
========================================================================
Received Prepare
Refreshing native plugins compatible for Editor in 1.57 ms, found 2 plugins.
Preloading 1 native plugins for Editor in 1.16 ms.
Unloading 43 Unused Serialized files (Serialized files now loaded: 0)
Unloading 5148 unused Assets / (14.4 MB). Loaded Objects now: 6127.
Memory consumption went from 132.3 MB to 117.9 MB.
Total: 7.659417 ms (FindLiveObjects: 0.199125 ms CreateObjectMapping: 0.074375 ms MarkObjects: 6.095667 ms  DeleteObjects: 1.289792 ms)

Prepare: number of updated asset objects reloaded= 0
========================================================================
Received Prepare
Refreshing native plugins compatible for Editor in 1.56 ms, found 2 plugins.
Preloading 1 native plugins for Editor in 1.18 ms.
Unloading 43 Unused Serialized files (Serialized files now loaded: 0)
Unloading 5148 unused Assets / (14.6 MB). Loaded Objects now: 6127.
Memory consumption went from 132.3 MB to 117.8 MB.
Total: 8.096791 ms (FindLiveObjects: 0.203958 ms CreateObjectMapping: 0.079625 ms MarkObjects: 6.241292 ms  DeleteObjects: 1.571834 ms)

Prepare: number of updated asset objects reloaded= 0
========================================================================
Received Prepare
Refreshing native plugins compatible for Editor in 1.57 ms, found 2 plugins.
Preloading 1 native plugins for Editor in 1.18 ms.
Unloading 43 Unused Serialized files (Serialized files now loaded: 0)
Unloading 5148 unused Assets / (14.3 MB). Loaded Objects now: 6127.
Memory consumption went from 132.3 MB to 118.0 MB.
Total: 7.768583 ms (FindLiveObjects: 0.197250 ms CreateObjectMapping: 0.073750 ms MarkObjects: 6.176250 ms  DeleteObjects: 1.320958 ms)

Prepare: number of updated asset objects reloaded= 0
========================================================================
Received Prepare
Begin MonoManager ReloadAssembly
[Licensing::Client] Successfully resolved entitlement details
[Licensing::Module] License group:
  Id: F4-85AS-8ZW6-XMRF-425Z-XXXX
  Product: Unity Personal
  Type: ULF
  Expiration: Unlimited
[Licensing::Module] License group:
  Id: 6872810951280-UnityPersXXXX
  Product: Unity Personal
  Type: Assigned
  Expiration: Unlimited
Thread 0x16bcef000 may have been prematurely finalized
Symbol file LoadedFromMemory is not a mono symbol file
Symbol file LoadedFromMemory is not a mono symbol file
- Loaded All Assemblies, in  0.323 seconds
Refreshing native plugins compatible for Editor in 1.39 ms, found 2 plugins.
Native extension for OSXStandalone target not found
Native extension for WebGL target not found
Refreshing native plugins compatible for Editor in 1.71 ms, found 2 plugins.
[Package Manager] Failed to launch server process. Reason: Unity was launched with the -noUpm command-line argument
[Package Manager] Unable to send message (not connected to server process).
[Package Manager] Cannot connect to Unity Package Manager local server
ScheduleIndexationOnStartup MainProcess:False IndexOnStartup:True
Mono: successfully reloaded assembly
- Finished resetting the current domain, in  0.419 seconds
Domain Reload Profiling: 743ms
	BeginReloadAssembly (74ms)
		ExecutionOrderSort (0ms)
		DisableScriptedObjects (3ms)
		BackupInstance (0ms)
		ReleaseScriptingObjects (0ms)
		CreateAndSetChildDomain (23ms)
	RebuildCommonClasses (15ms)
	RebuildNativeTypeToScriptingClass (6ms)
	initialDomainReloadingComplete (11ms)
	LoadAllAssembliesAndSetupDomain (218ms)
		LoadAssemblies (174ms)
		RebuildTransferFunctionScriptingTraits (0ms)
		AnalyzeDomain (66ms)
			TypeCache.Refresh (6ms)
				TypeCache.ScanAssembly (0ms)
			BuildScriptInfoCaches (57ms)
			ResolveRequiredComponents (1ms)
	FinalizeReload (419ms)
		ReleaseScriptCaches (0ms)
		RebuildScriptCaches (0ms)
		SetupLoadedEditorAssemblies (369ms)
			LogAssemblyErrors (0ms)
			InitializePlatformSupportModulesInManaged (1ms)
			SetLoadedEditorAssemblies (2ms)
			BeforeProcessingInitializeOnLoad (88ms)
			ProcessInitializeOnLoadAttributes (178ms)
			ProcessInitializeOnLoadMethodAttributes (99ms)
			AfterProcessingInitializeOnLoad (0ms)
			EditorAssembliesLoaded (0ms)
		ExecutionOrderSort2 (0ms)
		AwakeInstancesAfterBackupRestoration (1ms)
Refreshing native plugins compatible for Editor in 1.27 ms, found 2 plugins.
Preloading 1 native plugins for Editor in 1.15 ms.
Unloading 43 Unused Serialized files (Serialized files now loaded: 0)
Unloading 5193 unused Assets / (14.3 MB). Loaded Objects now: 6131.
Memory consumption went from 144.6 MB to 130.3 MB.
Total: 7.861625 ms (FindLiveObjects: 0.204125 ms CreateObjectMapping: 0.079666 ms MarkObjects: 6.284959 ms  DeleteObjects: 1.292667 ms)

Prepare: number of updated asset objects reloaded= 0
========================================================================
Received Prepare
Begin MonoManager ReloadAssembly
Thread 0x16bcef000 may have been prematurely finalized
Symbol file LoadedFromMemory is not a mono symbol file
Symbol file LoadedFromMemory is not a mono symbol file
- Loaded All Assemblies, in  0.310 seconds
Refreshing native plugins compatible for Editor in 2.28 ms, found 2 plugins.
Native extension for OSXStandalone target not found
Native extension for WebGL target not found
Refreshing native plugins compatible for Editor in 1.37 ms, found 2 plugins.
[Package Manager] Failed to launch server process. Reason: Unity was launched with the -noUpm command-line argument
[Package Manager] Unable to send message (not connected to server process).
[Package Manager] Cannot connect to Unity Package Manager local server
ScheduleIndexationOnStartup MainProcess:False IndexOnStartup:True
Mono: successfully reloaded assembly
- Finished resetting the current domain, in  0.462 seconds
Domain Reload Profiling: 773ms
	BeginReloadAssembly (73ms)
		ExecutionOrderSort (0ms)
		DisableScriptedObjects (3ms)
		BackupInstance (0ms)
		ReleaseScriptingObjects (0ms)
		CreateAndSetChildDomain (22ms)
	RebuildCommonClasses (16ms)
	RebuildNativeTypeToScriptingClass (6ms)
	initialDomainReloadingComplete (11ms)
	LoadAllAssembliesAndSetupDomain (205ms)
		LoadAssemblies (161ms)
		RebuildTransferFunctionScriptingTraits (0ms)
		AnalyzeDomain (67ms)
			TypeCache.Refresh (5ms)
				TypeCache.ScanAssembly (0ms)
			BuildScriptInfoCaches (58ms)
			ResolveRequiredComponents (1ms)
	FinalizeReload (462ms)
		ReleaseScriptCaches (0ms)
		RebuildScriptCaches (0ms)
		SetupLoadedEditorAssemblies (403ms)
			LogAssemblyErrors (0ms)
			InitializePlatformSupportModulesInManaged (1ms)
			SetLoadedEditorAssemblies (2ms)
			BeforeProcessingInitializeOnLoad (100ms)
			ProcessInitializeOnLoadAttributes (190ms)
			ProcessInitializeOnLoadMethodAttributes (109ms)
			AfterProcessingInitializeOnLoad (1ms)
			EditorAssembliesLoaded (0ms)
		ExecutionOrderSort2 (0ms)
		AwakeInstancesAfterBackupRestoration (1ms)
Refreshing native plugins compatible for Editor in 2.00 ms, found 2 plugins.
Preloading 1 native plugins for Editor in 1.19 ms.
Unloading 43 Unused Serialized files (Serialized files now loaded: 0)
Unloading 5193 unused Assets / (12.8 MB). Loaded Objects now: 6135.
Memory consumption went from 144.7 MB to 131.9 MB.
Total: 9.080791 ms (FindLiveObjects: 0.242500 ms CreateObjectMapping: 0.090042 ms MarkObjects: 7.323583 ms  DeleteObjects: 1.424500 ms)

Prepare: number of updated asset objects reloaded= 0
========================================================================
Received Prepare
Refreshing native plugins compatible for Editor in 1.30 ms, found 2 plugins.
Preloading 1 native plugins for Editor in 1.15 ms.
Unloading 43 Unused Serialized files (Serialized files now loaded: 0)
Unloading 5148 unused Assets / (14.1 MB). Loaded Objects now: 6135.
Memory consumption went from 132.3 MB to 118.2 MB.
Total: 7.786917 ms (FindLiveObjects: 0.199500 ms CreateObjectMapping: 0.080250 ms MarkObjects: 6.252042 ms  DeleteObjects: 1.254834 ms)

Prepare: number of updated asset objects reloaded= 0
========================================================================
Received Prepare
Refreshing native plugins compatible for Editor in 1.56 ms, found 2 plugins.
Preloading 1 native plugins for Editor in 1.18 ms.
Unloading 43 Unused Serialized files (Serialized files now loaded: 0)
Unloading 5148 unused Assets / (14.2 MB). Loaded Objects now: 6135.
Memory consumption went from 132.3 MB to 118.2 MB.
Total: 7.588833 ms (FindLiveObjects: 0.189958 ms CreateObjectMapping: 0.083625 ms MarkObjects: 6.099209 ms  DeleteObjects: 1.215875 ms)

Prepare: number of updated asset objects reloaded= 0
========================================================================
Received Prepare
Refreshing native plugins compatible for Editor in 1.39 ms, found 2 plugins.
Preloading 1 native plugins for Editor in 1.14 ms.
Unloading 43 Unused Serialized files (Serialized files now loaded: 0)
Unloading 5148 unused Assets / (14.2 MB). Loaded Objects now: 6135.
Memory consumption went from 132.3 MB to 118.2 MB.
Total: 7.641500 ms (FindLiveObjects: 0.194000 ms CreateObjectMapping: 0.082583 ms MarkObjects: 6.120083 ms  DeleteObjects: 1.244667 ms)

Prepare: number of updated asset objects reloaded= 0
========================================================================
Received Prepare
Refreshing native plugins compatible for Editor in 1.53 ms, found 2 plugins.
Preloading 1 native plugins for Editor in 1.17 ms.
Unloading 43 Unused Serialized files (Serialized files now loaded: 0)
Unloading 5148 unused Assets / (14.3 MB). Loaded Objects now: 6135.
Memory consumption went from 132.3 MB to 118.0 MB.
Total: 7.754916 ms (FindLiveObjects: 0.195250 ms CreateObjectMapping: 0.090583 ms MarkObjects: 6.135541 ms  DeleteObjects: 1.333459 ms)

Prepare: number of updated asset objects reloaded= 0
========================================================================
Received Prepare
Refreshing native plugins compatible for Editor in 1.60 ms, found 2 plugins.
Preloading 1 native plugins for Editor in 1.14 ms.
Unloading 43 Unused Serialized files (Serialized files now loaded: 0)
Unloading 5148 unused Assets / (14.2 MB). Loaded Objects now: 6135.
Memory consumption went from 132.3 MB to 118.2 MB.
Total: 7.660208 ms (FindLiveObjects: 0.193000 ms CreateObjectMapping: 0.078959 ms MarkObjects: 6.090459 ms  DeleteObjects: 1.297458 ms)

Prepare: number of updated asset objects reloaded= 0
========================================================================
Received Prepare
Begin MonoManager ReloadAssembly
[Licensing::Client] Successfully resolved entitlement details
[Licensing::Module] License group:
  Id: F4-85AS-8ZW6-XMRF-425Z-XXXX
  Product: Unity Personal
  Type: ULF
  Expiration: Unlimited
[Licensing::Module] License group:
  Id: 6872810951280-UnityPersXXXX
  Product: Unity Personal
  Type: Assigned
  Expiration: Unlimited
Thread 0x16bcef000 may have been prematurely finalized
Symbol file LoadedFromMemory is not a mono symbol file
Symbol file LoadedFromMemory is not a mono symbol file
- Loaded All Assemblies, in  0.317 seconds
Refreshing native plugins compatible for Editor in 1.13 ms, found 2 plugins.
Native extension for OSXStandalone target not found
Native extension for WebGL target not found
Refreshing native plugins compatible for Editor in 1.21 ms, found 2 plugins.
[Package Manager] Failed to launch server process. Reason: Unity was launched with the -noUpm command-line argument
[Package Manager] Unable to send message (not connected to server process).
[Package Manager] Cannot connect to Unity Package Manager local server
ScheduleIndexationOnStartup MainProcess:False IndexOnStartup:True
Mono: successfully reloaded assembly
- Finished resetting the current domain, in  0.415 seconds
Domain Reload Profiling: 733ms
	BeginReloadAssembly (73ms)
		ExecutionOrderSort (0ms)
		DisableScriptedObjects (3ms)
		BackupInstance (0ms)
		ReleaseScriptingObjects (0ms)
		CreateAndSetChildDomain (22ms)
	RebuildCommonClasses (16ms)
	RebuildNativeTypeToScriptingClass (6ms)
	initialDomainReloadingComplete (11ms)
	LoadAllAssembliesAndSetupDomain (211ms)
		LoadAssemblies (166ms)
		RebuildTransferFunctionScriptingTraits (0ms)
		AnalyzeDomain (68ms)
			TypeCache.Refresh (7ms)
				TypeCache.ScanAssembly (0ms)
			BuildScriptInfoCaches (59ms)
			ResolveRequiredComponents (1ms)
	FinalizeReload (415ms)
		ReleaseScriptCaches (0ms)
		RebuildScriptCaches (0ms)
		SetupLoadedEditorAssemblies (365ms)
			LogAssemblyErrors (0ms)
			InitializePlatformSupportModulesInManaged (1ms)
			SetLoadedEditorAssemblies (2ms)
			BeforeProcessingInitializeOnLoad (86ms)
			ProcessInitializeOnLoadAttributes (174ms)
			ProcessInitializeOnLoadMethodAttributes (100ms)
			AfterProcessingInitializeOnLoad (2ms)
			EditorAssembliesLoaded (0ms)
		ExecutionOrderSort2 (0ms)
		AwakeInstancesAfterBackupRestoration (1ms)
Refreshing native plugins compatible for Editor in 1.40 ms, found 2 plugins.
Preloading 1 native plugins for Editor in 1.16 ms.
Unloading 43 Unused Serialized files (Serialized files now loaded: 0)
Unloading 5193 unused Assets / (14.5 MB). Loaded Objects now: 6139.
Memory consumption went from 144.7 MB to 130.2 MB.
Total: 7.749667 ms (FindLiveObjects: 0.190125 ms CreateObjectMapping: 0.081584 ms MarkObjects: 6.104708 ms  DeleteObjects: 1.373125 ms)

Prepare: number of updated asset objects reloaded= 0
========================================================================
Received Prepare
Begin MonoManager ReloadAssembly
Thread 0x16bcef000 may have been prematurely finalized
Symbol file LoadedFromMemory is not a mono symbol file
Symbol file LoadedFromMemory is not a mono symbol file
- Loaded All Assemblies, in  0.305 seconds
Refreshing native plugins compatible for Editor in 1.59 ms, found 2 plugins.
Native extension for OSXStandalone target not found
Native extension for WebGL target not found
Refreshing native plugins compatible for Editor in 1.18 ms, found 2 plugins.
[Package Manager] Failed to launch server process. Reason: Unity was launched with the -noUpm command-line argument
[Package Manager] Unable to send message (not connected to server process).
[Package Manager] Cannot connect to Unity Package Manager local server
ScheduleIndexationOnStartup MainProcess:False IndexOnStartup:True
Mono: successfully reloaded assembly
- Finished resetting the current domain, in  0.456 seconds
Domain Reload Profiling: 762ms
	BeginReloadAssembly (73ms)
		ExecutionOrderSort (0ms)
		DisableScriptedObjects (3ms)
		BackupInstance (0ms)
		ReleaseScriptingObjects (0ms)
		CreateAndSetChildDomain (22ms)
	RebuildCommonClasses (16ms)
	RebuildNativeTypeToScriptingClass (6ms)
	initialDomainReloadingComplete (11ms)
	LoadAllAssembliesAndSetupDomain (200ms)
		LoadAssemblies (158ms)
		RebuildTransferFunctionScriptingTraits (0ms)
		AnalyzeDomain (65ms)
			TypeCache.Refresh (4ms)
				TypeCache.ScanAssembly (0ms)
			BuildScriptInfoCaches (58ms)
			ResolveRequiredComponents (1ms)
	FinalizeReload (456ms)
		ReleaseScriptCaches (0ms)
		RebuildScriptCaches (0ms)
		SetupLoadedEditorAssemblies (403ms)
			LogAssemblyErrors (0ms)
			InitializePlatformSupportModulesInManaged (1ms)
			SetLoadedEditorAssemblies (2ms)
			BeforeProcessingInitializeOnLoad (98ms)
			ProcessInitializeOnLoadAttributes (187ms)
			ProcessInitializeOnLoadMethodAttributes (114ms)
			AfterProcessingInitializeOnLoad (1ms)
			EditorAssembliesLoaded (0ms)
		ExecutionOrderSort2 (0ms)
		AwakeInstancesAfterBackupRestoration (2ms)
Refreshing native plugins compatible for Editor in 1.55 ms, found 2 plugins.
Preloading 1 native plugins for Editor in 1.28 ms.
Unloading 43 Unused Serialized files (Serialized files now loaded: 0)
Unloading 5193 unused Assets / (12.6 MB). Loaded Objects now: 6143.
Memory consumption went from 144.7 MB to 132.1 MB.
Total: 8.863958 ms (FindLiveObjects: 0.211042 ms CreateObjectMapping: 0.077875 ms MarkObjects: 6.963375 ms  DeleteObjects: 1.611375 ms)

Prepare: number of updated asset objects reloaded= 0
========================================================================
Received Prepare
Refreshing native plugins compatible for Editor in 1.59 ms, found 2 plugins.
Preloading 1 native plugins for Editor in 1.16 ms.
Unloading 43 Unused Serialized files (Serialized files now loaded: 0)
Unloading 5148 unused Assets / (14.2 MB). Loaded Objects now: 6143.
Memory consumption went from 132.4 MB to 118.1 MB.
Total: 7.900458 ms (FindLiveObjects: 0.205041 ms CreateObjectMapping: 0.075584 ms MarkObjects: 6.337833 ms  DeleteObjects: 1.281792 ms)

Prepare: number of updated asset objects reloaded= 0
========================================================================
Received Prepare
Begin MonoManager ReloadAssembly
Thread 0x16bcef000 may have been prematurely finalized
Symbol file LoadedFromMemory is not a mono symbol file
Symbol file LoadedFromMemory is not a mono symbol file
- Loaded All Assemblies, in  0.320 seconds
Refreshing native plugins compatible for Editor in 1.15 ms, found 2 plugins.
Native extension for OSXStandalone target not found
Native extension for WebGL target not found
Refreshing native plugins compatible for Editor in 1.23 ms, found 2 plugins.
[Package Manager] Failed to launch server process. Reason: Unity was launched with the -noUpm command-line argument
[Package Manager] Unable to send message (not connected to server process).
[Package Manager] Cannot connect to Unity Package Manager local server
ScheduleIndexationOnStartup MainProcess:False IndexOnStartup:True
Mono: successfully reloaded assembly
- Finished resetting the current domain, in  0.409 seconds
Domain Reload Profiling: 730ms
	BeginReloadAssembly (74ms)
		ExecutionOrderSort (0ms)
		DisableScriptedObjects (3ms)
		BackupInstance (0ms)
		ReleaseScriptingObjects (0ms)
		CreateAndSetChildDomain (23ms)
	RebuildCommonClasses (16ms)
	RebuildNativeTypeToScriptingClass (6ms)
	initialDomainReloadingComplete (11ms)
	LoadAllAssembliesAndSetupDomain (215ms)
		LoadAssemblies (172ms)
		RebuildTransferFunctionScriptingTraits (0ms)
		AnalyzeDomain (65ms)
			TypeCache.Refresh (6ms)
				TypeCache.ScanAssembly (0ms)
			BuildScriptInfoCaches (57ms)
			ResolveRequiredComponents (1ms)
	FinalizeReload (409ms)
		ReleaseScriptCaches (0ms)
		RebuildScriptCaches (0ms)
		SetupLoadedEditorAssemblies (357ms)
			LogAssemblyErrors (0ms)
			InitializePlatformSupportModulesInManaged (1ms)
			SetLoadedEditorAssemblies (2ms)
			BeforeProcessingInitializeOnLoad (86ms)
			ProcessInitializeOnLoadAttributes (174ms)
			ProcessInitializeOnLoadMethodAttributes (94ms)
			AfterProcessingInitializeOnLoad (1ms)
			EditorAssembliesLoaded (0ms)
		ExecutionOrderSort2 (0ms)
		AwakeInstancesAfterBackupRestoration (1ms)
Refreshing native plugins compatible for Editor in 1.34 ms, found 2 plugins.
Preloading 1 native plugins for Editor in 1.22 ms.
Unloading 43 Unused Serialized files (Serialized files now loaded: 0)
Unloading 5193 unused Assets / (13.2 MB). Loaded Objects now: 6147.
Memory consumption went from 144.7 MB to 131.5 MB.
Total: 7.866083 ms (FindLiveObjects: 0.199708 ms CreateObjectMapping: 0.083167 ms MarkObjects: 6.282541 ms  DeleteObjects: 1.300458 ms)

Prepare: number of updated asset objects reloaded= 0
========================================================================
Received Prepare
Refreshing native plugins compatible for Editor in 1.59 ms, found 2 plugins.
Preloading 1 native plugins for Editor in 1.24 ms.
Unloading 43 Unused Serialized files (Serialized files now loaded: 0)
Unloading 5148 unused Assets / (13.6 MB). Loaded Objects now: 6147.
Memory consumption went from 132.4 MB to 118.7 MB.
Total: 7.712625 ms (FindLiveObjects: 0.204750 ms CreateObjectMapping: 0.080417 ms MarkObjects: 6.150791 ms  DeleteObjects: 1.276500 ms)

Prepare: number of updated asset objects reloaded= 0
========================================================================
Received Prepare
Begin MonoManager ReloadAssembly
Thread 0x16bcef000 may have been prematurely finalized
Symbol file LoadedFromMemory is not a mono symbol file
Symbol file LoadedFromMemory is not a mono symbol file
- Loaded All Assemblies, in  0.311 seconds
Refreshing native plugins compatible for Editor in 1.16 ms, found 2 plugins.
Native extension for OSXStandalone target not found
Native extension for WebGL target not found
Refreshing native plugins compatible for Editor in 1.45 ms, found 2 plugins.
[Package Manager] Failed to launch server process. Reason: Unity was launched with the -noUpm command-line argument
[Package Manager] Unable to send message (not connected to server process).
[Package Manager] Cannot connect to Unity Package Manager local server
ScheduleIndexationOnStartup MainProcess:False IndexOnStartup:True
Mono: successfully reloaded assembly
- Finished resetting the current domain, in  0.421 seconds
Domain Reload Profiling: 733ms
	BeginReloadAssembly (77ms)
		ExecutionOrderSort (0ms)
		DisableScriptedObjects (3ms)
		BackupInstance (0ms)
		ReleaseScriptingObjects (0ms)
		CreateAndSetChildDomain (26ms)
	RebuildCommonClasses (16ms)
	RebuildNativeTypeToScriptingClass (6ms)
	initialDomainReloadingComplete (11ms)
	LoadAllAssembliesAndSetupDomain (200ms)
		LoadAssemblies (158ms)
		RebuildTransferFunctionScriptingTraits (0ms)
		AnalyzeDomain (65ms)
			TypeCache.Refresh (6ms)
				TypeCache.ScanAssembly (0ms)
			BuildScriptInfoCaches (57ms)
			ResolveRequiredComponents (1ms)
	FinalizeReload (421ms)
		ReleaseScriptCaches (0ms)
		RebuildScriptCaches (0ms)
		SetupLoadedEditorAssemblies (369ms)
			LogAssemblyErrors (0ms)
			InitializePlatformSupportModulesInManaged (1ms)
			SetLoadedEditorAssemblies (2ms)
			BeforeProcessingInitializeOnLoad (88ms)
			ProcessInitializeOnLoadAttributes (175ms)
			ProcessInitializeOnLoadMethodAttributes (103ms)
			AfterProcessingInitializeOnLoad (1ms)
			EditorAssembliesLoaded (0ms)
		ExecutionOrderSort2 (0ms)
		AwakeInstancesAfterBackupRestoration (1ms)
Refreshing native plugins compatible for Editor in 1.85 ms, found 2 plugins.
Preloading 1 native plugins for Editor in 1.20 ms.
Unloading 43 Unused Serialized files (Serialized files now loaded: 0)
Unloading 5193 unused Assets / (13.9 MB). Loaded Objects now: 6151.
Memory consumption went from 144.7 MB to 130.8 MB.
Total: 8.262416 ms (FindLiveObjects: 0.245583 ms CreateObjectMapping: 0.097875 ms MarkObjects: 6.614792 ms  DeleteObjects: 1.303875 ms)

Prepare: number of updated asset objects reloaded= 0
========================================================================
Received Prepare
Begin MonoManager ReloadAssembly
[Licensing::Client] Successfully resolved entitlement details
[Licensing::Module] License group:
  Id: F4-85AS-8ZW6-XMRF-425Z-XXXX
  Product: Unity Personal
  Type: ULF
  Expiration: Unlimited
[Licensing::Module] License group:
  Id: 6872810951280-UnityPersXXXX
  Product: Unity Personal
  Type: Assigned
  Expiration: Unlimited
Thread 0x16bcef000 may have been prematurely finalized
Symbol file LoadedFromMemory is not a mono symbol file
Symbol file LoadedFromMemory is not a mono symbol file
- Loaded All Assemblies, in  0.311 seconds
Refreshing native plugins compatible for Editor in 1.16 ms, found 2 plugins.
Native extension for OSXStandalone target not found
Native extension for WebGL target not found
Refreshing native plugins compatible for Editor in 1.23 ms, found 2 plugins.
[Package Manager] Failed to launch server process. Reason: Unity was launched with the -noUpm command-line argument
[Package Manager] Unable to send message (not connected to server process).
[Package Manager] Cannot connect to Unity Package Manager local server
ScheduleIndexationOnStartup MainProcess:False IndexOnStartup:True
Mono: successfully reloaded assembly
- Finished resetting the current domain, in  0.464 seconds
Domain Reload Profiling: 776ms
	BeginReloadAssembly (76ms)
		ExecutionOrderSort (0ms)
		DisableScriptedObjects (3ms)
		BackupInstance (0ms)
		ReleaseScriptingObjects (0ms)
		CreateAndSetChildDomain (22ms)
	RebuildCommonClasses (15ms)
	RebuildNativeTypeToScriptingClass (6ms)
	initialDomainReloadingComplete (11ms)
	LoadAllAssembliesAndSetupDomain (203ms)
		LoadAssemblies (162ms)
		RebuildTransferFunctionScriptingTraits (0ms)
		AnalyzeDomain (66ms)
			TypeCache.Refresh (5ms)
				TypeCache.ScanAssembly (0ms)
			BuildScriptInfoCaches (57ms)
			ResolveRequiredComponents (1ms)
	FinalizeReload (464ms)
		ReleaseScriptCaches (0ms)
		RebuildScriptCaches (0ms)
		SetupLoadedEditorAssemblies (408ms)
			LogAssemblyErrors (0ms)
			InitializePlatformSupportModulesInManaged (1ms)
			SetLoadedEditorAssemblies (2ms)
			BeforeProcessingInitializeOnLoad (98ms)
			ProcessInitializeOnLoadAttributes (197ms)
			ProcessInitializeOnLoadMethodAttributes (110ms)
			AfterProcessingInitializeOnLoad (1ms)
			EditorAssembliesLoaded (0ms)
		ExecutionOrderSort2 (0ms)
		AwakeInstancesAfterBackupRestoration (1ms)
Refreshing native plugins compatible for Editor in 1.66 ms, found 2 plugins.
Preloading 1 native plugins for Editor in 1.25 ms.
Unloading 43 Unused Serialized files (Serialized files now loaded: 0)
Unloading 5193 unused Assets / (13.9 MB). Loaded Objects now: 6155.
Memory consumption went from 144.7 MB to 130.8 MB.
Total: 8.185541 ms (FindLiveObjects: 0.208042 ms CreateObjectMapping: 0.085875 ms MarkObjects: 6.579166 ms  DeleteObjects: 1.312375 ms)

Prepare: number of updated asset objects reloaded= 0
========================================================================
Received Prepare
Refreshing native plugins compatible for Editor in 1.48 ms, found 2 plugins.
Preloading 1 native plugins for Editor in 1.12 ms.
Unloading 43 Unused Serialized files (Serialized files now loaded: 0)
Unloading 5148 unused Assets / (14.2 MB). Loaded Objects now: 6155.
Memory consumption went from 132.4 MB to 118.2 MB.
Total: 7.907000 ms (FindLiveObjects: 0.203834 ms CreateObjectMapping: 0.073750 ms MarkObjects: 6.375375 ms  DeleteObjects: 1.253875 ms)

Prepare: number of updated asset objects reloaded= 0
========================================================================
Received Prepare
Begin MonoManager ReloadAssembly
[Licensing::Client] Successfully resolved entitlement details
[Licensing::Module] License group:
  Id: F4-85AS-8ZW6-XMRF-425Z-XXXX
  Product: Unity Personal
  Type: ULF
  Expiration: Unlimited
[Licensing::Module] License group:
  Id: 6872810951280-UnityPersXXXX
  Product: Unity Personal
  Type: Assigned
  Expiration: Unlimited
Thread 0x16bcef000 may have been prematurely finalized
Symbol file LoadedFromMemory is not a mono symbol file
Symbol file LoadedFromMemory is not a mono symbol file
- Loaded All Assemblies, in  0.326 seconds
Refreshing native plugins compatible for Editor in 1.53 ms, found 2 plugins.
Native extension for OSXStandalone target not found
Native extension for WebGL target not found
Refreshing native plugins compatible for Editor in 1.21 ms, found 2 plugins.
[Package Manager] Failed to launch server process. Reason: Unity was launched with the -noUpm command-line argument
[Package Manager] Unable to send message (not connected to server process).
[Package Manager] Cannot connect to Unity Package Manager local server
ScheduleIndexationOnStartup MainProcess:False IndexOnStartup:True
Mono: successfully reloaded assembly
- Finished resetting the current domain, in  0.411 seconds
Domain Reload Profiling: 739ms
	BeginReloadAssembly (75ms)
		ExecutionOrderSort (0ms)
		DisableScriptedObjects (3ms)
		BackupInstance (0ms)
		ReleaseScriptingObjects (0ms)
		CreateAndSetChildDomain (22ms)
	RebuildCommonClasses (16ms)
	RebuildNativeTypeToScriptingClass (6ms)
	initialDomainReloadingComplete (11ms)
	LoadAllAssembliesAndSetupDomain (219ms)
		LoadAssemblies (175ms)
		RebuildTransferFunctionScriptingTraits (0ms)
		AnalyzeDomain (67ms)
			TypeCache.Refresh (7ms)
				TypeCache.ScanAssembly (0ms)
			BuildScriptInfoCaches (58ms)
			ResolveRequiredComponents (1ms)
	FinalizeReload (412ms)
		ReleaseScriptCaches (0ms)
		RebuildScriptCaches (0ms)
		SetupLoadedEditorAssemblies (358ms)
			LogAssemblyErrors (0ms)
			InitializePlatformSupportModulesInManaged (1ms)
			SetLoadedEditorAssemblies (2ms)
			BeforeProcessingInitializeOnLoad (87ms)
			ProcessInitializeOnLoadAttributes (171ms)
			ProcessInitializeOnLoadMethodAttributes (96ms)
			AfterProcessingInitializeOnLoad (1ms)
			EditorAssembliesLoaded (0ms)
		ExecutionOrderSort2 (0ms)
		AwakeInstancesAfterBackupRestoration (1ms)
Refreshing native plugins compatible for Editor in 1.60 ms, found 2 plugins.
Preloading 1 native plugins for Editor in 1.18 ms.
Unloading 43 Unused Serialized files (Serialized files now loaded: 0)
Unloading 5193 unused Assets / (14.0 MB). Loaded Objects now: 6159.
Memory consumption went from 144.7 MB to 130.7 MB.
Total: 8.032875 ms (FindLiveObjects: 0.199583 ms CreateObjectMapping: 0.077166 ms MarkObjects: 6.586375 ms  DeleteObjects: 1.169667 ms)

Prepare: number of updated asset objects reloaded= 0
========================================================================
Received Prepare
Refreshing native plugins compatible for Editor in 1.41 ms, found 2 plugins.
Preloading 1 native plugins for Editor in 1.17 ms.
Unloading 43 Unused Serialized files (Serialized files now loaded: 0)
Unloading 5148 unused Assets / (13.8 MB). Loaded Objects now: 6159.
Memory consumption went from 132.4 MB to 118.6 MB.
Total: 7.806208 ms (FindLiveObjects: 0.200083 ms CreateObjectMapping: 0.080167 ms MarkObjects: 6.335208 ms  DeleteObjects: 1.190500 ms)

Prepare: number of updated asset objects reloaded= 0
========================================================================
Received Prepare
Begin MonoManager ReloadAssembly
Thread 0x16bcef000 may have been prematurely finalized
Symbol file LoadedFromMemory is not a mono symbol file
Symbol file LoadedFromMemory is not a mono symbol file
- Loaded All Assemblies, in  0.312 seconds
Refreshing native plugins compatible for Editor in 1.32 ms, found 2 plugins.
Native extension for OSXStandalone target not found
Native extension for WebGL target not found
Refreshing native plugins compatible for Editor in 1.10 ms, found 2 plugins.
[Package Manager] Failed to launch server process. Reason: Unity was launched with the -noUpm command-line argument
[Package Manager] Unable to send message (not connected to server process).
[Package Manager] Cannot connect to Unity Package Manager local server
ScheduleIndexationOnStartup MainProcess:False IndexOnStartup:True
Mono: successfully reloaded assembly
- Finished resetting the current domain, in  0.425 seconds
Domain Reload Profiling: 738ms
	BeginReloadAssembly (73ms)
		ExecutionOrderSort (0ms)
		DisableScriptedObjects (3ms)
		BackupInstance (0ms)
		ReleaseScriptingObjects (0ms)
		CreateAndSetChildDomain (22ms)
	RebuildCommonClasses (16ms)
	RebuildNativeTypeToScriptingClass (6ms)
	initialDomainReloadingComplete (11ms)
	LoadAllAssembliesAndSetupDomain (207ms)
		LoadAssemblies (162ms)
		RebuildTransferFunctionScriptingTraits (0ms)
		AnalyzeDomain (68ms)
			TypeCache.Refresh (7ms)
				TypeCache.ScanAssembly (0ms)
			BuildScriptInfoCaches (58ms)
			ResolveRequiredComponents (1ms)
	FinalizeReload (425ms)
		ReleaseScriptCaches (0ms)
		RebuildScriptCaches (0ms)
		SetupLoadedEditorAssemblies (372ms)
			LogAssemblyErrors (0ms)
			InitializePlatformSupportModulesInManaged (1ms)
			SetLoadedEditorAssemblies (2ms)
			BeforeProcessingInitializeOnLoad (92ms)
			ProcessInitializeOnLoadAttributes (173ms)
			ProcessInitializeOnLoadMethodAttributes (104ms)
			AfterProcessingInitializeOnLoad (0ms)
			EditorAssembliesLoaded (0ms)
		ExecutionOrderSort2 (0ms)
		AwakeInstancesAfterBackupRestoration (1ms)
Refreshing native plugins compatible for Editor in 1.19 ms, found 2 plugins.
Preloading 1 native plugins for Editor in 1.15 ms.
Unloading 43 Unused Serialized files (Serialized files now loaded: 0)
Unloading 5193 unused Assets / (13.3 MB). Loaded Objects now: 6163.
Memory consumption went from 144.7 MB to 131.4 MB.
Total: 7.711375 ms (FindLiveObjects: 0.206541 ms CreateObjectMapping: 0.077125 ms MarkObjects: 6.226334 ms  DeleteObjects: 1.201084 ms)

Prepare: number of updated asset objects reloaded= 0
========================================================================
Received Prepare
Begin MonoManager ReloadAssembly
Thread 0x16bcef000 may have been prematurely finalized
Symbol file LoadedFromMemory is not a mono symbol file
Symbol file LoadedFromMemory is not a mono symbol file
- Loaded All Assemblies, in  0.298 seconds
Refreshing native plugins compatible for Editor in 1.11 ms, found 2 plugins.
Native extension for OSXStandalone target not found
Native extension for WebGL target not found
Refreshing native plugins compatible for Editor in 1.21 ms, found 2 plugins.
[Package Manager] Failed to launch server process. Reason: Unity was launched with the -noUpm command-line argument
[Package Manager] Unable to send message (not connected to server process).
[Package Manager] Cannot connect to Unity Package Manager local server
ScheduleIndexationOnStartup MainProcess:False IndexOnStartup:True
Mono: successfully reloaded assembly
- Finished resetting the current domain, in  0.456 seconds
Domain Reload Profiling: 756ms
	BeginReloadAssembly (72ms)
		ExecutionOrderSort (0ms)
		DisableScriptedObjects (3ms)
		BackupInstance (0ms)
		ReleaseScriptingObjects (0ms)
		CreateAndSetChildDomain (22ms)
	RebuildCommonClasses (15ms)
	RebuildNativeTypeToScriptingClass (6ms)
	initialDomainReloadingComplete (11ms)
	LoadAllAssembliesAndSetupDomain (195ms)
		LoadAssemblies (150ms)
		RebuildTransferFunctionScriptingTraits (0ms)
		AnalyzeDomain (66ms)
			TypeCache.Refresh (4ms)
				TypeCache.ScanAssembly (0ms)
			BuildScriptInfoCaches (58ms)
			ResolveRequiredComponents (1ms)
	FinalizeReload (457ms)
		ReleaseScriptCaches (0ms)
		RebuildScriptCaches (0ms)
		SetupLoadedEditorAssemblies (401ms)
			LogAssemblyErrors (0ms)
			InitializePlatformSupportModulesInManaged (1ms)
			SetLoadedEditorAssemblies (2ms)
			BeforeProcessingInitializeOnLoad (103ms)
			ProcessInitializeOnLoadAttributes (182ms)
			ProcessInitializeOnLoadMethodAttributes (112ms)
			AfterProcessingInitializeOnLoad (1ms)
			EditorAssembliesLoaded (0ms)
		ExecutionOrderSort2 (0ms)
		AwakeInstancesAfterBackupRestoration (2ms)
Refreshing native plugins compatible for Editor in 1.25 ms, found 2 plugins.
Preloading 1 native plugins for Editor in 1.24 ms.
Unloading 43 Unused Serialized files (Serialized files now loaded: 0)
Unloading 5193 unused Assets / (12.6 MB). Loaded Objects now: 6167.
Memory consumption went from 144.7 MB to 132.1 MB.
Total: 8.723459 ms (FindLiveObjects: 0.269875 ms CreateObjectMapping: 0.082292 ms MarkObjects: 6.996833 ms  DeleteObjects: 1.374000 ms)

Prepare: number of updated asset objects reloaded= 0
AssetImportWorkerClient::OnTransportError - code=2 error=End of file
